# Blender 4.4.0
# www.blender.org
mtllib Meshy_AI_Jet_A1_Aviation_Fuel__0615234341_texture.mtl
o Meshy_AI_Jet_A1_Aviation_Fuel__0615234341_texture
v 0.463796 -0.318982 -0.244618
v 0.542074 -0.318982 -0.244618
v 0.542074 -0.318982 -0.185910
v 0.463796 -0.318982 -0.189824
v 0.436399 -0.315068 -0.189824
v 0.436399 -0.315068 -0.240704
v 0.440313 -0.311155 -0.248532
v 0.483366 -0.315068 -0.252446
v 0.569472 -0.307241 -0.248532
v 0.530333 -0.315068 -0.252446
v 0.545988 -0.303327 -0.252446
v 0.577299 -0.291585 -0.248532
v 0.592955 -0.291585 -0.240704
v 0.565558 -0.315068 -0.240704
v 0.565558 -0.311155 -0.189824
v 0.463796 -0.315068 -0.178082
v -0.659491 -0.318982 -0.213307
v -0.624266 -0.318982 -0.205479
v -0.624266 -0.318982 -0.158513
v -0.686888 -0.318982 -0.154599
v -0.710372 -0.318982 -0.197652
v -0.675147 -0.311155 -0.221135
v -0.624266 -0.315068 -0.217221
v -0.643836 -0.303327 -0.225049
v -0.612524 -0.295499 -0.225049
v -0.592955 -0.299413 -0.217221
v -0.604697 -0.315068 -0.201566
v -0.604697 -0.315068 -0.162427
v -0.585127 -0.307241 -0.197652
v -0.624266 -0.315068 -0.146771
v -0.710372 -0.318982 -0.154599
v -0.702544 -0.315068 -0.146771
v -0.733855 -0.307241 -0.146771
v -0.733855 -0.315068 -0.158513
v -0.733855 -0.315068 -0.197652
v -0.753425 -0.303327 -0.193738
v 0.479452 -0.311155 -0.174168
v 0.420744 -0.303327 -0.178082
v 0.542074 -0.318982 -0.162427
v 0.542074 -0.318982 -0.103718
v 0.463796 -0.318982 -0.099804
v 0.436399 -0.315068 -0.107632
v 0.436399 -0.315068 -0.158513
v 0.463796 -0.318982 -0.166341
v 0.436399 -0.311155 -0.170254
v 0.549902 -0.315068 -0.170254
v 0.565558 -0.315068 -0.162427
v 0.585127 -0.303327 -0.158513
v 0.585127 -0.303327 -0.111546
v 0.565558 -0.315068 -0.111546
v -0.604697 -0.299413 -0.138943
v -0.686888 -0.311155 -0.142857
v 0.483366 -0.315068 -0.091977
v 0.538160 -0.315068 -0.095890
v 0.561644 -0.303327 -0.091977
v 0.479452 -0.307241 -0.091977
v 0.440313 -0.311155 -0.095890
v 0.428571 -0.295499 -0.091977
v 0.412916 -0.299413 -0.099804
v 0.416830 -0.307241 -0.107632
v 0.463796 -0.318982 0.099804
v 0.542074 -0.318982 0.103718
v 0.436399 -0.315068 0.158513
v 0.436399 -0.315068 0.107632
v 0.440313 -0.311155 0.095890
v 0.538160 -0.315068 0.095890
v 0.542074 -0.318982 0.162427
v 0.565558 -0.315068 0.111546
v 0.565558 -0.315068 0.162427
v 0.573385 -0.307241 0.099804
v 0.561644 -0.303327 0.091977
v 0.589041 -0.287671 0.095890
v 0.596869 -0.291585 0.103718
v 0.585127 -0.303327 0.111546
v -0.686888 -0.318982 0.154599
v -0.710372 -0.318982 0.178082
v -0.710372 -0.318982 0.154599
v -0.675147 -0.315068 0.146771
v -0.624266 -0.318982 0.205480
v -0.686888 -0.318982 0.205480
v -0.733855 -0.315068 0.178082
v -0.714286 -0.318982 0.197652
v -0.733855 -0.315068 0.197652
v -0.733855 -0.315068 0.158513
v -0.753425 -0.303327 0.158513
v -0.733855 -0.307241 0.146771
v -0.753425 -0.295499 0.142857
v -0.722113 -0.303327 0.142857
v -0.702544 -0.315068 0.146771
v -0.604697 -0.307241 0.146771
v -0.624266 -0.318982 0.154599
v -0.671233 -0.311155 0.138943
v -0.592955 -0.291585 0.142857
v -0.577299 -0.295499 0.150685
v -0.585127 -0.307241 0.162427
v -0.604697 -0.315068 0.158513
v -0.604697 -0.315068 0.201566
v 0.479452 -0.311155 0.174168
v 0.463796 -0.318982 0.166340
v 0.549902 -0.315068 0.170254
v 0.545988 -0.307241 0.174168
v 0.549902 -0.311155 0.178082
v 0.463796 -0.315068 0.178082
v 0.436399 -0.303327 0.174168
v 0.436399 -0.311155 0.170254
v 0.412916 -0.299413 0.170254
v 0.416830 -0.307241 0.158513
v 0.463796 -0.318982 0.185910
v 0.542074 -0.318982 0.185910
v 0.542074 -0.318982 0.244618
v 0.463796 -0.318982 0.244618
v 0.436399 -0.315068 0.240705
v 0.436399 -0.315068 0.189824
v 0.585127 -0.299413 0.181996
v 0.565558 -0.315068 0.189824
v 0.565558 -0.315068 0.240705
v 0.569472 -0.307241 0.248532
v -0.714286 -0.315068 0.213307
v -0.659491 -0.318982 0.217221
v -0.675147 -0.311155 0.221135
v -0.722113 -0.303327 0.221135
v -0.624266 -0.315068 0.217221
v -0.592955 -0.299413 0.217221
v -0.612524 -0.295499 0.225049
v -0.643836 -0.303327 0.225049
v 0.440313 -0.311155 0.248532
v 0.483366 -0.315068 0.252446
v 0.455969 -0.303327 0.252446
v 0.424658 -0.291585 0.252446
v 0.416830 -0.307241 0.240705
v 0.530333 -0.315068 0.252446
v 0.545988 -0.303327 0.252446
v 0.455969 -0.303327 -0.252446
v 0.424658 -0.291585 -0.252446
v 0.452055 -0.283757 -0.252446
v 0.502935 -0.287671 -0.248532
v 0.416830 -0.307241 -0.189824
v 0.401174 -0.295499 -0.193738
v 0.416830 -0.307241 -0.240704
v 0.412916 -0.295499 -0.248532
v 0.585127 -0.303327 -0.189824
v -0.722113 -0.303327 -0.221135
v -0.714286 -0.315068 -0.213307
v -0.741683 -0.307241 -0.213307
v -0.737769 -0.279843 -0.225049
v -0.686888 -0.295499 -0.225049
v -0.589041 -0.279843 -0.225049
v -0.573385 -0.291585 -0.205479
v 0.397260 -0.283757 -0.181996
v 0.545988 -0.307241 -0.174168
v 0.549902 -0.311155 -0.178082
v 0.577299 -0.291585 -0.174168
v 0.585127 -0.299413 -0.181996
v 0.600783 -0.272016 -0.178082
v 0.596869 -0.248532 -0.174168
v 0.600783 -0.272016 -0.170254
v 0.585127 -0.299413 -0.170254
v -0.753425 -0.295499 -0.142857
v -0.753425 -0.303327 -0.158513
v -0.765166 -0.287671 -0.154599
v -0.765166 -0.291585 -0.193738
v 0.416830 -0.307241 -0.158513
v 0.401174 -0.295499 -0.111546
v 0.401174 -0.295499 -0.162427
v -0.722113 -0.303327 -0.142857
v -0.737769 -0.275930 -0.138943
v 0.573385 -0.307241 -0.099804
v 0.589041 -0.287671 -0.095890
v 0.479452 -0.307241 0.091977
v 0.483366 -0.315068 0.091977
v 0.428571 -0.295499 0.091977
v 0.452055 -0.272016 0.091977
v 0.526419 -0.279843 0.091977
v 0.416830 -0.307241 0.107632
v 0.412916 -0.299413 0.099804
v 0.585127 -0.303327 0.158513
v 0.596869 -0.291585 0.162427
v -0.737769 -0.275930 0.138943
v -0.679061 -0.287671 0.138943
v -0.753425 -0.307241 0.181996
v -0.753425 -0.303327 0.197652
v -0.765166 -0.291585 0.181996
v -0.585127 -0.307241 0.197652
v -0.573385 -0.295499 0.166340
v -0.573385 -0.291585 0.205480
v 0.600783 -0.272016 0.170254
v 0.585127 -0.299413 0.170254
v 0.577299 -0.291585 0.174168
v 0.416830 -0.307241 0.189824
v 0.436399 -0.311155 0.181996
v 0.401174 -0.295499 0.189824
v 0.585127 -0.303327 0.236791
v 0.585127 -0.303327 0.189824
v 0.600783 -0.291585 0.197652
v 0.600783 -0.272016 0.178082
v 0.596869 -0.291585 0.185910
v -0.753425 -0.287671 0.217221
v -0.741683 -0.307241 0.213307
v -0.765166 -0.287671 0.205480
v 0.577299 -0.291585 0.252446
v 0.549902 -0.283757 0.252446
v 0.502935 -0.287671 0.248532
v 0.397260 -0.272016 -0.248532
v 0.405088 -0.248532 -0.248532
v 0.432485 -0.260274 -0.248532
v -0.694716 -0.279843 -0.225049
v 0.436399 -0.303327 -0.174168
v 0.412916 -0.299413 -0.170254
v 0.409002 -0.283757 -0.174168
v -0.596869 -0.307241 -0.150685
v -0.573385 -0.275930 -0.142857
v -0.581213 -0.248532 -0.138943
v -0.639922 -0.268102 -0.138943
v -0.679061 -0.287671 -0.138943
v -0.718200 -0.244618 -0.138943
v -0.753425 -0.228963 -0.138943
v 0.401174 -0.295499 0.107632
v 0.405088 -0.275930 0.095890
v -0.686888 -0.295499 0.225049
v -0.694716 -0.279843 0.228963
v -0.737769 -0.279843 0.225049
v -0.765166 -0.287671 -0.205479
v -0.772994 -0.272016 -0.193738
v -0.772994 -0.264188 -0.213307
v -0.753425 -0.287671 -0.217221
v -0.573385 -0.295499 -0.166341
v -0.561644 -0.272016 -0.201566
v -0.561644 -0.272016 -0.162427
v -0.577299 -0.295499 -0.150685
v -0.585127 -0.307241 -0.162427
v 0.385519 -0.252446 -0.181996
v 0.389432 -0.275930 -0.193738
v 0.405088 -0.275930 -0.095890
v 0.393346 -0.279843 -0.103718
v 0.526419 -0.279843 -0.091977
v 0.565558 -0.264188 -0.091977
v 0.463796 -0.268102 -0.088063
v 0.452055 -0.272016 -0.091977
v 0.428571 -0.244618 -0.091977
v 0.401174 -0.295499 0.154599
v 0.389432 -0.275930 0.158513
v 0.389432 -0.279843 0.115460
v -0.573385 -0.275930 0.146771
v -0.561644 -0.272016 0.162427
v 0.397260 -0.272016 0.248532
v 0.412916 -0.295499 0.248532
v 0.393346 -0.279843 0.240705
v 0.401174 -0.295499 0.232877
v 0.596869 -0.291585 0.240705
v 0.608611 -0.275930 0.232877
v 0.604697 -0.272016 0.244618
v 0.549902 -0.283757 -0.252446
v 0.526419 -0.272016 -0.244618
v 0.589041 -0.264188 -0.248532
v 0.604697 -0.272016 -0.244618
v 0.608611 -0.275930 -0.232877
v 0.600783 -0.291585 -0.228963
v 0.585127 -0.303327 -0.236791
v -0.679061 -0.260274 -0.248532
v -0.651663 -0.256360 -0.252446
v -0.663405 -0.283757 -0.228963
v -0.636008 -0.272016 -0.228963
v 0.596869 -0.291585 -0.162427
v 0.608611 -0.272016 -0.158513
v 0.600783 -0.291585 -0.119374
v 0.608611 -0.272016 -0.111546
v 0.596869 -0.291585 -0.103718
v 0.565558 -0.264188 0.091977
v 0.604697 -0.272016 0.103718
v 0.608611 -0.272016 0.115460
v 0.600783 -0.291585 0.119374
v -0.753425 -0.228963 0.138943
v -0.718200 -0.244618 0.138943
v -0.690802 -0.268102 0.138943
v -0.765166 -0.287671 0.154599
v -0.772994 -0.272016 0.181996
v -0.772994 -0.264188 0.154599
v -0.765166 -0.264188 0.142857
v 0.409002 -0.283757 0.178082
v 0.393346 -0.260274 0.178082
v 0.393346 -0.244618 0.178082
v 0.397260 -0.279843 0.170254
v 0.608611 -0.272016 0.193738
v -0.772994 -0.264188 0.213307
v -0.772994 -0.272016 0.201566
v -0.722113 -0.260274 0.225049
v -0.765166 -0.248532 0.221135
v -0.589041 -0.279843 0.225049
v -0.636008 -0.272016 0.228963
v 0.452055 -0.283757 0.252446
v 0.475538 -0.272016 0.244618
v 0.424658 -0.236791 0.248532
v 0.405088 -0.256360 0.248532
v 0.596869 -0.291585 -0.185910
v 0.608611 -0.272016 -0.193738
v 0.612525 -0.244618 -0.185910
v 0.608611 -0.228963 -0.178082
v 0.397260 -0.279843 -0.170254
v 0.389432 -0.279843 -0.158513
v 0.381605 -0.256360 -0.162427
v 0.385519 -0.244618 -0.170254
v 0.393346 -0.244618 -0.174168
v -0.569472 -0.272016 0.217221
v -0.561644 -0.272016 0.201566
v -0.557730 -0.248532 0.205480
v -0.561644 -0.236791 0.217221
v -0.577299 -0.248532 0.225049
v 0.393346 -0.279843 -0.240704
v 0.401174 -0.295499 -0.240704
v 0.389432 -0.279843 -0.221135
v 0.381605 -0.256360 -0.236791
v 0.636008 -0.295499 -0.248532
v 0.639922 -0.295499 -0.131115
v 0.636008 -0.295499 -0.127202
v 0.632094 -0.291585 -0.244618
v 0.636008 -0.248532 -0.252446
v 0.639922 -0.244618 -0.256360
v 0.643836 -0.295499 -0.248532
v 0.647750 -0.291585 -0.244618
v 0.647750 -0.291585 -0.127202
v 0.647750 -0.248532 -0.119374
v 0.639922 -0.252446 -0.119374
v 0.647750 -0.295499 -0.123288
v 0.647750 -0.244618 -0.252446
v 0.639922 -0.193738 -0.244618
v 0.647750 -0.193738 -0.240704
v 0.647750 -0.244618 -0.244618
v -0.636008 -0.248532 -0.248532
v -0.616438 -0.248532 -0.228963
v -0.632094 -0.225049 -0.252446
v -0.612524 -0.217221 -0.228963
v -0.577299 -0.248532 -0.225049
v 0.389432 -0.279843 -0.119374
v 0.381605 -0.256360 -0.111546
v -0.557730 -0.248532 -0.205479
v -0.557730 -0.240704 -0.158513
v -0.765166 -0.264188 -0.142857
v -0.769080 -0.221135 -0.142857
v -0.776908 -0.244618 -0.154599
v -0.772994 -0.268102 -0.158513
v 0.632094 -0.287671 -0.135029
v 0.636008 -0.248532 -0.127202
v 0.636008 -0.244618 -0.244618
v 0.636008 -0.201566 -0.119374
v 0.444227 -0.244618 -0.091977
v 0.401174 -0.240704 -0.091977
v 0.428571 -0.244618 0.091977
v 0.401174 -0.240704 0.091977
v 0.444227 -0.244618 0.091977
v 0.381605 -0.256360 0.158513
v 0.381605 -0.256360 0.111546
v 0.393346 -0.279843 0.103718
v 0.636008 -0.295499 0.107632
v 0.647750 -0.295499 0.111546
v 0.636008 -0.295499 0.244618
v 0.632094 -0.287671 0.111546
v 0.636008 -0.248532 0.103718
v 0.639922 -0.252446 0.099804
v 0.643836 -0.291585 0.103718
v 0.647750 -0.248532 0.103718
v 0.643836 -0.201566 0.099804
v 0.647750 -0.197652 0.107632
v 0.647750 -0.244618 0.244618
v 0.647750 -0.291585 0.244618
v 0.647750 -0.244618 0.252446
v 0.643836 -0.295499 0.248532
v -0.565558 -0.252446 0.146771
v -0.557730 -0.240704 0.158513
v 0.409002 -0.295499 0.178082
v 0.389432 -0.279843 0.209393
v 0.381605 -0.256360 0.193738
v 0.381605 -0.244618 0.181996
v 0.389432 -0.275930 0.185910
v 0.381605 -0.256360 0.236791
v 0.639922 -0.244618 0.252446
v 0.639922 -0.193738 0.244618
v 0.632094 -0.197652 0.240705
v 0.636008 -0.244618 0.244618
v 0.632094 -0.287671 0.236791
v 0.636008 -0.244618 0.111546
v 0.581213 -0.217221 -0.248532
v 0.632094 -0.197652 -0.240704
v 0.616438 -0.248532 -0.232877
v -0.561644 -0.236791 -0.217221
v -0.569472 -0.272016 -0.217221
v -0.780822 -0.248532 -0.197652
v 0.616438 -0.248532 -0.158513
v 0.616438 -0.244618 -0.107632
v 0.604697 -0.272016 -0.099804
v 0.608611 -0.272016 0.158513
v 0.616438 -0.248532 0.115460
v 0.612525 -0.244618 0.162427
v -0.639922 -0.268102 0.138943
v -0.651663 -0.260274 0.135029
v -0.624266 -0.240704 0.138943
v -0.581213 -0.248532 0.142857
v -0.592955 -0.185910 0.138943
v 0.596869 -0.248532 0.174168
v 0.608611 -0.228963 0.170254
v 0.592955 -0.185910 0.174168
v 0.612525 -0.244618 0.185910
v 0.616438 -0.248532 0.232877
v 0.401174 -0.205479 0.252446
v 0.589041 -0.264188 0.248532
v 0.608611 -0.232877 0.244618
v 0.581213 -0.217221 0.248532
v 0.553816 -0.244618 0.248532
v 0.448141 -0.244618 -0.244618
v 0.475538 -0.272016 -0.244618
v 0.463796 -0.260274 -0.236791
v 0.491194 -0.272016 -0.236791
v 0.506849 -0.275930 -0.244618
v 0.514677 -0.272016 -0.236791
v 0.534247 -0.260274 -0.236791
v 0.553816 -0.244618 -0.248532
v -0.765166 -0.248532 -0.221135
v -0.765166 -0.209393 -0.221135
v -0.733855 -0.225049 -0.225049
v -0.722113 -0.260274 -0.225049
v -0.624266 -0.240704 -0.138943
v 0.608611 -0.232877 0.099804
v 0.573385 -0.244618 0.091977
v 0.608611 -0.240704 0.080235
v 0.628180 -0.225049 0.084149
v 0.620352 -0.217221 0.099804
v 0.616438 -0.205479 0.107632
v 0.636008 -0.201566 0.107632
v -0.733855 -0.225049 0.225049
v -0.765166 -0.209393 0.221135
v 0.526419 -0.272016 0.244618
v 0.534247 -0.260274 0.236791
v 0.514677 -0.272016 0.236791
v 0.506849 -0.275930 0.244618
v 0.491194 -0.272016 0.236791
v 0.463796 -0.260274 0.236791
v 0.448141 -0.244618 0.244618
v 0.444227 -0.209393 -0.236791
v 0.448141 -0.236791 -0.236791
v -0.651663 -0.256360 0.252446
v -0.651663 -0.236791 0.256360
v -0.679061 -0.260274 0.252446
v -0.690802 -0.228963 0.256360
v -0.698630 -0.248532 0.248532
v -0.663405 -0.283757 0.228963
v -0.718200 -0.236791 -0.228963
v -0.706458 -0.260274 -0.228963
v -0.698630 -0.225049 -0.252446
v -0.698630 -0.248532 -0.248532
v -0.682975 -0.236791 -0.256360
v 0.389432 -0.248532 -0.095890
v 0.393346 -0.185910 -0.095890
v 0.381605 -0.213307 -0.103718
v -0.686888 -0.279843 -0.017613
v -0.639922 -0.268102 -0.041096
v -0.639922 -0.279843 -0.013699
v -0.636008 -0.272016 -0.025440
v -0.636008 -0.275930 0.021526
v -0.643836 -0.279843 0.017613
v -0.690802 -0.279843 0.009785
v -0.694716 -0.275930 0.029354
v -0.698630 -0.279843 0.001957
v -0.702544 -0.275930 0.021526
v -0.702544 -0.275930 -0.017613
v -0.694716 -0.275930 -0.029354
v -0.643836 -0.275930 -0.033268
v -0.702544 -0.268102 0.041096
v -0.636008 -0.268102 0.009785
v -0.636008 -0.256360 0.041096
v -0.643836 -0.272016 0.041096
v 0.471624 -0.279843 0.001957
v 0.455969 -0.275930 -0.017613
v 0.483366 -0.275930 -0.017613
v 0.483366 -0.275930 0.017613
v 0.455969 -0.275930 0.025440
v 0.440313 -0.275930 0.005871
v 0.514677 -0.279843 0.001957
v 0.542074 -0.275930 -0.017613
v 0.542074 -0.275930 0.009785
v 0.522505 -0.275930 0.025440
v 0.522505 -0.272016 -0.025440
v 0.455969 -0.260274 0.060665
v 0.463796 -0.268102 0.088063
v 0.471624 -0.264188 0.064579
v 0.389432 -0.248532 0.099804
v 0.381605 -0.213307 0.103718
v 0.377691 -0.225049 0.162427
v 0.397260 -0.185910 0.178082
v 0.385519 -0.244618 0.170254
v -0.616438 -0.248532 0.228963
v -0.612524 -0.217221 0.228963
v -0.632094 -0.225049 0.252446
v -0.636008 -0.248532 0.248532
v -0.706458 -0.260274 0.228963
v -0.718200 -0.236791 0.228963
v 0.385519 -0.248532 0.244618
v 0.385519 -0.232877 0.248532
v 0.487280 -0.272016 -0.193738
v 0.510763 -0.272016 -0.193738
v 0.608611 -0.232877 -0.244618
v 0.616438 -0.217221 -0.232877
v 0.381605 -0.248532 -0.193738
v 0.377691 -0.217221 -0.236791
v -0.565558 -0.252446 -0.146771
v -0.592955 -0.185910 -0.138943
v -0.706458 -0.268102 0.005871
v -0.702544 -0.256360 0.037182
v -0.694716 -0.252446 0.025440
v -0.698630 -0.256360 -0.005871
v -0.702544 -0.264188 -0.029354
v -0.702544 -0.248532 -0.048924
v -0.702544 -0.268102 -0.041096
v -0.698630 -0.244618 -0.064579
v 0.428571 -0.264188 -0.005871
v 0.440313 -0.272016 -0.021526
v 0.428571 -0.248532 -0.029354
v 0.444227 -0.256360 -0.041096
v 0.459883 -0.268102 -0.037182
v 0.455969 -0.260274 -0.060665
v 0.471624 -0.264188 -0.064579
v 0.518591 -0.268102 -0.041096
v 0.534247 -0.268102 -0.088063
v 0.538160 -0.264188 -0.041096
v 0.557730 -0.272016 -0.005871
v 0.553816 -0.264188 -0.025440
v 0.565558 -0.252446 -0.017613
v 0.573385 -0.248532 0.001957
v 0.561644 -0.264188 0.013699
v 0.455969 -0.264188 0.041096
v 0.440313 -0.268102 0.025440
v 0.432485 -0.248532 0.029354
v 0.428571 -0.260274 0.013699
v 0.420744 -0.236791 0.013699
v 0.420744 -0.244618 -0.005871
v 0.542074 -0.272016 0.029354
v 0.553816 -0.256360 0.033268
v 0.518591 -0.268102 0.041096
v -0.526419 -0.275930 0.225049
v -0.534247 -0.272016 0.142857
v -0.522505 -0.272016 0.146771
v -0.518591 -0.268102 0.225049
v -0.522505 -0.264188 0.240705
v -0.534247 -0.268102 0.240705
v 0.616438 -0.217221 0.232877
v 0.487280 -0.272016 0.193738
v 0.467710 -0.264188 0.193738
v 0.385519 -0.248532 -0.244618
v 0.385519 -0.232877 -0.248532
v 0.385519 -0.189824 -0.244618
v 0.401174 -0.205479 -0.248532
v 0.483366 -0.264188 -0.185910
v 0.526419 -0.256360 -0.185910
v -0.651663 -0.236791 -0.256360
v -0.526419 -0.272016 -0.225049
v -0.530333 -0.272016 -0.135029
v -0.542074 -0.268102 -0.228963
v -0.518591 -0.268102 -0.225049
v -0.522505 -0.268102 -0.146771
v 0.467710 -0.264188 -0.193738
v 0.448141 -0.248532 -0.189824
v 0.495108 -0.244618 -0.189824
v 0.608611 -0.228963 -0.170254
v 0.592955 -0.185910 -0.174168
v 0.608611 -0.189824 -0.170254
v 0.616438 -0.217221 -0.158513
v -0.518591 -0.252446 -0.135029
v -0.518591 -0.264188 -0.131115
v -0.522505 -0.221135 -0.123288
v -0.526419 -0.260274 -0.127202
v -0.538160 -0.225049 -0.127202
v -0.545988 -0.225049 -0.138943
v -0.545988 -0.225049 -0.232877
v -0.542074 -0.264188 -0.138943
v 0.616438 -0.213307 -0.107632
v 0.608611 -0.232877 -0.095890
v 0.616438 -0.217221 -0.095890
v 0.628180 -0.225049 -0.084149
v 0.608611 -0.240704 -0.080235
v 0.585127 -0.232877 -0.091977
v -0.636008 -0.256360 -0.041096
v -0.636008 -0.236791 -0.048924
v -0.643836 -0.252446 -0.029354
v -0.639922 -0.264188 -0.017613
v -0.643836 -0.256360 0.017613
v -0.647750 -0.256360 0.064579
v -0.636008 -0.248532 0.064579
v -0.647750 -0.252446 0.076321
v -0.675147 -0.256360 0.076321
v -0.690802 -0.252446 0.060665
v -0.542074 -0.264188 0.232877
v -0.542074 -0.264188 0.142857
v -0.545988 -0.225049 0.232877
v -0.545988 -0.225049 0.138943
v -0.538160 -0.225049 0.131115
v -0.522505 -0.225049 0.131115
v -0.530333 -0.264188 0.135029
v -0.518591 -0.264188 0.138943
v -0.518591 -0.252446 0.146771
v -0.518591 -0.248532 0.228963
v 0.616438 -0.217221 0.115460
v 0.616438 -0.213307 0.162427
v 0.608611 -0.228963 0.178082
v 0.608611 -0.189824 0.181996
v 0.616438 -0.217221 0.189824
v -0.780822 -0.248532 0.181996
v -0.780822 -0.248532 0.201566
v -0.780822 -0.217221 0.181996
v -0.776908 -0.244618 0.154599
v 0.483366 -0.264188 0.185910
v 0.510763 -0.272016 0.193738
v 0.467710 -0.232877 0.189824
v 0.448141 -0.248532 0.189824
v 0.545988 -0.240704 0.189824
v 0.534247 -0.260274 0.193738
v 0.526419 -0.256360 0.185910
v 0.545988 -0.213307 0.185910
v -0.776908 -0.236791 0.213307
v -0.780822 -0.217221 0.205480
v -0.542074 -0.225049 -0.240704
v -0.557730 -0.185910 -0.232877
v -0.565558 -0.150685 -0.240704
v -0.553816 -0.146771 -0.244618
v -0.530333 -0.221135 -0.240704
v -0.534247 -0.264188 -0.240704
v -0.518591 -0.248532 -0.228963
v -0.518591 -0.221135 -0.236791
v -0.518591 -0.221135 -0.135029
v -0.776908 -0.217221 -0.154599
v -0.780822 -0.217221 -0.201566
v -0.679061 -0.264188 -0.135029
v -0.694716 -0.260274 -0.135029
v -0.675147 -0.256360 -0.076321
v -0.706458 -0.248532 -0.135029
v -0.651663 -0.260274 -0.135029
v -0.647750 -0.252446 -0.076321
v -0.690802 -0.268102 -0.138943
v 0.542074 -0.244618 -0.088063
v 0.573385 -0.244618 -0.091977
v -0.647750 -0.256360 -0.056751
v -0.636008 -0.244618 -0.060665
v -0.636008 -0.248532 -0.135029
v -0.632094 -0.232877 -0.076321
v -0.639922 -0.217221 -0.029354
v -0.639922 -0.217221 0.029354
v -0.636008 -0.236791 0.048924
v -0.698630 -0.244618 0.064579
v -0.690802 -0.248532 0.076321
v -0.698630 -0.228963 0.060665
v 0.534247 -0.268102 0.088063
v 0.545988 -0.225049 0.048924
v 0.545988 -0.225049 0.088063
v 0.542074 -0.244618 0.088063
v 0.569472 -0.244618 0.080235
v -0.694716 -0.260274 0.135029
v -0.679061 -0.264188 0.135029
v -0.710372 -0.213307 0.138943
v -0.702544 -0.225049 0.135029
v -0.706458 -0.248532 0.135029
v -0.530333 -0.221135 0.240705
v -0.542074 -0.146771 0.240705
v -0.553816 -0.146771 0.244618
v -0.542074 -0.225049 0.240705
v -0.565558 -0.150685 0.240705
v -0.557730 -0.185910 0.232877
v -0.542074 -0.146771 -0.240704
v -0.522505 -0.264188 -0.240704
v -0.776908 -0.236791 -0.213307
v -0.772994 -0.201566 -0.213307
v 0.448141 -0.232877 -0.185910
v 0.569472 -0.240704 -0.080235
v 0.545988 -0.225049 -0.088063
v -0.698630 -0.248532 -0.033268
v -0.698630 -0.217221 -0.033268
v -0.698630 -0.228963 -0.060665
v 0.565558 -0.236791 -0.060665
v 0.545988 -0.225049 -0.048924
v 0.561644 -0.221135 -0.056751
v 0.545988 -0.213307 -0.064579
v 0.542074 -0.193738 -0.048924
v 0.569472 -0.221135 -0.021526
v 0.420744 -0.221135 -0.017613
v 0.440313 -0.217221 -0.041096
v 0.565558 -0.236791 0.025440
v 0.573385 -0.221135 0.005871
v 0.569472 -0.205479 0.021526
v 0.549902 -0.201566 0.041096
v 0.538160 -0.264188 0.041096
v -0.538160 -0.174168 0.131115
v -0.526419 -0.174168 0.135029
v -0.518591 -0.221135 0.138943
v -0.776908 -0.217221 0.154599
v -0.769080 -0.221135 0.142857
v -0.769080 -0.185910 0.150685
v -0.749511 -0.178082 0.138943
v 0.448141 -0.232877 0.185910
v 0.440313 -0.221135 0.193738
v 0.448141 -0.236791 0.236791
v -0.518591 -0.221135 0.236791
v -0.522505 -0.181996 0.228963
v -0.534247 -0.142857 0.232877
v 0.424658 -0.166341 -0.248532
v 0.436399 -0.213307 -0.244618
v 0.448141 -0.181996 -0.244618
v 0.545988 -0.240704 -0.189824
v 0.534247 -0.260274 -0.193738
v 0.545988 -0.213307 -0.185910
v 0.553816 -0.213307 -0.193738
v 0.553816 -0.228963 -0.236791
v 0.549902 -0.201566 -0.236791
v 0.557730 -0.209393 -0.244618
v -0.526419 -0.174168 -0.135029
v -0.530333 -0.174168 -0.123288
v -0.538160 -0.205479 -0.123288
v 0.455969 -0.193738 -0.048924
v 0.448141 -0.193738 -0.084149
v 0.432485 -0.240704 -0.080235
v 0.448141 -0.225049 -0.048924
v 0.432485 -0.240704 0.080235
v 0.455969 -0.193738 0.048924
v 0.448141 -0.225049 0.048924
v 0.440313 -0.217221 0.041096
v -0.694716 -0.225049 0.076321
v -0.636008 -0.248532 0.135029
v -0.632094 -0.232877 0.076321
v -0.636008 -0.232877 0.135029
v 0.385519 -0.213307 0.178082
v 0.377691 -0.217221 0.189824
v 0.381605 -0.185910 0.185910
v 0.397260 -0.166341 0.178082
v -0.698630 -0.225049 0.252446
v -0.718200 -0.209393 0.228963
v 0.444227 -0.209393 0.236791
v 0.522505 -0.232877 -0.189824
v 0.526419 -0.209393 -0.189824
v 0.377691 -0.225049 -0.162427
v 0.377691 -0.225049 -0.111546
v 0.381605 -0.189824 -0.158513
v 0.381605 -0.185910 -0.107632
v -0.698630 -0.217221 0.029354
v 0.377691 -0.225049 0.115460
v 0.381605 -0.189824 0.158513
v 0.381605 -0.185910 0.107632
v 0.377691 -0.217221 0.240705
v 0.385519 -0.189824 0.244618
v 0.381605 -0.185910 0.232877
v 0.385519 -0.213307 -0.178082
v 0.381605 -0.185910 -0.185910
v 0.377691 -0.217221 -0.185910
v -0.557730 -0.217221 -0.205479
v -0.557730 -0.209393 -0.158513
v -0.565558 -0.221135 -0.142857
v -0.636008 -0.232877 -0.135029
v -0.639922 -0.213307 0.080235
v 0.557730 -0.185910 -0.025440
v 0.569472 -0.193738 -0.005871
v 0.636008 -0.201566 0.099804
v 0.632094 -0.170254 0.099804
v -0.569472 -0.189824 0.146771
v -0.565558 -0.221135 0.142857
v -0.557730 -0.209393 0.158513
v 0.632094 -0.162427 -0.232877
v 0.636008 -0.162427 -0.240704
v -0.655577 -0.209393 -0.256360
v -0.636008 -0.205479 -0.248532
v -0.577299 -0.209393 -0.225049
v -0.592955 -0.174168 -0.225049
v -0.565558 -0.197652 -0.217221
v -0.565558 -0.185910 -0.201566
v 0.608611 -0.189824 -0.181996
v 0.589041 -0.154599 -0.178082
v 0.557730 -0.142857 -0.174168
v 0.589041 -0.154599 -0.170254
v 0.612525 -0.185910 -0.154599
v -0.694716 -0.225049 -0.076321
v -0.702544 -0.225049 -0.135029
v -0.710372 -0.213307 -0.138943
v -0.639922 -0.213307 -0.138943
v 0.647750 -0.197652 -0.127202
v 0.643836 -0.166341 -0.119374
v 0.643836 -0.201566 -0.119374
v 0.424658 -0.217221 0.025440
v 0.432485 -0.193738 0.029354
v 0.424658 -0.185910 0.005871
v 0.416830 -0.213307 0.001957
v 0.604697 -0.170254 0.103718
v 0.612525 -0.185910 0.119374
v -0.557730 -0.217221 0.205480
v -0.565558 -0.185910 0.201566
v -0.565558 -0.197652 0.217221
v -0.577299 -0.209393 0.225049
v -0.592955 -0.174168 0.225049
v -0.655577 -0.209393 0.256360
v -0.636008 -0.205479 0.248532
v 0.545988 -0.178082 -0.244618
v 0.565558 -0.166341 -0.248532
v 0.483366 -0.240704 -0.209393
v 0.467710 -0.232877 -0.189824
v 0.487280 -0.232877 -0.221135
v 0.616438 -0.213307 -0.185910
v 0.612525 -0.185910 -0.228963
v 0.397260 -0.185910 -0.174168
v 0.385519 -0.201566 -0.170254
v 0.428571 -0.142857 -0.174168
v -0.702544 -0.201566 -0.138943
v -0.749511 -0.178082 -0.138943
v 0.424658 -0.193738 -0.017613
v 0.561644 -0.236791 0.056751
v 0.385519 -0.201566 0.170254
v 0.397260 -0.162427 0.170254
v 0.612525 -0.185910 0.228963
v 0.608611 -0.189824 0.244618
v 0.495108 -0.244618 0.189824
v 0.522505 -0.232877 0.189824
v 0.522505 -0.228963 0.209393
v 0.510763 -0.240704 0.209393
v 0.510763 -0.228963 0.217221
v 0.487280 -0.232877 0.221135
v 0.483366 -0.236791 0.209393
v 0.467710 -0.225049 0.209393
v 0.463796 -0.209393 0.189824
v 0.643836 -0.162427 0.236791
v 0.647750 -0.193738 0.240705
v 0.639922 -0.162427 0.240705
v 0.565558 -0.166341 0.252446
v 0.545988 -0.178082 0.244618
v 0.557730 -0.209393 0.244618
v 0.553816 -0.228963 0.240705
v 0.510763 -0.228963 -0.217221
v 0.510763 -0.240704 -0.209393
v 0.502935 -0.209393 -0.225049
v 0.522505 -0.228963 -0.209393
v -0.628180 -0.150685 -0.138943
v 0.401174 -0.236791 -0.080235
v 0.424658 -0.189824 -0.084149
v 0.401174 -0.185910 -0.080235
v 0.385519 -0.225049 -0.060665
v 0.373777 -0.228963 -0.091977
v 0.342466 -0.189824 -0.091977
v 0.354207 -0.185910 -0.095890
v 0.604697 -0.236791 -0.060665
v 0.624266 -0.217221 -0.064579
v 0.401174 -0.236791 0.080235
v 0.385519 -0.225049 0.060665
v 0.401174 -0.185910 0.080235
v 0.424658 -0.189824 0.084149
v 0.448141 -0.193738 0.084149
v 0.624266 -0.217221 0.064579
v 0.647750 -0.185910 0.084149
v 0.636008 -0.189824 0.095890
v 0.373777 -0.228963 0.091977
v 0.373777 -0.225049 0.099804
v 0.338552 -0.185910 0.072407
v 0.393346 -0.185910 0.095890
v 0.389432 -0.166341 0.103718
v 0.354207 -0.166341 0.095890
v 0.342466 -0.189824 0.095890
v -0.639922 -0.213307 0.138943
v -0.628180 -0.150685 0.138943
v 0.553816 -0.213307 0.193738
v 0.542074 -0.185910 0.193738
v -0.686888 -0.209393 -0.252446
v -0.671233 -0.193738 -0.248532
v 0.444227 -0.197652 -0.193738
v -0.718200 -0.209393 -0.228963
v -0.745597 -0.185910 -0.225049
v -0.847358 -0.236791 -0.131115
v -0.847358 -0.236791 -0.217221
v -0.808219 -0.236791 -0.217221
v -0.808219 -0.236791 -0.131115
v -0.878669 -0.225049 -0.115460
v -0.866928 -0.232877 -0.131115
v -0.866928 -0.232877 -0.213307
v -0.847358 -0.232877 -0.236791
v -0.878669 -0.221135 -0.225049
v -0.812133 -0.217221 -0.240704
v -0.808219 -0.228963 -0.232877
v -0.792564 -0.185910 -0.232877
v -0.800391 -0.228963 -0.217221
v -0.792564 -0.201566 -0.217221
v -0.792564 -0.201566 -0.138943
v -0.800391 -0.228963 -0.131115
v -0.784736 -0.217221 -0.115460
v -0.816047 -0.228963 -0.115460
v 0.612525 -0.205479 -0.060665
v 0.592955 -0.213307 -0.064579
v 0.600783 -0.221135 -0.056751
v 0.561644 -0.221135 0.056751
v 0.600783 -0.221135 0.056751
v 0.545988 -0.213307 0.064579
v 0.545988 -0.225049 0.064579
v 0.592955 -0.213307 0.064579
v 0.604697 -0.236791 0.060665
v -0.847358 -0.236791 0.131115
v -0.808219 -0.236791 0.217221
v -0.866928 -0.232877 0.213307
v -0.866928 -0.232877 0.131115
v -0.878669 -0.225049 0.115460
v -0.816047 -0.228963 0.115460
v -0.800391 -0.228963 0.131115
v -0.808219 -0.236791 0.131115
v -0.792564 -0.221135 0.107632
v -0.784736 -0.217221 0.115460
v -0.792564 -0.201566 0.138943
v -0.792564 -0.201566 0.217221
v -0.800391 -0.228963 0.217221
v -0.792564 -0.185910 0.232877
v -0.808219 -0.228963 0.221135
v 0.502935 -0.209393 0.225049
v 0.475538 -0.213307 0.221135
v -0.757339 -0.174168 0.221135
v -0.765166 -0.170254 0.213307
v -0.772994 -0.201566 0.213307
v -0.772994 -0.185910 0.201566
v -0.847358 -0.236791 0.217221
v -0.843444 -0.228963 0.221135
v 0.444227 -0.197652 0.193738
v 0.452055 -0.189824 0.236791
v 0.436399 -0.213307 0.244618
v 0.424658 -0.166341 0.248532
v 0.401174 -0.166341 0.248532
v 0.592955 -0.189824 -0.248532
v 0.589041 -0.154599 -0.244618
v 0.608611 -0.189824 -0.244618
v 0.596869 -0.154599 -0.236791
v 0.933464 -0.232877 -0.236791
v 0.929550 -0.228963 -0.287671
v 0.941292 -0.228963 -0.232877
v 0.925636 -0.228963 -0.228963
v 0.475538 -0.213307 -0.221135
v 0.467710 -0.225049 -0.209393
v 0.467710 -0.205479 -0.209393
v -0.878669 -0.225049 -0.154599
v -0.898239 -0.225049 -0.138943
v 0.463796 -0.209393 -0.189824
v 0.452055 -0.193738 -0.185910
v 0.483366 -0.189824 -0.189824
v 0.440313 -0.221135 -0.193738
v 0.455969 -0.181996 -0.193738
v 0.365949 -0.209393 -0.060665
v 0.373777 -0.232877 -0.072407
v 0.346380 -0.181996 -0.060665
v 0.346380 -0.181996 0.060665
v 0.365949 -0.209393 0.060665
v 0.373777 -0.232877 0.072407
v -0.647750 -0.217221 0.111546
v -0.878669 -0.225049 0.154599
v -0.878669 -0.221135 0.213307
v 0.452055 -0.193738 0.185910
v 0.483366 -0.189824 0.189824
v 0.483366 -0.174168 0.185910
v 0.522505 -0.178082 0.185910
v 0.510763 -0.189824 0.189824
v 0.526419 -0.209393 0.189824
v 0.510763 -0.193738 0.209393
v 0.592955 -0.189824 0.248532
v 0.933464 -0.232877 0.236791
v 0.941292 -0.228963 0.232877
v 0.929550 -0.228963 0.283757
v 0.929550 -0.228963 0.150685
v 0.925636 -0.225049 -0.287671
v 0.925636 -0.174168 -0.232877
v 0.921722 -0.170254 -0.287671
v 0.925636 -0.166341 -0.299413
v 0.929550 -0.221135 -0.295499
v 0.937378 -0.228963 -0.287671
v 0.941292 -0.166341 -0.295499
v 0.941292 -0.221135 -0.291585
v 0.941292 -0.170254 -0.232877
v 0.941292 -0.170254 -0.142857
v 0.941292 -0.162427 -0.150685
v 0.941292 -0.162427 -0.084149
v 0.937378 -0.228963 -0.146771
v 0.925636 -0.225049 -0.150685
v 0.929550 -0.228963 -0.150685
v 0.925636 -0.174168 -0.150685
v 0.917808 -0.166341 -0.232877
v 0.522505 -0.213307 -0.213307
v 0.510763 -0.193738 -0.209393
v 0.510763 -0.189824 -0.189824
v 0.933464 -0.228963 -0.088063
v 0.941292 -0.225049 -0.084149
v 0.925636 -0.228963 -0.084149
v -0.710372 -0.146771 -0.138943
v -0.757339 -0.166341 -0.150685
v -0.784736 -0.217221 -0.048924
v -0.890411 -0.225049 -0.048924
v -0.792564 -0.221135 -0.107632
v 0.906067 -0.221135 -0.072407
v 0.921722 -0.225049 -0.072407
v 0.933464 -0.228963 0.088063
v 0.925636 -0.228963 0.084149
v 0.925636 -0.225049 0.150685
v 0.921722 -0.225049 0.072407
v 0.937378 -0.228963 0.146771
v 0.941292 -0.225049 0.084149
v 0.941292 -0.170254 0.142857
v 0.937378 -0.225049 0.001957
v 0.941292 -0.221135 0.001957
v -0.890411 -0.225049 0.048924
v -0.757339 -0.166341 0.150685
v -0.737769 -0.146771 0.146771
v -0.710372 -0.146771 0.138943
v 0.925636 -0.225049 0.287671
v 0.925636 -0.228963 0.228963
v 0.925636 -0.174168 0.232877
v 0.925636 -0.174168 0.150685
v 0.612525 -0.185910 0.158513
v 0.600783 -0.154599 0.162427
v 0.608611 -0.189824 0.170254
v 0.589041 -0.154599 0.170254
v 0.522505 -0.213307 0.213307
v -0.812133 -0.217221 0.225049
v -0.804305 -0.189824 0.232877
v -0.851272 -0.217221 0.217221
v -0.859100 -0.189824 0.217221
v -0.866928 -0.185910 0.221135
v -0.870842 -0.213307 0.221135
v -0.890411 -0.209393 0.205480
v -0.898239 -0.225049 0.138943
v 0.941292 -0.221135 0.287671
v 0.941292 -0.170254 0.232877
v 0.933464 -0.166341 0.303327
v 0.929550 -0.221135 0.295499
v 0.937378 -0.228963 0.283757
v 0.941292 -0.162427 0.084149
v 0.941292 -0.162427 0.150685
v 0.925636 -0.166341 0.299413
v -0.557730 -0.185910 -0.135029
v -0.573385 -0.142857 -0.138943
v -0.573385 -0.142857 -0.232877
v -0.757339 -0.174168 -0.221135
v -0.726027 -0.158513 -0.225049
v -0.902153 -0.221135 -0.080235
v -0.909980 -0.213307 -0.138943
v -0.890411 -0.209393 -0.205479
v -0.565558 -0.142857 -0.127202
v 0.389432 -0.166341 -0.095890
v 0.393346 -0.154599 -0.107632
v 0.393346 -0.154599 -0.158513
v 0.636008 -0.189824 -0.095890
v 0.632094 -0.166341 -0.099804
v 0.647750 -0.185910 -0.084149
v 0.639922 -0.205479 -0.068493
v 0.636008 -0.174168 -0.060665
v 0.628180 -0.193738 -0.056751
v 0.937378 -0.162427 0.001957
v -0.902153 -0.221135 0.001957
v 0.906067 -0.221135 -0.001957
v 0.906067 -0.221135 0.072407
v 0.898239 -0.213307 0.076321
v 0.902153 -0.162427 -0.001957
v -0.909980 -0.213307 0.138943
v -0.902153 -0.221135 0.080235
v 0.538160 -0.181996 0.041096
v 0.545988 -0.213307 0.091977
v 0.589041 -0.213307 0.088063
v 0.925636 -0.170254 0.091977
v 0.906067 -0.166341 0.084149
v 0.917808 -0.166341 0.150685
v 0.909980 -0.154599 0.088063
v -0.557730 -0.185910 0.138943
v -0.573385 -0.142857 0.138943
v -0.565558 -0.142857 0.131115
v -0.592955 -0.123288 0.138943
v -0.557730 -0.119374 0.131115
v 0.917808 -0.166341 0.232877
v 0.467710 -0.205479 0.209393
v 0.483366 -0.197652 0.217221
v -0.745597 -0.185910 0.225049
v -0.726027 -0.158513 0.225049
v -0.671233 -0.193738 0.248532
v -0.686888 -0.201566 0.252446
v -0.698630 -0.185910 0.228963
v 0.921722 -0.170254 0.287671
v -0.522505 -0.181996 -0.228963
v -0.534247 -0.142857 -0.232877
v -0.545988 -0.111546 -0.225049
v 0.162427 -0.221135 -0.228963
v 0.162427 -0.221135 -0.193738
v 0.150685 -0.221135 -0.127202
v 0.154599 -0.217221 -0.228963
v 0.287671 -0.217221 -0.232877
v 0.275930 -0.221135 -0.228963
v 0.338552 -0.213307 -0.232877
v 0.342466 -0.135029 -0.228963
v 0.346380 -0.213307 -0.221135
v 0.342466 -0.221135 -0.228963
v 0.342466 -0.217221 -0.115460
v 0.334638 -0.221135 -0.127202
v 0.272016 -0.221135 -0.111546
v 0.158513 -0.221135 -0.107632
v -0.898239 -0.181996 -0.201566
v -0.890411 -0.123288 -0.221135
v -0.874755 -0.127202 -0.232877
v -0.870842 -0.189824 -0.228963
v -0.882583 -0.185910 -0.217221
v -0.859100 -0.127202 -0.236791
v -0.859100 -0.189824 -0.232877
v -0.863014 -0.217221 -0.240704
v 0.338552 -0.213307 -0.103718
v 0.162427 -0.213307 -0.103718
v 0.150685 -0.213307 -0.115460
v -0.272016 -0.221135 -0.174168
v -0.272016 -0.209393 -0.189824
v -0.264188 -0.209393 -0.174168
v -0.268102 -0.205479 -0.103718
v -0.287671 -0.209393 -0.174168
v -0.283757 -0.221135 -0.170254
v -0.287671 -0.205479 -0.103718
v -0.291585 -0.178082 -0.107632
v -0.287671 -0.174168 -0.174168
v -0.279843 -0.209393 -0.091977
v -0.268102 -0.185910 -0.095890
v -0.275930 -0.189824 -0.088063
v -0.287671 -0.185910 -0.084149
v -0.769080 -0.185910 -0.150685
v -0.772994 -0.185910 -0.201566
v -0.569472 -0.178082 -0.158513
v -0.569472 -0.189824 -0.146771
v 0.150685 -0.213307 -0.221135
v 0.150685 -0.135029 -0.119374
v 0.150685 -0.135029 -0.225049
v -0.542074 -0.221135 -0.099804
v -0.522505 -0.221135 -0.099804
v -0.542074 -0.217221 0.001957
v -0.553816 -0.213307 -0.099804
v -0.542074 -0.217221 -0.127202
v -0.545988 -0.138943 -0.127202
v -0.526419 -0.111546 -0.127202
v -0.522505 -0.217221 -0.127202
v -0.518591 -0.170254 -0.123288
v -0.514677 -0.213307 -0.115460
v -0.514677 -0.174168 -0.115460
v -0.526419 -0.217221 -0.048924
v -0.913894 -0.217221 -0.048924
v -0.917808 -0.205479 -0.103718
v -0.921722 -0.181996 -0.131115
v -0.909980 -0.189824 -0.166341
v 0.898239 -0.213307 -0.076321
v 0.874755 -0.162427 -0.084149
v 0.906067 -0.166341 -0.084149
v 0.909980 -0.154599 -0.088063
v 0.917808 -0.166341 -0.150685
v 0.925636 -0.170254 -0.091977
v 0.589041 -0.213307 -0.088063
v 0.545988 -0.213307 -0.091977
v -0.784736 -0.209393 0.001957
v -0.792564 -0.221135 0.001957
v -0.780822 -0.209393 -0.103718
v -0.780822 -0.209393 0.103718
v -0.784736 -0.217221 0.048924
v 0.565558 -0.185910 0.009785
v 0.557730 -0.181996 0.025440
v -0.909980 -0.189824 0.166340
v -0.921722 -0.181996 0.131115
v -0.917808 -0.205479 0.103718
v -0.913894 -0.217221 0.048924
v 0.272016 -0.221135 0.115460
v 0.162427 -0.221135 0.138943
v 0.158513 -0.221135 0.111546
v 0.154599 -0.213307 0.119374
v 0.162427 -0.213307 0.107632
v 0.338552 -0.221135 0.131115
v 0.275930 -0.221135 0.225049
v -0.549902 -0.111546 0.138943
v 0.154599 -0.221135 0.228963
v 0.213307 -0.217221 0.232877
v 0.158513 -0.213307 0.232877
v 0.154599 -0.135029 0.232877
v 0.150685 -0.213307 0.221135
v 0.334638 -0.221135 0.232877
v 0.334638 -0.213307 0.232877
v -0.804305 -0.189824 -0.232877
v -0.784736 -0.123288 -0.236791
v 0.381605 -0.185910 -0.232877
v 0.393346 -0.154599 -0.228963
v 0.154599 -0.135029 -0.232877
v 0.154599 -0.111546 -0.228963
v 0.158513 -0.111546 -0.232877
v 0.283757 -0.135029 -0.232877
v 0.334638 -0.135029 -0.232877
v -0.628180 -0.193738 -0.228963
v -0.651663 -0.193738 -0.244618
v -0.651663 -0.178082 -0.228963
v -0.620352 -0.150685 -0.225049
v -0.596869 -0.209393 -0.103718
v -0.694716 -0.209393 -0.115460
v -0.553816 -0.213307 -0.115460
v -0.561644 -0.138943 -0.115460
v -0.780822 -0.205479 -0.115460
v -0.643836 -0.209393 -0.103718
v -0.780822 -0.166341 -0.138943
v -0.769080 -0.174168 -0.119374
v 0.346380 -0.213307 -0.119374
v 0.346380 -0.135029 -0.217221
v 0.346380 -0.135029 -0.115460
v 0.616438 -0.181996 -0.060665
v 0.604697 -0.201566 -0.080235
v -0.921722 -0.205479 0.001957
v -0.929550 -0.185910 0.048924
v -0.929550 -0.185910 -0.048924
v -0.526419 -0.217221 0.099804
v -0.522505 -0.213307 0.001957
v -0.542074 -0.217221 0.099804
v 0.444227 -0.189824 -0.037182
v 0.459883 -0.170254 -0.037182
v -0.698630 -0.213307 0.111546
v -0.553816 -0.213307 0.099804
v -0.553816 -0.213307 0.115460
v -0.596869 -0.209393 0.103718
v -0.553816 -0.209393 0.001957
v -0.694716 -0.209393 0.115460
v -0.780822 -0.205479 0.115460
v 0.628180 -0.193738 0.056751
v 0.616438 -0.181996 0.060665
v 0.639922 -0.205479 0.068493
v -0.538160 -0.217221 0.115460
v -0.545988 -0.174168 0.119374
v -0.561644 -0.174168 0.115460
v -0.581213 -0.201566 0.115460
v 0.632094 -0.166341 0.099804
v 0.608611 -0.185910 0.095890
v 0.612525 -0.166341 0.091977
v 0.600783 -0.201566 0.091977
v 0.589041 -0.185910 0.091977
v -0.769080 -0.174168 0.119374
v -0.780822 -0.166341 0.138943
v -0.518591 -0.213307 0.115460
v -0.526419 -0.123288 0.115460
v -0.561644 -0.138943 0.115460
v 0.600783 -0.154599 0.115460
v -0.772994 -0.185910 0.181996
v -0.761252 -0.166341 0.181996
v -0.221135 -0.217221 0.154599
v -0.213307 -0.213307 0.170254
v -0.221135 -0.201566 0.193738
v -0.232877 -0.201566 0.193738
v -0.225049 -0.217221 0.174168
v -0.232877 -0.209393 0.154599
v -0.213307 -0.201566 0.123288
v -0.228963 -0.197652 0.123288
v -0.228963 -0.185910 0.111546
v -0.150685 -0.189824 0.115460
v -0.209393 -0.205479 0.138943
v -0.154599 -0.205479 0.158513
v -0.209393 -0.201566 0.158513
v 0.393346 -0.154599 0.228963
v 0.589041 -0.154599 0.178082
v 0.600783 -0.154599 0.193738
v -0.620352 -0.150685 0.225049
v -0.628180 -0.193738 0.228963
v -0.651663 -0.178082 0.228963
v -0.651663 -0.193738 0.244618
v 0.326810 -0.166341 0.107632
v 0.338552 -0.213307 0.115460
v 0.342466 -0.135029 0.107632
v 0.346380 -0.135029 0.115460
v 0.346380 -0.213307 0.119374
v 0.342466 -0.217221 0.228963
v 0.346380 -0.135029 0.221135
v 0.346380 -0.115460 0.225049
v 0.342466 -0.135029 0.232877
v 0.217221 -0.135029 0.232877
v 0.240705 -0.127202 0.240705
v 0.158513 -0.115460 0.232877
v 0.718200 -0.209393 -0.275930
v 0.726027 -0.213307 -0.256360
v 0.714286 -0.209393 -0.248532
v 0.714286 -0.158513 -0.264188
v 0.718200 -0.115460 -0.275930
v 0.726027 -0.201566 -0.279843
v 0.741683 -0.209393 -0.275930
v 0.741683 -0.209393 -0.248532
v 0.761252 -0.209393 -0.256360
v 0.804305 -0.213307 -0.248532
v 0.741683 -0.209393 -0.189824
v 0.726027 -0.209393 -0.181996
v 0.737769 -0.209393 -0.123288
v 0.831703 -0.209393 -0.256360
v 0.874755 -0.209393 -0.001957
v 0.804305 -0.213307 0.248532
v 0.737769 -0.209393 -0.001957
v 0.338552 -0.115460 -0.232877
v 0.483366 -0.197652 -0.217221
v 0.542074 -0.185910 -0.193738
v 0.522505 -0.178082 -0.185910
v 0.518591 -0.170254 -0.193738
v -0.275930 -0.178082 -0.189824
v -0.283757 -0.213307 -0.189824
v -0.651663 -0.185910 -0.138943
v -0.663405 -0.193738 -0.123288
v -0.647750 -0.185910 -0.115460
v -0.651663 -0.201566 -0.131115
v -0.581213 -0.201566 -0.115460
v -0.639922 -0.213307 -0.107632
v -0.636008 -0.127202 -0.146771
v -0.671233 -0.131115 -0.142857
v 0.248532 -0.135029 -0.099804
v 0.158513 -0.135029 -0.103718
v 0.146771 -0.135029 -0.095890
v -0.690802 -0.178082 -0.115460
v -0.690802 -0.197652 -0.123288
v -0.698630 -0.213307 -0.111546
v -0.706458 -0.209393 0.001957
v 0.600783 -0.154599 -0.111546
v 0.612525 -0.185910 -0.111546
v 0.608611 -0.185910 -0.095890
v 0.600783 -0.201566 -0.091977
v 0.612525 -0.166341 -0.091977
v 0.326810 -0.166341 -0.107632
v 0.346380 -0.135029 -0.103718
v 0.577299 -0.201566 -0.091977
v 0.538160 -0.185910 -0.076321
v 0.890411 -0.162427 -0.001957
v 0.890411 -0.205479 -0.103718
v 0.890411 -0.166341 -0.080235
v 0.890411 -0.209393 -0.072407
v -0.518591 -0.174168 0.103718
v -0.522505 -0.135029 0.001957
v -0.518591 -0.135029 0.103718
v -0.522505 -0.174168 0.115460
v 0.577299 -0.201566 0.091977
v 0.604697 -0.201566 0.080235
v 0.612525 -0.205479 0.060665
v 0.890411 -0.209393 0.072407
v 0.890411 -0.166341 0.080235
v 0.890411 -0.205479 0.103718
v 0.538160 -0.185910 0.076321
v 0.542074 -0.174168 0.056751
v 0.150685 -0.135029 0.119374
v 0.150685 -0.115460 0.111546
v 0.158513 -0.135029 0.107632
v 0.146771 -0.135029 0.095890
v 0.150685 -0.135029 0.221135
v 0.154599 -0.111546 0.228963
v -0.690802 -0.178082 0.138943
v -0.651663 -0.185910 0.138943
v -0.702544 -0.201566 0.138943
v -0.217221 -0.197652 0.178082
v -0.221135 -0.181996 0.193738
v -0.816047 -0.170254 0.228963
v -0.816047 -0.189824 0.221135
v -0.819961 -0.193738 0.181996
v -0.819961 -0.213307 0.181996
v -0.819961 -0.213307 0.217221
v -0.847358 -0.193738 0.181996
v -0.843444 -0.209393 0.181996
v 0.518591 -0.170254 0.193738
v 0.491194 -0.166341 0.193738
v -0.874755 -0.127202 0.232877
v -0.890411 -0.123288 0.221135
v -0.882583 -0.185910 0.217221
v -0.898239 -0.181996 0.201566
v 0.338552 -0.115460 0.232877
v 0.275930 -0.123288 0.236791
v 0.448141 -0.181996 0.244618
v 0.467710 -0.174168 0.236791
v 0.475538 -0.166341 0.244618
v 0.463796 -0.142857 0.252446
v 0.874755 -0.209393 0.185910
v 0.870842 -0.209393 0.248532
v 0.741683 -0.209393 0.248532
v 0.741683 -0.209393 0.189824
v 0.737769 -0.209393 0.123288
v 0.741683 -0.209393 0.275930
v 0.726027 -0.213307 0.256360
v 0.733855 -0.138943 0.279843
v 0.726027 -0.201566 0.279843
v 0.718200 -0.209393 0.275930
v 0.726027 -0.205479 0.181996
v 0.714286 -0.209393 0.248532
v 0.714286 -0.205479 0.185910
v 0.714286 -0.209393 0.127202
v 0.718200 -0.115460 0.275930
v 0.714286 -0.158513 0.264188
v 0.710372 -0.197652 0.252446
v 0.733855 -0.138943 -0.279843
v 0.733855 -0.048924 -0.279843
v 0.741683 -0.119374 -0.275930
v 0.753425 -0.146771 -0.275930
v 0.859100 -0.154599 -0.268102
v 0.745597 -0.158513 -0.268102
v 0.745597 -0.158513 -0.248532
v 0.765166 -0.197652 -0.256360
v 0.745597 -0.197652 -0.256360
v 0.757339 -0.193738 -0.248532
v 0.835616 -0.197652 -0.256360
v 0.874755 -0.197652 -0.252446
v 0.855186 -0.185910 -0.236791
v 0.874755 -0.189824 -0.225049
v 0.882583 -0.197652 -0.232877
v 0.870842 -0.209393 -0.248532
v 0.714286 -0.209393 -0.127202
v 0.714286 -0.209393 0.064579
v 0.706458 -0.197652 0.060665
v 0.706458 -0.197652 -0.123288
v 0.710372 -0.197652 -0.185910
v 0.714286 -0.189824 -0.189824
v 0.714286 -0.189824 -0.248532
v 0.710372 -0.197652 -0.252446
v 0.714286 -0.158513 -0.248532
v 0.874755 -0.189824 -0.185910
v 0.882583 -0.197652 -0.185910
v 0.874755 -0.209393 -0.185910
v -0.921722 -0.170254 -0.170254
v -0.906067 -0.123288 -0.201566
v -0.275930 -0.162427 -0.178082
v -0.264188 -0.170254 -0.178082
v -0.264188 -0.174168 -0.127202
v 0.874755 -0.189824 -0.123288
v 0.882583 -0.197652 -0.135029
v 0.874755 -0.209393 -0.123288
v -0.154599 -0.205479 -0.162427
v -0.221135 -0.209393 -0.158513
v -0.154599 -0.193738 -0.181996
v -0.142857 -0.185910 -0.174168
v -0.154599 -0.205479 -0.138943
v -0.221135 -0.205479 -0.135029
v -0.221135 -0.193738 -0.119374
v -0.232877 -0.201566 -0.154599
v -0.256360 -0.193738 -0.131115
v -0.232877 -0.185910 -0.178082
v 0.440313 -0.209393 -0.048924
v 0.452055 -0.205479 -0.072407
v 0.448141 -0.201566 -0.048924
v 0.420744 -0.197652 -0.029354
v 0.432485 -0.197652 -0.076321
v 0.428571 -0.201566 -0.052838
v 0.444227 -0.189824 -0.088063
v 0.440313 -0.209393 -0.076321
v 0.428571 -0.181996 -0.072407
v 0.452055 -0.178082 -0.076321
v 0.455969 -0.189824 -0.072407
v 0.448141 -0.201566 0.013699
v 0.440313 -0.209393 0.048924
v 0.452055 -0.193738 0.025440
v 0.428571 -0.201566 0.068493
v 0.420744 -0.205479 0.056751
v -0.690802 -0.197652 0.123288
v -0.667319 -0.185910 0.115460
v -0.643836 -0.209393 0.111546
v -0.651663 -0.201566 0.131115
v -0.663405 -0.193738 0.123288
v -0.690802 -0.178082 0.115460
v -0.686888 -0.142857 0.119374
v 0.882583 -0.197652 0.135029
v 0.874755 -0.189824 0.185910
v 0.882583 -0.197652 0.185910
v 0.874755 -0.209393 0.123288
v 0.710372 -0.197652 0.185910
v 0.706458 -0.197652 0.123288
v 0.714286 -0.189824 0.123288
v 0.714286 -0.189824 0.060665
v 0.714286 -0.189824 -0.123288
v -0.244618 -0.209393 0.146771
v -0.256360 -0.201566 0.150685
v -0.569472 -0.178082 0.158513
v -0.589041 -0.162427 0.142857
v -0.585127 -0.150685 0.158513
v -0.577299 -0.158513 0.201566
v 0.882583 -0.197652 0.232877
v 0.874755 -0.189824 0.225049
v -0.906067 -0.123288 0.201566
v -0.921722 -0.170254 0.170254
v 0.761252 -0.209393 0.256360
v 0.745597 -0.197652 0.256360
v 0.765166 -0.197652 0.256360
v 0.757339 -0.193738 0.248532
v 0.745597 -0.189824 0.244618
v 0.855186 -0.185910 0.236791
v 0.835616 -0.197652 0.256360
v 0.874755 -0.197652 0.252446
v 0.831703 -0.209393 0.256360
v -0.675147 -0.178082 0.228963
v 0.401174 -0.166341 -0.248532
v 0.397260 -0.154599 -0.240704
v 0.424658 -0.138943 -0.248532
v -0.142857 -0.189824 -0.131115
v -0.142857 -0.197652 -0.150685
v -0.154599 -0.193738 -0.119374
v -0.557730 -0.119374 -0.127202
v -0.553816 -0.107632 -0.127202
v -0.933464 -0.170254 -0.084149
v -0.315068 -0.166341 -0.080235
v -0.311155 -0.166341 -0.091977
v 0.859100 -0.185910 -0.103718
v 0.397260 -0.197652 0.001957
v 0.389432 -0.205479 -0.009785
v 0.538160 -0.162427 0.029354
v 0.350294 -0.205479 0.025440
v 0.377691 -0.201566 0.017613
v 0.334638 -0.185910 0.033268
v 0.326810 -0.189824 0.021526
v 0.416830 -0.193738 0.045010
v 0.428571 -0.205479 0.037182
v 0.401174 -0.193738 0.056751
v 0.409002 -0.181996 0.048924
v 0.420744 -0.178082 0.052838
v 0.428571 -0.193738 0.033268
v 0.432485 -0.197652 0.013699
v 0.428571 -0.185910 0.017613
v 0.424658 -0.185910 -0.001957
v 0.401174 -0.189824 0.068493
v 0.420744 -0.185910 0.072407
v 0.393346 -0.174168 0.068493
v 0.381605 -0.185910 0.056751
v 0.604697 -0.201566 0.060665
v 0.628180 -0.166341 0.048924
v 0.636008 -0.174168 0.060665
v 0.647750 -0.166341 0.072407
v -0.933464 -0.170254 0.084149
v 0.874755 -0.162427 0.084149
v 0.859100 -0.185910 0.103718
v 0.874755 -0.189824 0.123288
v -0.142857 -0.193738 0.146771
v -0.154599 -0.205479 0.135029
v -0.142857 -0.185910 0.127202
v -0.142857 -0.162427 0.127202
v -0.142857 -0.150685 0.146771
v -0.142857 -0.162427 0.170254
v -0.142857 -0.185910 0.166340
v -0.150685 -0.174168 0.107632
v -0.150685 -0.174168 0.185910
v -0.154599 -0.193738 0.178082
v -0.217221 -0.185910 0.174168
v -0.240704 -0.185910 0.193738
v -0.232877 -0.178082 0.201566
v -0.240704 -0.162427 0.189824
v -0.252446 -0.205479 0.178082
v -0.236791 -0.205479 0.174168
v -0.260274 -0.193738 0.178082
v -0.252446 -0.181996 0.197652
v -0.264188 -0.170254 0.189824
v -0.260274 -0.178082 0.178082
v -0.256360 -0.189824 0.162427
v 0.506849 -0.166341 -0.236791
v 0.534247 -0.178082 -0.236791
v -0.761252 -0.142857 -0.142857
v 0.397260 -0.162427 -0.170254
v 0.636008 -0.170254 -0.115460
v -0.686888 -0.142857 -0.119374
v 0.420744 -0.189824 -0.041096
v 0.397260 -0.197652 -0.025440
v 0.397260 -0.181996 -0.025440
v 0.448141 -0.185910 -0.045010
v 0.440313 -0.178082 -0.052838
v 0.365949 -0.201566 0.009785
v 0.338552 -0.197652 0.009785
v 0.362035 -0.189824 0.005871
v 0.346380 -0.185910 0.005871
v 0.377691 -0.178082 0.001957
v 0.385519 -0.193738 0.001957
v 0.393346 -0.178082 -0.009785
v 0.397260 -0.189824 0.009785
v 0.448141 -0.189824 -0.005871
v 0.436399 -0.193738 -0.009785
v 0.444227 -0.174168 -0.005871
v 0.397260 -0.178082 0.017613
v 0.381605 -0.193738 0.025440
v 0.358121 -0.197652 0.029354
v 0.448141 -0.185910 0.033268
v 0.444227 -0.197652 0.056751
v 0.436399 -0.181996 0.056751
v 0.655577 -0.166341 0.048924
v 0.643836 -0.166341 0.099804
v 0.643836 -0.138943 0.115460
v 0.632094 -0.162427 0.232877
v 0.632094 -0.146771 0.236791
v -0.761252 -0.142857 0.142857
v -0.780822 -0.158513 0.225049
v -0.252446 -0.185910 0.135029
v -0.244618 -0.181996 0.146771
v -0.260274 -0.166341 0.123288
v -0.228963 -0.150685 0.185910
v -0.757339 -0.135029 0.221135
v 0.549902 -0.201566 0.236791
v 0.506849 -0.166341 0.236791
v 0.534247 -0.178082 0.236791
v 0.733855 -0.048924 0.279843
v 0.718200 -0.048924 0.275930
v 0.745597 -0.189824 -0.244618
v -0.577299 -0.166341 -0.213307
v -0.596869 -0.146771 -0.217221
v -0.577299 -0.158513 -0.201566
v 0.467710 -0.174168 -0.236791
v 0.479452 -0.170254 -0.193738
v 0.483366 -0.174168 -0.185910
v 0.745597 -0.189824 -0.185910
v -0.221135 -0.181996 -0.189824
v -0.221135 -0.197652 -0.178082
v -0.221135 -0.162427 -0.189824
v -0.154599 -0.174168 -0.189824
v -0.119374 -0.185910 -0.170254
v -0.119374 -0.166341 -0.178082
v -0.119374 -0.150685 -0.166341
v -0.119374 -0.193738 -0.150685
v 0.409002 -0.174168 -0.017613
v 0.424658 -0.178082 -0.033268
v 0.428571 -0.181996 -0.021526
v 0.397260 -0.181996 -0.001957
v 0.432485 -0.193738 -0.025440
v 0.381605 -0.185910 0.005871
v 0.330724 -0.178082 0.009785
v 0.322896 -0.166341 0.021526
v 0.334638 -0.158513 0.009785
v 0.350294 -0.181996 0.029354
v 0.373777 -0.181996 0.029354
v 0.350294 -0.178082 0.017613
v 0.338552 -0.166341 0.029354
v -0.244618 -0.193738 0.119374
v -0.248532 -0.166341 0.111546
v -0.228963 -0.166341 0.107632
v 0.714286 -0.189824 0.189824
v 0.714286 -0.189824 0.248532
v 0.745597 -0.189824 0.185910
v 0.455969 -0.181996 0.193738
v 0.479452 -0.170254 0.193738
v -0.577299 -0.166341 0.213307
v 0.714286 -0.158513 0.248532
v 0.745597 -0.158513 0.248532
v -0.698630 -0.185910 -0.228963
v -0.675147 -0.178082 -0.228963
v -0.694716 -0.142857 -0.225049
v -0.659491 -0.138943 -0.225049
v 0.753425 -0.189824 0.001957
v 0.823875 -0.193738 -0.248532
v 0.823875 -0.189824 -0.236791
v 0.643836 -0.162427 -0.236791
v 0.874755 -0.178082 -0.209393
v 0.863014 -0.170254 -0.197652
v 0.823875 -0.189824 -0.185910
v 0.863014 -0.185910 -0.178082
v 0.812133 -0.193738 -0.185910
v 0.816047 -0.193738 -0.064579
v 0.816047 -0.193738 0.064579
v -0.142857 -0.166341 -0.181996
v -0.154599 -0.150685 -0.185910
v -0.142857 -0.146771 -0.170254
v -0.256360 -0.158513 -0.127202
v -0.256360 -0.193738 -0.154599
v -0.256360 -0.174168 -0.123288
v -0.232877 -0.174168 -0.119374
v -0.232877 -0.154599 -0.123288
v -0.256360 -0.146771 -0.142857
v -0.256360 -0.181996 -0.174168
v -0.256360 -0.150685 -0.162427
v -0.232877 -0.146771 -0.166341
v -0.256360 -0.162427 -0.178082
v -0.119374 -0.162427 -0.127202
v -0.119374 -0.146771 -0.138943
v -0.142857 -0.150685 -0.127202
v -0.119374 -0.185910 -0.131115
v -0.232877 -0.193738 -0.131115
v -0.690802 -0.178082 -0.138943
v -0.154599 -0.174168 -0.111546
v -0.154599 -0.150685 -0.115460
v -0.221135 -0.174168 -0.111546
v 0.459883 -0.181996 -0.084149
v 0.463796 -0.174168 -0.091977
v 0.475538 -0.178082 -0.048924
v 0.526419 -0.174168 -0.076321
v 0.436399 -0.170254 -0.072407
v 0.855186 -0.166341 0.084149
v 0.859100 -0.166341 0.060665
v 0.859100 -0.166341 0.048924
v 0.628180 -0.166341 -0.048924
v 0.616438 -0.166341 -0.060665
v 0.526419 -0.178082 -0.048924
v 0.514677 -0.162427 -0.037182
v 0.530333 -0.154599 -0.017613
v 0.553816 -0.166341 -0.009785
v 0.538160 -0.170254 -0.033268
v 0.385519 -0.193738 -0.021526
v 0.373777 -0.193738 -0.005871
v 0.369863 -0.170254 0.005871
v 0.377691 -0.178082 -0.013699
v 0.381605 -0.158513 -0.001957
v 0.389432 -0.170254 -0.009785
v -0.115460 -0.193738 -0.001957
v -0.103718 -0.181996 -0.013699
v -0.064579 -0.189824 0.009785
v -0.103718 -0.193738 -0.009785
v -0.088063 -0.189824 0.013699
v -0.060665 -0.181996 0.021526
v -0.072407 -0.174168 0.017613
v -0.115460 -0.181996 -0.009785
v -0.115460 -0.181996 0.005871
v -0.107632 -0.174168 0.001957
v -0.103718 -0.170254 -0.005871
v 0.060665 -0.193738 -0.001957
v 0.060665 -0.185910 -0.009785
v 0.072407 -0.189824 -0.001957
v 0.056751 -0.193738 0.009785
v 0.064579 -0.178082 0.009785
v 0.072407 -0.166341 0.001957
v 0.440313 -0.170254 0.021526
v 0.459883 -0.170254 0.037182
v 0.463796 -0.154599 0.021526
v 0.444227 -0.162427 0.005871
v 0.436399 -0.181996 0.037182
v 0.432485 -0.174168 0.005871
v 0.393346 -0.185910 0.041096
v 0.863014 -0.185910 0.178082
v 0.812133 -0.193738 0.185910
v 0.823875 -0.189824 0.185910
v 0.874755 -0.178082 0.209393
v 0.436399 -0.170254 0.072407
v 0.526419 -0.174168 0.076321
v 0.475538 -0.178082 0.048924
v 0.463796 -0.174168 0.091977
v 0.459883 -0.181996 0.084149
v -0.424658 -0.193738 0.115460
v -0.420744 -0.193738 0.123288
v -0.452055 -0.185910 0.115460
v -0.436399 -0.181996 0.111546
v -0.416830 -0.181996 0.107632
v -0.405088 -0.189824 0.111546
v -0.264188 -0.150685 0.142857
v -0.256360 -0.146771 0.123288
v -0.401174 -0.185910 0.123288
v -0.393346 -0.178082 0.115460
v -0.397260 -0.174168 0.131115
v -0.416830 -0.181996 0.131115
v -0.436399 -0.181996 0.135029
v -0.432485 -0.174168 0.123288
v -0.444227 -0.162427 0.127202
v -0.448141 -0.189824 0.127202
v 0.823875 -0.193738 0.248532
v 0.823875 -0.189824 0.236791
v -0.659491 -0.138943 0.225049
v -0.694716 -0.142857 0.225049
v 0.749511 -0.123288 -0.256360
v 0.745597 -0.107632 -0.248532
v 0.714286 -0.107632 -0.248532
v 0.463796 -0.142857 -0.248532
v 0.475538 -0.166341 -0.244618
v 0.452055 -0.189824 -0.236791
v -0.909980 -0.185910 -0.236791
v -0.894325 -0.181996 -0.236791
v -0.894325 -0.178082 -0.225049
v -0.902153 -0.189824 -0.225049
v -0.906067 -0.178082 -0.217221
v -0.921722 -0.181996 -0.225049
v 0.863014 -0.174168 -0.228963
v 0.878669 -0.099804 -0.240704
v 0.491194 -0.166341 -0.193738
v 0.843444 -0.170254 -0.197652
v 0.847358 -0.127202 -0.217221
v 0.600783 -0.154599 -0.193738
v 0.581213 -0.131115 -0.185910
v 0.561644 -0.127202 -0.170254
v 0.581213 -0.131115 -0.162427
v 0.600783 -0.154599 -0.162427
v -0.589041 -0.162427 -0.142857
v -0.041096 -0.189824 -0.119374
v -0.048924 -0.185910 -0.127202
v -0.048924 -0.185910 -0.060665
v -0.056751 -0.181996 -0.068493
v 0.330724 -0.166341 -0.095890
v 0.248532 -0.166341 -0.084149
v -0.275930 -0.170254 -0.076321
v 0.542074 -0.166341 -0.060665
v 0.440313 -0.158513 -0.072407
v 0.389432 -0.166341 -0.064579
v 0.283757 -0.189824 0.052838
v 0.275930 -0.181996 0.045010
v 0.275930 -0.181996 -0.045010
v 0.283757 -0.181996 -0.056751
v 0.283757 -0.189824 -0.052838
v 0.318982 -0.189824 -0.052838
v 0.318982 -0.181996 -0.056751
v 0.330724 -0.166341 -0.033268
v 0.326810 -0.185910 -0.045010
v 0.326810 -0.185910 0.045010
v 0.318982 -0.181996 0.056751
v 0.279843 -0.146771 -0.013699
v 0.315068 -0.146771 -0.025440
v 0.440313 -0.166341 -0.013699
v 0.463796 -0.150685 -0.001957
v 0.463796 -0.154599 -0.021526
v 0.052838 -0.174168 -0.005871
v 0.052838 -0.154599 -0.005871
v 0.060665 -0.146771 -0.005871
v 0.064579 -0.170254 -0.009785
v 0.401174 -0.166341 -0.001957
v 0.318982 -0.189824 0.052838
v 0.283757 -0.181996 0.056751
v 0.440313 -0.158513 0.072407
v 0.542074 -0.166341 0.060665
v 0.346380 -0.135029 0.103718
v 0.248532 -0.135029 0.099804
v 0.248532 -0.166341 0.084149
v 0.330724 -0.166341 0.095890
v 0.647750 -0.166341 0.099804
v -0.338552 -0.189824 0.107632
v -0.358121 -0.189824 0.127202
v -0.362035 -0.189824 0.111546
v -0.365949 -0.178082 0.107632
v -0.342466 -0.181996 0.099804
v -0.318982 -0.170254 0.103718
v -0.311155 -0.146771 0.103718
v -0.334638 -0.185910 0.119374
v -0.401174 -0.174168 0.103718
v -0.412916 -0.166341 0.107632
v -0.389432 -0.166341 0.107632
v -0.463796 -0.170254 0.123288
v -0.455969 -0.166341 0.135029
v -0.459883 -0.142857 0.123288
v -0.459883 -0.150685 0.111546
v -0.455969 -0.166341 0.111546
v -0.346380 -0.178082 0.127202
v -0.326810 -0.166341 0.127202
v -0.358121 -0.166341 0.127202
v -0.381605 -0.166341 0.135029
v -0.389432 -0.154599 0.127202
v -0.608611 -0.138943 0.146771
v 0.393346 -0.154599 0.158513
v 0.412916 -0.131115 0.154599
v 0.393346 -0.154599 0.107632
v -0.248532 -0.181996 0.166340
v -0.248532 -0.170254 0.174168
v 0.843444 -0.170254 0.197652
v 0.823875 -0.178082 0.209393
v 0.847358 -0.127202 0.217221
v 0.863014 -0.170254 0.197652
v 0.874755 -0.115460 0.217221
v 0.878669 -0.099804 0.240705
v -0.851272 -0.170254 0.228963
v -0.851272 -0.154599 0.193738
v -0.859100 -0.123288 0.228963
v -0.921722 -0.150685 0.232877
v -0.921722 -0.146771 0.221135
v -0.921722 -0.181996 0.225049
v -0.906067 -0.178082 0.217221
v -0.902153 -0.189824 0.225049
v -0.898239 -0.111546 0.228963
v -0.894325 -0.181996 0.236791
v -0.902153 -0.174168 0.244618
v -0.909980 -0.185910 0.236791
v -0.894325 -0.178082 0.225049
v -0.800391 -0.162427 0.236791
v -0.784736 -0.123288 0.236791
v 0.397260 -0.154599 0.240705
v 0.424658 -0.138943 0.248532
v 0.416830 -0.127202 0.240705
v 0.596869 -0.154599 0.236791
v 0.577299 -0.131115 0.244618
v 0.589041 -0.154599 0.244618
v -0.921722 -0.146771 -0.221135
v -0.921722 -0.150685 -0.232877
v -0.902153 -0.174168 -0.244618
v -0.917808 -0.174168 -0.236791
v -0.898239 -0.111546 -0.228963
v 0.835616 -0.178082 -0.232877
v 0.823875 -0.178082 -0.209393
v -0.663405 -0.123288 -0.217221
v 0.855186 -0.185910 -0.201566
v 0.859100 -0.123288 -0.232877
v 0.870842 -0.127202 -0.228963
v 0.866928 -0.181996 -0.193738
v 0.393346 -0.154599 -0.189824
v 0.397260 -0.166341 -0.178082
v 0.412916 -0.131115 -0.193738
v 0.878669 -0.119374 -0.217221
v 0.863014 -0.174168 -0.181996
v 0.866928 -0.115460 -0.209393
v 0.847358 -0.174168 -0.185910
v 0.855186 -0.127202 -0.217221
v 0.843444 -0.181996 -0.197652
v 0.855186 -0.185910 -0.185910
v -0.056751 -0.174168 -0.072407
v -0.099804 -0.166341 -0.025440
v -0.048924 -0.166341 -0.068493
v -0.021526 -0.170254 -0.138943
v -0.052838 -0.170254 -0.131115
v -0.045010 -0.158513 -0.127202
v 0.009785 -0.158513 -0.127202
v 0.013699 -0.170254 -0.131115
v 0.009785 -0.181996 -0.127202
v 0.859100 -0.166341 -0.060665
v 0.859100 -0.166341 -0.048924
v 0.855186 -0.166341 -0.084149
v -0.279843 -0.150685 -0.119374
v -0.272016 -0.135029 -0.107632
v -0.248532 -0.135029 -0.103718
v -0.185910 -0.166341 -0.095890
v -0.268102 -0.158513 -0.107632
v 0.596869 -0.166341 -0.091977
v 0.581213 -0.135029 -0.099804
v 0.604697 -0.138943 -0.091977
v 0.589041 -0.185910 -0.091977
v 0.592955 -0.162427 -0.068493
v 0.565558 -0.178082 -0.052838
v 0.643836 -0.138943 -0.115460
v 0.655577 -0.138943 -0.099804
v 0.714286 -0.166341 -0.099804
v 0.647750 -0.166341 -0.099804
v 0.647750 -0.166341 -0.072407
v -0.471624 -0.185910 -0.080235
v -0.448141 -0.185910 -0.072407
v -0.459883 -0.181996 -0.060665
v -0.455969 -0.178082 -0.088063
v 0.389432 -0.146771 -0.068493
v 0.381605 -0.162427 -0.045010
v 0.373777 -0.174168 -0.064579
v -0.440313 -0.170254 -0.072407
v -0.440313 -0.150685 -0.060665
v -0.448141 -0.170254 -0.048924
v -0.436399 -0.166341 -0.056751
v -0.459883 -0.158513 -0.045010
v -0.463796 -0.166341 -0.056751
v 0.338552 -0.185910 -0.072407
v 0.334638 -0.166341 -0.056751
v -0.041096 -0.178082 -0.056751
v -0.033268 -0.166341 -0.115460
v -0.041096 -0.166341 -0.060665
v -0.088063 -0.158513 -0.009785
v -0.091977 -0.170254 -0.013699
v -0.095890 -0.162427 0.001957
v -0.111546 -0.162427 -0.005871
v 0.440313 -0.170254 -0.076321
v 0.428571 -0.185910 -0.052838
v -0.933464 -0.170254 0.001957
v -0.064579 -0.181996 0.001957
v -0.064579 -0.174168 0.009785
v 0.409002 -0.178082 0.001957
v 0.393346 -0.162427 0.005871
v 0.397260 -0.170254 0.017613
v 0.350294 -0.154599 0.001957
v 0.342466 -0.170254 0.005871
v 0.369863 -0.174168 0.048924
v 0.393346 -0.166341 0.056751
v 0.369863 -0.162427 0.029354
v 0.365949 -0.181996 0.017613
v 0.275930 -0.135029 0.021526
v 0.373777 -0.174168 0.064579
v 0.334638 -0.166341 0.056751
v 0.416830 -0.170254 0.064579
v 0.389432 -0.166341 0.064579
v 0.381605 -0.162427 0.045010
v 0.389432 -0.146771 0.068493
v 0.565558 -0.178082 0.052838
v 0.592955 -0.162427 0.068493
v 0.565558 -0.162427 0.045010
v 0.592955 -0.146771 0.068493
v 0.616438 -0.166341 0.060665
v 0.420744 -0.123288 0.099804
v -0.315068 -0.170254 0.115460
v -0.311155 -0.146771 0.119374
v -0.322896 -0.146771 0.127202
v -0.154599 -0.154599 0.111546
v -0.146771 -0.146771 0.119374
v -0.745597 -0.146771 0.181996
v -0.221135 -0.166341 0.178082
v 0.557730 -0.142857 0.174168
v 0.561644 -0.127202 0.170254
v 0.510763 -0.127202 0.174168
v 0.561644 -0.127202 0.178082
v 0.428571 -0.142857 0.174168
v 0.467710 -0.127202 0.174168
v 0.393346 -0.154599 0.189824
v 0.416830 -0.135029 0.178082
v -0.761252 -0.162427 0.201566
v -0.745597 -0.142857 0.201566
v -0.737769 -0.146771 0.217221
v -0.589041 -0.115460 0.236791
v -0.573385 -0.142857 0.232877
v -0.917808 -0.174168 0.236791
v 0.835616 -0.178082 0.232877
v 0.863014 -0.174168 0.228963
v 0.855186 -0.099804 0.244618
v 0.863014 -0.185910 0.240705
v 0.847358 -0.185910 0.240705
v 0.855186 -0.181996 0.252446
v 0.870842 -0.181996 0.236791
v 0.859100 -0.181996 0.228963
v 0.874755 -0.119374 0.232877
v 0.870842 -0.181996 0.252446
v 0.882583 -0.119374 0.244618
v 0.870842 -0.119374 0.252446
v -0.902153 -0.095890 -0.232877
v 0.855186 -0.099804 -0.244618
v 0.013699 -0.181996 -0.115460
v 0.017613 -0.166341 -0.115460
v -0.029354 -0.181996 -0.111546
v -0.479452 -0.178082 -0.068493
v -0.502935 -0.181996 -0.060665
v -0.518591 -0.166341 -0.056751
v -0.518591 -0.142857 -0.060665
v -0.502935 -0.178082 -0.076321
v 0.279843 -0.146771 0.013699
v 0.315068 -0.146771 0.025440
v 0.401174 -0.154599 0.021526
v 0.401174 -0.166341 0.033268
v 0.385519 -0.170254 0.029354
v 0.385519 -0.170254 0.013699
v 0.381605 -0.162427 0.009785
v 0.549902 -0.162427 0.009785
v 0.526419 -0.150685 0.013699
v 0.401174 -0.174168 0.041096
v 0.385519 -0.162427 0.033268
v 0.405088 -0.166341 0.048924
v -0.471624 -0.181996 0.080235
v -0.448141 -0.178082 0.076321
v -0.448141 -0.178082 0.091977
v -0.471624 -0.178082 0.099804
v -0.487280 -0.170254 0.095890
v -0.487280 -0.166341 0.076321
v -0.467710 -0.170254 0.064579
v -0.350294 -0.170254 0.103718
v -0.397260 -0.154599 0.111546
v -0.358121 -0.162427 0.115460
v -0.338552 -0.154599 0.111546
v -0.409002 -0.162427 0.127202
v -0.440313 -0.162427 0.115460
v -0.448141 -0.181996 0.111546
v -0.432485 -0.166341 0.111546
v -0.448141 -0.166341 0.123288
v -0.467710 -0.170254 0.123288
v -0.228963 -0.181996 0.158513
v -0.225049 -0.162427 0.158513
v -0.228963 -0.174168 0.142857
v -0.240704 -0.162427 0.142857
v -0.256360 -0.166341 0.138943
v -0.228963 -0.174168 0.174168
v -0.240704 -0.158513 0.170254
v -0.244618 -0.150685 0.154599
v -0.256360 -0.154599 0.193738
v -0.244618 -0.142857 0.174168
v -0.256360 -0.135029 0.174168
v -0.264188 -0.146771 0.174168
v 0.859100 -0.123288 0.232877
v 0.859100 -0.123288 0.244618
v 0.522505 -0.162427 -0.244618
v 0.522505 -0.142857 -0.248532
v -0.624266 -0.131115 -0.217221
v -0.909980 -0.123288 -0.213307
v -0.894325 -0.107632 -0.213307
v -0.663405 -0.123288 -0.123288
v -0.569472 -0.119374 -0.123288
v -0.291585 -0.158513 -0.111546
v -0.315068 -0.154599 -0.107632
v -0.291585 -0.131115 -0.103718
v -0.487280 -0.178082 -0.091977
v -0.518591 -0.166341 -0.076321
v -0.518591 -0.146771 -0.080235
v -0.475538 -0.166341 -0.088063
v -0.495108 -0.150685 -0.080235
v -0.452055 -0.162427 -0.080235
v 0.565558 -0.162427 -0.045010
v 0.592955 -0.146771 -0.068493
v 0.565558 -0.146771 -0.068493
v 0.542074 -0.174168 -0.056751
v 0.354207 -0.174168 -0.013699
v 0.354207 -0.174168 0.013699
v 0.330724 -0.178082 -0.025440
v 0.381605 -0.170254 -0.009785
v 0.369863 -0.154599 -0.009785
v 0.373777 -0.162427 -0.025440
v 0.389432 -0.162427 -0.021526
v 0.131115 -0.178082 -0.005871
v 0.103718 -0.158513 0.001957
v 0.103718 -0.154599 -0.009785
v 0.138943 -0.170254 -0.013699
v 0.107632 -0.142857 -0.009785
v 0.146771 -0.162427 -0.005871
v 0.142857 -0.166341 0.005871
v 0.111546 -0.142857 0.001957
v 0.107632 -0.150685 0.009785
v 0.131115 -0.178082 0.005871
v 0.146771 -0.178082 -0.001957
v 0.052838 -0.127202 0.005871
v 0.048924 -0.138943 0.001957
v 0.350294 -0.166341 0.013699
v 0.362035 -0.158513 0.009785
v 0.393346 -0.150685 0.001957
v 0.393346 -0.150685 -0.017613
v 0.330724 -0.178082 0.025440
v 0.330724 -0.166341 0.033268
v 0.358121 -0.162427 -0.017613
v 0.495108 -0.146771 0.013699
v 0.483366 -0.158513 0.033268
v 0.514677 -0.158513 0.033268
v 0.526419 -0.178082 0.048924
v 0.565558 -0.146771 0.068493
v -0.448141 -0.162427 0.064579
v -0.467710 -0.150685 0.064579
v -0.432485 -0.142857 0.068493
v -0.432485 -0.166341 0.091977
v -0.428571 -0.162427 0.076321
v -0.377691 -0.162427 0.103718
v -0.483366 -0.166341 0.115460
v -0.487280 -0.142857 0.107632
v -0.264188 -0.162427 0.174168
v -0.909980 -0.123288 0.213307
v -0.913894 -0.111546 0.197652
v -0.624266 -0.131115 0.217221
v 0.561644 -0.135029 0.248532
v 0.522505 -0.142857 0.248532
v 0.917808 -0.158513 -0.232877
v 0.870842 -0.111546 -0.252446
v 0.855186 -0.099804 -0.260274
v -0.221135 -0.142857 -0.181996
v -0.154599 -0.135029 -0.170254
v -0.545988 -0.111546 -0.138943
v -0.553816 -0.099804 -0.174168
v -0.757339 -0.135029 -0.221135
v -0.733855 -0.127202 -0.142857
v -0.741683 -0.142857 -0.123288
v -0.514677 -0.135029 -0.115460
v -0.941292 -0.174168 -0.060665
v -0.941292 -0.174168 0.060665
v -0.949119 -0.166341 -0.001957
v -0.949119 -0.158513 -0.076321
v -0.941292 -0.158513 -0.131115
v -0.929550 -0.166341 -0.138943
v 0.048924 -0.170254 0.001957
v 0.052838 -0.174168 0.009785
v 0.048924 -0.154599 0.005871
v 0.358121 -0.162427 0.017613
v -0.929550 -0.123288 0.170254
v -0.941292 -0.158513 0.131115
v -0.929550 -0.166341 0.138943
v -0.949119 -0.158513 0.076321
v -0.937378 -0.135029 0.150685
v -0.937378 -0.146771 0.084149
v -0.949119 -0.158513 -0.001957
v -0.569472 -0.119374 0.123288
v -0.518591 -0.095890 0.064579
v -0.518591 -0.107632 0.111546
v -0.499022 -0.095890 0.080235
v -0.589041 -0.111546 0.127202
v -0.663405 -0.123288 0.123288
v -0.733855 -0.127202 0.142857
v -0.741683 -0.142857 0.123288
v -0.252446 -0.158513 0.166340
v 0.522505 -0.162427 0.244618
v 0.945205 -0.162427 -0.232877
v 0.949119 -0.154599 -0.228963
v -0.737769 -0.146771 -0.217221
v -0.765166 -0.170254 -0.213307
v -0.761252 -0.166341 -0.197652
v -0.745597 -0.146771 -0.197652
v -0.722113 -0.131115 -0.201566
v -0.702544 -0.127202 -0.217221
v 0.874755 -0.115460 -0.217221
v 0.870842 -0.088063 -0.236791
v 0.863014 -0.103718 -0.217221
v -0.929550 -0.123288 -0.170254
v -0.941292 -0.127202 -0.174168
v -0.933464 -0.103718 -0.174168
v -0.091977 -0.146771 -0.017613
v -0.589041 -0.111546 -0.127202
v -0.518591 -0.107632 -0.123288
v -0.142857 -0.138943 -0.146771
v -0.154599 -0.135029 -0.131115
v -0.142857 -0.170254 -0.119374
v 0.733855 -0.170254 -0.095890
v 0.859100 -0.166341 -0.103718
v 0.855186 -0.170254 -0.099804
v 0.772994 -0.158513 -0.103718
v 0.859100 -0.119374 -0.103718
v 0.863014 -0.162427 -0.095890
v 0.863014 -0.166341 -0.001957
v 0.855186 -0.170254 -0.001957
v 0.495108 -0.146771 -0.013699
v 0.487280 -0.158513 -0.033268
v 0.048924 -0.142857 -0.009785
v 0.052838 -0.135029 -0.013699
v 0.393346 -0.146771 0.021526
v 0.733855 -0.170254 0.095890
v 0.855186 -0.170254 0.099804
v 0.859100 -0.166341 0.103718
v 0.863014 -0.162427 0.095890
v 0.859100 -0.119374 0.103718
v 0.772994 -0.158513 0.103718
v 0.714286 -0.166341 0.099804
v 0.381605 -0.154599 0.025440
v 0.389432 -0.162427 0.045010
v 0.397260 -0.150685 0.045010
v -0.471624 -0.135029 0.076321
v -0.487280 -0.146771 0.080235
v 0.581213 -0.135029 0.099804
v 0.596869 -0.166341 0.091977
v 0.549902 -0.115460 0.103718
v 0.581213 -0.131115 0.115460
v -0.326810 -0.135029 0.103718
v -0.322896 -0.123288 0.115460
v -0.424658 -0.154599 0.107632
v -0.452055 -0.142857 0.127202
v -0.933464 -0.103718 0.174168
v -0.941292 -0.127202 0.174168
v 0.863014 -0.103718 0.217221
v 0.870842 -0.088063 0.236791
v 0.945205 -0.162427 0.232877
v 0.949119 -0.154599 0.228963
v 0.949119 -0.158513 0.299413
v 0.941292 -0.154599 -0.307241
v 0.929550 -0.150685 -0.303327
v 0.945205 -0.127202 -0.295499
v 0.949119 -0.158513 -0.299413
v 0.933464 -0.166341 -0.303327
v 0.917808 -0.154599 -0.150685
v 0.444227 -0.115460 -0.244618
v 0.471624 -0.115460 -0.248532
v 0.561644 -0.135029 -0.248532
v 0.518591 -0.119374 -0.248532
v 0.545988 -0.115460 -0.244618
v -0.737769 -0.146771 -0.146771
v -0.722113 -0.131115 -0.158513
v 0.448141 -0.119374 -0.170254
v 0.467710 -0.127202 -0.174168
v 0.416830 -0.135029 -0.178082
v 0.882583 -0.154599 -0.072407
v 0.925636 -0.150685 -0.088063
v -0.937378 -0.146771 -0.084149
v -0.937378 -0.135029 -0.150685
v -0.929550 -0.127202 -0.146771
v -0.945205 -0.095890 -0.150685
v 0.632094 -0.146771 -0.236791
v 0.628180 -0.138943 -0.244618
v 0.647750 -0.138943 -0.240704
v 0.639922 -0.146771 -0.240704
v 0.573385 -0.084149 -0.119374
v 0.608611 -0.123288 -0.111546
v 0.722113 -0.138943 -0.107632
v 0.655577 -0.119374 -0.103718
v 0.772994 -0.115460 -0.103718
v -0.170254 -0.135029 -0.095890
v -0.052838 -0.135029 -0.095890
v 0.045010 -0.135029 -0.095890
v -0.248532 -0.166341 -0.084149
v 0.420744 -0.103718 -0.111546
v 0.448141 -0.111546 -0.111546
v 0.432485 -0.115460 -0.115460
v 0.412916 -0.131115 -0.107632
v 0.420744 -0.123288 -0.099804
v -0.342466 -0.162427 -0.091977
v -0.342466 -0.166341 -0.060665
v -0.346380 -0.154599 -0.107632
v -0.056751 -0.166341 -0.088063
v 0.146771 -0.166341 -0.072407
v 0.150685 -0.135029 -0.072407
v 0.045010 -0.135029 -0.068493
v -0.056751 -0.166341 -0.072407
v -0.056751 -0.135029 -0.068493
v 0.068493 -0.127202 -0.107632
v 0.146771 -0.166341 -0.088063
v 0.863014 -0.119374 -0.095890
v -0.315068 -0.158513 -0.068493
v -0.256360 -0.162427 -0.072407
v -0.248532 -0.135029 -0.068493
v -0.315068 -0.135029 -0.068493
v -0.514677 -0.123288 -0.056751
v -0.342466 -0.166341 0.064579
v -0.354207 -0.166341 0.001957
v -0.358121 -0.162427 -0.064579
v -0.346380 -0.158513 0.001957
v -0.334638 -0.158513 -0.056751
v -0.334638 -0.135029 -0.052838
v -0.346380 -0.135029 0.001957
v -0.334638 -0.158513 0.056751
v -0.103718 -0.135029 -0.005871
v -0.088063 -0.127202 0.001957
v -0.084149 -0.138943 -0.001957
v 0.416830 -0.123288 -0.068493
v 0.600783 -0.127202 -0.060665
v -0.495108 -0.146771 -0.068493
v -0.479452 -0.162427 -0.068493
v -0.502935 -0.142857 -0.056751
v -0.491194 -0.166341 -0.056751
v -0.463796 -0.158513 -0.072407
v -0.463796 -0.150685 -0.056751
v -0.452055 -0.142857 -0.064579
v -0.471624 -0.135029 -0.056751
v -0.452055 -0.127202 -0.052838
v -0.440313 -0.142857 -0.045010
v -0.459883 -0.123288 -0.041096
v -0.459883 -0.138943 -0.033268
v -0.448141 -0.154599 -0.037182
v 0.381605 -0.138943 -0.045010
v 0.534247 -0.150685 0.001957
v 0.060665 -0.142857 0.009785
v 0.037182 -0.135029 0.017613
v 0.393346 -0.166341 0.025440
v 0.381605 -0.150685 0.001957
v 0.354207 -0.150685 0.025440
v 0.377691 -0.150685 0.013699
v 0.432485 -0.166341 0.045010
v 0.412916 -0.158513 0.041096
v 0.432485 -0.154599 0.041096
v 0.440313 -0.166341 0.056751
v 0.412916 -0.158513 0.060665
v 0.405088 -0.166341 0.052838
v 0.416830 -0.146771 0.056751
v 0.448141 -0.158513 0.041096
v 0.432485 -0.146771 0.048924
v 0.436399 -0.154599 0.060665
v 0.416830 -0.123288 0.068493
v 0.600783 -0.127202 0.060665
v -0.342466 -0.162427 0.091977
v -0.252446 -0.166341 0.091977
v -0.346380 -0.154599 0.107632
v -0.362035 -0.158513 0.091977
v -0.256360 -0.162427 0.072407
v -0.256360 -0.135029 0.072407
v -0.056751 -0.135029 0.068493
v -0.056751 -0.166341 0.072407
v 0.146771 -0.166341 0.088063
v -0.052838 -0.135029 0.095890
v -0.170254 -0.166341 0.095890
v -0.056751 -0.166341 0.088063
v 0.045010 -0.135029 0.068493
v 0.013699 -0.123288 0.068493
v 0.150685 -0.135029 0.072407
v 0.146771 -0.166341 0.072407
v 0.213307 -0.135029 0.068493
v -0.373777 -0.166341 0.080235
v -0.373777 -0.146771 0.068493
v -0.358121 -0.162427 0.060665
v 0.608611 -0.123288 0.111546
v 0.604697 -0.138943 0.091977
v 0.573385 -0.084149 0.119374
v -0.170254 -0.135029 0.095890
v -0.248532 -0.135029 0.103718
v -0.256360 -0.166341 0.103718
v 0.346380 -0.111546 0.103718
v 0.628180 -0.138943 0.244618
v 0.722113 -0.138943 0.107632
v 0.772994 -0.115460 0.103718
v 0.655577 -0.119374 0.103718
v 0.655577 -0.138943 0.099804
v -0.264188 -0.127202 0.107632
v -0.272016 -0.135029 0.107632
v -0.272016 -0.127202 0.131115
v -0.291585 -0.131115 0.115460
v -0.315068 -0.154599 0.107632
v -0.236791 -0.146771 0.115460
v -0.240704 -0.135029 0.135029
v -0.154599 -0.135029 0.123288
v -0.338552 -0.162427 0.123288
v -0.448141 -0.146771 0.127202
v -0.436399 -0.150685 0.119374
v -0.444227 -0.127202 0.119374
v -0.256360 -0.154599 0.150685
v -0.264188 -0.150685 0.162427
v -0.726027 -0.131115 0.181996
v -0.702544 -0.127202 0.146771
v 0.917808 -0.158513 0.232877
v 0.921722 -0.150685 0.228963
v 0.917808 -0.154599 0.150685
v 0.929550 -0.150685 0.154599
v 0.925636 -0.150685 0.088063
v 0.518591 -0.119374 0.248532
v 0.471624 -0.115460 0.248532
v 0.444227 -0.115460 0.244618
v 0.953033 -0.131115 0.287671
v 0.941292 -0.154599 0.307241
v 0.941292 -0.166341 0.295499
v 0.929550 -0.150685 0.303327
v -0.221135 -0.131115 -0.162427
v -0.232877 -0.162427 -0.181996
v 0.941292 -0.154599 -0.150685
v 0.945205 -0.142857 -0.225049
v 0.929550 -0.150685 -0.154599
v 0.941292 -0.154599 -0.084149
v -0.596869 -0.138943 -0.201566
v -0.585127 -0.150685 -0.158513
v -0.608611 -0.131115 -0.158513
v -0.467710 -0.123288 -0.060665
v -0.228963 -0.123288 -0.068493
v -0.373777 -0.158513 -0.068493
v -0.362035 -0.158513 -0.091977
v 0.358121 -0.154599 -0.029354
v 0.342466 -0.150685 -0.017613
v 0.338552 -0.138943 -0.025440
v 0.358121 -0.138943 -0.037182
v 0.377691 -0.150685 -0.037182
v -0.084149 -0.146771 0.009785
v -0.009785 -0.138943 0.013699
v -0.084149 -0.138943 0.017613
v -0.099804 -0.150685 0.013699
v 0.937378 -0.154599 0.001957
v 0.917808 -0.154599 0.001957
v 0.941292 -0.154599 0.084149
v 0.381605 -0.138943 0.045010
v 0.369863 -0.123288 -0.045010
v 0.882583 -0.154599 0.072407
v 0.855186 -0.162427 0.084149
v 0.855186 -0.080235 0.103718
v -0.350294 -0.127202 0.107632
v -0.377691 -0.127202 0.107632
v -0.354207 -0.123288 0.154599
v -0.475538 -0.127202 0.150685
v -0.432485 -0.138943 0.095890
v -0.448141 -0.150685 0.103718
v -0.428571 -0.142857 0.107632
v -0.150685 -0.131115 0.142857
v 0.941292 -0.154599 0.150685
v 0.945205 -0.142857 0.225049
v -0.812133 -0.162427 0.225049
v -0.804305 -0.123288 0.232877
v -0.812133 -0.154599 0.197652
v -0.839530 -0.162427 0.197652
v -0.749511 -0.099804 0.240705
v 0.953033 -0.131115 -0.287671
v 0.945205 -0.123288 -0.279843
v 0.714286 -0.107632 -0.268102
v 0.671233 -0.107632 -0.268102
v 0.714286 -0.103718 -0.275930
v -0.761252 -0.123288 -0.240704
v -0.780822 -0.158513 -0.225049
v -0.749511 -0.099804 -0.240704
v -0.686888 -0.099804 -0.236791
v -0.749511 -0.119374 -0.236791
v -0.726027 -0.115460 -0.225049
v -0.624266 -0.123288 -0.201566
v -0.365949 -0.123288 -0.088063
v -0.350294 -0.127202 -0.107632
v -0.463796 -0.127202 -0.091977
v -0.315068 -0.127202 -0.107632
v -0.373777 -0.127202 0.064579
v -0.373777 -0.127202 -0.068493
v 0.592955 -0.123288 -0.068493
v 0.405088 -0.119374 -0.060665
v 0.381605 -0.123288 -0.068493
v -0.471624 -0.142857 -0.041096
v -0.491194 -0.135029 -0.052838
v 0.346380 -0.138943 0.001957
v 0.338552 -0.146771 0.017613
v 0.358121 -0.135029 0.013699
v 0.365949 -0.135029 -0.005871
v 0.358121 -0.146771 -0.013699
v 0.377691 -0.138943 -0.021526
v 0.373777 -0.150685 -0.025440
v 0.409002 -0.146771 0.041096
v -0.334638 -0.135029 0.052838
v -0.322896 -0.123288 0.064579
v 0.381605 -0.123288 0.068493
v 0.405088 -0.119374 0.060665
v -0.330724 -0.158513 0.099804
v -0.338552 -0.138943 0.111546
v -0.596869 -0.138943 0.201566
v -0.608611 -0.131115 0.158513
v -0.624266 -0.123288 0.201566
v -0.596869 -0.146771 0.217221
v 0.749511 -0.123288 0.256360
v 0.749511 -0.154599 0.260274
v 0.851272 -0.154599 0.260274
v 0.745597 -0.158513 0.268102
v 0.745597 -0.107632 0.248532
v 0.859100 -0.154599 0.268102
v 0.870842 -0.146771 0.260274
v 0.863014 -0.142857 0.275930
v 0.753425 -0.146771 0.275930
v 0.741683 -0.119374 0.275930
v 0.757339 -0.135029 0.272016
v 0.745597 -0.060665 0.275930
v 0.863014 -0.142857 -0.275930
v 0.870842 -0.146771 -0.260274
v 0.749511 -0.154599 -0.260274
v 0.851272 -0.154599 -0.260274
v 0.851272 -0.123288 -0.256360
v 0.745597 -0.115460 -0.268102
v 0.863014 -0.154599 -0.248532
v 0.866928 -0.119374 -0.256360
v 0.557730 -0.115460 -0.232877
v 0.581213 -0.131115 -0.232877
v 0.577299 -0.131115 -0.240704
v 0.416830 -0.127202 -0.240704
v 0.436399 -0.115460 -0.228963
v 0.561644 -0.127202 -0.178082
v 0.557730 -0.115460 -0.189824
v 0.526419 -0.115460 -0.178082
v 0.581213 -0.131115 -0.115460
v 0.557730 -0.115460 -0.158513
v 0.412916 -0.131115 -0.154599
v 0.436399 -0.115460 -0.158513
v 0.416830 -0.135029 -0.170254
v 0.921722 -0.150685 -0.228963
v 0.933464 -0.142857 -0.225049
v 0.933464 -0.127202 -0.279843
v -0.221135 -0.150685 -0.115460
v -0.232877 -0.142857 -0.142857
v -0.221135 -0.135029 -0.135029
v 0.385519 -0.154599 -0.013699
v -0.138943 -0.142857 0.005871
v -0.142857 -0.154599 -0.001957
v -0.138943 -0.146771 -0.013699
v -0.225049 -0.154599 -0.001957
v -0.138943 -0.135029 -0.009785
v -0.103718 -0.154599 -0.025440
v 0.365949 -0.138943 -0.017613
v 0.033268 -0.146771 0.009785
v 0.029354 -0.142857 -0.001957
v -0.009785 -0.138943 0.001957
v 0.037182 -0.131115 -0.005871
v -0.009785 -0.119374 0.009785
v -0.146771 -0.150685 0.009785
v -0.146771 -0.138943 0.009785
v -0.225049 -0.146771 0.009785
v -0.283757 -0.135029 0.009785
v -0.291585 -0.135029 0.001957
v -0.287671 -0.146771 0.005871
v -0.287671 -0.146771 -0.005871
v 0.056751 -0.154599 0.013699
v -0.432485 -0.135029 0.107632
v -0.463796 -0.127202 0.107632
v -0.467710 -0.131115 0.115460
v -0.334638 -0.131115 0.131115
v -0.334638 -0.142857 0.123288
v 0.557730 -0.115460 0.158513
v 0.581213 -0.131115 0.162427
v 0.557730 -0.115460 0.189824
v 0.581213 -0.131115 0.232877
v 0.581213 -0.131115 0.185910
v -0.150685 -0.138943 0.166340
v -0.225049 -0.150685 0.170254
v -0.154599 -0.154599 0.181996
v -0.847358 -0.111546 0.221135
v -0.878669 -0.107632 0.228963
v -0.816047 -0.115460 0.201566
v -0.808219 -0.107632 0.228963
v -0.851272 -0.119374 0.197652
v 0.412916 -0.131115 0.193738
v 0.436399 -0.115460 0.228963
v 0.436399 -0.115460 0.189824
v 0.933464 -0.142857 0.225049
v 0.945205 -0.123288 0.279843
v 0.557730 -0.115460 0.232877
v 0.545988 -0.115460 0.244618
v 0.863014 -0.154599 0.248532
v 0.851272 -0.123288 0.256360
v 0.863014 -0.123288 0.275930
v 0.866928 -0.119374 0.256360
v 0.933464 -0.131115 -0.291585
v -0.589041 -0.115460 -0.236791
v -0.600783 -0.111546 -0.236791
v -0.585127 -0.107632 -0.244618
v -0.616438 -0.091977 -0.240704
v -0.573385 -0.095890 -0.240704
v -0.929550 -0.131115 -0.221135
v -0.913894 -0.111546 -0.228963
v -0.154599 -0.131115 -0.150685
v -0.502935 -0.131115 -0.080235
v -0.495108 -0.115460 -0.076321
v 0.350294 -0.138943 -0.009785
v 0.342466 -0.146771 0.001957
v 0.330724 -0.146771 -0.001957
v 0.381605 -0.138943 -0.033268
v 0.197652 -0.150685 0.001957
v 0.272016 -0.142857 0.009785
v 0.197652 -0.142857 0.009785
v 0.115460 -0.138943 0.009785
v -0.107632 -0.142857 0.005871
v 0.377691 -0.138943 0.001957
v -0.448141 -0.135029 0.103718
v -0.428571 -0.123288 0.099804
v -0.373777 -0.138943 0.099804
v -0.432485 -0.135029 0.123288
v -0.475538 -0.150685 0.127202
v -0.671233 -0.131115 0.142857
v -0.636008 -0.127202 0.146771
v -0.663405 -0.119374 0.150685
v -0.632094 -0.123288 0.162427
v -0.260274 -0.135029 0.150685
v 0.933464 -0.127202 0.279843
v -0.232877 -0.135029 0.162427
v -0.913894 -0.111546 0.228963
v -0.929550 -0.131115 0.221135
v 0.949119 -0.127202 0.295499
v 0.933464 -0.131115 0.291585
v 0.757339 -0.135029 -0.272016
v 0.855186 -0.115460 -0.268102
v -0.573385 -0.084149 -0.232877
v -0.702544 -0.127202 -0.146771
v -0.663405 -0.119374 -0.150685
v -0.694716 -0.123288 -0.162427
v -0.933464 -0.127202 0.001957
v -0.929550 -0.127202 0.146771
v -0.937378 -0.107632 0.001957
v -0.933464 -0.107632 -0.150685
v 0.369863 -0.123288 0.045010
v 0.279843 -0.123288 0.001957
v 0.275930 -0.135029 -0.021526
v 0.228963 -0.123288 -0.068493
v 0.115460 -0.135029 -0.009785
v 0.115460 -0.127202 0.001957
v 0.197652 -0.135029 -0.009785
v 0.197652 -0.146771 -0.009785
v 0.272016 -0.135029 -0.009785
v 0.272016 -0.127202 0.001957
v 0.272016 -0.146771 -0.001957
v -0.283757 -0.135029 -0.009785
v 0.291585 -0.135029 -0.001957
v 0.197652 -0.131115 0.005871
v 0.350294 -0.135029 0.005871
v 0.338552 -0.127202 0.001957
v 0.334638 -0.138943 0.013699
v 0.326810 -0.135029 -0.001957
v 0.346380 -0.127202 -0.017613
v -0.138943 -0.131115 0.001957
v -0.283757 -0.127202 0.001957
v -0.432485 -0.127202 0.064579
v -0.463796 -0.127202 0.080235
v -0.949119 -0.127202 0.158513
v -0.945205 -0.095890 0.150685
v -0.933464 -0.107632 0.150685
v -0.322896 -0.127202 0.127202
v -0.342466 -0.111546 0.127202
v -0.722113 -0.131115 0.201566
v -0.694716 -0.119374 0.181996
v -0.702544 -0.127202 0.217221
v -0.694716 -0.119374 0.201566
v 0.268102 -0.131115 0.240705
v 0.268102 -0.146771 0.232877
v 0.647750 -0.138943 0.240705
v 0.647750 -0.123288 0.119374
v 0.639922 -0.135029 0.252446
v 0.647750 -0.123288 0.240705
v 0.596869 -0.072407 0.248532
v 0.581213 -0.076321 0.248532
v 0.643836 -0.146771 0.236791
v -0.561644 -0.088063 0.236791
v -0.545988 -0.111546 0.225049
v -0.557730 -0.080235 0.228963
v -0.573385 -0.084149 0.232877
v -0.573385 -0.095890 0.240705
v -0.616438 -0.091977 0.240705
v 0.855186 -0.115460 0.268102
v 0.510763 -0.127202 -0.174168
v 0.487280 -0.111546 -0.170254
v 0.526419 -0.115460 -0.170254
v 0.502935 -0.103718 -0.158513
v 0.534247 -0.107632 -0.158513
v -0.592955 -0.123288 -0.138943
v -0.604697 -0.115460 -0.138943
v -0.698630 -0.115460 -0.150685
v -0.655577 -0.111546 -0.138943
v -0.495108 -0.123288 -0.052838
v -0.479452 -0.127202 -0.037182
v -0.479452 -0.111546 -0.045010
v -0.009785 -0.127202 -0.001957
v -0.084149 -0.123288 0.005871
v -0.009785 -0.119374 0.005871
v 0.052838 -0.127202 -0.001957
v -0.009785 -0.127202 0.017613
v -0.088063 -0.127202 0.013699
v -0.369863 -0.127202 0.111546
v -0.377691 -0.142857 0.115460
v -0.377691 -0.127202 0.095890
v -0.381605 -0.119374 0.107632
v -0.381605 -0.127202 0.119374
v -0.655577 -0.111546 0.142857
v -0.698630 -0.115460 0.150685
v -0.726027 -0.115460 0.225049
v -0.565558 -0.099804 0.127202
v -0.553816 -0.099804 0.174168
v 0.510763 -0.107632 0.244618
v 0.581213 -0.084149 -0.127202
v 0.581213 -0.084149 -0.244618
v 0.569472 -0.080235 -0.240704
v 0.581213 -0.076321 -0.248532
v 0.416830 -0.076321 -0.248532
v 0.545988 -0.056751 -0.248532
v 0.647750 -0.123288 -0.240704
v 0.639922 -0.135029 -0.252446
v 0.596869 -0.072407 -0.248532
v 0.592955 -0.060665 -0.240704
v 0.616438 -0.088063 -0.131115
v 0.647750 -0.123288 -0.119374
v -0.694716 -0.119374 -0.201566
v -0.655577 -0.119374 -0.201566
v -0.632094 -0.123288 -0.162427
v -0.608611 -0.138943 -0.146771
v 0.362035 -0.131115 -0.029354
v -0.009785 -0.131115 0.017613
v 0.041096 -0.127202 0.005871
v -0.084149 -0.135029 0.009785
v -0.084149 -0.127202 0.017613
v -0.084149 -0.131115 -0.001957
v -0.354207 -0.127202 0.111546
v -0.350294 -0.131115 0.123288
v -0.663405 -0.123288 0.217221
v -0.655577 -0.119374 0.201566
v 0.569472 -0.080235 0.240705
v 0.581213 -0.084149 0.244618
v 0.581213 -0.084149 0.127202
v 0.150685 -0.115460 -0.111546
v 0.158513 -0.107632 -0.225049
v 0.346380 -0.115460 -0.221135
v 0.334638 -0.111546 -0.225049
v 0.334638 -0.107632 -0.119374
v 0.346380 -0.115460 -0.119374
v 0.436399 -0.115460 -0.189824
v 0.448141 -0.119374 -0.178082
v 0.463796 -0.107632 -0.189824
v 0.463796 -0.103718 -0.158513
v -0.272016 -0.127202 -0.131115
v -0.291585 -0.123288 -0.111546
v -0.272016 -0.107632 -0.119374
v -0.264188 -0.127202 -0.107632
v -0.248532 -0.107632 -0.107632
v -0.174168 -0.127202 -0.107632
v 0.346380 -0.111546 -0.103718
v 0.342466 -0.084149 -0.115460
v 0.514677 -0.103718 -0.115460
v 0.549902 -0.115460 -0.103718
v 0.581213 -0.123288 -0.099804
v -0.017613 -0.127202 -0.111546
v 0.045010 -0.107632 -0.111546
v 0.146771 -0.107632 -0.111546
v 0.146771 -0.123288 -0.068493
v 0.146771 -0.119374 -0.060665
v 0.013699 -0.123288 -0.068493
v -0.491194 -0.127202 -0.068493
v -0.330724 -0.123288 -0.052838
v -0.322896 -0.123288 -0.064579
v -0.232877 -0.119374 -0.060665
v -0.330724 -0.123288 0.052838
v 0.228963 -0.123288 0.068493
v 0.205480 -0.119374 0.060665
v 0.205480 -0.119374 -0.060665
v -0.228963 -0.123288 0.068493
v -0.232877 -0.119374 0.060665
v -0.475538 -0.127202 0.095890
v -0.487280 -0.123288 -0.091977
v 0.001957 -0.127202 0.107632
v 0.045010 -0.107632 0.111546
v -0.080235 -0.107632 0.111546
v -0.095890 -0.127202 0.107632
v -0.174168 -0.127202 0.107632
v -0.189824 -0.107632 0.107632
v -0.248532 -0.107632 0.107632
v 0.346380 -0.115460 0.119374
v 0.436399 -0.115460 0.158513
v 0.416830 -0.135029 0.170254
v 0.448141 -0.119374 0.170254
v 0.463796 -0.103718 0.158513
v 0.448141 -0.111546 0.111546
v 0.432485 -0.115460 0.115460
v 0.448141 -0.119374 0.178082
v 0.463796 -0.107632 0.189824
v 0.487280 -0.115460 0.178082
v -0.679061 -0.107632 0.225049
v -0.686888 -0.099804 0.236791
v -0.749511 -0.119374 0.236791
v -0.847358 -0.111546 -0.221135
v -0.863014 -0.103718 -0.228963
v -0.816047 -0.111546 -0.213307
v -0.808219 -0.107632 -0.228963
v -0.800391 -0.131115 -0.236791
v 0.530333 -0.107632 -0.236791
v 0.530333 -0.107632 -0.189824
v -0.663405 -0.115460 -0.166341
v 0.412916 -0.131115 0.107632
v -0.291585 -0.123288 0.135029
v -0.272016 -0.107632 0.119374
v -0.291585 -0.107632 0.115460
v -0.291585 -0.123288 0.111546
v -0.358121 -0.119374 0.127202
v -0.354207 -0.115460 0.111546
v -0.663405 -0.115460 0.166340
v 0.354207 -0.123288 0.131115
v 0.365949 -0.131115 0.158513
v 0.362035 -0.131115 0.240705
v 0.350294 -0.115460 0.138943
v 0.369863 -0.127202 0.131115
v 0.373777 -0.131115 0.240705
v 0.377691 -0.127202 0.158513
v 0.393346 -0.103718 0.111546
v 0.526419 -0.115460 0.178082
v 0.530333 -0.107632 0.189824
v 0.377691 -0.123288 0.252446
v 0.377691 -0.099804 0.252446
v 0.354207 -0.123288 0.244618
v -0.878669 -0.107632 -0.228963
v -0.890411 -0.095890 -0.221135
v 0.851272 -0.080235 -0.252446
v -0.949119 -0.127202 -0.158513
v -0.937378 -0.095890 -0.181996
v -0.953033 -0.099804 -0.170254
v 0.487280 -0.115460 -0.178082
v 0.499022 -0.103718 -0.189824
v -0.080235 -0.107632 -0.111546
v -0.095890 -0.127202 -0.107632
v -0.189824 -0.107632 -0.107632
v -0.178082 -0.084149 -0.119374
v -0.056751 -0.084149 -0.119374
v -0.272016 -0.084149 -0.119374
v -0.487280 -0.123288 0.091977
v -0.487280 -0.115460 -0.091977
v -0.471624 -0.115460 -0.119374
v -0.471624 -0.111546 -0.056751
v -0.499022 -0.107632 -0.056751
v -0.346380 -0.123288 0.111546
v -0.350294 -0.115460 0.158513
v -0.377691 -0.115460 0.162427
v -0.475538 -0.123288 0.158513
v -0.178082 -0.084149 0.119374
v -0.272016 -0.084149 0.119374
v -0.475538 -0.115460 0.158513
v -0.491194 -0.119374 0.150685
v -0.487280 -0.103718 0.146771
v -0.487280 -0.115460 0.091977
v -0.953033 -0.099804 0.170254
v -0.933464 -0.084149 0.189824
v 0.412916 -0.088063 0.131115
v 0.412916 -0.084149 0.240705
v 0.534247 -0.107632 0.158513
v 0.502935 -0.103718 0.158513
v 0.526419 -0.115460 0.170254
v 0.487280 -0.111546 0.170254
v 0.499022 -0.103718 0.189824
v -0.890411 -0.095890 0.221135
v -0.894325 -0.107632 0.213307
v 0.475538 -0.107632 0.244618
v 0.463796 -0.107632 0.232877
v 0.863014 -0.123288 -0.275930
v -0.913894 -0.111546 -0.197652
v -0.679061 -0.107632 -0.225049
v -0.350294 -0.123288 -0.119374
v -0.463796 -0.123288 -0.115460
v -0.393346 -0.107632 -0.119374
v -0.346380 -0.107632 -0.115460
v -0.322896 -0.107632 -0.107632
v -0.326810 -0.099804 -0.099804
v 0.475538 -0.103718 -0.115460
v 0.506849 -0.084149 -0.119374
v -0.514677 -0.123288 -0.072407
v 0.592955 -0.123288 0.068493
v 0.589041 -0.119374 0.001957
v 0.146771 -0.123288 0.068493
v -0.483366 -0.103718 -0.091977
v 0.420744 -0.103718 0.111546
v 0.416830 -0.084149 0.115460
v 0.346380 -0.084149 0.103718
v 0.581213 -0.123288 0.099804
v 0.514677 -0.103718 0.115460
v 0.475538 -0.103718 0.115460
v -0.346380 -0.107632 0.107632
v -0.330724 -0.099804 0.099804
v -0.362035 -0.103718 0.091977
v -0.342466 -0.119374 0.111546
v -0.604697 -0.115460 0.138943
v -0.600783 -0.111546 0.236791
v -0.585127 -0.107632 0.244618
v -0.354207 -0.103718 0.150685
v -0.420744 -0.103718 0.154599
v 0.217221 -0.115460 0.232877
v 0.334638 -0.111546 0.225049
v 0.158513 -0.107632 0.225049
v -0.686888 -0.084149 0.236791
v -0.761252 -0.123288 0.240705
v 0.592955 -0.060665 0.240705
v 0.596869 -0.060665 0.138943
v 0.585127 -0.056751 0.248532
v 0.354207 -0.115460 0.240705
v 0.377691 -0.088063 0.240705
v 0.745597 -0.060665 -0.275930
v 0.741683 -0.001957 -0.264188
v 0.741683 -0.001957 -0.248532
v 0.475538 -0.107632 -0.244618
v 0.510763 -0.107632 -0.244618
v 0.499022 -0.103718 -0.232877
v 0.655577 -0.107632 -0.099804
v 0.655577 -0.107632 -0.060665
v 0.714286 -0.107632 -0.099804
v 0.859100 -0.080235 -0.099804
v 0.855186 -0.080235 -0.103718
v 0.855186 -0.076321 -0.095890
v 0.655577 -0.107632 0.099804
v 0.714286 -0.107632 0.099804
v 0.632094 -0.080235 0.099804
v -0.510763 -0.091977 0.119374
v 0.718200 -0.048924 -0.275930
v 0.710372 -0.060665 -0.268102
v 0.718200 0.001957 -0.275930
v 0.741683 -0.091977 -0.248532
v 0.726027 -0.088063 -0.248532
v 0.726027 -0.088063 -0.123288
v 0.722113 -0.103718 -0.244618
v 0.463796 -0.107632 -0.232877
v 0.287671 -0.115460 -0.236791
v 0.315068 -0.111546 -0.213307
v 0.866928 -0.072407 -0.248532
v -0.483366 -0.095890 -0.088063
v -0.467710 -0.103718 -0.119374
v 0.072407 -0.084149 -0.119374
v 0.150685 -0.084149 -0.119374
v 0.248532 -0.084149 -0.119374
v 0.162427 -0.107632 -0.138943
v 0.690802 -0.103718 -0.095890
v 0.690802 -0.107632 -0.158513
v 0.718200 -0.115460 -0.103718
v 0.737769 -0.091977 -0.060665
v 0.757339 -0.076321 -0.119374
v 0.776908 -0.060665 -0.111546
v 0.788650 -0.076321 -0.095890
v 0.772994 -0.080235 -0.103718
v 0.855186 -0.076321 0.095890
v 0.788650 -0.076321 0.095890
v 0.776908 -0.060665 0.111546
v 0.772994 -0.080235 0.103718
v 0.718200 -0.115460 0.103718
v 0.737769 -0.091977 0.060665
v 0.722113 -0.103718 0.244618
v 0.714286 -0.107632 0.248532
v 0.690802 -0.107632 0.158513
v 0.690802 -0.103718 0.095890
v 0.315068 -0.111546 0.213307
v 0.178082 -0.107632 0.205480
v 0.162427 -0.107632 0.138943
v 0.146771 -0.107632 0.111546
v 0.334638 -0.107632 0.119374
v 0.248532 -0.084149 0.119374
v 0.150685 -0.084149 0.119374
v 0.072407 -0.084149 0.119374
v 0.401174 -0.056751 0.240705
v 0.377691 -0.084149 0.135029
v -0.463796 -0.103718 0.154599
v -0.467710 -0.091977 0.146771
v 0.499022 -0.103718 0.232877
v 0.530333 -0.107632 0.236791
v 0.753425 -0.091977 0.260274
v 0.745597 -0.091977 0.252446
v 0.851272 -0.080235 0.252446
v 0.843444 -0.091977 0.260274
v 0.745597 -0.115460 0.268102
v 0.741683 -0.001957 0.264188
v 0.741683 0.001957 0.275930
v -0.913894 -0.099804 -0.205479
v 0.178082 -0.107632 -0.205479
v -0.553816 -0.091977 -0.142857
v -0.499022 -0.095890 -0.142857
v -0.510763 -0.091977 -0.119374
v -0.518591 -0.088063 -0.088063
v 0.334638 -0.084149 0.119374
v -0.937378 -0.095890 0.181996
v -0.913894 -0.099804 0.205480
v -0.863014 -0.103718 0.228963
v -0.855186 -0.091977 0.225049
v -0.866928 -0.084149 0.232877
v -0.902153 -0.095890 0.232877
v 0.870842 -0.111546 0.252446
v 0.855186 -0.099804 0.260274
v 0.878669 -0.099804 0.264188
v 0.667319 -0.103718 -0.158513
v 0.667319 -0.099804 -0.275930
v 0.667319 -0.107632 -0.072407
v 0.663405 -0.088063 -0.154599
v -0.945205 -0.095890 0.001957
v -0.945205 -0.084149 -0.060665
v -0.941292 -0.084149 -0.150685
v 0.334638 -0.084149 -0.119374
v 0.256360 -0.037182 -0.142857
v 0.342466 -0.037182 -0.142857
v -0.056751 -0.037182 -0.142857
v 0.628180 -0.080235 -0.060665
v 0.624266 -0.095890 -0.025440
v 0.663405 -0.088063 0.068493
v 0.667319 -0.107632 0.072407
v 0.663405 -0.088063 0.154599
v 0.667319 -0.080235 0.154599
v 0.671233 -0.080235 0.068493
v 0.663405 -0.088063 -0.068493
v 0.671233 -0.080235 -0.068493
v 0.667319 -0.080235 -0.154599
v 0.628180 -0.099804 -0.029354
v 0.639922 -0.084149 -0.021526
v 0.632094 -0.084149 -0.001957
v 0.655577 -0.107632 0.060665
v 0.651663 -0.080235 -0.005871
v 0.647750 -0.107632 -0.041096
v -0.941292 -0.084149 0.150685
v -0.945205 -0.084149 0.060665
v 0.628180 -0.080235 0.060665
v 0.624266 -0.095890 0.025440
v 0.616438 -0.060665 0.052838
v 0.620352 -0.080235 0.115460
v 0.639922 -0.084149 0.021526
v 0.628180 -0.099804 0.029354
v 0.667319 -0.103718 0.158513
v 0.671233 -0.107632 0.268102
v 0.667319 -0.099804 0.275930
v -0.181996 -0.037182 0.142857
v -0.326810 -0.041096 0.142857
v -0.236791 -0.025440 0.154599
v -0.326810 -0.037182 0.119374
v -0.322896 -0.107632 0.107632
v -0.056751 -0.084149 0.119374
v 0.076321 -0.037182 0.142857
v -0.056751 -0.037182 0.142857
v 0.714286 -0.107632 0.268102
v -0.776908 -0.095890 0.236791
v -0.745597 -0.084149 0.228963
v 0.710372 -0.060665 0.268102
v 0.714286 -0.103718 0.275930
v 0.714286 -0.064579 -0.248532
v 0.714286 -0.001957 -0.256360
v -0.866928 -0.084149 -0.232877
v -0.866928 0.005871 -0.228963
v -0.855186 -0.013699 -0.225049
v -0.855186 -0.091977 -0.225049
v -0.776908 -0.060665 -0.228963
v 0.393346 -0.103718 -0.111546
v 0.381605 -0.080235 -0.127202
v 0.373777 -0.095890 -0.240704
v 0.389432 -0.099804 -0.244618
v 0.416830 -0.084149 -0.115460
v -0.362035 -0.095890 -0.091977
v -0.412916 -0.052838 -0.095890
v -0.401174 -0.052838 -0.091977
v -0.377691 -0.088063 0.091977
v -0.381605 -0.103718 -0.095890
v -0.346380 -0.103718 -0.107632
v -0.420744 -0.091977 -0.091977
v -0.467710 -0.088063 -0.088063
v -0.424658 -0.095890 -0.072407
v -0.448141 -0.052838 -0.095890
v -0.491194 -0.095890 0.084149
v -0.499022 -0.095890 -0.088063
v -0.483366 -0.103718 0.091977
v 0.506849 -0.084149 0.119374
v 0.569472 -0.080235 0.127202
v 0.432485 -0.080235 0.127202
v 0.726027 -0.088063 0.248532
v 0.726027 -0.088063 0.123288
v 0.722113 -0.060665 0.240705
v 0.745597 -0.076321 0.252446
v 0.718200 0.001957 0.275930
v 0.714286 -0.001957 0.256360
v 0.667319 -0.080235 0.275930
v 0.667319 -0.080235 -0.275930
v 0.878669 -0.099804 -0.264188
v 0.749511 -0.091977 -0.272016
v 0.855186 -0.095890 -0.275930
v 0.753425 -0.080235 -0.272016
v 0.851272 -0.080235 -0.275930
v 0.866928 -0.080235 -0.279843
v 0.874755 -0.056751 -0.275930
v 0.866928 -0.005871 -0.279843
v 0.874755 0.017613 -0.275930
v 0.874755 -0.001957 -0.252446
v 0.859100 -0.056751 -0.248532
v 0.839530 -0.076321 -0.248532
v 0.753425 -0.091977 -0.260274
v 0.843444 -0.091977 -0.260274
v 0.389432 -0.088063 -0.248532
v 0.401174 -0.056751 -0.240704
v 0.420744 -0.080235 -0.240704
v 0.432485 -0.080235 -0.127202
v -0.686888 -0.084149 -0.236791
v -0.776908 -0.095890 -0.236791
v -0.745597 -0.084149 -0.228963
v -0.686888 -0.072407 -0.232877
v -0.510763 -0.099804 -0.170254
v -0.326810 -0.037182 -0.119374
v 0.675147 -0.099804 -0.048924
v 0.686888 -0.099804 0.001957
v 0.675147 -0.099804 0.001957
v 0.667319 -0.099804 -0.048924
v 0.667319 -0.088063 0.001957
v 0.679061 -0.076321 -0.001957
v 0.667319 -0.080235 -0.048924
v 0.679061 -0.076321 -0.045010
v 0.667319 -0.060665 -0.048924
v 0.667319 -0.080235 -0.064579
v 0.690802 -0.088063 0.045010
v 0.679061 -0.076321 0.060665
v 0.667319 -0.080235 0.048924
v 0.675147 -0.091977 0.048924
v 0.694716 -0.091977 0.001957
v 0.690802 -0.091977 -0.045010
v 0.679061 -0.064579 0.045010
v -0.518591 -0.088063 0.115460
v -0.553816 -0.076321 0.142857
v -0.553816 -0.091977 0.142857
v -0.553816 -0.056751 0.217221
v 0.545988 -0.056751 0.248532
v 0.412916 -0.048924 0.240705
v 0.409002 -0.056751 0.248532
v 0.866928 -0.005871 0.279843
v 0.866928 -0.080235 0.279843
v 0.855186 -0.095890 0.275930
v 0.749511 -0.091977 0.272016
v 0.851272 -0.091977 0.272016
v 0.401174 -0.052838 -0.135029
v -0.929550 -0.076321 -0.185910
v -0.890411 -0.084149 -0.232877
v -0.933464 -0.084149 -0.189824
v -0.518591 -0.060665 -0.178082
v -0.510763 -0.095890 -0.178082
v -0.545988 -0.091977 -0.166341
v -0.506849 -0.064579 -0.174168
v -0.522505 -0.005871 -0.185910
v -0.499022 -0.060665 -0.158513
v -0.499022 -0.091977 -0.170254
v -0.518591 0.001957 -0.166341
v -0.506849 -0.029354 -0.135029
v -0.499022 -0.060665 -0.127202
v -0.506849 -0.029354 -0.115460
v -0.495108 -0.091977 -0.119374
v -0.518591 -0.072407 -0.080235
v -0.514677 -0.084149 -0.060665
v -0.432485 -0.052838 0.099804
v -0.452055 -0.048924 0.091977
v -0.424658 -0.095890 0.088063
v -0.452055 -0.048924 -0.076321
v -0.471624 -0.045010 -0.103718
v -0.467710 -0.045010 -0.080235
v -0.471624 -0.045010 0.076321
v -0.471624 -0.005871 -0.080235
v -0.467710 -0.005871 -0.091977
v 0.616438 -0.060665 -0.052838
v 0.616438 -0.060665 -0.127202
v 0.616438 -0.037182 -0.052838
v -0.949119 -0.084149 0.001957
v -0.945205 -0.064579 0.068493
v -0.949119 -0.064579 -0.001957
v -0.945205 -0.064579 -0.068493
v -0.890411 -0.084149 0.232877
v -0.866928 -0.056751 0.228963
v -0.886497 -0.056751 0.225049
v -0.906067 -0.076321 0.213307
v -0.929550 -0.076321 0.185910
v 0.718200 -0.091977 -0.264188
v 0.741683 -0.060665 -0.260274
v 0.737769 -0.068493 -0.272016
v -0.573385 -0.021526 -0.232877
v -0.557730 -0.080235 -0.228963
v -0.561644 -0.088063 -0.236791
v -0.553816 -0.001957 -0.228963
v -0.553816 -0.056751 -0.225049
v -0.542074 -0.060665 -0.166341
v -0.510763 -0.060665 -0.123288
v -0.499022 -0.029354 -0.099804
v -0.499022 -0.060665 -0.107632
v -0.495108 -0.064579 -0.088063
v -0.510763 -0.076321 -0.095890
v -0.475538 -0.091977 -0.103718
v -0.475538 -0.033268 -0.088063
v 0.675147 -0.060665 -0.072407
v 0.694716 -0.056751 -0.068493
v 0.679061 -0.076321 -0.060665
v -0.487280 -0.060665 0.162427
v -0.463796 -0.088063 0.123288
v -0.495108 -0.029354 0.162427
v -0.499022 -0.060665 0.150685
v -0.514677 -0.091977 0.127202
v -0.499022 -0.084149 0.119374
v -0.506849 -0.060665 0.131115
v -0.502935 -0.068493 0.111546
v -0.495108 -0.080235 0.088063
v -0.776908 -0.060665 0.228963
v -0.690802 -0.041096 0.232877
v -0.772994 -0.033268 0.232877
v -0.855186 -0.013699 0.225049
v -0.776908 0.001957 0.228963
v -0.866928 0.005871 0.228963
v -0.686888 -0.072407 0.232877
v -0.639922 -0.017613 0.232877
v 0.753425 -0.080235 0.272016
v 0.839530 -0.076321 0.252446
v 0.874755 -0.080235 0.256360
v 0.874755 -0.056751 0.256360
v 0.866928 -0.072407 0.248532
v 0.874755 -0.056751 0.275930
v 0.874755 -0.001957 0.252446
v 0.874755 -0.091977 0.260274
v 0.851272 -0.080235 0.275930
v 0.859100 -0.056751 0.248532
v 0.714286 -0.080235 -0.248532
v 0.714286 -0.080235 -0.142857
v 0.596869 -0.060665 -0.127202
v 0.589041 -0.052838 -0.138943
v 0.620352 -0.037182 -0.142857
v 0.682975 -0.076321 -0.150685
v 0.682975 -0.076321 -0.072407
v 0.710372 -0.076321 -0.123288
v 0.714286 -0.076321 -0.068493
v 0.710372 -0.060665 -0.107632
v 0.718200 -0.041096 -0.131115
v 0.722113 -0.064579 -0.135029
v 0.737769 -0.052838 -0.131115
v -0.495108 -0.080235 -0.060665
v -0.506849 -0.084149 -0.088063
v -0.495108 -0.060665 -0.076321
v -0.487280 -0.041096 -0.103718
v -0.495108 -0.088063 -0.107632
v 0.667319 -0.060665 0.048924
v 0.690802 -0.048924 0.052838
v -0.432485 -0.005871 -0.088063
v -0.409002 -0.045010 0.088063
v -0.436399 -0.005871 0.084149
v -0.502935 -0.084149 0.064579
v -0.514677 -0.084149 0.060665
v -0.514677 -0.080235 0.080235
v -0.518591 -0.068493 0.111546
v -0.467710 -0.045010 0.162427
v 0.757339 -0.076321 0.119374
v 0.710372 -0.076321 0.123288
v 0.714286 -0.080235 0.142857
v 0.616438 -0.037182 0.052838
v 0.616438 -0.060665 0.127202
v 0.616438 -0.088063 0.131115
v -0.921722 -0.021526 -0.197652
v -0.933464 -0.025440 -0.170254
v -0.929550 0.009785 -0.178082
v -0.909980 0.025440 -0.205479
v -0.882583 0.017613 -0.228963
v -0.898239 -0.001957 -0.221135
v -0.874755 0.041096 -0.225049
v -0.690802 -0.041096 -0.232877
v -0.772994 -0.033268 -0.232877
v -0.945205 -0.052838 -0.001957
v -0.945205 -0.025440 -0.072407
v -0.937378 -0.025440 -0.142857
v 0.569472 -0.080235 -0.127202
v -0.181996 -0.037182 -0.142857
v -0.326810 -0.041096 -0.127202
v -0.236791 -0.025440 -0.154599
v 0.076321 -0.037182 -0.142857
v 0.001957 -0.025440 -0.154599
v 0.084149 -0.025440 -0.154599
v 0.146771 -0.037182 -0.142857
v 0.416830 -0.048924 -0.135029
v -0.518591 -0.072407 -0.013699
v -0.514677 -0.084149 -0.001957
v -0.937378 -0.025440 0.142857
v -0.945205 -0.025440 0.072407
v -0.518591 -0.072407 0.001957
v -0.506849 -0.064579 -0.005871
v -0.514677 -0.052838 -0.005871
v -0.518591 -0.052838 0.001957
v -0.495108 -0.060665 0.095890
v 0.342466 -0.037182 0.142857
v 0.342466 -0.084149 0.115460
v 0.420744 -0.080235 0.240705
v 0.412916 -0.076321 0.248532
v 0.146771 -0.037182 0.142857
v 0.256360 -0.037182 0.142857
v 0.150685 -0.025440 0.154599
v 0.444227 -0.037182 0.142857
v 0.354207 -0.025440 0.154599
v 0.260274 -0.025440 0.154599
v -0.929550 -0.021526 0.181996
v -0.573385 -0.021526 0.232877
v -0.553816 -0.001957 0.228963
v -0.573385 0.041096 0.232877
v 0.874755 -0.056751 -0.248532
v 0.874755 -0.080235 -0.256360
v 0.675147 -0.076321 -0.244618
v 0.620352 -0.080235 -0.115460
v 0.632094 -0.080235 -0.099804
v 0.682975 -0.076321 0.072407
v 0.682975 -0.076321 0.001957
v 0.663405 -0.056751 -0.021526
v 0.690802 -0.072407 -0.025440
v 0.663405 -0.033268 -0.064579
v 0.671233 -0.033268 -0.076321
v 0.659491 -0.060665 -0.064579
v 0.675147 -0.060665 0.072407
v 0.694716 -0.056751 0.068493
v 0.671233 -0.033268 0.076321
v 0.682975 -0.076321 0.150685
v 0.859100 -0.080235 0.099804
v 0.843444 -0.076321 0.064579
v -0.538160 -0.056751 0.158513
v 0.722113 -0.001957 0.240705
v 0.714286 -0.080235 0.248532
v 0.714286 -0.064579 0.248532
v 0.675147 -0.076321 0.244618
v 0.851272 -0.052838 0.275930
v 0.847358 0.005871 0.275930
v 0.851272 -0.048924 0.275930
v 0.847358 0.009785 0.275930
v 0.855186 0.001957 0.252446
v 0.866928 -0.001957 0.248532
v 0.851272 -0.001957 0.256360
v 0.851272 -0.076321 -0.275930
v 0.847358 -0.005871 -0.256360
v 0.847358 0.009785 -0.275930
v 0.839530 -0.076321 -0.252446
v 0.745597 -0.076321 -0.252446
v 0.530333 -0.052838 -0.240704
v 0.581213 -0.048924 -0.240704
v 0.851272 -0.064579 -0.256360
v 0.753425 -0.056751 -0.095890
v 0.765166 -0.037182 -0.119374
v 0.753425 -0.056751 -0.115460
v -0.506849 -0.037182 -0.088063
v -0.518591 -0.052838 -0.076321
v 0.792564 -0.037182 -0.119374
v 0.843444 -0.076321 -0.064579
v 0.827789 -0.076321 -0.088063
v 0.823875 -0.064579 -0.088063
v 0.839530 -0.064579 -0.064579
v 0.702544 -0.068493 -0.001957
v 0.718200 -0.072407 0.001957
v 0.733855 -0.076321 -0.060665
v 0.749511 -0.076321 -0.001957
v 0.737769 -0.060665 -0.048924
v 0.749511 -0.068493 -0.072407
v 0.726027 -0.056751 -0.080235
v 0.726027 -0.037182 -0.111546
v 0.694716 -0.056751 0.001957
v 0.679061 -0.048924 -0.048924
v 0.690802 -0.060665 -0.052838
v 0.733855 -0.076321 0.060665
v 0.714286 -0.076321 0.068493
v 0.726027 -0.056751 0.080235
v 0.733855 -0.037182 0.068493
v 0.722113 -0.033268 0.056751
v 0.733855 -0.064579 0.037182
v 0.737769 -0.033268 0.021526
v 0.741683 0.001957 0.025440
v 0.753425 -0.033268 -0.001957
v 0.749511 -0.052838 -0.001957
v 0.737769 -0.037182 -0.021526
v 0.733855 -0.037182 -0.052838
v 0.847358 -0.076321 0.001957
v 0.843444 -0.064579 -0.041096
v 0.823875 -0.076321 0.005871
v 0.835616 -0.056751 -0.017613
v 0.835616 -0.064579 0.025440
v 0.843444 -0.064579 0.041096
v 0.847358 -0.037182 0.033268
v 0.847358 -0.037182 0.064579
v 0.839530 -0.064579 0.064579
v 0.823875 -0.064579 0.088063
v 0.816047 -0.037182 0.107632
v 0.827789 -0.076321 0.088063
v 0.710372 -0.060665 0.107632
v 0.690802 -0.072407 0.025440
v 0.749511 -0.076321 0.072407
v 0.753425 -0.056751 0.095890
v 0.753425 -0.056751 0.131115
v 0.753425 -0.033268 0.060665
v 0.749511 -0.068493 0.072407
v 0.792564 -0.037182 0.119374
v 0.718200 -0.041096 0.131115
v 0.722113 -0.064579 0.135029
v -0.506849 -0.048924 0.123288
v -0.514677 -0.048924 0.150685
v -0.898239 -0.001957 0.221135
v -0.882583 0.017613 0.228963
v -0.909980 0.025440 0.205480
v -0.917808 -0.017613 0.205480
v 0.714286 0.013699 0.240705
v 0.741683 0.005871 0.252446
v 0.585127 -0.056751 -0.244618
v -0.518591 -0.052838 -0.017613
v -0.502935 -0.056751 -0.013699
v -0.475538 -0.052838 -0.005871
v -0.518591 -0.029354 -0.001957
v -0.518591 -0.052838 0.064579
v -0.518591 -0.072407 0.064579
v -0.487280 -0.064579 0.076321
v -0.495108 -0.056751 0.091977
v -0.506849 -0.052838 0.072407
v -0.510763 -0.060665 0.084149
v 0.741683 -0.037182 -0.068493
v 0.757339 -0.037182 -0.091977
v 0.757339 -0.029354 -0.088063
v 0.698630 -0.052838 0.017613
v 0.690802 -0.052838 -0.017613
v 0.679061 -0.041096 -0.009785
v 0.679061 -0.041096 0.009785
v 0.663405 -0.045010 0.017613
v 0.726027 -0.037182 0.111546
v 0.741683 -0.037182 0.119374
v -0.506849 -0.025440 0.123288
v 0.722113 -0.009785 -0.240704
v 0.753425 -0.005871 -0.228963
v 0.702544 -0.001957 -0.240704
v -0.514677 -0.005871 -0.080235
v -0.514677 -0.037182 -0.064579
v 0.835616 -0.037182 -0.088063
v 0.816047 -0.037182 -0.107632
v 0.835616 -0.029354 -0.076321
v 0.847358 -0.037182 -0.064579
v 0.847358 -0.037182 -0.033268
v 0.839530 -0.029354 -0.017613
v -0.483366 -0.041096 0.048924
v -0.483366 -0.052838 0.009785
v -0.487280 -0.045010 0.005871
v 0.812133 -0.025440 -0.009785
v 0.827789 -0.037182 0.001957
v 0.812133 -0.025440 0.009785
v 0.839530 -0.029354 0.017613
v -0.479452 -0.041096 0.076321
v -0.506849 -0.037182 0.088063
v -0.776908 0.001957 -0.228963
v -0.714286 0.005871 -0.232877
v -0.553816 0.001957 -0.193738
v -0.549902 -0.013699 -0.174168
v -0.549902 0.001957 -0.166341
v -0.538160 -0.009785 -0.189824
v 0.624266 -0.025440 -0.154599
v 0.628180 -0.025440 -0.052838
v 0.812133 -0.029354 -0.103718
v 0.741683 -0.037182 -0.119374
v 0.729941 0.005871 -0.154599
v -0.491194 -0.048924 0.001957
v -0.499022 -0.037182 0.021526
v -0.483366 -0.041096 -0.009785
v -0.502935 -0.041096 -0.052838
v -0.499022 -0.037182 -0.048924
v 0.686888 -0.037182 -0.076321
v 0.690802 -0.017613 -0.076321
v 0.694716 -0.025440 -0.060665
v 0.686888 -0.041096 -0.056751
v 0.679061 -0.013699 -0.056751
v 0.671233 -0.033268 -0.048924
v 0.671233 -0.033268 0.048924
v 0.663405 -0.033268 0.064579
v 0.679061 -0.013699 0.056751
v 0.690802 -0.017613 0.076321
v 0.675147 -0.009785 0.072407
v 0.628180 -0.025440 0.052838
v -0.491194 -0.041096 0.095890
v -0.495108 -0.017613 0.123288
v -0.475538 -0.037182 0.103718
v 0.589041 -0.052838 0.138943
v 0.479452 -0.048924 0.135029
v 0.471624 -0.052838 0.142857
v 0.581213 -0.048924 0.240705
v 0.409002 -0.056751 -0.248532
v 0.412916 -0.048924 -0.240704
v -0.573385 0.041096 -0.232877
v -0.553816 0.084149 -0.225049
v -0.549902 0.029354 -0.221135
v 0.690802 -0.045010 0.001957
v 0.679061 -0.048924 0.001957
v 0.686888 -0.056751 -0.001957
v 0.647750 -0.052838 -0.001957
v 0.651663 -0.041096 -0.001957
v 0.663405 -0.045010 -0.017613
v 0.663405 -0.056751 0.021526
v 0.686888 -0.037182 0.076321
v 0.694716 -0.025440 0.060665
v -0.542074 -0.037182 0.189824
v -0.839530 0.005871 0.228963
v -0.847358 0.017613 0.252446
v -0.859100 0.025440 0.240705
v 0.416830 -0.048924 0.135029
v 0.401174 -0.052838 0.135029
v 0.471624 -0.052838 -0.142857
v 0.471624 -0.052838 -0.205479
v 0.452055 -0.029354 -0.217221
v 0.467710 0.005871 -0.225049
v 0.545988 0.005871 -0.225049
v 0.557730 -0.009785 -0.213307
v 0.557730 -0.041096 -0.197652
v 0.553816 -0.029354 -0.217221
v 0.538160 -0.052838 -0.205479
v 0.561644 -0.041096 -0.142857
v 0.749511 0.001957 -0.146771
v 0.741683 0.001957 -0.166341
v 0.765166 -0.009785 -0.154599
v 0.749511 0.017613 -0.154599
v 0.741683 0.005871 -0.138943
v -0.448141 -0.009785 -0.095890
v -0.459883 0.001957 -0.107632
v -0.945205 -0.029354 -0.001957
v -0.941292 -0.001957 -0.001957
v -0.448141 -0.009785 0.095890
v -0.452055 0.001957 0.099804
v 0.538160 -0.052838 0.205480
v 0.463796 -0.041096 0.217221
v 0.452055 -0.033268 0.178082
v 0.471624 -0.052838 0.205480
v 0.561644 -0.041096 0.142857
v 0.530333 -0.052838 0.240705
v 0.557730 -0.045010 0.178082
v 0.557730 -0.009785 0.213307
v 0.545988 0.009785 0.228963
v 0.557730 -0.021526 0.225049
v 0.452055 -0.021526 0.225049
v 0.714286 0.013699 -0.252446
v 0.718200 0.127202 -0.275930
v 0.726027 0.088063 -0.279843
v 0.444227 -0.017613 -0.205479
v 0.455969 -0.048924 -0.205479
v 0.452055 -0.033268 -0.178082
v 0.463796 0.009785 -0.205479
v 0.260274 -0.025440 -0.154599
v 0.354207 -0.025440 -0.154599
v 0.444227 -0.037182 -0.142857
v 0.479452 -0.048924 -0.135029
v 0.444227 -0.025440 -0.154599
v 0.452055 0.005871 -0.189824
v 0.639922 0.005871 -0.189824
v 0.639922 -0.005871 -0.142857
v -0.518591 -0.025440 0.060665
v -0.499022 -0.037182 0.048924
v -0.479452 -0.033268 0.084149
v -0.491194 -0.048924 0.056751
v -0.471624 0.009785 0.115460
v -0.467710 -0.005871 0.091977
v -0.483366 0.017613 -0.095890
v 0.749511 0.005871 0.268102
v 0.737769 0.084149 0.275930
v 0.726027 0.088063 0.279843
v -0.502935 -0.025440 0.041096
v -0.487280 -0.041096 0.033268
v -0.495108 -0.045010 0.041096
v -0.514677 0.001957 0.048924
v -0.440313 -0.045010 0.123288
v -0.428571 -0.033268 0.127202
v -0.475538 -0.021526 0.123288
v -0.436399 -0.033268 0.107632
v -0.475538 -0.037182 0.107632
v -0.471624 -0.045010 0.111546
v -0.471624 -0.037182 0.135029
v -0.471624 -0.045010 0.127202
v -0.440313 -0.045010 0.138943
v -0.471624 -0.021526 0.138943
v -0.436399 -0.033268 0.142857
v -0.471624 -0.029354 0.146771
v -0.483366 -0.013699 0.138943
v -0.479452 -0.021526 0.162427
v -0.514677 -0.001957 0.166340
v -0.538160 0.005871 0.170254
v 0.448141 -0.013699 0.205480
v 0.565558 -0.029354 0.178082
v 0.549902 0.009785 0.201566
v 0.557730 -0.013699 -0.178082
v 0.639922 -0.005871 -0.178082
v 0.452055 -0.005871 -0.181996
v 0.753425 0.013699 -0.166341
v -0.346380 -0.005871 -0.127202
v -0.338552 -0.025440 -0.142857
v -0.346380 0.005871 -0.185910
v -0.326810 -0.005871 -0.178082
v -0.495108 -0.041096 -0.088063
v -0.495108 -0.033268 -0.072407
v -0.506849 -0.041096 0.037182
v -0.514677 -0.021526 0.033268
v -0.506849 -0.017613 0.068493
v -0.491194 -0.041096 0.064579
v 0.620352 -0.037182 0.142857
v 0.639922 -0.005871 0.142857
v 0.624266 -0.025440 0.154599
v 0.444227 -0.025440 0.154599
v 0.471624 0.009785 0.228963
v -0.694716 -0.029354 0.240705
v -0.682975 -0.017613 0.232877
v -0.710372 -0.013699 0.236791
v -0.639922 0.045010 0.228963
v -0.679061 0.025440 0.232877
v -0.178082 -0.025440 -0.154599
v -0.178082 0.005871 -0.189824
v -0.041096 0.005871 -0.189824
v 0.150685 -0.025440 -0.154599
v 0.095890 0.005871 -0.189824
v 0.358121 0.005871 -0.189824
v 0.741683 0.001957 -0.025440
v 0.737769 -0.005871 -0.052838
v 0.835616 -0.029354 0.076321
v 0.847358 -0.033268 0.052838
v 0.812133 -0.029354 0.103718
v 0.835616 -0.037182 0.088063
v 0.784736 -0.029354 0.115460
v -0.514677 0.005871 0.127202
v -0.506849 0.001957 0.150685
v 0.741683 0.005871 0.138943
v 0.729941 0.005871 0.154599
v 0.749511 0.017613 0.154599
v 0.749511 -0.001957 0.123288
v 0.749511 0.001957 0.146771
v 0.745597 -0.029354 0.103718
v 0.745597 -0.017613 0.064579
v 0.761252 -0.009785 0.099804
v 0.757339 -0.005871 0.119374
v 0.741683 -0.001957 0.111546
v 0.741683 -0.025440 0.127202
v 0.765166 -0.037182 0.119374
v -0.001957 -0.025440 0.154599
v 0.084149 -0.025440 0.154599
v -0.041096 0.005871 0.189824
v -0.178082 -0.025440 0.154599
v 0.268102 0.005871 0.189824
v 0.452055 0.005871 0.189824
v 0.358121 0.005871 0.189824
v -0.549902 0.001957 0.193738
v -0.549902 0.029354 0.221135
v 0.679061 0.013699 -0.068493
v 0.675147 -0.009785 -0.072407
v -0.483366 -0.033268 0.033268
v -0.502935 -0.025440 -0.041096
v -0.518591 -0.025440 -0.041096
v 0.639922 -0.033268 -0.001957
v 0.639922 -0.025440 0.017613
v 0.639922 -0.025440 -0.001957
v 0.643836 -0.021526 -0.001957
v 0.639922 -0.013699 -0.013699
v 0.639922 -0.025440 -0.017613
v 0.749511 0.001957 -0.001957
v 0.737769 -0.005871 0.052838
v 0.679061 0.013699 0.068493
v 0.679061 0.009785 0.052838
v -0.440313 -0.017613 0.123288
v -0.459883 -0.013699 0.127202
v -0.479452 0.013699 0.135029
v -0.714286 0.005871 0.232877
v -0.682975 -0.025440 -0.232877
v -0.694716 -0.029354 -0.240704
v -0.710372 -0.017613 -0.232877
v -0.679061 0.025440 -0.232877
v -0.518591 -0.005871 -0.119374
v -0.526419 0.005871 -0.111546
v 0.784736 -0.029354 -0.115460
v 0.769080 -0.029354 -0.017613
v 0.780822 0.001957 -0.013699
v 0.745597 -0.029354 -0.064579
v 0.757339 -0.013699 -0.060665
v 0.769080 -0.029354 0.017613
v 0.780822 0.001957 0.013699
v -0.510763 -0.029354 0.154599
v -0.549902 0.001957 0.170254
v -0.538160 0.009785 0.150685
v -0.522505 -0.001957 0.135029
v -0.549902 0.013699 0.170254
v -0.252446 0.005871 -0.189824
v -0.346380 0.025440 -0.209393
v -0.256360 0.029354 -0.209393
v -0.221135 0.005871 -0.189824
v 0.001957 0.005871 -0.189824
v -0.041096 0.029354 -0.209393
v 0.001957 0.029354 -0.209393
v 0.150685 0.005871 -0.189824
v 0.095890 0.029354 -0.209393
v 0.150685 0.029354 -0.209393
v 0.268102 0.005871 -0.189824
v 0.268102 0.029354 -0.209393
v 0.362035 0.029354 -0.209393
v -0.941292 0.005871 -0.103718
v -0.941292 0.013699 -0.001957
v 0.647750 -0.013699 -0.072407
v 0.655577 -0.025440 -0.084149
v 0.643836 -0.013699 -0.084149
v 0.659491 -0.021526 -0.068493
v 0.698630 -0.001957 -0.064579
v 0.690802 0.005871 -0.076321
v 0.694716 -0.001957 -0.052838
v 0.679061 0.009785 -0.052838
v 0.639922 -0.005871 -0.033268
v 0.647750 0.029354 -0.119374
v 0.647750 0.029354 0.001957
v 0.639922 -0.005871 0.033268
v -0.522505 -0.001957 -0.001957
v -0.526419 0.005871 0.029354
v 0.647750 -0.013699 -0.013699
v 0.643836 0.001957 -0.017613
v 0.639922 -0.009785 -0.025440
v 0.823875 -0.009785 0.001957
v 0.784736 0.005871 -0.001957
v 0.753425 0.009785 0.009785
v 0.741683 0.013699 0.052838
v 0.749511 0.009785 0.064579
v 0.647750 0.029354 0.119374
v 0.706458 0.005871 0.052838
v 0.698630 -0.001957 0.064579
v 0.694716 -0.001957 0.052838
v -0.941292 0.005871 0.103718
v -0.929550 0.009785 0.178082
v -0.937378 0.017613 0.131115
v -0.311155 0.005871 0.189824
v -0.338552 -0.025440 0.154599
v -0.252446 0.005871 0.189824
v -0.256360 0.029354 0.209393
v -0.346380 0.025440 0.209393
v -0.346380 0.005871 0.185910
v -0.346380 -0.005871 0.158513
v -0.350294 0.025440 0.181996
v -0.350294 0.025440 -0.181996
v -0.178082 0.005871 0.189824
v -0.221135 0.005871 0.189824
v -0.221135 0.029354 0.209393
v 0.001957 0.005871 0.189824
v -0.041096 0.029354 0.209393
v -0.178082 0.029354 0.209393
v 0.095890 0.005871 0.189824
v 0.150685 0.005871 0.189824
v 0.095890 0.029354 0.209393
v 0.001957 0.029354 0.209393
v 0.362035 0.029354 0.209393
v 0.268102 0.029354 0.209393
v 0.679061 0.001957 -0.072407
v 0.686888 0.025440 -0.091977
v 0.639922 -0.009785 0.025440
v 0.647750 -0.013699 0.013699
v 0.643836 0.001957 0.017613
v 0.639922 -0.013699 0.013699
v -0.839530 0.005871 -0.228963
v -0.855186 0.021526 -0.232877
v -0.835616 0.005871 -0.248532
v 0.827789 -0.013699 -0.154599
v 0.667319 0.013699 -0.080235
v 0.679061 0.025440 -0.103718
v 0.753425 0.001957 -0.052838
v -0.479452 0.009785 0.123288
v 0.557730 -0.013699 0.178082
v 0.452055 -0.005871 0.181996
v 0.545988 0.009785 -0.201566
v -0.549902 0.017613 -0.170254
v -0.549902 0.005871 -0.095890
v -0.526419 0.005871 -0.189824
v 0.765166 -0.001957 -0.170254
v 0.831703 -0.009785 -0.166341
v 0.827789 0.001957 -0.170254
v 0.835616 0.013699 -0.158513
v 0.819961 -0.001957 -0.146771
v 0.769080 0.005871 -0.146771
v 0.737769 0.001957 0.084149
v 0.745597 0.017613 0.099804
v 0.718200 0.021526 0.091977
v 0.745597 0.013699 0.072407
v 0.753425 0.009785 0.091977
v 0.749511 -0.009785 0.095890
v 0.741683 0.029354 0.080235
v 0.753425 0.009785 -0.268102
v 0.847358 0.021526 -0.275930
v 0.855186 0.001957 -0.248532
v 0.714286 -0.005871 -0.228963
v 0.761252 0.021526 -0.228963
v 0.745597 0.005871 -0.225049
v 0.737769 0.017613 -0.236791
v 0.710372 0.009785 -0.228963
v 0.769080 0.005871 -0.244618
v -0.518591 -0.005871 -0.209393
v -0.530333 0.005871 -0.213307
v -0.514677 0.009785 -0.217221
v -0.510763 0.001957 -0.201566
v -0.526419 0.025440 -0.209393
v -0.518591 0.009785 -0.209393
v -0.354207 0.048924 -0.221135
v 0.647750 0.029354 -0.209393
v -0.487280 0.029354 -0.084149
v -0.471624 0.005871 -0.111546
v -0.444227 0.009785 -0.091977
v -0.455969 0.029354 -0.099804
v -0.444227 0.009785 0.091977
v -0.526419 0.005871 -0.029354
v -0.545988 0.009785 -0.001957
v 0.647750 0.029354 0.209393
v 0.499022 0.052838 0.236791
v 0.487280 0.048924 0.225049
v 0.455969 0.029354 0.209393
v 0.463796 0.009785 0.205480
v 0.639922 -0.005871 0.178082
v 0.847358 0.088063 0.275930
v 0.851272 0.146771 0.275930
v 0.847358 0.095890 0.268102
v 0.847358 0.076321 0.268102
v 0.741683 0.001957 -0.275930
v 0.749511 0.005871 -0.268102
v 0.745597 0.017613 -0.275930
v 0.847358 0.009785 -0.264188
v 0.870842 0.088063 -0.275930
v 0.874755 0.088063 -0.272016
v 0.870842 0.009785 -0.248532
v -0.522505 0.013699 -0.185910
v -0.530333 -0.001957 -0.201566
v -0.518591 -0.001957 -0.185910
v -0.510763 0.013699 -0.185910
v -0.522505 0.045010 -0.119374
v -0.526419 0.052838 -0.135029
v -0.514677 0.025440 -0.209393
v 0.819961 0.009785 -0.150685
v 0.835616 0.001957 -0.142857
v 0.843444 -0.001957 -0.158513
v 0.679061 -0.001957 -0.088063
v 0.671233 0.005871 -0.095890
v 0.686888 0.009785 -0.111546
v 0.679061 0.021526 -0.115460
v 0.702544 0.029354 -0.115460
v 0.710372 0.013699 -0.080235
v 0.710372 -0.001957 -0.072407
v 0.686888 0.025440 -0.076321
v 0.710372 0.029354 -0.076321
v 0.718200 0.017613 -0.060665
v 0.706458 0.033268 -0.060665
v 0.706458 0.005871 -0.052838
v 0.718200 0.017613 0.060665
v 0.710372 -0.001957 0.072407
v 0.702544 0.021526 0.048924
v 0.710372 0.013699 0.080235
v 0.686888 0.025440 0.084149
v 0.690802 0.005871 0.076321
v 0.769080 0.017613 0.135029
v 0.776908 0.017613 0.154599
v 0.769080 0.001957 0.146771
v 0.745597 0.013699 0.123288
v 0.765166 0.005871 0.123288
v -0.510763 0.017613 0.135029
v -0.534247 0.025440 0.123288
v -0.526419 0.013699 0.123288
v -0.530333 -0.001957 0.123288
v -0.545988 0.037182 0.111546
v -0.549902 0.013699 0.115460
v -0.526419 0.001957 0.107632
v -0.542074 0.009785 0.111546
v -0.514677 0.001957 0.127202
v -0.549902 0.091977 0.213307
v -0.553816 0.084149 0.225049
v -0.553816 0.170254 0.209393
v -0.565558 0.162427 0.217221
v 0.847358 0.017613 0.252446
v 0.847358 0.080235 0.248532
v 0.870842 0.017613 0.252446
v 0.874755 0.084149 0.252446
v 0.737769 0.017613 0.252446
v 0.847358 0.017613 0.248532
v 0.870842 0.084149 0.252446
v 0.874755 0.017613 0.252446
v 0.874755 0.088063 0.272016
v 0.870842 0.088063 0.275930
v 0.714286 0.072407 0.256360
v 0.714286 0.013699 0.252446
v -0.804305 0.001957 -0.248532
v -0.792564 0.001957 -0.295499
v -0.808219 0.013699 -0.303327
v -0.792564 0.021526 -0.311155
v -0.776908 0.013699 -0.307241
v -0.784736 0.001957 -0.283757
v -0.772994 0.017613 -0.295499
v -0.796477 0.005871 -0.244618
v -0.812133 0.005871 -0.232877
v -0.780822 0.037182 -0.311155
v -0.769080 0.041096 -0.307241
v 0.749511 0.091977 -0.272016
v 0.847358 0.076321 -0.268102
v 0.737769 0.084149 -0.275930
v 0.745597 0.076321 -0.268102
v -0.804305 0.029354 -0.240704
v -0.808219 0.021526 -0.228963
v -0.831703 0.033268 -0.228963
v -0.804305 0.037182 -0.225049
v -0.745597 0.037182 -0.232877
v -0.545988 0.029354 -0.088063
v -0.526419 0.037182 -0.185910
v 0.655577 0.001957 0.033268
v 0.655577 0.013699 0.025440
v 0.663405 0.013699 0.037182
v 0.655577 0.005871 0.045010
v 0.647750 0.009785 0.048924
v 0.655577 0.021526 0.056751
v 0.647750 0.001957 0.037182
v 0.647750 0.021526 0.029354
v 0.639922 0.013699 0.033268
v 0.647750 0.005871 0.025440
v 0.776908 0.001957 0.080235
v 0.776908 0.005871 0.048924
v 0.788650 0.013699 0.072407
v 0.780822 0.017613 0.091977
v 0.761252 0.005871 0.072407
v 0.765166 0.013699 0.048924
v -0.452055 0.021526 0.111546
v -0.463796 0.025440 0.119374
v -0.545988 0.037182 0.162427
v -0.542074 0.001957 0.127202
v -0.491194 0.001957 0.127202
v -0.487280 0.005871 0.138943
v -0.510763 0.025440 0.127202
v 0.753425 0.013699 0.166340
v 0.741683 0.001957 0.166340
v -0.808219 0.021526 0.228963
v -0.745597 0.037182 0.232877
v -0.804305 0.037182 0.228963
v -0.819961 0.041096 0.240705
v -0.804305 0.029354 0.240705
v -0.792564 0.001957 0.295499
v -0.804305 0.001957 0.248532
v -0.776908 0.013699 0.307241
v -0.792564 0.021526 0.311155
v -0.808219 0.013699 0.303327
v -0.796477 0.005871 0.244618
v -0.812133 0.005871 0.232877
v -0.772994 0.017613 0.295499
v -0.784736 0.001957 0.283757
v -0.835616 0.005871 0.248532
v 0.718200 0.127202 0.275930
v 0.718200 0.217221 0.275930
v 0.714286 0.150685 0.268102
v -0.808219 0.037182 -0.303327
v -0.847358 0.017613 -0.252446
v 0.499022 0.052838 -0.232877
v 0.495108 0.072407 -0.228963
v 0.514677 0.072407 -0.232877
v 0.518591 0.041096 -0.225049
v -0.221135 0.029354 -0.209393
v -0.256360 0.048924 -0.221135
v -0.221135 0.048924 -0.221135
v -0.178082 0.029354 -0.209393
v -0.178082 0.048924 -0.221135
v -0.041096 0.048924 -0.221135
v 0.001957 0.048924 -0.221135
v 0.095890 0.048924 -0.221135
v 0.150685 0.048924 -0.221135
v 0.455969 0.029354 -0.209393
v 0.362035 0.048924 -0.221135
v 0.455969 0.048924 -0.221135
v 0.772994 0.009785 -0.162427
v 0.788650 0.009785 -0.197652
v 0.796477 0.021526 -0.209393
v 0.808219 0.005871 -0.154599
v 0.808219 0.017613 -0.150685
v 0.808219 0.013699 -0.103718
v 0.753425 0.009785 -0.060665
v 0.792564 0.025440 -0.103718
v 0.788650 0.013699 -0.103718
v 0.788650 0.017613 -0.150685
v 0.792564 0.005871 -0.150685
v 0.780822 0.025440 -0.225049
v 0.776908 0.017613 -0.197652
v -0.467710 0.033268 -0.103718
v -0.479452 0.025440 -0.111546
v 0.784736 0.009785 -0.013699
v 0.769080 0.013699 0.005871
v 0.792564 0.009785 -0.021526
v 0.780822 0.013699 -0.060665
v 0.772994 0.005871 -0.060665
v 0.800391 0.005871 -0.107632
v -0.549902 0.013699 -0.013699
v -0.549902 0.025440 -0.005871
v -0.545988 0.021526 0.009785
v -0.549902 0.009785 0.084149
v -0.545988 0.005871 0.076321
v -0.545988 0.091977 -0.091977
v 0.800391 0.005871 -0.001957
v 0.702544 0.021526 -0.048924
v 0.682975 0.029354 -0.056751
v 0.792564 0.005871 0.021526
v 0.808219 0.013699 0.001957
v 0.796477 0.013699 0.021526
v 0.780822 0.009785 0.013699
v 0.643836 0.021526 0.045010
v 0.655577 0.025440 0.037182
v 0.667319 0.009785 0.056751
v 0.682975 0.021526 0.064579
v 0.784736 0.013699 0.048924
v 0.682975 0.029354 0.056751
v 0.671233 0.029354 0.080235
v 0.659491 0.005871 0.064579
v 0.679061 0.017613 0.076321
v 0.702544 0.029354 0.084149
v 0.702544 0.041096 0.076321
v 0.765166 0.021526 0.088063
v 0.772994 0.033268 0.076321
v 0.761252 0.021526 0.068493
v 0.769080 0.029354 0.045010
v 0.694716 0.037182 0.072407
v -0.510763 0.017613 0.115460
v -0.510763 0.017613 0.138943
v -0.178082 0.048924 0.221135
v -0.221135 0.048924 0.221135
v 0.001957 0.048924 0.221135
v -0.041096 0.048924 0.221135
v 0.150685 0.029354 0.209393
v 0.150685 0.048924 0.221135
v 0.095890 0.048924 0.221135
v 0.455969 0.048924 0.221135
v 0.362035 0.048924 0.221135
v 0.651663 0.048924 0.221135
v 0.639922 0.005871 0.189824
v 0.847358 0.009785 0.264188
v 0.847358 0.029354 0.268102
v 0.847358 0.017613 0.275930
v 0.745597 0.017613 0.275930
v 0.870842 0.084149 -0.252446
v 0.847358 0.076321 -0.252446
v 0.741683 0.017613 -0.252446
v 0.847358 0.017613 -0.252446
v 0.769080 0.009785 -0.228963
v 0.792564 0.029354 -0.236791
v -0.933464 0.025440 -0.001957
v -0.937378 0.017613 -0.131115
v 0.753425 0.009785 -0.009785
v 0.741683 0.029354 -0.001957
v 0.753425 0.041096 -0.001957
v 0.753425 0.029354 -0.009785
v 0.761252 0.029354 0.005871
v 0.753425 0.029354 0.009785
v 0.769080 0.009785 0.001957
v 0.710372 0.025440 0.068493
v 0.718200 0.009785 0.076321
v 0.706458 0.033268 0.064579
v -0.455969 0.033268 0.111546
v -0.475538 0.033268 0.111546
v -0.483366 0.021526 0.111546
v 0.514677 0.052838 0.228963
v 0.651663 0.072407 0.225049
v 0.514677 0.072407 0.232877
v -0.812133 0.048924 -0.295499
v 0.737769 0.076321 -0.240704
v 0.714286 0.072407 -0.256360
v 0.800391 0.025440 -0.150685
v 0.804305 0.025440 -0.103718
v 0.776908 0.029354 -0.068493
v 0.726027 0.033268 -0.091977
v 0.710372 0.025440 -0.099804
v 0.694716 0.013699 -0.095890
v 0.804305 0.025440 0.001957
v 0.772994 0.033268 0.048924
v 0.780822 0.033268 0.013699
v 0.796477 0.029354 0.021526
v 0.796477 0.033268 0.001957
v 0.769080 0.025440 -0.005871
v 0.780822 0.025440 0.048924
v 0.788650 0.029354 0.076321
v 0.667319 0.021526 0.052838
v 0.726027 0.013699 0.060665
v 0.729941 0.029354 0.060665
v 0.722113 0.041096 0.076321
v -0.545988 0.048924 0.107632
v -0.788650 0.052838 0.307241
v -0.808219 0.037182 0.303327
v -0.780822 0.037182 0.311155
v -0.769080 0.041096 0.307241
v -0.772994 0.052838 -0.299413
v -0.792564 0.056751 -0.252446
v -0.800391 0.064579 -0.256360
v 0.745597 0.025440 -0.268102
v 0.745597 0.025440 -0.252446
v 0.765166 0.021526 -0.244618
v 0.847358 0.029354 -0.268102
v 0.796477 0.033268 -0.197652
v 0.784736 0.029354 -0.193738
v 0.800391 0.041096 -0.225049
v 0.788650 0.048924 -0.221135
v 0.792564 0.017613 -0.017613
v 0.780822 0.033268 -0.009785
v 0.776908 0.033268 0.095890
v 0.726027 0.033268 0.091977
v -0.874755 0.041096 0.225049
v -0.859100 0.103718 0.225049
v -0.831703 0.048924 0.299413
v -0.839530 0.064579 0.303327
v -0.843444 0.033268 0.279843
v -0.847358 0.052838 0.279843
v 0.745597 0.025440 0.268102
v 0.745597 0.084149 0.248532
v 0.753425 0.080235 0.268102
v 0.745597 0.076321 0.268102
v 0.870842 0.146771 0.252446
v -0.816047 0.056751 -0.287671
v -0.788650 0.052838 -0.307241
v -0.796477 0.064579 -0.287671
v 0.847358 0.088063 -0.275930
v 0.847358 0.095890 -0.268102
v 0.757339 0.029354 -0.236791
v 0.784736 0.045010 -0.236791
v 0.776908 0.037182 -0.221135
v -0.859100 0.103718 -0.225049
v -0.796477 0.158513 -0.205479
v -0.847358 0.037182 -0.213307
v 0.714286 0.048924 -0.107632
v 0.694716 0.037182 -0.115460
v -0.483366 0.033268 0.084149
v -0.455969 0.021526 -0.111546
v -0.542074 0.033268 0.001957
v -0.534247 0.029354 -0.021526
v -0.542074 0.029354 0.017613
v -0.549902 0.025440 0.084149
v 0.706458 0.033268 0.060665
v 0.710372 0.029354 0.076321
v 0.671233 0.037182 0.068493
v -0.487280 0.029354 0.084149
v 0.726027 0.088063 -0.240704
v -0.890411 0.041096 -0.213307
v -0.913894 0.033268 -0.181996
v -0.902153 0.056751 -0.189824
v -0.878669 0.154599 -0.197652
v -0.866928 0.154599 -0.221135
v -0.354207 0.048924 -0.193738
v -0.354207 0.048924 0.193738
v -0.354207 0.072407 -0.201566
v -0.354207 0.072407 -0.228963
v 0.769080 0.033268 -0.072407
v 0.765166 0.025440 -0.080235
v 0.718200 0.037182 -0.001957
v 0.714286 0.045010 0.001957
v 0.714286 0.052838 -0.084149
v 0.698630 0.041096 -0.099804
v 0.710372 0.037182 -0.084149
v -0.545988 0.091977 0.091977
v -0.545988 0.045010 0.017613
v -0.545988 0.048924 -0.005871
v -0.534247 0.045010 -0.001957
v -0.542074 0.041096 -0.025440
v -0.917808 0.029354 0.119374
v -0.913894 0.048924 0.123288
v -0.913894 0.048924 -0.123288
v -0.917808 0.029354 -0.119374
v -0.350294 0.048924 0.221135
v -0.256360 0.048924 0.221135
v -0.354207 0.072407 0.228963
v -0.890411 0.041096 0.213307
v -0.866928 0.154599 0.221135
v -0.878669 0.154599 0.197652
v -0.902153 0.056751 0.189824
v -0.913894 0.033268 0.181996
v -0.671233 0.166340 0.217221
v -0.679061 0.088063 0.221135
v -0.741683 0.072407 0.217221
v -0.675147 0.076321 0.228963
v -0.741683 0.060665 0.228963
v -0.855186 0.041096 0.221135
v -0.831703 0.033268 0.228963
v -0.851272 0.076321 0.213307
v -0.819961 0.041096 -0.240704
v -0.549902 0.091977 -0.213307
v -0.557730 0.166340 -0.221135
v -0.549902 0.119374 -0.213307
v -0.256360 0.072407 -0.228963
v -0.221135 0.072407 -0.228963
v -0.178082 0.072407 -0.228963
v -0.041096 0.072407 -0.228963
v 0.001957 0.072407 -0.228963
v 0.268102 0.048924 -0.221135
v 0.150685 0.072407 -0.228963
v 0.268102 0.072407 -0.228963
v 0.651663 0.048924 -0.221135
v 0.455969 0.072407 -0.228963
v 0.487280 0.048924 -0.225049
v 0.651663 0.072407 -0.228963
v -0.902153 0.099804 -0.123288
v 0.718200 0.072407 -0.099804
v 0.694716 0.037182 -0.072407
v -0.530333 0.041096 -0.033268
v -0.518591 0.037182 -0.021526
v 0.651663 0.072407 0.099804
v 0.651663 0.072407 -0.099804
v 0.655577 0.072407 0.001957
v 0.659491 0.076321 0.095890
v 0.655577 0.091977 0.103718
v -0.530333 0.048924 -0.021526
v -0.518591 0.041096 0.009785
v -0.518591 0.029354 0.009785
v -0.256360 0.072407 0.228963
v -0.041096 0.072407 0.228963
v -0.178082 0.072407 0.228963
v 0.095890 0.072407 0.228963
v 0.001957 0.072407 0.228963
v 0.268102 0.048924 0.221135
v 0.268102 0.072407 0.228963
v 0.150685 0.072407 0.228963
v 0.455969 0.072407 0.228963
v -0.812133 0.056751 0.244618
v -0.827789 0.056751 0.260274
v -0.800391 0.064579 0.256360
v -0.792564 0.056751 0.252446
v 0.847358 0.076321 0.252446
v -0.851272 0.048924 -0.252446
v -0.843444 0.033268 -0.268102
v -0.835616 0.041096 -0.252446
v -0.839530 0.068493 -0.256360
v -0.855186 0.076321 -0.248532
v -0.863014 0.064579 -0.260274
v -0.831703 0.048924 -0.299413
v -0.839530 0.064579 -0.303327
v -0.819961 0.064579 -0.307241
v -0.866928 0.088063 -0.260274
v 0.737769 0.041096 -0.001957
v 0.733855 0.041096 0.095890
v 0.729941 0.033268 -0.001957
v 0.726027 0.037182 0.091977
v 0.733855 0.045010 -0.095890
v 0.726027 0.037182 -0.107632
v 0.729941 0.060665 -0.107632
v 0.733855 0.072407 -0.095890
v -0.886497 0.158513 0.166340
v -0.902153 0.099804 0.123288
v -0.851272 0.068493 0.256360
v -0.835616 0.076321 0.248532
v -0.839530 0.052838 0.248532
v -0.741683 0.060665 -0.228963
v -0.804305 0.068493 -0.217221
v -0.522505 0.041096 -0.240704
v -0.530333 0.037182 -0.217221
v -0.538160 0.048924 -0.232877
v -0.534247 0.068493 -0.244618
v -0.510763 0.045010 -0.244618
v -0.518591 0.037182 -0.213307
v -0.522505 0.072407 -0.115460
v -0.530333 0.080235 -0.131115
v -0.542074 0.080235 -0.228963
v -0.506849 0.041096 -0.232877
v -0.502935 0.068493 -0.228963
v -0.506849 0.048924 -0.209393
v -0.514677 0.037182 -0.201566
v -0.506849 0.052838 -0.154599
v -0.514677 0.068493 -0.178082
v -0.499022 0.080235 -0.146771
v 0.714286 0.045010 0.084149
v 0.714286 0.048924 0.107632
v 0.718200 0.072407 0.099804
v 0.733855 0.072407 0.095890
v 0.726027 0.041096 0.107632
v 0.726027 0.041096 0.131115
v -0.804305 0.068493 0.217221
v -0.671233 0.166340 -0.217221
v -0.675147 0.076321 -0.228963
v -0.679061 0.162427 -0.209393
v -0.675147 0.205480 -0.209393
v -0.565558 0.162427 -0.217221
v -0.870842 0.170254 -0.213307
v -0.851272 0.170254 -0.225049
v -0.510763 0.060665 -0.107632
v -0.506849 0.048924 -0.115460
v -0.510763 0.041096 -0.146771
v 0.737769 0.072407 0.127202
v 0.729941 0.060665 0.107632
v 0.733855 0.048924 0.150685
v 0.753425 0.048924 0.150685
v 0.761252 0.064579 0.166340
v 0.714286 0.052838 0.135029
v 0.749511 0.052838 0.127202
v 0.761252 0.072407 0.146771
v 0.772994 0.064579 0.154599
v -0.675147 0.205480 0.213307
v -0.772994 0.052838 0.299413
v -0.796477 0.064579 0.287671
v -0.530333 0.142857 -0.244618
v -0.545988 0.150685 -0.236791
v -0.518591 0.146771 -0.236791
v -0.526419 0.185910 -0.217221
v -0.514677 0.142857 -0.221135
v -0.831703 0.084149 -0.307241
v -0.808219 0.076321 -0.299413
v -0.545988 0.115460 -0.091977
v 0.483366 0.072407 -0.228963
v 0.651663 0.095890 -0.228963
v 0.455969 0.095890 -0.228963
v -0.256360 0.095890 -0.228963
v -0.221135 0.095890 -0.228963
v -0.178082 0.095890 -0.228963
v 0.095890 0.072407 -0.228963
v 0.001957 0.095890 -0.228963
v 0.095890 0.095890 -0.228963
v 0.362035 0.072407 -0.228963
v 0.268102 0.095890 -0.228963
v 0.362035 0.095890 -0.228963
v -0.506849 0.080235 -0.209393
v 0.784736 0.048924 -0.158513
v 0.761252 0.060665 -0.170254
v 0.784736 0.060665 -0.170254
v 0.800391 0.060665 -0.146771
v 0.823875 0.052838 -0.162427
v 0.831703 0.060665 -0.154599
v 0.808219 0.048924 -0.138943
v 0.804305 0.060665 -0.123288
v -0.886497 0.162427 0.001957
v -0.886497 0.158513 -0.166341
v -0.354207 0.072407 0.201566
v -0.354207 0.095890 0.228963
v -0.354207 0.095890 0.201566
v -0.354207 0.095890 -0.201566
v -0.221135 0.072407 0.228963
v -0.221135 0.095890 0.228963
v -0.256360 0.095890 0.228963
v 0.001957 0.095890 0.228963
v -0.041096 0.095890 0.228963
v 0.150685 0.095890 0.228963
v 0.095890 0.095890 0.228963
v 0.362035 0.072407 0.228963
v 0.362035 0.095890 0.228963
v 0.268102 0.095890 0.228963
v 0.651663 0.095890 0.228963
v 0.651663 0.072407 0.228963
v -0.816047 0.056751 0.287671
v -0.819961 0.072407 0.283757
v -0.808219 0.076321 0.299413
v -0.819961 0.064579 0.307241
v -0.812133 0.048924 0.295499
v -0.819961 0.099804 0.303327
v -0.831703 0.084149 0.307241
v -0.812133 0.056751 -0.244618
v 0.804305 0.056751 -0.150685
v 0.816047 0.064579 -0.166341
v 0.808219 0.068493 -0.150685
v 0.819961 0.076321 -0.158513
v 0.823875 0.088063 -0.170254
v 0.831703 0.076321 -0.174168
v 0.839530 0.076321 -0.166341
v 0.827789 0.213307 -0.170254
v 0.765166 0.064579 -0.146771
v 0.780822 0.056751 -0.146771
v 0.765166 0.084149 -0.150685
v 0.749511 0.080235 -0.166341
v 0.757339 0.052838 -0.158513
v 0.753425 0.080235 -0.150685
v 0.757339 0.213307 -0.170254
v 0.749511 0.080235 0.146771
v 0.729941 0.072407 0.127202
v 0.729941 0.146771 0.123288
v -0.847358 0.080235 0.295499
v -0.866928 0.088063 0.260274
v -0.859100 0.088063 0.244618
v -0.819961 0.099804 -0.303327
v -0.812133 0.099804 -0.291585
v -0.827789 0.056751 -0.260274
v -0.886497 0.170254 -0.162427
v 0.796477 0.076321 -0.138943
v 0.796477 0.080235 -0.123288
v 0.812133 0.080235 -0.142857
v 0.808219 0.080235 -0.146771
v 0.796477 0.088063 -0.150685
v 0.792564 0.072407 -0.142857
v 0.780822 0.068493 -0.150685
v -0.843444 0.099804 0.244618
v -0.812133 0.099804 0.291585
v 0.769080 0.084149 -0.162427
v 0.772994 0.076321 -0.154599
v 0.772994 0.072407 -0.166341
v 0.804305 0.080235 -0.162427
v 0.808219 0.064579 -0.158513
v 0.827789 0.213307 -0.150685
v 0.819961 0.091977 -0.158513
v 0.831703 0.080235 -0.154599
v 0.819961 0.064579 -0.138943
v 0.812133 0.076321 -0.127202
v 0.808219 0.088063 -0.131115
v 0.792564 0.064579 -0.131115
v -0.506849 0.076321 -0.111546
v -0.518591 0.111546 -0.111546
v -0.518591 0.146771 -0.127202
v -0.549902 0.197652 -0.158513
v 0.710372 0.091977 -0.103718
v 0.729941 0.146771 -0.123288
v 0.718200 0.158513 -0.127202
v 0.714286 0.166340 -0.244618
v -0.839530 0.095890 -0.299413
v -0.847358 0.080235 -0.299413
v 0.757339 0.142857 0.170254
v 0.757339 0.213307 0.170254
v -0.816047 0.111546 -0.295499
v -0.847358 0.115460 -0.248532
v -0.843444 0.099804 -0.244618
v -0.863014 0.103718 -0.244618
v -0.812133 0.170254 -0.217221
v -0.745597 0.178082 -0.209393
v -0.741683 0.072407 -0.217221
v -0.526419 0.142857 -0.170254
v -0.530333 0.185910 -0.166341
v 0.788650 0.076321 -0.158513
v 0.714286 0.150685 -0.268102
v 0.714286 0.170254 -0.252446
v -0.354207 0.095890 -0.228963
v -0.354207 0.115460 -0.225049
v -0.256360 0.115460 -0.225049
v -0.221135 0.115460 -0.225049
v -0.041096 0.095890 -0.228963
v -0.178082 0.115460 -0.225049
v -0.041096 0.115460 -0.225049
v 0.150685 0.095890 -0.228963
v 0.095890 0.115460 -0.225049
v 0.150685 0.115460 -0.225049
v 0.268102 0.115460 -0.225049
v 0.362035 0.115460 -0.225049
v 0.483366 0.095890 -0.228963
v 0.651663 0.115460 -0.225049
v 0.659491 0.076321 -0.095890
v 0.655577 0.091977 -0.103718
v -0.679061 0.088063 -0.221135
v 0.710372 0.091977 0.103718
v 0.749511 0.072407 0.166340
v 0.761252 0.142857 0.150685
v -0.679061 0.162427 0.209393
v -0.745597 0.178082 0.209393
v 0.651663 0.115460 0.225049
v 0.455969 0.095890 0.228963
v 0.514677 0.095890 0.228963
v -0.354207 0.115460 0.225049
v -0.178082 0.095890 0.228963
v -0.178082 0.115460 0.225049
v -0.221135 0.115460 0.225049
v 0.095890 0.115460 0.225049
v 0.001957 0.115460 0.225049
v 0.268102 0.115460 0.225049
v 0.150685 0.115460 0.225049
v 0.726027 0.150685 0.248532
v 0.737769 0.150685 0.240705
v 0.726027 0.088063 0.240705
v -0.816047 0.111546 0.295499
v 0.851272 0.095890 -0.248532
v 0.745597 0.084149 -0.248532
v -0.866928 0.142857 -0.256360
v -0.870842 0.107632 -0.260274
v 0.816047 0.213307 -0.162427
v 0.761252 0.080235 -0.170254
v 0.769080 0.213307 -0.170254
v 0.651663 0.154599 0.103718
v -0.847358 0.170254 0.209393
v -0.796477 0.158513 0.205480
v -0.851272 0.170254 0.225049
v 0.749511 0.283757 -0.166341
v 0.757339 0.213307 -0.150685
v 0.769080 0.213307 -0.154599
v 0.749511 0.283757 -0.154599
v 0.749511 0.209393 -0.158513
v -0.534247 0.138943 -0.123288
v -0.545988 0.178082 -0.146771
v -0.549902 0.178082 -0.095890
v -0.549902 0.178082 0.095890
v -0.545988 0.115460 0.091977
v -0.839530 0.095890 0.299413
v -0.870842 0.107632 0.260274
v -0.863014 0.103718 0.244618
v -0.827789 0.115460 -0.307241
v -0.808219 0.150685 -0.295499
v 0.870842 0.146771 -0.248532
v 0.874755 0.146771 -0.275930
v 0.890411 0.146771 -0.275930
v 0.894325 0.146771 -0.127202
v 0.874755 0.146771 -0.135029
v 0.859100 0.150685 -0.252446
v 0.745597 0.150685 -0.248532
v 0.753425 0.150685 -0.256360
v 0.745597 0.091977 -0.260274
v 0.745597 0.091977 0.260274
v 0.749511 0.091977 0.272016
v 0.851272 0.095890 0.248532
v 0.745597 0.150685 0.248532
v 0.870842 0.146771 0.248532
v 0.859100 0.150685 0.252446
v 0.874755 0.146771 0.135029
v 0.894325 0.146771 0.127202
v 0.890411 0.146771 0.275930
v 0.874755 0.146771 0.275930
v 0.741683 0.146771 0.275930
v 0.753425 0.088063 0.275930
v 0.745597 0.146771 0.268102
v 0.757339 0.154599 0.275930
v 0.745597 0.170254 0.275930
v 0.741683 0.217221 0.275930
v 0.718200 0.217221 -0.275930
v 0.745597 0.170254 -0.275930
v 0.741683 0.146771 -0.275930
v 0.745597 0.146771 -0.268102
v 0.851272 0.146771 -0.275930
v 0.847358 0.146771 -0.268102
v 0.757339 0.154599 -0.275930
v 0.851272 0.170254 -0.275930
v -0.847358 0.111546 -0.299413
v -0.851272 0.150685 -0.287671
v 0.737769 0.150685 -0.240704
v 0.726027 0.150685 -0.248532
v -0.866928 0.142857 0.256360
v -0.847358 0.115460 0.248532
v 0.851272 0.170254 0.275930
v 0.847358 0.146771 0.268102
v 0.647750 0.174168 -0.181996
v 0.647750 0.166340 -0.084149
v 0.706458 0.166340 -0.088063
v 0.710372 0.154599 -0.103718
v 0.651663 0.154599 -0.103718
v -0.545988 0.178082 0.185910
v 0.726027 0.162427 0.236791
v 0.714286 0.166340 0.244618
v 0.718200 0.158513 0.127202
v -0.549902 0.193738 0.095890
v -0.553816 0.209393 0.189824
v 0.863014 0.174168 -0.248532
v 0.847358 0.170254 -0.252446
v -0.354207 0.119374 -0.197652
v -0.354207 0.135029 -0.213307
v -0.256360 0.135029 -0.213307
v -0.221135 0.135029 -0.213307
v 0.001957 0.115460 -0.225049
v -0.041096 0.135029 -0.213307
v 0.001957 0.135029 -0.213307
v 0.095890 0.135029 -0.213307
v 0.150685 0.135029 -0.213307
v 0.455969 0.115460 -0.225049
v 0.362035 0.135029 -0.213307
v 0.455969 0.135029 -0.213307
v 0.483366 0.115460 -0.225049
v 0.651663 0.135029 -0.213307
v -0.354207 0.119374 0.197652
v -0.256360 0.115460 0.225049
v -0.256360 0.135029 0.213307
v -0.354207 0.135029 0.213307
v -0.041096 0.115460 0.225049
v -0.041096 0.135029 0.213307
v -0.178082 0.135029 0.213307
v 0.150685 0.135029 0.213307
v 0.095890 0.135029 0.213307
v 0.362035 0.115460 0.225049
v 0.455969 0.115460 0.225049
v 0.362035 0.135029 0.213307
v 0.268102 0.135029 0.213307
v 0.514677 0.115460 0.225049
v 0.514677 0.135029 0.213307
v 0.455969 0.135029 0.213307
v 0.753425 0.150685 0.256360
v 0.859100 0.213307 0.252446
v 0.863014 0.174168 0.248532
v 0.866928 0.150685 0.135029
v -0.808219 0.150685 0.295499
v -0.816047 0.166340 0.299413
v -0.827789 0.115460 0.307241
v -0.847358 0.111546 0.299413
v -0.839530 0.162427 0.295499
v -0.851272 0.150685 0.287671
v -0.835616 0.162427 0.244618
v -0.851272 0.170254 -0.272016
v -0.843444 0.166340 -0.213307
v -0.870842 0.170254 0.213307
v -0.835616 0.162427 -0.299413
v -0.839530 0.178082 -0.287671
v -0.855186 0.142857 -0.244618
v -0.835616 0.162427 -0.244618
v -0.178082 0.135029 -0.213307
v 0.001957 0.154599 -0.201566
v 0.268102 0.135029 -0.213307
v 0.483366 0.135029 -0.213307
v -0.221135 0.135029 0.213307
v -0.221135 0.154599 0.201566
v -0.256360 0.154599 0.201566
v 0.001957 0.135029 0.213307
v 0.001957 0.154599 0.201566
v -0.041096 0.154599 0.201566
v 0.268102 0.154599 0.201566
v 0.150685 0.154599 0.201566
v 0.455969 0.154599 0.201566
v 0.362035 0.154599 0.201566
v 0.647750 0.166340 0.084149
v 0.647750 0.174168 0.181996
v -0.256360 0.154599 -0.201566
v -0.354207 0.154599 -0.201566
v -0.350294 0.174168 -0.181996
v -0.256360 0.174168 -0.181996
v -0.221135 0.154599 -0.201566
v -0.178082 0.154599 -0.201566
v -0.221135 0.174168 -0.181996
v -0.178082 0.174168 -0.181996
v -0.041096 0.154599 -0.201566
v 0.095890 0.154599 -0.201566
v 0.001957 0.174168 -0.181996
v 0.095890 0.174168 -0.181996
v 0.150685 0.154599 -0.201566
v 0.362035 0.154599 -0.201566
v 0.268102 0.154599 -0.201566
v 0.268102 0.174168 -0.181996
v 0.362035 0.174168 -0.181996
v 0.455969 0.154599 -0.201566
v 0.483366 0.154599 -0.201566
v 0.647750 0.154599 -0.201566
v 0.455969 0.174168 -0.181996
v -0.350294 0.174168 0.181996
v -0.354207 0.154599 0.201566
v -0.178082 0.154599 0.201566
v -0.178082 0.174168 0.181996
v -0.221135 0.174168 0.181996
v 0.095890 0.154599 0.201566
v 0.095890 0.174168 0.181996
v 0.001957 0.174168 0.181996
v 0.362035 0.174168 0.181996
v 0.268102 0.174168 0.181996
v 0.647750 0.154599 0.201566
v 0.651663 0.135029 0.213307
v 0.514677 0.154599 0.201566
v -0.534247 0.197652 -0.158513
v -0.538160 0.205480 -0.197652
v -0.553816 0.213307 -0.178082
v -0.549902 0.209393 -0.091977
v -0.549902 0.193738 -0.095890
v -0.878669 0.178082 -0.221135
v -0.538160 0.193738 -0.225049
v 0.757339 0.213307 0.150685
v 0.749511 0.142857 0.162427
v 0.749511 0.209393 0.158513
v 0.769080 0.213307 0.154599
v 0.761252 0.283757 0.150685
v 0.765166 0.283757 0.162427
v 0.769080 0.213307 0.170254
v 0.765166 0.146771 0.162427
v 0.761252 0.283757 0.170254
v 0.749511 0.283757 0.166340
v -0.851272 0.170254 0.272016
v -0.855186 0.142857 0.244618
v -0.878669 0.178082 0.221135
v 0.898239 0.213307 -0.275930
v 0.898239 0.154599 -0.279843
v 0.902153 0.158513 -0.272016
v 0.902153 0.158513 -0.123288
v 0.902153 0.150685 0.001957
v 0.870842 0.146771 0.001957
v 0.823875 0.146771 0.001957
v 0.902153 0.213307 0.001957
v 0.902153 0.158513 0.123288
v 0.898239 0.154599 0.279843
v 0.847358 0.150685 0.123288
v 0.808219 0.146771 0.123288
v 0.808219 0.146771 -0.123288
v 0.804305 0.154599 -0.131115
v 0.741683 0.146771 -0.123288
v 0.749511 0.154599 -0.131115
v 0.749511 0.213307 -0.131115
v 0.827789 0.213307 -0.131115
v 0.839530 0.158513 -0.131115
v 0.741683 0.185910 -0.138943
v 0.741683 0.158513 -0.135029
v 0.847358 0.150685 -0.123288
v 0.804305 0.154599 0.131115
v 0.741683 0.146771 0.123288
v 0.839530 0.158513 0.131115
v 0.827789 0.213307 0.131115
v 0.749511 0.213307 0.131115
v 0.749511 0.154599 0.131115
v 0.741683 0.158513 0.135029
v 0.741683 0.185910 0.138943
v 0.827789 0.174168 -0.260274
v 0.745597 0.170254 -0.252446
v -0.553816 0.205480 -0.205479
v -0.569472 0.209393 -0.209393
v -0.569472 0.225049 -0.181996
v 0.866928 0.213307 -0.131115
v 0.863014 0.213307 -0.240704
v 0.866928 0.185910 -0.197652
v 0.866928 0.150685 -0.135029
v 0.866928 0.185910 0.197652
v 0.863014 0.213307 0.240705
v 0.745597 0.170254 0.252446
v 0.827789 0.174168 0.260274
v 0.847358 0.170254 0.252446
v -0.839530 0.178082 0.287671
v -0.819961 0.197652 0.283757
v -0.851272 0.201566 0.244618
v -0.808219 0.174168 0.287671
v -0.812133 0.170254 0.217221
v 0.745597 0.174168 -0.264188
v -0.346380 0.189824 -0.154599
v -0.256360 0.189824 -0.154599
v -0.041096 0.174168 -0.181996
v -0.178082 0.189824 -0.154599
v -0.041096 0.189824 -0.154599
v 0.150685 0.174168 -0.181996
v 0.095890 0.189824 -0.154599
v 0.150685 0.189824 -0.154599
v 0.483366 0.174168 -0.181996
v 0.643836 0.189824 -0.154599
v -0.886497 0.170254 0.162427
v -0.902153 0.174168 -0.150685
v 0.714286 0.174168 -0.107632
v 0.714286 0.174168 0.001957
v 0.710372 0.213307 0.001957
v 0.714286 0.213307 -0.127202
v 0.710372 0.154599 0.103718
v 0.714286 0.213307 0.127202
v 0.714286 0.174168 0.107632
v 0.706458 0.166340 0.088063
v -0.256360 0.174168 0.181996
v -0.256360 0.189824 0.154599
v -0.346380 0.189824 0.154599
v -0.041096 0.174168 0.181996
v -0.041096 0.189824 0.154599
v -0.178082 0.189824 0.154599
v 0.150685 0.174168 0.181996
v 0.150685 0.189824 0.154599
v 0.095890 0.189824 0.154599
v 0.514677 0.174168 0.181996
v 0.514677 0.189824 0.154599
v 0.455969 0.174168 0.181996
v 0.455969 0.189824 0.154599
v 0.362035 0.189824 0.154599
v 0.851272 0.217221 0.275930
v 0.902153 0.158513 0.272016
v 0.898239 0.213307 0.127202
v 0.898239 0.213307 0.275930
v 0.851272 0.217221 -0.275930
v 0.898239 0.228963 -0.275930
v 0.902153 0.228963 -0.127202
v 0.898239 0.213307 -0.127202
v 0.722113 0.170254 -0.236791
v 0.902153 0.228963 0.001957
v 0.902153 0.228963 0.127202
v 0.714286 0.170254 0.252446
v 0.866928 0.213307 0.131115
v 0.827789 0.221135 0.138943
v 0.819961 0.225049 0.131115
v 0.769080 0.225049 0.131115
v -0.749511 0.189824 0.217221
v -0.812133 0.189824 0.221135
v -0.812133 0.189824 -0.279843
v -0.812133 0.189824 -0.221135
v -0.749511 0.189824 -0.217221
v 0.726027 0.162427 -0.236791
v -0.753425 0.205480 -0.217221
v -0.675147 0.221135 -0.197652
v 0.745597 0.174168 0.264188
v 0.722113 0.170254 0.236791
v -0.804305 0.193738 0.275930
v -0.816047 0.209393 0.248532
v -0.831703 0.213307 0.240705
v -0.808219 0.174168 -0.287671
v -0.816047 0.166340 -0.299413
v 0.706458 0.170254 0.001957
v 0.647750 0.170254 0.001957
v 0.455969 0.189824 -0.154599
v 0.455969 0.205480 -0.119374
v 0.639922 0.205480 -0.119374
v 0.639922 0.205480 0.001957
v 0.643836 0.189824 0.001957
v 0.643836 0.189824 0.154599
v 0.706458 0.221135 -0.123288
v -0.902153 0.174168 0.150685
v -0.906067 0.181996 0.111546
v -0.902153 0.174168 0.001957
v -0.549902 0.209393 0.001957
v -0.569472 0.209393 0.209393
v 0.827789 0.213307 0.256360
v 0.831703 0.232877 0.275930
v 0.823875 0.221135 0.248532
v 0.859100 0.217221 0.138943
v 0.745597 0.217221 -0.264188
v 0.741683 0.217221 -0.275930
v 0.761252 0.221135 -0.127202
v 0.733855 0.213307 -0.236791
v -0.346380 0.205480 -0.119374
v -0.221135 0.189824 -0.154599
v -0.256360 0.205480 -0.119374
v -0.221135 0.205480 -0.119374
v 0.001957 0.189824 -0.154599
v -0.041096 0.205480 -0.119374
v 0.001957 0.205480 -0.119374
v 0.268102 0.189824 -0.154599
v 0.150685 0.205480 -0.119374
v 0.268102 0.205480 -0.119374
v 0.362035 0.189824 -0.154599
v 0.362035 0.205480 -0.119374
v 0.643836 0.205480 -0.119374
v 0.483366 0.189824 -0.154599
v 0.643836 0.174168 -0.181996
v -0.906067 0.181996 -0.111546
v -0.902153 0.189824 0.001957
v -0.894325 0.185910 -0.185910
v -0.890411 0.197652 -0.146771
v -0.870842 0.201566 -0.213307
v -0.221135 0.189824 0.154599
v -0.221135 0.205480 0.119374
v -0.256360 0.205480 0.119374
v 0.001957 0.189824 0.154599
v 0.001957 0.205480 0.119374
v -0.041096 0.205480 0.119374
v 0.268102 0.189824 0.154599
v 0.268102 0.205480 0.119374
v 0.150685 0.205480 0.119374
v -0.870842 0.209393 -0.162427
v -0.831703 0.213307 -0.240704
v -0.819961 0.197652 -0.283757
v -0.753425 0.205480 0.217221
v -0.870842 0.209393 0.162427
v -0.890411 0.197652 0.146771
v -0.894325 0.185910 0.185910
v -0.886497 0.205480 0.001957
v 0.741683 0.221135 -0.135029
v 0.745597 0.217221 0.264188
v 0.733855 0.213307 0.236791
v 0.741683 0.221135 0.135029
v -0.816047 0.205480 -0.213307
v -0.338552 0.217221 -0.080235
v -0.178082 0.205480 -0.119374
v -0.221135 0.217221 -0.080235
v -0.178082 0.217221 -0.080235
v 0.095890 0.205480 -0.119374
v 0.001957 0.217221 -0.080235
v 0.095890 0.217221 -0.080235
v 0.268102 0.217221 -0.080235
v 0.362035 0.217221 -0.080235
v 0.483366 0.205480 -0.119374
v 0.483366 0.217221 -0.080235
v 0.639922 0.217221 -0.080235
v -0.863014 0.213307 0.001957
v -0.346380 0.205480 0.119374
v -0.338552 0.217221 0.080235
v -0.178082 0.205480 0.119374
v -0.178082 0.217221 0.080235
v -0.221135 0.217221 0.080235
v 0.095890 0.205480 0.119374
v 0.095890 0.217221 0.080235
v 0.001957 0.217221 0.080235
v 0.362035 0.205480 0.119374
v 0.455969 0.205480 0.119374
v 0.362035 0.217221 0.080235
v 0.268102 0.217221 0.080235
v 0.639922 0.205480 0.119374
v 0.636008 0.217221 0.080235
v -0.816047 0.205480 0.213307
v -0.557730 0.221135 -0.119374
v -0.827789 0.213307 -0.193738
v -0.816047 0.209393 -0.248532
v -0.741683 0.217221 -0.209393
v -0.741683 0.225049 -0.181996
v -0.256360 0.217221 -0.080235
v -0.221135 0.221135 -0.025440
v -0.041096 0.217221 -0.080235
v -0.178082 0.221135 -0.025440
v -0.041096 0.221135 -0.025440
v 0.150685 0.217221 -0.080235
v 0.095890 0.221135 -0.025440
v 0.150685 0.221135 -0.025440
v 0.455969 0.217221 -0.080235
v 0.362035 0.221135 -0.025440
v 0.455969 0.221135 -0.025440
v 0.636008 0.217221 -0.080235
v 0.628180 0.221135 -0.025440
v 0.632094 0.217221 0.001957
v 0.628180 0.221135 0.025440
v -0.256360 0.217221 0.080235
v -0.221135 0.221135 0.025440
v -0.334638 0.221135 0.025440
v -0.041096 0.217221 0.080235
v -0.041096 0.221135 0.025440
v -0.178082 0.221135 0.025440
v 0.150685 0.217221 0.080235
v 0.150685 0.221135 0.025440
v 0.095890 0.221135 0.025440
v 0.455969 0.217221 0.080235
v 0.455969 0.221135 0.025440
v 0.362035 0.221135 0.025440
v -0.741683 0.217221 0.209393
v -0.675147 0.221135 0.205480
v -0.741683 0.225049 0.181996
v -0.827789 0.213307 0.193738
v -0.812133 0.221135 0.150685
v -0.589041 0.221135 -0.193738
v -0.675147 0.228963 -0.174168
v -0.812133 0.221135 -0.150685
v -0.753425 0.228963 0.001957
v 0.741683 0.299413 -0.162427
v -0.573385 0.228963 -0.119374
v -0.573385 0.228963 0.068493
v -0.557730 0.221135 0.119374
v 0.745597 0.307241 0.166340
v 0.749511 0.283757 0.154599
v -0.561644 0.221135 0.185910
v -0.589041 0.228963 0.174168
v -0.581213 0.225049 0.197652
v 0.859100 0.213307 -0.252446
v 0.827789 0.213307 -0.256360
v 0.823875 0.221135 -0.248532
v 0.831703 0.232877 -0.275930
v 0.765166 0.283757 -0.162427
v 0.761252 0.283757 -0.170254
v 0.757339 0.307241 -0.154599
v 0.761252 0.283757 -0.150685
v 0.823875 0.283757 -0.154599
v 0.835616 0.279843 -0.154599
v 0.827789 0.307241 -0.154599
v 0.823875 0.283757 -0.170254
v 0.835616 0.283757 -0.166341
v 0.839530 0.240705 -0.158513
v 0.835616 0.240705 -0.170254
v 0.855186 0.283757 -0.158513
v 0.866928 0.283757 -0.162427
v 0.851272 0.240705 -0.158513
v 0.847358 0.240705 -0.170254
v 0.835616 0.213307 -0.158513
v 0.769080 0.236791 -0.127202
v 0.819961 0.225049 -0.131115
v 0.827789 0.236791 -0.127202
v 0.823875 0.236791 -0.264188
v 0.827789 0.221135 -0.138943
v 0.859100 0.217221 -0.138943
v 0.898239 0.236791 0.127202
v 0.757339 0.303327 0.154599
v 0.690802 0.236791 0.275930
v 0.898239 0.228963 0.275930
v 0.898239 0.240705 0.275930
v 0.694716 0.221135 -0.275930
v 0.690802 0.236791 0.001957
v 0.690802 0.240705 -0.272016
v 0.690802 0.236791 -0.275930
v 0.761252 0.240705 -0.272016
v 0.761252 0.236791 -0.275930
v 0.765166 0.221135 -0.272016
v -0.334638 0.221135 -0.025440
v -0.221135 0.228963 -0.017613
v 0.001957 0.221135 -0.025440
v 0.268102 0.221135 -0.025440
v 0.150685 0.228963 -0.017613
v 0.268102 0.228963 -0.017613
v 0.483366 0.221135 -0.025440
v 0.483366 0.225049 0.001957
v 0.639922 0.225049 0.001957
v 0.639922 0.221135 -0.025440
v -0.334638 0.228963 0.017613
v 0.001957 0.221135 0.025440
v -0.041096 0.228963 0.017613
v 0.268102 0.221135 0.025440
v 0.150685 0.228963 0.017613
v 0.827789 0.236791 0.127202
v 0.761252 0.236791 0.275930
v 0.694716 0.221135 -0.127202
v 0.706458 0.221135 0.001957
v 0.694716 0.221135 0.001957
v 0.827789 0.240705 -0.272016
v -0.679061 0.232877 -0.111546
v -0.604697 0.232877 -0.131115
v -0.178082 0.228963 -0.017613
v -0.221135 0.268102 -0.017613
v -0.041096 0.228963 -0.017613
v 0.095890 0.228963 -0.017613
v 0.001957 0.228963 -0.017613
v 0.001957 0.268102 -0.017613
v 0.150685 0.268102 -0.017613
v 0.268102 0.268102 -0.017613
v 0.362035 0.228963 -0.017613
v 0.455969 0.228963 -0.017613
v 0.455969 0.268102 -0.017613
v 0.624266 0.240705 -0.009785
v 0.620352 0.228963 -0.017613
v 0.714286 0.221135 0.123288
v 0.694716 0.221135 0.275930
v 0.694716 0.221135 0.127202
v -0.221135 0.228963 0.017613
v -0.334638 0.268102 0.017613
v -0.350294 0.268102 0.009785
v -0.346380 0.240705 -0.001957
v -0.178082 0.228963 0.017613
v 0.095890 0.228963 0.017613
v 0.095890 0.268102 0.017613
v 0.001957 0.228963 0.017613
v 0.455969 0.228963 0.017613
v 0.362035 0.228963 0.017613
v 0.268102 0.268102 0.017613
v 0.268102 0.228963 0.017613
v 0.596869 0.268102 0.017613
v 0.620352 0.228963 0.017613
v 0.706458 0.221135 0.268102
v 0.718200 0.221135 0.275930
v -0.643836 0.232877 0.138943
v -0.682975 0.232877 0.001957
v 0.827789 0.240705 0.272016
v 0.741683 0.221135 0.275930
v -0.616438 0.232877 0.001957
v 0.761252 0.240705 -0.119374
v 0.835616 0.240705 -0.119374
v 0.823875 0.236791 0.264188
v 0.835616 0.240705 0.119374
v 0.761252 0.240705 0.119374
v 0.769080 0.236791 0.131115
v 0.898239 0.236791 -0.127202
v 0.898239 0.240705 -0.275930
v 0.898239 0.240705 0.001957
v -0.350294 0.268102 -0.009785
v -0.346380 0.275930 -0.009785
v -0.334638 0.268102 -0.017613
v -0.334638 0.228963 -0.017613
v -0.322896 0.275930 -0.013699
v -0.041096 0.268102 -0.017613
v -0.178082 0.268102 -0.017613
v -0.178082 0.272016 -0.013699
v -0.041096 0.272016 -0.013699
v 0.095890 0.268102 -0.017613
v 0.001957 0.272016 -0.013699
v 0.095890 0.272016 -0.013699
v 0.362035 0.268102 -0.017613
v 0.268102 0.272016 -0.013699
v 0.362035 0.272016 -0.013699
v 0.894325 0.240705 -0.123288
v 0.761252 0.240705 0.001957
v 0.894325 0.240705 0.123288
v -0.221135 0.268102 0.017613
v -0.178082 0.268102 0.017613
v -0.221135 0.272016 0.013699
v -0.041096 0.268102 0.017613
v 0.001957 0.268102 0.017613
v -0.041096 0.272016 0.013699
v -0.178082 0.272016 0.013699
v 0.150685 0.268102 0.017613
v 0.150685 0.272016 0.013699
v 0.095890 0.272016 0.013699
v 0.455969 0.268102 0.017613
v 0.455969 0.272016 0.013699
v 0.362035 0.272016 0.013699
v 0.362035 0.268102 0.017613
v 0.694716 0.240705 0.001957
v 0.690802 0.240705 0.272016
v 0.761252 0.240705 0.272016
v 0.890411 0.240705 -0.268102
v 0.866928 0.283757 -0.150685
v 0.874755 0.256360 -0.138943
v 0.596869 0.268102 -0.017613
v 0.455969 0.272016 -0.013699
v 0.577299 0.272016 -0.013699
v 0.577299 0.272016 0.013699
v 0.890411 0.240705 0.268102
v 0.878669 0.295499 -0.150685
v 0.878669 0.295499 -0.142857
v 0.890411 0.256360 -0.146771
v 0.878669 0.252446 -0.154599
v -0.221135 0.272016 -0.013699
v 0.150685 0.272016 -0.013699
v 0.268102 0.272016 0.013699
v -0.346380 0.275930 0.009785
v -0.322896 0.275930 0.013699
v -0.326810 0.279843 -0.001957
v 0.001957 0.272016 0.013699
v 0.851272 0.303327 -0.154599
v 0.843444 0.299413 -0.162427
v 0.835616 0.299413 -0.150685
v 0.745597 0.307241 -0.170254
v 0.741683 0.318982 -0.158513
v 0.757339 0.307241 -0.166341
v 0.831703 0.303327 -0.170254
v 0.859100 0.299413 -0.162427
v 0.859100 0.299413 -0.150685
v 0.847358 0.307241 -0.166341
v 0.863014 0.315068 -0.162427
v 0.843444 0.322896 -0.162427
v 0.863014 0.318982 -0.150685
v 0.737769 0.311155 -0.146771
v 0.749511 0.299413 0.150685
v 0.741683 0.299413 0.162427
v 0.733855 0.303327 0.150685
v 0.737769 0.315068 0.146771
v 0.757339 0.307241 0.166340
v 0.726027 0.307241 0.162427
v 0.714286 0.287671 -0.150685
v 0.706458 0.299413 -0.154599
v 0.726027 0.307241 -0.162427
v 0.718200 0.291585 0.138943
v 0.714286 0.287671 0.150685
v 0.706458 0.299413 0.154599
v 0.726027 0.315068 -0.142857
v 0.718200 0.291585 -0.138943
v 0.733855 0.303327 -0.150685
v 0.706458 0.295499 -0.142857
v 0.726027 0.315068 0.142857
v 0.706458 0.295499 0.142857
v 0.741683 0.318982 0.158513
v 0.847358 0.315068 -0.146771
v 0.722113 0.318982 -0.158513
v 0.722113 0.318982 0.158513
v 0.749511 0.299413 -0.150685
v 0.604697 -0.201566 -0.060665
v 0.847358 -0.033268 -0.052838
v 0.874755 0.017613 0.275930
v 0.765166 0.221135 0.272016
v -0.699609 -0.318982 0.183953
v -0.013699 -0.135029 -0.002935
v -0.522505 0.031311 -0.212329
v -0.491194 -0.037182 -0.029354
v -0.479452 -0.045010 -0.017613
v 0.480431 0.164384 -0.191781
v 0.000978 -0.138943 0.010763
v -0.028376 -0.122309 0.009785
v -0.534247 -0.002935 0.161448
vn -0.0996 -0.9328 -0.3464
vn 0.1339 -0.9299 -0.3427
vn 0.1364 -0.9275 0.3481
vn -0.0734 -0.9850 0.1561
vn -0.2548 -0.9369 0.2392
vn -0.2705 -0.9265 -0.2616
vn -0.1975 -0.5928 -0.7808
vn -0.0163 -0.5258 -0.8504
vn 0.0379 -0.5265 -0.8494
vn 0.3529 -0.4721 -0.8078
vn 0.0650 -0.0591 -0.9961
vn 0.2699 -0.1497 -0.9512
vn 0.5896 -0.4946 -0.6385
vn 0.5974 -0.7470 -0.2918
vn 0.3493 -0.8929 -0.2840
vn 0.3471 -0.9036 0.2512
vn 0.2306 -0.7124 0.6627
vn -0.0905 -0.7832 0.6152
vn -0.0048 -0.9236 -0.3833
vn 0.1278 -0.9796 -0.1553
vn 0.1173 -0.9796 0.1635
vn 0.0006 -0.9732 0.2298
vn -0.0923 -0.9910 -0.0973
vn -0.1399 -0.8389 -0.5260
vn -0.0469 -0.5416 -0.8393
vn 0.1708 -0.7486 -0.6406
vn 0.0291 -0.3473 -0.9373
vn 0.1483 -0.2979 -0.9430
vn 0.4173 -0.5908 -0.6905
vn 0.3333 -0.9140 -0.2313
vn 0.2977 -0.9395 0.1693
vn 0.5684 -0.7944 -0.2142
vn 0.5355 -0.8230 0.1894
vn 0.3616 -0.7701 0.5256
vn 0.1174 -0.7771 0.6183
vn -0.1205 -0.9479 0.2950
vn -0.0782 -0.7181 0.6916
vn -0.2538 -0.6798 0.6881
vn -0.3460 -0.9039 0.2515
vn -0.3404 -0.9318 -0.1259
vn -0.6262 -0.7724 -0.1061
vn -0.4380 -0.6894 -0.5770
vn 0.0010 -0.9988 -0.0494
vn -0.3221 -0.9397 -0.1147
vn -0.3826 -0.6236 0.6817
vn -0.0772 -0.9095 -0.4085
vn 0.0705 -0.9773 -0.1997
vn 0.1307 -0.9541 0.2695
vn -0.1018 -0.9325 0.3466
vn -0.2784 -0.9435 0.1799
vn -0.2710 -0.9526 -0.1385
vn -0.2360 -0.7301 -0.6413
vn 0.1440 -0.7161 -0.6830
vn 0.3476 -0.8934 -0.2845
vn 0.4763 -0.5517 -0.6847
vn 0.5948 -0.7940 -0.1257
vn 0.5668 -0.8114 0.1428
vn 0.3439 -0.9260 0.1557
vn 0.4207 -0.7218 0.5496
vn 0.0977 -0.7035 0.7040
vn 0.1898 -0.3758 0.9070
vn -0.0215 -0.4528 0.8913
vn -0.0120 -0.5476 0.8366
vn 0.1732 -0.3553 0.9186
vn -0.0328 -0.0303 0.9990
vn -0.2198 -0.6469 0.7302
vn -0.1865 -0.2135 0.9590
vn -0.4971 -0.5410 0.6784
vn -0.4861 -0.8361 0.2542
vn -0.1018 -0.9325 -0.3466
vn 0.1307 -0.9541 -0.2695
vn -0.0772 -0.9095 0.4085
vn -0.2710 -0.9526 0.1385
vn -0.2784 -0.9435 -0.1799
vn -0.2198 -0.6469 -0.7302
vn -0.0120 -0.5476 -0.8366
vn 0.0977 -0.7035 -0.7040
vn 0.0705 -0.9773 0.1997
vn 0.3439 -0.9260 -0.1557
vn 0.3476 -0.8934 0.2845
vn 0.1440 -0.7161 0.6830
vn 0.4207 -0.7218 -0.5496
vn 0.1732 -0.3553 -0.9186
vn 0.3924 -0.2464 -0.8862
vn 0.7031 -0.5273 -0.4771
vn 0.5668 -0.8114 -0.1428
vn -0.0000 -0.9732 -0.2298
vn -0.0773 -0.9970 -0.0072
vn -0.1205 -0.9479 -0.2950
vn -0.0954 -0.7412 -0.6645
vn 0.0204 -0.8908 -0.4540
vn 0.1082 -0.9096 -0.4012
vn 0.1337 -0.9796 0.1499
vn -0.0391 -0.9943 0.0987
vn -0.2734 -0.9619 -0.0041
vn -0.1126 -0.9881 0.1045
vn -0.3230 -0.9344 0.1503
vn -0.6279 -0.7778 0.0279
vn -0.3257 -0.9061 -0.2701
vn -0.2538 -0.6798 -0.6881
vn -0.6229 -0.7421 -0.2477
vn -0.4537 -0.4714 -0.7563
vn -0.1095 -0.3537 -0.9289
vn 0.2510 -0.6039 -0.7565
vn 0.0409 -0.5396 -0.8409
vn 0.2156 -0.2292 -0.9492
vn 0.6252 -0.5174 -0.5843
vn 0.5329 -0.8200 -0.2090
vn 0.3178 -0.9098 -0.2669
vn 0.3333 -0.9140 0.2313
vn 0.1824 -0.7431 0.6438
vn 0.0125 -0.8299 0.5578
vn 0.0010 -0.9988 0.0494
vn 0.2080 -0.9661 0.1532
vn 0.1936 -0.6829 -0.7044
vn -0.0943 -0.7442 -0.6613
vn -0.3467 -0.9246 0.1575
vn -0.2360 -0.7301 0.6413
vn -0.4807 -0.6387 0.6008
vn -0.4896 -0.8524 0.1836
vn -0.0847 -0.9681 -0.2359
vn 0.0907 -0.9304 -0.3552
vn 0.1339 -0.9299 0.3427
vn -0.0996 -0.9328 0.3464
vn -0.2705 -0.9265 0.2616
vn -0.2633 -0.9419 -0.2086
vn -0.2606 -0.7881 -0.5576
vn 0.6347 -0.7591 0.1446
vn 0.4706 -0.6162 -0.6315
vn 0.3422 -0.8932 -0.2917
vn 0.3483 -0.8903 0.2934
vn 0.3346 -0.5608 0.7573
vn 0.0379 -0.5265 0.8494
vn -0.1431 -0.8328 0.5348
vn -0.0620 -0.4469 0.8924
vn -0.1477 -0.4220 0.8945
vn -0.4287 -0.6880 0.5856
vn 0.4173 -0.5908 0.6905
vn 0.1483 -0.2979 0.9430
vn 0.0291 -0.3473 0.9373
vn -0.1975 -0.5927 0.7808
vn -0.0163 -0.5258 0.8504
vn -0.0360 -0.1146 0.9928
vn -0.1239 -0.1229 0.9847
vn -0.4487 -0.4318 0.7824
vn -0.4954 -0.7868 0.3683
vn 0.0399 -0.0739 0.9965
vn -0.0360 -0.1146 -0.9928
vn -0.1196 -0.1165 -0.9860
vn 0.0627 0.1244 -0.9903
vn -0.0015 0.2634 -0.9647
vn -0.4637 -0.8088 -0.3618
vn -0.5054 -0.8327 0.2262
vn -0.7146 -0.6716 0.1960
vn -0.6930 -0.5819 -0.4256
vn -0.3717 -0.3980 -0.8387
vn 0.5123 -0.8321 0.2125
vn 0.7727 -0.6107 -0.1732
vn 0.7276 -0.5503 0.4097
vn 0.4520 -0.6403 0.6211
vn -0.1477 -0.4220 -0.8945
vn -0.4783 -0.3688 -0.7970
vn -0.1761 -0.1427 -0.9740
vn -0.0636 -0.1791 -0.9818
vn 0.2846 -0.2380 -0.9286
vn 0.6719 -0.2932 -0.6801
vn 0.7456 -0.5645 -0.3540
vn -0.7957 -0.5952 -0.1125
vn -0.7095 -0.4306 0.5578
vn 0.2080 -0.9661 -0.1532
vn 0.6347 -0.7591 -0.1446
vn 0.6131 -0.2426 0.7518
vn 0.9840 -0.1781 -0.0000
vn 0.5738 -0.2301 -0.7860
vn -0.6168 -0.7613 0.1998
vn -0.4537 -0.4714 0.7563
vn -0.8486 -0.4378 0.2971
vn -0.8262 -0.5577 -0.0799
vn -0.4725 -0.8636 -0.1758
vn -0.7128 -0.6694 0.2094
vn -0.6886 -0.6523 -0.3167
vn -0.4077 -0.5784 -0.7065
vn -0.0807 -0.3324 0.9397
vn -0.0693 -0.0733 0.9949
vn 0.6848 -0.5666 0.4584
vn 0.3563 -0.2791 0.8917
vn -0.0328 -0.0303 -0.9990
vn -0.1865 -0.2135 -0.9590
vn -0.0765 -0.0707 -0.9946
vn 0.0162 -0.1516 -0.9883
vn -0.4753 -0.8433 -0.2510
vn -0.7313 -0.6619 0.1647
vn -0.6960 -0.6440 -0.3176
vn -0.4632 -0.5359 -0.7059
vn 0.5948 -0.7940 0.1257
vn 0.7993 -0.5966 -0.0711
vn 0.7637 -0.5526 0.3337
vn 0.4763 -0.5517 0.6847
vn -0.0744 -0.0699 -0.9948
vn 0.0122 -0.0038 -0.9999
vn -0.6545 -0.7255 0.2128
vn -0.8621 -0.5066 0.0105
vn 0.5684 -0.7944 0.2142
vn 0.8131 -0.5769 -0.0783
vn 0.7456 -0.5645 0.3540
vn 0.5831 -0.2219 0.7815
vn -0.4658 -0.8515 -0.2409
vn -0.4281 -0.4433 -0.7875
vn -0.7282 -0.6528 0.2088
vn -0.7120 -0.6666 -0.2207
vn 0.5854 -0.7788 0.2253
vn 0.5576 -0.8058 -0.1995
vn 0.7939 -0.5988 -0.1061
vn 0.6848 -0.5662 0.4587
vn 0.6131 -0.2426 -0.7518
vn 0.6984 -0.5320 -0.4788
vn -0.4783 -0.3688 0.7970
vn -0.7874 -0.5114 0.3442
vn 0.2503 -0.1739 0.9524
vn -0.0644 0.0933 0.9935
vn -0.0015 0.2634 0.9647
vn -0.4481 -0.1765 -0.8764
vn 0.0135 0.0351 -0.9993
vn 0.0463 0.1277 -0.9907
vn -0.1747 -0.2763 -0.9450
vn -0.0033 -0.4205 -0.9073
vn 0.6478 -0.5564 0.5205
vn 0.5790 -0.2266 0.7832
vn 0.2066 -0.0294 0.9780
vn 0.0586 -0.1033 0.9929
vn -0.0140 -0.0790 0.9968
vn -0.0731 -0.2316 0.9701
vn -0.1171 -0.0213 0.9929
vn -0.1306 -0.0085 0.9914
vn -0.5668 -0.1486 0.8104
vn -0.7205 -0.3455 -0.6012
vn -0.3426 -0.1610 -0.9256
vn -0.0496 -0.2621 0.9638
vn 0.0355 -0.4427 0.8960
vn -0.2048 -0.3799 0.9020
vn -0.1933 -0.1460 0.9702
vn -0.7807 -0.5041 -0.3693
vn -0.9370 -0.3464 -0.0452
vn -0.7775 -0.2780 -0.5641
vn 0.8131 -0.5769 0.0782
vn 0.9241 -0.3255 -0.2002
vn 0.9338 -0.2890 0.2111
vn -0.9787 -0.1697 -0.1156
vn -0.8123 -0.2148 0.5423
vn -0.9058 -0.3825 0.1821
vn -0.3180 -0.1828 0.9303
vn -0.7300 -0.3998 0.5543
vn 0.0162 -0.1516 0.9883
vn 0.0993 -0.0543 0.9936
vn 0.3411 -0.6032 0.7210
vn -0.2759 -0.7392 0.6144
vn -0.0765 -0.0707 0.9946
vn -0.3753 -0.5760 0.7262
vn -0.0693 -0.5706 0.8183
vn -0.7157 -0.3998 0.5727
vn -0.8708 -0.4316 0.2353
vn -0.8862 -0.4492 -0.1136
vn 0.5561 -0.1973 -0.8074
vn 0.9264 -0.2926 -0.2371
vn -0.4435 -0.1737 0.8793
vn -0.7884 -0.4401 0.4299
vn 0.9022 -0.3909 0.1824
vn 0.6343 -0.2045 0.7456
vn -0.0219 0.0659 -0.9976
vn -0.2996 0.5321 -0.7919
vn -0.3913 0.2386 -0.8888
vn 0.1433 -0.0147 -0.9896
vn 0.6083 -0.2593 -0.7501
vn 0.8935 -0.3962 -0.2116
vn -0.1707 -0.5289 -0.8314
vn 0.1921 -0.4580 -0.8680
vn 0.2461 -0.3453 -0.9057
vn 0.7637 -0.5526 -0.3337
vn 0.8900 -0.3664 -0.2714
vn 0.7955 -0.6026 0.0638
vn 0.9243 -0.3488 0.1548
vn 0.6966 -0.2755 0.6624
vn 0.8023 -0.5585 0.2107
vn 0.0554 -0.8993 0.4337
vn 0.1073 -0.0509 -0.9929
vn 0.3411 -0.6032 -0.7210
vn 0.6556 -0.2638 -0.7075
vn 0.1807 -0.7019 -0.6889
vn 0.7712 -0.2449 -0.5876
vn 0.9270 -0.3433 -0.1513
vn -0.5482 -0.1446 -0.8237
vn -0.1306 -0.0085 -0.9914
vn -0.1171 -0.0213 -0.9929
vn -0.0731 -0.2316 -0.9701
vn -0.8482 -0.4345 -0.3031
vn -0.9374 -0.3468 -0.0299
vn -0.9084 -0.2507 -0.3345
vn -0.7228 -0.5347 -0.4378
vn -0.3117 -0.1234 -0.9421
vn -0.8921 -0.1308 -0.4326
vn 0.9278 -0.2956 -0.2277
vn -0.7562 -0.2737 0.5943
vn -0.9202 -0.3754 0.1108
vn -0.1559 -0.0248 0.9875
vn -0.3762 -0.0675 0.9241
vn 0.2846 -0.2380 0.9286
vn 0.3752 -0.1634 0.9124
vn 0.2461 -0.3453 0.9057
vn 0.0739 0.1123 0.9909
vn 0.2412 0.5619 0.7912
vn 0.5269 0.3244 0.7856
vn 0.1190 0.0418 0.9920
vn -0.0298 0.0091 0.9995
vn 0.9211 -0.3237 0.2163
vn 0.9183 -0.1409 0.3700
vn 0.5739 -0.0334 0.8183
vn -0.5869 -0.3092 -0.7482
vn -0.8648 -0.4454 -0.2318
vn -0.9083 -0.2327 -0.3476
vn -0.6349 -0.0904 -0.7673
vn 0.6719 -0.2932 0.6801
vn 0.9241 -0.3255 0.2002
vn 0.9666 -0.1183 0.2273
vn 0.7558 -0.0317 0.6541
vn 0.3149 -0.0602 0.9472
vn -0.7930 -0.3938 -0.4648
vn -0.8938 -0.4476 -0.0285
vn -0.9254 -0.2347 -0.2975
vn -0.7534 -0.1661 -0.6363
vn -0.4028 -0.6861 -0.6059
vn 0.3919 -0.6929 -0.6052
vn -0.0000 -1.0000 -0.0000
vn -0.5696 -0.6621 0.4869
vn -0.9191 -0.2931 -0.2633
vn -0.8984 0.0073 -0.4390
vn -0.1545 0.0605 -0.9861
vn 0.4982 -0.6022 0.6238
vn 0.9107 -0.3224 -0.2584
vn 1.0000 -0.0000 -0.0000
vn 0.7031 -0.0180 0.7108
vn -0.4980 -0.0516 0.8656
vn 0.8252 0.0325 -0.5639
vn -0.0091 0.1674 -0.9858
vn 0.8582 0.1380 -0.4944
vn 0.3752 -0.1634 -0.9124
vn 0.5117 -0.3552 -0.7823
vn 0.5305 0.0203 -0.8475
vn 0.3925 0.0850 -0.9158
vn 0.3149 -0.0602 -0.9472
vn -0.8845 -0.4588 0.0850
vn -0.9415 -0.2167 0.2580
vn 0.9666 -0.1183 -0.2273
vn 0.9646 -0.0685 0.2546
vn 0.7182 -0.1125 0.6867
vn -0.5798 0.0348 0.8140
vn -0.9264 -0.0893 0.3657
vn -0.9288 -0.2712 0.2526
vn -0.9762 -0.1395 0.1660
vn -0.9743 0.0017 0.2254
vn -0.9999 -0.0091 0.0123
vn 0.5237 -0.0040 0.8519
vn -0.7137 -0.0539 0.6984
vn -0.1838 -0.6805 0.7093
vn -0.2706 -0.6183 0.7379
vn -0.0693 -0.5706 -0.8183
vn -0.3582 -0.6565 -0.6639
vn -0.1838 -0.6805 -0.7093
vn -0.3753 -0.5760 -0.7262
vn -0.9346 -0.2519 0.2513
vn -0.9297 -0.2029 -0.3075
vn -0.4990 -0.7093 -0.4979
vn 0.6948 -0.6811 -0.2312
vn 0.2319 -0.6714 0.7039
vn -0.5966 -0.6649 0.4494
vn -0.9501 -0.1536 -0.2715
vn -0.9204 -0.0033 -0.3909
vn -0.1695 -0.0615 -0.9836
vn 0.3095 -0.3866 -0.8688
vn 0.8545 -0.0224 -0.5190
vn 0.5165 0.0112 -0.8562
vn 0.9769 0.0424 -0.2093
vn 0.9105 -0.3232 0.2578
vn 0.6824 0.0288 0.7304
vn 0.6250 -0.1440 -0.7672
vn 0.9646 -0.0685 -0.2546
vn -0.8109 -0.3819 -0.4433
vn -0.8862 -0.4633 0.0040
vn -0.9682 -0.2271 -0.1048
vn -0.7970 -0.1241 -0.5911
vn -0.9195 -0.2486 0.3044
vn -0.4909 0.0160 0.8711
vn -0.0384 0.1544 0.9873
vn -0.8768 0.0477 0.4784
vn -0.9680 -0.0098 0.2509
vn -0.9755 -0.1495 0.1614
vn -0.9993 0.0335 -0.0141
vn 0.0030 0.0039 -1.0000
vn 0.5443 -0.0117 -0.8388
vn -0.8910 0.0477 -0.4516
vn 0.9589 -0.1115 -0.2609
vn 0.7558 -0.0317 -0.6541
vn -0.9849 -0.1459 -0.0934
vn 0.9320 -0.1526 -0.3288
vn 0.9406 -0.1310 0.3131
vn 0.9069 -0.3174 0.2771
vn 0.9657 -0.1467 -0.2144
vn 0.9188 -0.1323 0.3719
vn 0.0918 -0.1401 -0.9859
vn 0.2330 -0.7375 -0.6339
vn 0.6865 -0.3696 -0.6262
vn 0.1764 -0.0236 -0.9840
vn 0.1461 -0.0647 -0.9872
vn 0.1600 0.0573 -0.9855
vn 0.5643 0.0101 -0.8255
vn 0.5727 -0.0464 0.8185
vn 0.9392 0.3279 0.1018
vn 0.6140 -0.0129 -0.7892
vn 0.9182 -0.1365 -0.3719
vn 0.9589 -0.1115 0.2609
vn -0.0942 0.0309 0.9951
vn -0.5158 -0.0827 0.8527
vn 0.1473 0.0334 0.9885
vn 0.5443 -0.0117 0.8388
vn 0.0104 -0.0141 0.9998
vn -0.3573 0.2063 0.9109
vn 0.2412 0.5619 -0.7912
vn 0.4984 0.3009 -0.8131
vn 0.6513 0.7573 -0.0492
vn 0.1652 0.9712 -0.1716
vn -0.0297 0.6631 -0.7480
vn -0.2418 0.9426 -0.2304
vn -0.6863 0.6918 -0.2248
vn -0.3762 -0.0675 -0.9241
vn -0.8114 -0.0280 -0.5838
vn -0.4285 0.0423 -0.9025
vn -0.1791 -0.0327 -0.9833
vn -0.1326 -0.0633 -0.9892
vn 0.1358 -0.0000 0.9907
vn 0.6855 -0.3690 0.6277
vn 0.2330 -0.7375 0.6339
vn 0.8366 -0.5178 -0.1790
vn 0.4035 -0.9149 0.0106
vn 0.7643 -0.6291 0.1420
vn 0.3790 -0.1937 0.9049
vn 0.2716 0.9438 -0.1883
vn 0.9657 0.0634 -0.2517
vn -0.9984 -0.0566 -0.0066
vn -0.1791 -0.0327 0.9833
vn -0.4285 0.0423 0.9025
vn -0.7809 -0.0321 0.6238
vn -0.2996 0.5321 0.7919
vn -0.6902 0.6880 0.2241
vn -0.2418 0.9426 0.2304
vn -0.0297 0.6631 0.7480
vn 0.1652 0.9712 0.1716
vn 0.6513 0.7573 0.0492
vn 0.3598 0.0177 -0.9329
vn 0.9408 -0.1168 -0.3183
vn 0.9506 0.3037 -0.0647
vn 0.2313 -0.4493 0.8629
vn 0.5117 -0.3552 0.7823
vn 0.1406 -0.1083 0.9841
vn -0.1471 -0.4663 0.8723
vn -0.2608 -0.0276 0.9650
vn -0.5802 -0.3099 0.7532
vn -0.5189 -0.1155 -0.8470
vn -0.4946 -0.3750 -0.7841
vn -0.5267 -0.3469 -0.7761
vn -0.5081 0.0966 -0.8559
vn -0.1575 -0.1199 -0.9802
vn -0.6032 -0.1215 0.7883
vn -0.9375 -0.0948 -0.3348
vn -0.7974 0.0310 0.6026
vn 0.4810 -0.8711 -0.0989
vn -0.0871 -0.9848 -0.1504
vn 0.3010 -0.8399 -0.4515
vn 0.5449 -0.6509 -0.5286
vn 0.9340 -0.3292 -0.1388
vn 0.7991 -0.5811 0.1541
vn 0.1832 -0.9713 0.1515
vn -0.0640 -0.9924 0.1047
vn -0.3768 -0.9262 0.0083
vn -0.1496 -0.9257 0.3473
vn -0.6596 -0.7325 0.1684
vn -0.7324 -0.6637 -0.1522
vn -0.1902 -0.9105 -0.3671
vn -0.6933 -0.5757 -0.4335
vn 0.3136 -0.8336 0.4547
vn -0.7051 -0.5516 0.4455
vn 0.9571 0.2861 -0.0452
vn 0.9893 0.0887 -0.1163
vn 0.8704 -0.4781 0.1173
vn 0.0733 -0.9973 -0.0008
vn -0.0997 -0.9631 -0.2499
vn 0.0102 -0.9741 -0.2258
vn 0.0114 -0.9682 0.2500
vn -0.1212 -0.9018 0.4148
vn -0.4663 -0.8809 0.0815
vn 0.0092 -0.9996 -0.0262
vn 0.2273 -0.9299 -0.2892
vn 0.2767 -0.9528 0.1253
vn 0.0468 -0.9462 0.3202
vn 0.0319 -0.9505 -0.3092
vn -0.2759 -0.7392 -0.6144
vn -0.7245 -0.6891 -0.0163
vn -0.1062 -0.9927 -0.0568
vn -0.6462 -0.1177 -0.7541
vn -0.7954 0.0018 -0.6061
vn -0.9100 -0.0155 0.4144
vn -0.7749 -0.1319 0.6182
vn -0.9360 -0.0070 0.3519
vn -0.4761 0.0263 -0.8790
vn -0.8658 0.2609 -0.4269
vn 0.3925 0.0850 0.9158
vn 0.5305 0.0203 0.8475
vn -0.5163 -0.2888 0.8062
vn -0.5189 -0.1155 0.8470
vn -0.7340 -0.1840 0.6537
vn -0.9160 0.0311 0.4000
vn 0.4638 0.8231 -0.3277
vn 0.1646 0.9255 -0.3412
vn -0.1995 0.8793 -0.4325
vn 0.9650 0.0298 -0.2606
vn -0.9719 -0.1991 0.1256
vn -0.9282 -0.0096 0.3720
vn -0.9575 0.0201 -0.2877
vn 0.6067 0.0384 0.7940
vn 0.1586 0.0689 0.9849
vn -0.9976 0.0697 -0.0055
vn -0.9579 0.2765 -0.0772
vn -0.9406 0.3275 -0.0900
vn -0.9602 0.2787 0.0182
vn -0.9921 0.1225 0.0266
vn -0.9933 0.1138 -0.0206
vn -0.8774 -0.4277 -0.2172
vn 0.2524 -0.8485 -0.4650
vn -0.4924 -0.7904 -0.3644
vn -0.8283 -0.5525 -0.0931
vn -0.8108 -0.2524 -0.5281
vn -0.6860 -0.4395 -0.5799
vn -0.2125 -0.9124 -0.3498
vn -0.6945 -0.7120 -0.1030
vn -0.1038 -0.9945 0.0157
vn 0.0708 -0.9867 -0.1466
vn 0.5703 -0.7480 -0.3396
vn 0.7239 -0.1837 0.6650
vn 0.9816 -0.1225 -0.1464
vn 0.6484 -0.5409 -0.5357
vn 0.6082 -0.7878 -0.0971
vn 0.8312 -0.3268 -0.4498
vn 0.9611 -0.2731 0.0425
vn 0.7314 -0.6089 0.3070
vn -0.5958 -0.6289 0.4996
vn -0.4573 -0.7500 0.4779
vn -0.7367 -0.2649 0.6222
vn -0.8415 -0.4654 0.2744
vn -0.9404 -0.1756 0.2912
vn -0.9645 -0.2476 -0.0918
vn 0.3608 -0.8264 0.4323
vn 0.6812 -0.3802 0.6256
vn 0.5469 -0.7277 0.4140
vn 0.0366 -0.9728 0.2286
vn 0.0589 -0.9830 0.1738
vn -0.3154 -0.8591 -0.4032
vn 0.4895 -0.8385 -0.2392
vn 0.9053 -0.3989 0.1461
vn 0.5685 -0.3316 0.7529
vn -0.3226 -0.6024 0.7301
vn 0.9653 0.0314 0.2594
vn -0.1995 0.8793 0.4325
vn 0.1646 0.9255 0.3412
vn 0.4638 0.8231 0.3277
vn -0.5267 -0.0437 -0.8489
vn -0.6591 0.1570 -0.7355
vn -0.0348 0.0166 -0.9993
vn 0.1072 0.3812 -0.9183
vn -0.1965 0.3005 -0.9333
vn -0.6257 0.6986 -0.3471
vn 0.1407 -0.1113 -0.9838
vn 0.1224 -0.9774 -0.1724
vn -0.1096 -0.8828 0.4569
vn -0.7186 -0.6375 -0.2778
vn -0.3310 -0.4858 -0.8090
vn 0.5055 -0.4456 -0.7388
vn 0.8296 -0.5396 -0.1431
vn 0.5577 -0.8294 0.0344
vn 0.7140 0.4959 -0.4943
vn 0.3802 0.0555 -0.9232
vn -0.5105 -0.3932 -0.7647
vn -0.0048 -0.6792 -0.7339
vn 0.5964 -0.0147 -0.8026
vn 0.9392 0.3279 -0.1018
vn 0.6812 0.1429 -0.7180
vn 0.9606 0.0425 -0.2746
vn 0.7362 -0.4524 0.5033
vn 0.9959 0.0227 0.0870
vn 0.5290 -0.0119 0.8485
vn -0.0848 -0.2963 0.9513
vn -0.8121 -0.4491 0.3726
vn -0.5426 -0.1672 0.8232
vn -0.9380 -0.2034 0.2806
vn -0.9518 -0.1982 -0.2341
vn 0.9618 0.0498 0.2693
vn 0.3249 0.9014 0.2862
vn 0.2782 -0.1682 -0.9457
vn 0.7436 -0.6245 -0.2389
vn 0.3185 -0.9439 -0.0874
vn 0.9960 -0.0089 0.0885
vn 0.9055 -0.4179 -0.0735
vn 0.9835 -0.0082 0.1810
vn 0.9493 0.2119 0.2321
vn 0.9067 0.4174 0.0603
vn 0.9449 0.2937 -0.1446
vn 0.2553 -0.8696 0.4227
vn 0.2878 -0.9539 0.0852
vn -0.1371 -0.9867 -0.0874
vn -0.3207 -0.8145 0.4835
vn -0.8268 -0.4099 -0.3851
vn -0.8267 -0.4997 0.2584
vn -0.9544 -0.1917 0.2289
vn -0.8968 -0.2008 -0.3942
vn -0.3530 -0.1165 -0.9283
vn -0.0818 -0.4299 -0.8992
vn 0.5425 -0.0330 -0.8394
vn 0.7522 -0.3722 -0.5437
vn 0.9982 0.0198 -0.0563
vn 0.9926 -0.0306 0.1178
vn 0.9992 0.0270 0.0304
vn 0.9372 0.0094 0.3488
vn 0.8019 0.2055 -0.5610
vn 0.9610 0.0361 -0.2741
vn -0.9861 -0.1531 -0.0653
vn -0.9723 -0.1534 0.1765
vn -0.9902 0.1212 -0.0700
vn -0.9169 -0.0852 -0.3898
vn 0.1072 0.3812 0.9183
vn -0.1965 0.3005 0.9333
vn -0.0296 -0.6410 0.7670
vn -0.4790 -0.3956 0.7836
vn 0.3802 0.0555 0.9232
vn 0.7140 0.4959 0.4943
vn -0.9486 0.1963 0.2483
vn -0.7484 0.3474 0.5650
vn -0.6257 0.6986 0.3471
vn -0.3618 -0.0636 0.9301
vn 0.5528 -0.3842 0.7394
vn -0.9499 0.1148 0.2906
vn -0.5012 -0.1239 -0.8564
vn -0.9321 -0.3030 -0.1986
vn -0.5758 -0.2589 -0.7756
vn 0.0571 0.0152 -0.9983
vn 0.1707 0.0159 -0.9852
vn 0.9926 -0.0306 -0.1178
vn 0.8193 0.0628 -0.5700
vn 0.9836 0.0765 0.1635
vn -0.9413 0.1027 0.3216
vn -0.9796 0.1161 -0.1640
vn -0.4620 -0.7385 0.4911
vn 0.0144 -0.9258 0.3779
vn -0.1490 -0.9697 0.1935
vn -0.6892 -0.3066 0.6565
vn 0.3759 -0.9264 -0.0196
vn 0.0587 -0.0348 0.9977
vn 0.3802 -0.7754 0.5042
vn 0.9883 0.1523 -0.0013
vn 0.9988 -0.0115 0.0468
vn 0.9990 0.0030 -0.0443
vn 0.9890 0.0045 -0.1481
vn -0.8803 -0.2142 0.4233
vn -0.7798 -0.6248 0.0393
vn -0.9775 0.1491 0.1492
vn 0.9380 -0.1061 0.3299
vn 0.2400 -0.7421 -0.6258
vn -0.1481 -0.9644 -0.2193
vn 0.0144 -0.9258 -0.3779
vn -0.4664 -0.7261 -0.5052
vn -0.4023 0.0540 -0.9139
vn -0.8015 -0.0381 -0.5967
vn -0.6708 -0.3088 -0.6743
vn 0.1707 0.0159 0.9852
vn 0.8193 0.0628 0.5699
vn 0.4804 0.1586 0.8626
vn 0.0571 0.0152 0.9983
vn -0.4981 -0.1136 0.8597
vn -0.5758 -0.2589 0.7756
vn -0.9321 -0.3030 0.1986
vn 0.4804 0.1586 -0.8626
vn -0.8105 0.1681 -0.5611
vn 0.9459 0.0282 -0.3232
vn -0.2325 -0.9384 -0.2556
vn -0.9815 0.1613 0.1031
vn -1.0000 -0.0011 -0.0064
vn -0.9749 0.1811 -0.1297
vn -0.1522 -0.7940 0.5885
vn 0.1555 0.3800 0.9118
vn 0.7133 0.6704 0.2043
vn 0.8466 0.4042 -0.3463
vn 0.8984 0.0196 -0.4388
vn -0.9139 0.0214 -0.4054
vn -0.7034 0.1080 -0.7026
vn -0.9487 0.0261 -0.3150
vn 0.8428 -0.1301 0.5223
vn 0.9956 0.0335 0.0880
vn 0.8990 0.1467 0.4127
vn 0.7992 0.2408 0.5508
vn -0.9580 -0.0336 0.2847
vn 0.1617 0.0545 -0.9853
vn 0.7928 0.2206 -0.5681
vn 0.9677 0.0493 -0.2473
vn -0.9315 0.1015 -0.3492
vn -0.5798 0.0348 -0.8140
vn -0.8198 0.3255 -0.4711
vn -0.3190 0.1891 -0.9287
vn 0.9459 0.0282 0.3232
vn 0.9506 0.3037 0.0647
vn 0.9471 0.2023 0.2493
vn 0.8678 0.2985 0.3973
vn 0.0418 -0.0366 -0.9985
vn 0.3211 -0.2606 -0.9105
vn -0.7473 0.3481 -0.5660
vn -0.3618 -0.0636 -0.9301
vn -0.9282 -0.0918 -0.3607
vn -0.9609 0.2016 -0.1898
vn -0.8931 -0.3271 -0.3088
vn -0.5013 -0.0528 -0.8637
vn 0.9577 0.2329 0.1688
vn 0.5481 0.1646 0.8201
vn -0.3194 -0.1011 0.9422
vn -0.7904 0.4982 -0.3565
vn -0.4694 0.4543 0.7572
vn -0.4694 0.4543 -0.7572
vn -0.7865 0.5032 0.3580
vn -0.6819 0.0581 0.7291
vn -0.9830 -0.1833 0.0130
vn 0.9790 0.2038 0.0091
vn 0.8047 0.2384 -0.5437
vn -0.9676 0.0201 -0.2517
vn -0.8816 0.2193 -0.4179
vn -0.4628 0.2065 -0.8620
vn -0.5905 0.0725 0.8037
vn -0.3952 0.1106 0.9119
vn 0.9408 -0.1168 0.3183
vn 0.4131 0.0276 0.9103
vn 0.5528 -0.3842 -0.7394
vn 0.3723 -0.8388 -0.3972
vn 0.8178 -0.3774 -0.4346
vn 0.6181 0.1923 -0.7622
vn -0.9363 -0.0017 -0.3512
vn -0.9636 -0.0412 0.2642
vn -0.9428 0.2214 -0.2492
vn -0.6510 0.0991 -0.7526
vn -0.9362 0.1572 0.3143
vn -0.9993 -0.0357 0.0108
vn -0.8772 -0.4605 0.1356
vn -0.9868 -0.0246 -0.1600
vn -0.9428 0.2214 0.2493
vn -0.9193 0.1901 -0.3445
vn -0.6933 0.1946 0.6939
vn -0.9480 0.2615 0.1815
vn -0.5725 0.0326 0.8192
vn -0.9574 0.2769 -0.0817
vn -0.5259 0.2755 0.8047
vn -0.8805 0.2250 0.4172
vn 0.9728 0.1095 -0.2040
vn 0.9569 0.1638 0.2399
vn 0.8462 0.1820 0.5008
vn 0.8484 -0.4870 -0.2075
vn 0.9974 -0.0519 0.0509
vn 0.7749 0.3834 -0.5025
vn 0.9451 0.2937 -0.1432
vn -0.6912 -0.0444 -0.7213
vn -0.7202 -0.0459 -0.6922
vn 0.6741 0.2772 -0.6847
vn 0.9569 0.1638 -0.2399
vn -0.9820 -0.0096 -0.1887
vn -0.3281 0.0391 -0.9438
vn 0.0992 0.2867 -0.9529
vn 0.4732 0.4646 -0.7485
vn 0.3167 0.0617 -0.9465
vn 0.2796 0.1903 -0.9411
vn 0.7581 0.2301 -0.6102
vn 0.9326 0.3392 -0.1233
vn 0.7914 0.2238 0.5689
vn 0.4946 0.2998 0.8158
vn 0.5830 0.8125 -0.0000
vn 0.3654 0.2790 -0.8881
vn 0.9632 0.2354 -0.1297
vn -0.9991 -0.0423 -0.0066
vn -0.9212 0.3635 0.1386
vn -0.8015 -0.0381 0.5967
vn -0.4023 0.0540 0.9139
vn 0.5705 0.2805 0.7719
vn 0.9772 0.0482 0.2066
vn 0.8720 0.1455 -0.4675
vn 0.9789 -0.1636 0.1225
vn -0.8472 0.0484 0.5291
vn -0.7507 0.2960 0.5906
vn -0.8958 0.4259 0.1271
vn -0.9939 0.0954 0.0561
vn 0.8776 0.3922 -0.2758
vn 0.9642 0.2589 -0.0575
vn 0.9728 0.1095 0.2040
vn 0.9326 0.3392 0.1233
vn 0.7581 0.2301 0.6102
vn 0.3167 0.0617 0.9465
vn 0.2796 0.1903 0.9411
vn 0.1200 0.2847 0.9511
vn -0.3108 0.4526 0.8358
vn 0.4732 0.4646 0.7485
vn -0.3149 -0.2573 -0.9136
vn -0.0033 -0.0146 -0.9999
vn -0.3531 -0.8673 -0.3509
vn -0.8433 -0.3357 -0.4197
vn -0.1863 -0.5121 -0.8385
vn 0.9173 0.0663 0.3927
vn 0.9536 0.2738 -0.1253
vn -0.5747 0.2850 -0.7671
vn -0.6091 0.7931 -0.0021
vn -0.4643 0.3059 0.8312
vn -0.0942 0.2409 0.9660
vn -0.3190 0.1891 0.9287
vn -0.8558 0.3193 -0.4070
vn -0.3457 -0.6117 -0.7116
vn 0.3263 -0.6677 -0.6691
vn -0.7436 0.1036 0.6605
vn -0.6116 0.3333 0.7175
vn 0.9547 0.2714 0.1220
vn 0.6797 0.1700 0.7135
vn 0.3405 -0.8519 0.3980
vn 0.8178 -0.3774 0.4346
vn 0.3797 -0.3620 0.8513
vn -0.2060 -0.5838 0.7853
vn -0.3722 -0.8723 0.3171
vn -0.8280 -0.3771 0.4150
vn -0.6327 0.1803 0.7531
vn 0.8634 0.1239 0.4891
vn 0.9245 0.0812 0.3725
vn 0.0201 0.1050 0.9943
vn -0.4839 -0.0514 0.8736
vn 0.0102 -0.0004 0.9999
vn -0.3812 -0.3135 0.8697
vn -0.8980 -0.3171 0.3050
vn 0.3797 -0.3620 -0.8513
vn 0.2157 0.2150 -0.9525
vn 0.8066 0.1636 -0.5680
vn 0.6741 0.2772 0.6847
vn 0.4708 0.3499 0.8099
vn 0.0719 0.1879 0.9796
vn 0.1363 -0.6873 0.7135
vn 0.1190 -0.2047 0.9716
vn 0.2755 -0.2446 0.9297
vn 0.2361 -0.3250 0.9158
vn -0.4804 -0.8189 0.3139
vn -0.4529 -0.5791 -0.6779
vn -0.8348 -0.4975 0.2359
vn -0.6637 -0.4885 -0.5664
vn -0.1038 -0.1148 -0.9880
vn 0.2830 -0.6856 0.6707
vn 0.5012 -0.4601 0.7328
vn 0.0436 0.1160 0.9923
vn 0.1363 -0.6873 -0.7135
vn -0.4804 -0.8189 -0.3139
vn 0.2361 -0.3250 -0.9158
vn 0.2755 -0.2446 -0.9297
vn 0.1190 -0.2047 -0.9716
vn 0.5012 -0.4601 -0.7328
vn 0.8162 -0.3865 -0.4295
vn 0.9573 -0.2750 0.0891
vn 0.4223 -0.2557 0.8697
vn -0.5814 -0.7722 0.2563
vn -0.2992 -0.4469 0.8431
vn -0.6070 -0.3829 0.6964
vn -0.8343 -0.4969 -0.2389
vn -0.8252 0.1061 0.5547
vn -0.0754 -0.1664 0.9832
vn 0.4948 0.2270 -0.8388
vn 0.9807 0.1750 0.0876
vn 0.7633 0.4943 -0.4159
vn 0.1995 0.2302 -0.9525
vn 0.0786 0.1876 -0.9791
vn -0.9286 -0.0904 0.3599
vn -0.7141 -0.5645 0.4140
vn -0.3177 0.3460 -0.8828
vn -0.3756 0.1152 -0.9196
vn -0.2220 0.3038 -0.9265
vn -0.0858 0.6154 -0.7835
vn 0.7919 -0.5015 -0.3484
vn 0.8928 -0.3450 -0.2895
vn -0.1739 0.0504 -0.9835
vn -0.0845 -0.9651 0.2479
vn -0.0860 -0.9889 -0.1211
vn 0.3595 -0.9099 -0.2070
vn 0.3854 -0.8819 0.2715
vn 0.0718 -0.8057 0.5880
vn -0.0721 -0.9936 0.0869
vn -0.3415 -0.9321 0.1205
vn -0.4470 -0.8851 -0.1297
vn -0.1051 -0.7489 -0.6543
vn -0.7423 -0.4451 -0.5009
vn -0.3800 -0.1391 -0.9145
vn 0.2827 -0.1398 -0.9490
vn 0.4743 -0.6339 -0.6109
vn 0.5951 -0.1746 -0.7845
vn 0.8479 -0.4964 -0.1862
vn 0.9511 -0.2778 -0.1353
vn 0.7400 -0.6699 0.0600
vn 0.9235 -0.3095 -0.2264
vn 0.7903 -0.5831 -0.1884
vn 0.3165 -0.9434 0.0986
vn -0.3216 0.1930 0.9270
vn -0.2329 0.8434 0.4841
vn -0.1616 0.3240 -0.9321
vn -0.8307 -0.3497 -0.4331
vn 0.8114 0.5414 -0.2204
vn -0.2329 0.8434 -0.4841
vn 0.0658 0.1365 -0.9885
vn -0.1628 -0.0339 -0.9861
vn -0.0845 -0.9651 -0.2479
vn 0.3854 -0.8819 -0.2715
vn 0.3234 -0.8227 0.4675
vn -0.1572 -0.8141 0.5590
vn -0.4296 -0.7381 0.5203
vn -0.3415 -0.9321 -0.1205
vn -0.0721 -0.9936 -0.0869
vn 0.0718 -0.8057 -0.5880
vn 0.7400 -0.6699 -0.0600
vn 0.3165 -0.9434 -0.0986
vn 0.7903 -0.5831 0.1884
vn 0.9235 -0.3095 0.2264
vn 0.9511 -0.2778 0.1353
vn 0.7641 -0.4992 0.4085
vn 0.5544 -0.3052 0.7743
vn 0.1947 -0.3891 0.9004
vn 0.2157 0.2150 0.9525
vn -0.5173 0.0664 0.8532
vn -0.7905 0.1820 0.5848
vn -0.4368 0.2396 0.8671
vn -0.7803 0.4460 0.4385
vn -0.9376 0.3282 0.1149
vn -0.0835 -0.1170 0.9896
vn -0.6334 -0.5316 0.5623
vn 0.8928 -0.3450 0.2895
vn 0.7919 -0.5015 0.3484
vn 0.3165 -0.2905 0.9030
vn 0.0308 -0.0308 0.9991
vn -0.3368 0.2086 0.9182
vn 0.1380 0.0444 -0.9894
vn 0.4293 0.2727 -0.8610
vn 0.6797 0.1700 -0.7135
vn 0.8031 0.4661 -0.3711
vn -0.0047 -0.9998 -0.0181
vn -0.3427 -0.8627 -0.3718
vn 0.4443 -0.8114 -0.3797
vn 0.8466 -0.5322 0.0038
vn 0.6733 -0.7393 0.0093
vn -0.3845 -0.9230 0.0139
vn -0.8445 -0.5356 0.0041
vn -0.5173 0.0664 -0.8532
vn -0.8252 0.4350 -0.3604
vn -0.2745 0.7264 -0.6301
vn -0.3133 -0.9494 -0.0223
vn -0.4126 -0.9076 -0.0771
vn -0.6327 0.1803 -0.7531
vn 0.3874 -0.2546 -0.8861
vn -0.2228 0.6098 -0.7606
vn 0.6005 -0.7310 -0.3241
vn 0.1221 -0.3863 -0.9143
vn -0.2376 -0.2323 0.9432
vn 0.2628 -0.4766 0.8389
vn -0.2762 -0.3284 0.9032
vn -0.2376 -0.2323 -0.9432
vn -0.2762 -0.3284 -0.9032
vn 0.2628 -0.4766 -0.8389
vn 0.9357 0.3379 0.1015
vn -0.3180 -0.9477 0.0267
vn -0.4120 -0.9077 0.0793
vn 0.3874 -0.2546 0.8861
vn -0.2228 0.6098 0.7606
vn 0.1221 -0.3863 0.9143
vn 0.6005 -0.7310 0.3241
vn 0.6181 0.1923 0.7622
vn -0.2065 -0.3862 0.8990
vn 0.2567 0.5851 0.7693
vn 0.4181 0.7972 0.4355
vn 0.8066 0.1636 0.5680
vn 0.1873 0.0329 0.9817
vn 0.4690 0.2495 0.8472
vn -0.0051 -0.9998 0.0202
vn 0.6733 -0.7393 -0.0093
vn 0.8465 -0.5324 -0.0030
vn 0.4646 -0.8255 0.3203
vn -0.3111 -0.9131 0.2635
vn -0.8444 -0.5357 -0.0038
vn -0.3845 -0.9230 -0.0139
vn -0.8733 -0.4025 -0.2745
vn -0.9246 -0.3809 0.0094
vn -0.9728 0.1873 -0.1364
vn -0.8061 0.0416 -0.5903
vn -0.3242 -0.3568 -0.8761
vn 0.0045 -0.2091 -0.9779
vn 0.7782 -0.3050 -0.5490
vn 0.8189 -0.4619 -0.3405
vn 0.9758 -0.2188 0.0034
vn 0.9998 -0.0191 -0.0016
vn 0.9996 -0.0158 0.0248
vn 0.9999 0.0063 0.0157
vn 0.8496 -0.5274 0.0046
vn -0.9285 -0.3713 -0.0016
vn -0.6484 -0.7587 -0.0625
vn -0.7334 -0.5745 -0.3635
vn -0.9267 -0.3757 0.0123
vn -0.9125 -0.4083 -0.0255
vn -0.9301 -0.3658 -0.0333
vn 0.4181 0.7972 -0.4355
vn 0.2567 0.5851 -0.7693
vn -0.2065 -0.3862 -0.8990
vn 0.2198 -0.9753 0.0207
vn 0.3232 -0.9463 -0.0018
vn -0.0958 0.2379 0.9665
vn -0.5385 0.6133 0.5778
vn -0.7346 0.5318 0.4213
vn -0.8287 0.3285 0.4530
vn 0.7825 -0.6223 0.0220
vn 0.4643 -0.8857 -0.0016
vn -0.1406 -0.9901 0.0027
vn -0.5947 -0.7566 -0.2718
vn -0.7116 -0.7026 0.0026
vn -0.3586 -0.7540 -0.5504
vn -0.3951 -0.3605 -0.8449
vn -0.6481 -0.7591 0.0613
vn 0.2197 -0.9753 -0.0212
vn -0.9285 -0.3713 0.0016
vn -0.7334 -0.5745 0.3635
vn -0.5909 -0.7601 0.2705
vn 0.8495 -0.5276 -0.0050
vn 0.9998 -0.0191 0.0016
vn 0.9353 -0.3540 -0.0006
vn -0.1406 -0.9901 -0.0027
vn 0.7854 -0.6186 -0.0234
vn -0.7300 0.5239 -0.4388
vn -0.5142 0.6313 -0.5806
vn -0.1131 0.2414 -0.9638
vn -0.1016 0.2209 -0.9700
vn -0.7917 -0.5104 0.3358
vn -0.9246 -0.3809 -0.0094
vn -0.9267 -0.3757 -0.0123
vn 0.6416 0.1502 0.7521
vn 0.9527 0.2485 0.1752
vn 0.7863 0.4657 0.4059
vn 0.3654 0.2791 0.8881
vn -0.2137 -0.1012 0.9716
vn -0.2811 -0.2009 0.9384
vn -0.6323 -0.3835 0.6732
vn -0.6532 0.5641 0.5050
vn 0.3607 0.5213 0.7734
vn -0.5361 0.5839 0.6097
vn 0.4664 0.5188 0.7165
vn 0.4554 -0.3471 0.8198
vn -0.0431 -0.1929 0.9803
vn -0.2451 -0.1887 0.9509
vn -0.5284 -0.1238 0.8399
vn -0.7986 -0.3519 0.4883
vn 0.8412 -0.3032 0.4478
vn 0.9758 -0.2188 -0.0034
vn 0.8097 -0.4750 0.3446
vn 0.0103 -0.2223 0.9749
vn -0.2065 -0.4177 0.8848
vn 0.9998 0.0066 -0.0166
vn 0.9996 -0.0158 -0.0248
vn -0.8061 0.0416 0.5903
vn -0.8734 -0.2974 0.3857
vn -0.8209 -0.5209 0.2342
vn -0.8765 -0.4481 -0.1759
vn -0.4368 0.2396 -0.8671
vn -0.1594 0.2295 -0.9602
vn -0.4263 -0.9045 -0.0093
vn -0.8302 -0.5321 -0.1663
vn -0.8747 -0.2836 -0.3930
vn -0.4248 -0.1932 0.8844
vn -0.6527 0.1433 -0.7439
vn -0.8444 0.5215 0.1228
vn -0.8389 0.4786 -0.2592
vn 0.3961 -0.2842 -0.8731
vn -0.4488 -0.5170 -0.7289
vn 0.5475 -0.6229 -0.5588
vn 0.9573 -0.2750 -0.0891
vn 0.8162 -0.3865 0.4295
vn 0.5490 -0.2365 0.8017
vn 0.2023 -0.0770 0.9763
vn 0.7909 0.6117 0.0184
vn 0.9994 0.0332 -0.0011
vn -0.3162 -0.9487 -0.0000
vn -0.4263 -0.9045 0.0093
vn -0.6510 -0.7588 0.0211
vn -0.6530 -0.7571 -0.0207
vn -0.3586 -0.7540 0.5504
vn -0.4124 -0.5934 0.6912
vn -0.5939 -0.8045 0.0099
vn -0.4168 -0.5930 -0.6889
vn -0.8302 -0.5321 0.1663
vn 0.6740 0.5130 0.5316
vn 0.6755 -0.3049 -0.6713
vn 0.5208 0.4929 -0.6970
vn -0.2571 0.7842 -0.5647
vn -0.3951 -0.3605 0.8449
vn -0.9125 -0.4083 0.0255
vn -0.5072 0.7403 0.4413
vn -0.0325 0.9566 0.2895
vn 0.0575 -0.0032 0.9983
vn 0.7910 0.6115 -0.0193
vn -0.8936 -0.2968 -0.3368
vn -0.7882 -0.5177 -0.3329
vn -0.3121 -0.1968 -0.9294
vn -0.6052 -0.7179 -0.3440
vn -0.1697 -0.9746 0.1461
vn 0.3523 0.0662 -0.9335
vn -0.9301 -0.3658 0.0333
vn -0.8252 0.4350 0.3604
vn -0.2745 0.7264 0.6301
vn -0.1739 0.0504 0.9835
vn -0.2329 0.3392 0.9114
vn -0.1594 0.2295 0.9602
vn -0.0158 0.6628 0.7487
vn -0.9728 0.1873 0.1364
vn 0.9470 0.2024 -0.2494
vn 0.8660 0.2927 -0.4054
vn 0.4793 0.4644 -0.7447
vn 0.8862 0.4436 -0.1341
vn 0.8265 0.5262 0.1998
vn -0.1715 -0.7428 -0.6472
vn -0.0000 -0.9239 -0.3827
vn -0.7080 -0.7045 0.0491
vn -0.5711 -0.4829 -0.6638
vn -0.5411 0.0054 -0.8410
vn -0.0021 -0.3822 -0.9241
vn 0.5416 -0.6773 -0.4979
vn 0.3335 -0.1498 -0.9308
vn 0.7592 -0.0162 -0.6507
vn 0.9684 -0.1828 -0.1698
vn 0.6078 -0.7076 0.3604
vn 0.1853 -0.9777 0.0984
vn 0.0149 -0.9463 0.3230
vn 0.4686 -0.4463 0.7624
vn -0.4132 -0.7010 0.5812
vn -0.7290 -0.0596 -0.6819
vn -0.8094 -0.1822 -0.5583
vn -0.7020 0.0059 -0.7122
vn -0.4273 -0.0037 -0.9041
vn -0.5500 0.0549 -0.8334
vn -0.0238 0.1943 -0.9806
vn -0.1554 0.1181 -0.9808
vn -0.2946 -0.1703 0.9403
vn -0.6199 -0.7044 0.3459
vn -0.9174 -0.1601 0.3642
vn 0.4311 -0.8814 -0.1932
vn -0.5429 -0.8377 -0.0601
vn -0.4891 -0.4623 -0.7396
vn 0.5032 -0.3193 -0.8030
vn 0.9378 -0.2967 -0.1801
vn 0.8219 -0.4877 0.2945
vn -0.0283 -0.7425 0.6693
vn -0.9791 -0.1676 -0.1152
vn -0.8673 -0.4687 0.1674
vn -0.9513 -0.2505 -0.1798
vn -0.8847 0.3217 -0.3374
vn 0.9005 -0.3099 0.3050
vn 0.5242 -0.3426 0.7796
vn -0.4288 -0.5716 0.6996
vn -0.7972 0.6035 0.0165
vn -0.9390 0.3343 -0.0809
vn 0.8709 0.4280 0.2418
vn -0.9408 -0.2907 -0.1744
vn -0.9815 -0.0203 0.1903
vn -0.9739 0.0581 -0.2193
vn -0.2653 -0.9638 -0.0251
vn 0.4246 -0.9052 0.0185
vn 0.3032 -0.9522 0.0378
vn -0.2800 -0.9600 0.0024
vn -0.3346 -0.9422 0.0187
vn -0.4730 -0.6908 -0.5469
vn -0.3292 -0.6025 -0.7271
vn 0.4018 -0.5835 -0.7057
vn -0.2615 -0.0637 -0.9631
vn 0.1687 0.1337 -0.9766
vn 0.7555 0.0087 -0.6551
vn 0.9021 -0.3799 -0.2048
vn 0.9794 -0.0000 -0.2021
vn 0.8933 -0.4494 0.0093
vn -0.9022 -0.4229 -0.0850
vn -0.9014 -0.4084 -0.1442
vn -0.8702 -0.4052 -0.2802
vn 0.0575 -0.0032 -0.9983
vn -0.1019 0.9615 -0.2554
vn -0.5072 0.7403 -0.4413
vn -0.2571 0.7842 0.5647
vn 0.5208 0.4929 0.6970
vn 0.6614 -0.2947 0.6897
vn -0.6790 0.6721 -0.2954
vn -0.6533 0.3520 -0.6702
vn 0.4960 -0.8683 -0.0018
vn 0.5605 -0.8220 -0.1005
vn -0.2142 -0.9768 -0.0040
vn 0.5538 -0.8262 0.1035
vn 0.8968 0.4153 0.1527
vn 0.7199 0.6507 -0.2416
vn 0.6787 0.7093 0.1902
vn 0.7355 0.4353 0.5192
vn -0.8702 -0.4052 0.2802
vn -0.9014 -0.4084 0.1442
vn -0.9022 -0.4229 0.0851
vn -0.5191 -0.6827 -0.5143
vn 0.0252 -0.8004 -0.5989
vn -0.5389 -0.6833 0.4927
vn -0.9632 -0.1863 -0.1936
vn -0.6442 -0.6400 -0.4188
vn -0.2858 -0.1874 -0.9398
vn 0.3009 -0.5657 -0.7678
vn 0.6455 -0.7465 -0.1614
vn 0.7872 -0.4454 0.4266
vn 0.2585 -0.6858 0.6804
vn -0.0141 -0.9929 0.1183
vn 0.8022 0.4444 -0.3986
vn 0.0079 -0.4696 0.8829
vn -0.3084 -0.1639 0.9370
vn -0.5911 0.0202 0.8064
vn -0.9688 -0.1979 0.1493
vn 0.5903 -0.0133 0.8071
vn -0.0000 -0.0000 1.0000
vn -0.0812 0.1459 -0.9860
vn -0.0305 0.1318 -0.9908
vn -0.0991 0.0077 -0.9950
vn 0.8059 -0.4030 -0.4336
vn -0.9490 0.2542 -0.1865
vn -0.8625 0.4908 -0.1236
vn -0.7111 0.4339 -0.5532
vn -0.8029 0.4729 -0.3629
vn -0.2995 0.5010 -0.8120
vn 0.0162 0.4737 -0.8806
vn -0.0000 -0.0985 -0.9951
vn 0.2288 -0.0309 -0.9730
vn 0.4273 0.4847 -0.7632
vn 0.3099 0.3289 -0.8921
vn 0.2336 0.6627 -0.7115
vn 0.0999 0.3673 -0.9247
vn 0.1371 0.2515 -0.9581
vn -0.7797 0.4936 -0.3854
vn 0.0270 -0.9987 -0.0440
vn -0.9536 -0.1233 -0.2747
vn 0.0235 -0.0898 -0.9957
vn -0.3025 -0.2451 -0.9211
vn 0.6321 -0.5080 -0.5851
vn 0.8174 -0.4846 -0.3115
vn 0.4125 -0.3337 -0.8476
vn 0.9068 -0.3110 0.2846
vn 0.9890 -0.0102 -0.1478
vn 0.9996 -0.0240 0.0158
vn 0.8962 0.4406 -0.0520
vn 0.7265 -0.1600 -0.6682
vn -0.6277 0.1627 0.7613
vn -0.8284 -0.3186 0.4608
vn -0.8852 -0.4653 0.0004
vn -0.9387 -0.3438 0.0266
vn -0.9381 -0.3452 -0.0263
vn 0.2430 -0.9698 0.0199
vn 0.6566 -0.4814 0.5806
vn -0.0316 -0.7537 0.6565
vn -0.1614 -0.9868 0.0088
vn -0.4187 0.5978 -0.6836
vn -0.2854 0.8714 -0.3990
vn -0.6923 0.6736 0.2589
vn -0.4643 0.3059 -0.8312
vn -0.6500 0.6131 0.4490
vn -0.2119 -0.9772 -0.0113
vn -0.1470 -0.6894 0.7093
vn -0.0298 -0.9944 -0.1019
vn -0.2991 -0.9542 -0.0005
vn -0.6923 0.6736 -0.2589
vn -0.2834 0.8698 0.4039
vn -0.4033 0.5877 0.7014
vn 0.6321 -0.5080 0.5851
vn 0.2023 -0.0770 -0.9763
vn -0.6040 0.2082 -0.7693
vn 0.5490 -0.2365 -0.8017
vn -0.0465 -0.0058 0.9989
vn -0.1079 -0.0156 0.9940
vn -0.7946 -0.2525 0.5521
vn -0.5707 -0.2377 0.7860
vn -0.7522 -0.2559 -0.6072
vn -0.4567 0.4879 -0.7439
vn 0.3578 -0.2688 -0.8943
vn 0.9545 -0.2842 -0.0909
vn 0.4125 -0.3337 0.8476
vn 0.8174 -0.4846 0.3115
vn 0.6376 0.0341 0.7696
vn 0.2441 0.0448 0.9687
vn 0.0238 -0.1273 0.9916
vn 0.8539 0.4985 -0.1496
vn -0.9238 0.3781 -0.0593
vn -0.8274 0.5538 -0.0937
vn -0.1590 -0.9473 0.2782
vn 0.0033 -0.9697 -0.2443
vn 0.7783 -0.5694 0.2648
vn 0.5617 -0.4017 0.7233
vn -0.4486 -0.5757 0.6836
vn -0.3973 -0.8664 0.3025
vn -0.3024 -0.9412 -0.1503
vn -0.0529 -0.8160 -0.5756
vn -0.1123 -0.8209 -0.5600
vn -0.1131 -0.4300 -0.8957
vn 0.4742 -0.5598 -0.6795
vn 0.3880 -0.8801 -0.2737
vn 0.2685 -0.9509 -0.1537
vn 0.3731 -0.8896 0.2637
vn 0.6027 -0.6738 0.4275
vn -0.7111 0.4339 0.5533
vn -0.8625 0.4908 0.1235
vn 0.4946 0.2998 -0.8158
vn 0.8606 0.4536 -0.2316
vn 0.3099 0.3289 0.8921
vn 0.1371 0.2515 0.9581
vn 0.0999 0.3673 0.9247
vn 0.2336 0.6627 0.7115
vn 0.2095 -0.5498 -0.8086
vn 0.9801 -0.1574 0.1210
vn 0.9664 0.0024 -0.2569
vn 0.6845 -0.6023 -0.4108
vn 0.9883 -0.0248 0.1506
vn 0.9096 0.4153 0.0123
vn 0.7956 0.5293 0.2947
vn -0.0757 -0.0502 0.9959
vn 0.0335 -0.1573 0.9870
vn -0.0501 0.1131 0.9923
vn -0.0495 0.4680 0.8823
vn -0.2421 0.3373 0.9097
vn -0.5534 -0.5953 -0.5825
vn -0.0523 -0.9982 -0.0305
vn -0.7002 -0.7136 -0.0213
vn -0.9963 -0.0555 -0.0655
vn -0.9843 0.0194 -0.1753
vn -0.6260 -0.0500 -0.7783
vn -0.1036 -0.1483 -0.9835
vn 0.5799 -0.5901 -0.5618
vn 0.1880 -0.9709 -0.1481
vn 0.8290 0.0362 -0.5581
vn -0.0852 -0.6439 -0.7604
vn -0.0005 -0.9773 -0.2121
vn -0.0332 -0.9994 -0.0015
vn -0.0001 -1.0000 0.0034
vn -0.0293 -0.9996 -0.0003
vn -0.4826 -0.8757 -0.0156
vn 0.0599 -0.5908 -0.8046
vn 0.4374 -0.7649 -0.4728
vn 0.4961 -0.8682 -0.0032
vn 0.3486 -0.9316 -0.1029
vn 0.0277 -0.9996 -0.0000
vn -0.0005 -0.9773 0.2121
vn -0.0294 -0.9996 -0.0000
vn 0.8215 0.5215 -0.2306
vn -0.7141 -0.5645 -0.4140
vn -0.3096 -0.8888 -0.3379
vn -0.5710 -0.7113 -0.4099
vn -0.0632 0.3114 -0.9482
vn -0.0999 0.8685 -0.4855
vn 0.8133 0.4251 -0.3974
vn 0.7943 0.6074 0.0124
vn 0.1995 0.2302 0.9525
vn 0.2098 0.9466 -0.2447
vn 0.0654 0.3247 -0.9435
vn 0.1485 0.4115 0.8992
vn 0.1866 0.7021 0.6872
vn -0.0053 0.3576 0.9338
vn -0.0190 -0.4498 0.8929
vn -0.1541 -0.9869 0.0478
vn -0.0680 -0.5083 -0.8585
vn -0.7579 -0.3960 -0.5184
vn -0.0447 0.0472 -0.9979
vn -0.8201 0.5655 0.0870
vn 0.7878 0.4632 -0.4060
vn 0.8470 0.4975 0.1873
vn 0.9613 0.2519 0.1119
vn 0.9468 -0.2995 0.1179
vn 0.3578 -0.2688 0.8943
vn -0.4567 0.4879 0.7439
vn -0.2300 -0.4884 0.8418
vn -0.5707 -0.2377 -0.7860
vn -0.1181 -0.8402 -0.5292
vn 0.0279 -0.0087 0.9996
vn 0.1950 -0.7068 0.6800
vn -0.5674 -0.2776 0.7752
vn 0.0061 -0.0095 0.9999
vn 0.3983 0.8433 -0.3608
vn 0.1442 -0.9862 -0.0817
vn 0.6027 -0.7979 0.0098
vn 0.1330 -0.9870 0.0901
vn 0.8758 -0.4135 -0.2491
vn 0.9911 0.0172 0.1322
vn 1.0000 0.0021 0.0089
vn 0.9978 -0.0165 0.0635
vn 0.0279 -0.0087 -0.9996
vn -0.8852 -0.3534 -0.3026
vn 0.8758 -0.4135 0.2491
vn 0.3486 -0.9316 0.1029
vn 0.3068 0.8852 0.3498
vn 0.0022 -0.0096 -1.0000
vn -0.5674 -0.2776 -0.7752
vn 0.1950 -0.7068 -0.6800
vn -0.9664 -0.0538 -0.2512
vn -0.7522 -0.4016 0.5224
vn -0.0955 -0.5208 0.8483
vn -0.1760 -0.9844 0.0008
vn -0.9878 0.0609 0.1432
vn -0.6747 0.5451 0.4976
vn 0.4585 0.8825 -0.1053
vn -0.5558 0.6159 -0.5583
vn 0.9566 0.0762 0.2812
vn 0.6680 -0.1918 0.7190
vn 0.8230 0.1407 0.5504
vn -0.3056 0.0898 0.9479
vn -0.5505 -0.5474 0.6303
vn 0.5442 -0.4923 0.6794
vn -0.3096 -0.8888 0.3379
vn 0.0886 -0.9396 0.3305
vn -0.2124 0.0186 0.9770
vn -0.7020 0.0059 0.7122
vn -0.8094 -0.1822 0.5583
vn 0.3190 0.5291 0.7863
vn 0.0856 0.2000 0.9760
vn 0.4494 -0.8583 0.2475
vn 0.1618 -0.5408 0.8254
vn 0.0059 -0.0403 0.9992
vn 0.4961 -0.8682 0.0032
vn 0.4374 -0.7649 0.4728
vn 0.0599 -0.5908 0.8046
vn -0.0852 -0.6439 0.7604
vn 0.1717 -0.9762 0.1329
vn -0.1540 -0.9881 0.0040
vn -0.0376 -0.9992 0.0141
vn 0.5798 -0.5901 0.5618
vn -0.0515 -0.9986 0.0130
vn 0.8290 0.0362 0.5581
vn 0.8060 -0.4145 0.4225
vn 0.5766 0.1046 0.8103
vn 0.1282 0.0093 0.9917
vn -0.1036 -0.1483 0.9835
vn -0.5534 -0.5953 0.5825
vn -0.1043 -0.9945 0.0092
vn -0.6870 -0.7267 0.0002
vn -0.5371 -0.8435 -0.0058
vn -0.4702 -0.8817 0.0383
vn -0.6381 -0.0093 0.7699
vn -0.9843 0.0194 0.1753
vn -0.9963 -0.0555 0.0655
vn 0.1282 0.0093 -0.9917
vn 0.0494 0.0110 -0.9987
vn 0.5766 0.1046 -0.8103
vn 0.8060 -0.4145 -0.4225
vn -0.1303 -0.2023 -0.9706
vn 0.2893 -0.8466 -0.4468
vn 0.5722 -0.6318 0.5229
vn 0.6561 -0.0535 0.7528
vn -0.0582 0.4247 -0.9035
vn -0.0000 0.5257 -0.8506
vn 0.0316 0.9628 -0.2684
vn -0.0617 0.9387 -0.3392
vn 0.0551 0.5270 -0.8481
vn 0.5974 0.2764 -0.7528
vn 0.1967 0.7147 -0.6712
vn 0.6328 0.7363 -0.2395
vn 0.9791 0.0990 -0.1778
vn -0.4718 -0.8817 -0.0000
vn -0.9951 0.0985 -0.0000
vn -0.9955 0.0934 -0.0152
vn -0.9983 0.0538 -0.0216
vn -0.5220 0.8529 -0.0105
vn -0.6506 0.4424 0.6173
vn -0.6948 0.0325 0.7184
vn 0.6458 0.7540 0.1203
vn 0.9951 0.0985 -0.0000
vn -0.4816 0.6196 -0.6198
vn -0.8749 -0.3243 -0.3596
vn -0.7504 -0.1253 -0.6490
vn 0.7819 0.0349 -0.6225
vn 0.9959 0.0716 0.0558
vn 0.9913 0.1180 -0.0582
vn 0.4854 0.8626 -0.1424
vn 0.3599 -0.8920 -0.2737
vn -0.2794 -0.9406 -0.1927
vn -0.3009 -0.7215 -0.6237
vn 0.3583 -0.6110 -0.7059
vn 0.4636 -0.5798 -0.6700
vn 0.4634 -0.8859 -0.0214
vn 0.3460 -0.8999 0.2654
vn -0.2898 -0.8820 0.3716
vn 0.3431 -0.6049 0.7186
vn -0.2944 -0.5773 0.7616
vn -0.3732 -0.7142 0.5922
vn -0.4583 -0.8779 -0.1388
vn -0.6289 -0.6049 0.4885
vn -0.7569 -0.6242 -0.1935
vn -0.4724 -0.4967 -0.7281
vn 0.1143 -0.9529 0.2810
vn -0.1839 -0.8467 -0.4992
vn 0.7474 -0.6176 -0.2447
vn 0.8202 -0.4024 0.4066
vn 0.5958 -0.4429 0.6700
vn -0.0734 -0.9944 -0.0762
vn -0.8310 -0.5245 -0.1853
vn -0.8218 -0.2851 -0.4934
vn -0.8557 0.4411 -0.2706
vn -0.9072 0.3317 -0.2588
vn 0.0817 -0.0098 -0.9966
vn -0.1185 0.9395 -0.3214
vn 0.7607 0.5773 -0.2967
vn 0.9876 0.0222 -0.1557
vn 0.4077 -0.8985 0.1627
vn -0.5407 -0.7640 -0.3521
vn 0.5250 -0.8154 -0.2439
vn 0.9962 -0.0597 0.0641
vn 0.8394 -0.0957 0.5350
vn 0.2114 -0.5450 0.8114
vn -0.4003 -0.9133 0.0743
vn 0.0889 0.9490 -0.3024
vn 0.0240 -0.0566 0.9981
vn 0.0424 -0.1893 0.9810
vn 0.9913 0.1180 0.0582
vn 0.4854 0.8626 0.1424
vn 0.6458 0.7540 -0.1203
vn -0.9997 -0.0080 0.0226
vn -0.5219 0.8529 0.0105
vn -0.9955 0.0934 0.0152
vn -0.3827 0.9239 -0.0000
vn -0.2387 -0.9436 -0.2292
vn -0.3771 -0.8255 0.4201
vn -0.8819 -0.4298 -0.1936
vn -0.4757 -0.5974 -0.6456
vn 0.8709 0.4280 -0.2418
vn 0.4708 0.3499 -0.8099
vn 0.7301 0.6182 -0.2912
vn 0.8110 0.5626 0.1607
vn 0.9791 0.0991 0.1778
vn 0.6328 0.7363 0.2395
vn 0.5974 0.2764 0.7528
vn -0.7504 -0.1253 0.6490
vn -0.8749 -0.3243 0.3596
vn -0.0000 0.5257 0.8506
vn 0.0706 0.9531 0.2942
vn 0.4757 0.8632 -0.1689
vn 0.6561 -0.0535 -0.7528
vn 0.1967 0.7147 0.6712
vn -0.0617 0.9387 0.3392
vn 0.0551 0.5270 0.8481
vn -0.0582 0.4247 0.9035
vn -0.3254 0.1740 -0.9294
vn -0.1979 0.1959 -0.9605
vn 0.4621 -0.6871 0.5608
vn 0.6931 -0.7208 -0.0000
vn 0.6884 -0.4881 0.5366
vn 0.4694 -0.0484 0.8816
vn -0.0427 0.0139 0.9990
vn 0.5461 -0.3351 0.7678
vn -0.3068 -0.9412 -0.1412
vn -0.3592 -0.9292 -0.0869
vn -0.8300 -0.4890 -0.2682
vn 0.0728 -0.4373 0.8964
vn -0.1187 -0.9558 0.2690
vn -0.3988 -0.8349 -0.3794
vn 0.1517 0.9571 0.2468
vn -0.1384 0.9746 -0.1763
vn 0.8278 0.3574 0.4324
vn -0.2450 -0.9672 0.0665
vn -0.3271 -0.5551 -0.7648
vn 0.2668 -0.4655 0.8439
vn -0.8452 -0.5316 0.0549
vn -0.5723 -0.2916 -0.7665
vn 0.4673 0.6954 0.5459
vn -0.1457 -0.9123 0.3828
vn -0.0112 -0.7998 -0.6002
vn 0.3461 -0.9234 0.1660
vn 0.1474 -0.3713 0.9168
vn -0.3543 -0.1781 0.9180
vn -0.8757 -0.4763 0.0789
vn -0.4492 -0.6381 -0.6253
vn -0.6398 -0.1477 -0.7542
vn -0.3767 -0.9057 -0.1945
vn 0.2480 -0.0758 -0.9658
vn 0.2132 0.7516 -0.6242
vn -0.9185 0.1720 -0.3561
vn -0.6570 -0.7314 -0.1827
vn -0.9594 0.1105 0.2595
vn -0.5965 -0.7910 -0.1357
vn -0.0840 -0.8266 -0.5565
vn -0.3749 -0.5292 0.7612
vn 0.2358 0.1356 0.9623
vn -0.3550 0.3591 0.8631
vn -0.6026 -0.6869 0.4063
vn -0.6672 -0.5748 -0.4738
vn -0.0157 -0.9912 -0.1315
vn 0.3718 -0.9133 -0.1665
vn -0.8300 -0.4890 0.2682
vn -0.3592 -0.9292 0.0869
vn 0.0575 -0.0031 0.9983
vn -0.6867 0.6605 0.3037
vn -0.0325 0.9567 0.2894
vn -0.6864 0.6607 0.3037
vn -0.2229 0.9508 0.2153
vn 0.9166 -0.3999 -0.0000
vn 0.9338 -0.2605 -0.2455
vn 0.9799 0.0549 -0.1917
vn 0.9747 0.2224 0.0240
vn 0.9368 0.1562 0.3130
vn 0.9234 -0.2798 0.2628
vn 0.5004 -0.0980 -0.8602
vn 0.3246 -0.6225 0.7122
vn 0.4579 -0.0832 0.8851
vn -0.3153 -0.3285 0.8903
vn -0.0836 0.1348 0.9873
vn 0.0046 0.4461 0.8950
vn -0.2113 -0.2478 0.9455
vn -0.9358 -0.3151 0.1581
vn -0.8985 -0.0698 0.4334
vn -0.8389 0.0360 -0.5431
vn -0.8705 0.4256 -0.2471
vn -0.0456 -0.9690 -0.2428
vn -0.1312 -0.4067 -0.9041
vn 0.6155 -0.7322 -0.2916
vn -0.4593 0.5161 -0.7230
vn -0.4579 -0.8013 0.3850
vn 0.0421 -0.1870 -0.9815
vn -0.7880 0.0321 -0.6149
vn -0.3643 0.4598 -0.8099
vn -0.0737 0.9747 -0.2112
vn 0.0763 0.9805 0.1810
vn 0.8109 0.5723 0.1222
vn -0.1699 0.1944 -0.9661
vn 0.0851 0.1160 -0.9896
vn 0.7376 0.6667 -0.1069
vn -0.4737 0.8328 -0.2864
vn -0.7376 0.1062 -0.6668
vn 0.1424 -0.6971 -0.7027
vn 0.3305 -0.5669 -0.7546
vn 0.8153 -0.5782 0.0315
vn 0.8222 -0.2535 -0.5096
vn 0.6082 0.7354 -0.2987
vn 0.4541 -0.4466 0.7709
vn 0.9577 -0.1723 0.2304
vn -0.1610 -0.7083 0.6873
vn 0.7591 0.6195 0.2000
vn 0.6130 0.7036 0.3595
vn 0.8610 -0.4682 -0.1986
vn -0.0053 -0.9975 0.0698
vn 0.4401 -0.4797 0.7591
vn 0.9404 -0.2153 0.2632
vn 0.7548 -0.3834 0.5323
vn -0.9452 -0.0107 0.3262
vn -0.6926 -0.4456 0.5672
vn 0.6155 -0.7322 0.2916
vn 0.8750 -0.4839 0.0168
vn -0.9910 -0.1304 -0.0303
vn -0.4403 0.7698 0.4621
vn -0.6868 -0.4096 0.6005
vn -0.9230 -0.1642 -0.3480
vn 0.4123 0.6248 0.6631
vn 0.6292 -0.7496 0.2056
vn 0.3986 -0.8766 0.2695
vn 0.1471 -0.2498 0.9571
vn -0.5710 -0.7113 0.4099
vn -0.1616 -0.4168 0.8945
vn -0.0456 -0.9690 0.2428
vn 0.0494 0.0110 0.9987
vn -0.4913 0.0047 0.8710
vn -0.6610 -0.6213 0.4209
vn 0.5575 -0.3068 0.7715
vn 0.7114 0.4137 -0.5680
vn 0.4787 0.5642 -0.6728
vn 0.8110 0.5626 -0.1607
vn 0.4494 -0.8583 -0.2475
vn 0.3498 -0.8975 -0.2687
vn 0.0300 0.9995 -0.0112
vn -0.3063 -0.2907 -0.9065
vn -0.4591 0.2395 -0.8555
vn -0.2779 0.1751 -0.9445
vn 0.3235 -0.1251 -0.9379
vn 0.6794 -0.5218 -0.5158
vn 0.6816 0.0812 -0.7272
vn 0.7285 0.5765 -0.3701
vn -0.6600 0.3067 -0.6858
vn 0.1342 0.7831 -0.6072
vn 0.0002 0.9724 -0.2334
vn 0.2702 -0.1067 0.9569
vn 0.3875 -0.4004 0.8304
vn -0.1617 -0.4631 0.8714
vn -0.3041 -0.7486 0.5892
vn -0.9676 0.0760 0.2408
vn -0.6390 -0.0836 -0.7646
vn -0.9393 0.2924 0.1795
vn -0.6827 0.2470 -0.6877
vn 0.1702 -0.0956 -0.9808
vn 0.3359 0.4792 0.8109
vn 0.0822 0.2977 0.9511
vn -0.4636 0.0033 -0.8860
vn -0.0927 0.0777 -0.9927
vn -0.6625 0.4401 -0.6061
vn 0.0304 0.9995 0.0065
vn 0.3498 -0.8975 0.2687
vn 0.7114 0.4137 0.5680
vn 0.4787 0.5642 0.6728
vn -0.6948 0.0325 -0.7184
vn -0.2058 -0.8972 -0.3908
vn -0.0774 0.2711 -0.9594
vn 0.0252 0.2980 -0.9542
vn 0.0313 0.9995 -0.0000
vn -0.0898 0.9956 0.0284
vn -0.6330 0.7000 -0.3306
vn -0.3618 0.7731 0.5209
vn -0.9117 0.4017 0.0857
vn -0.3992 0.4521 -0.7977
vn -0.8179 -0.3936 -0.4196
vn 0.4440 -0.5437 -0.7122
vn 0.9856 0.1653 0.0363
vn 0.4077 0.4534 0.7926
vn -0.1138 0.9928 -0.0367
vn -0.0898 0.9956 -0.0284
vn -0.1950 0.9793 0.0540
vn 0.4403 0.0664 -0.8954
vn 0.3255 0.4406 -0.8366
vn 0.4767 0.6886 -0.5464
vn -0.7174 0.3725 0.5888
vn -0.6906 -0.0803 0.7188
vn -0.4085 -0.1323 0.9031
vn -0.4236 0.5240 0.7389
vn -0.6944 0.7044 0.1471
vn -0.7070 -0.3957 -0.5861
vn -0.7346 0.6250 -0.2639
vn -0.6750 0.2520 -0.6934
vn -0.4698 0.8608 0.1955
vn -0.5301 0.7542 -0.3876
vn 0.7398 0.1776 0.6489
vn 0.7148 0.6384 0.2854
vn 0.4650 0.5670 0.6799
vn 0.4696 0.8794 0.0785
vn 0.2887 -0.1157 0.9504
vn 0.3095 0.4386 0.8437
vn -0.2795 -0.0959 0.9554
vn -0.3148 0.4835 0.8168
vn -0.4075 -0.2728 0.8715
vn 0.1413 -0.4247 0.8943
vn -0.2037 0.9784 -0.0340
vn -0.6866 0.6605 0.3037
vn -0.6866 0.6606 0.3037
vn -0.1382 0.9746 -0.1763
vn 0.9336 -0.3406 -0.1110
vn 0.4739 -0.8550 0.2104
vn -0.0157 -0.9912 0.1315
vn -0.6672 -0.5748 0.4738
vn 0.5071 0.6402 -0.5770
vn 0.1385 0.7479 -0.6492
vn 0.3380 0.8557 -0.3918
vn -0.2170 0.8027 -0.5555
vn 0.0010 -0.7837 -0.6212
vn -0.6814 -0.7308 0.0401
vn -0.7792 0.2012 -0.5936
vn 0.0268 0.1216 -0.9922
vn 0.2056 0.0134 -0.9785
vn 0.0996 -0.9943 -0.0369
vn -0.1588 -0.6310 0.7594
vn -0.0129 -0.2032 0.9791
vn -0.1581 0.7220 0.6736
vn -0.7751 0.1848 0.6042
vn -0.4521 0.8187 0.3541
vn -0.1606 0.9314 -0.3267
vn 0.1337 -0.9274 -0.3494
vn 0.2262 -0.7151 0.6614
vn 0.1099 -0.3166 -0.9422
vn 0.8366 -0.5310 -0.1350
vn 0.4724 -0.0988 0.8758
vn 0.9796 0.1689 0.1091
vn 0.0952 -0.1394 0.9856
vn -0.1882 0.2735 0.9433
vn -0.0616 0.9552 0.2893
vn -0.6635 0.6067 0.4377
vn -0.3318 0.8556 0.3974
vn -0.6235 0.7760 0.0948
vn -0.1214 0.9901 -0.0699
vn 0.2147 -0.9056 -0.3658
vn 0.8278 0.0803 -0.5553
vn 0.1517 0.9571 -0.2468
vn -0.3618 0.7731 -0.5209
vn 0.4077 0.4534 -0.7926
vn 0.9856 0.1653 -0.0363
vn -0.4075 -0.2728 -0.8715
vn 0.1413 -0.4247 -0.8943
vn -0.0860 -0.8792 -0.4687
vn 0.1354 -0.9080 0.3964
vn -0.4332 -0.8105 0.3943
vn -0.5424 -0.6318 -0.5537
vn 0.0332 0.0304 -0.9990
vn -0.2673 -0.1534 -0.9513
vn 0.3748 -0.8039 -0.4618
vn -0.9940 -0.1077 -0.0169
vn -0.6208 0.5201 -0.5867
vn 0.5432 -0.7270 0.4201
vn 0.3208 -0.8738 -0.3654
vn -0.0206 -0.3782 0.9255
vn 0.0590 -0.1595 0.9854
vn 0.1441 -0.0873 0.9857
vn 0.3645 0.9153 0.1714
vn 0.6623 0.2862 0.6924
vn -0.3414 0.0505 0.9386
vn -0.6330 0.7000 0.3306
vn -0.3992 0.4521 0.7977
vn -0.9117 0.4017 -0.0857
vn 0.0252 0.2980 0.9542
vn -0.0774 0.2711 0.9594
vn 0.6896 0.3152 0.6519
vn 0.7463 0.1329 0.6523
vn -0.2058 -0.8972 0.3908
vn 0.0180 -0.0599 -0.9980
vn 0.1298 -0.4882 -0.8630
vn 0.2467 -0.9101 0.3329
vn -0.2838 -0.7584 -0.5868
vn 0.7668 -0.4688 -0.4386
vn 0.8691 -0.2055 0.4500
vn 0.0764 -0.2745 0.9585
vn -0.8057 -0.5257 0.2729
vn 0.5714 -0.1172 -0.8122
vn 0.2112 -0.7124 -0.6693
vn 0.9893 0.1014 0.1051
vn 0.7367 0.2472 0.6295
vn 0.0886 -0.9396 -0.3305
vn -0.2750 0.4999 0.8213
vn -0.1738 0.6076 0.7750
vn -0.8975 0.3995 0.1866
vn 0.8606 0.4536 0.2316
vn 0.6901 0.7032 -0.1710
vn 0.6164 0.6614 0.4272
vn 0.2575 0.4880 -0.8340
vn 0.6047 0.6735 -0.4253
vn 0.7564 0.6014 0.2573
vn -0.0388 -0.9950 -0.0923
vn -0.5478 -0.6618 -0.5119
vn 0.4511 -0.7318 -0.5109
vn 0.6142 -0.6135 0.4964
vn 0.5109 -0.4763 0.7156
vn 0.1494 -0.9591 0.2403
vn -0.6868 -0.6935 -0.2178
vn -0.2021 -0.9534 0.2238
vn -0.0602 -0.9435 -0.3260
vn 0.1762 -0.9824 0.0621
vn 0.0875 -0.5710 0.8163
vn -0.4332 0.3495 0.8308
vn 0.0019 -0.0224 0.9997
vn 0.4648 -0.3663 0.8061
vn -0.4035 -0.7713 -0.4922
vn 0.3452 -0.7796 -0.5225
vn 0.3452 -0.7796 0.5225
vn -0.4035 -0.7713 0.4922
vn -0.9493 -0.1211 0.2902
vn -0.9493 -0.1211 -0.2902
vn -0.4204 0.1377 -0.8968
vn 0.8369 -0.4612 -0.2949
vn 0.3289 0.0177 -0.9442
vn 0.6442 -0.7082 -0.2887
vn 0.7951 -0.5539 -0.2469
vn 0.7951 -0.5539 0.2470
vn 0.8369 -0.4612 0.2949
vn 0.6376 -0.7119 0.2942
vn 0.3289 0.0177 0.9442
vn -0.9203 -0.0635 -0.3861
vn -0.7077 -0.3937 -0.5867
vn -0.3360 0.9417 -0.0196
vn -0.3333 0.8443 -0.4196
vn 0.3271 0.0957 -0.9401
vn -0.3463 0.2702 -0.8984
vn -0.4575 -0.1345 -0.8790
vn 0.5428 0.4509 -0.7086
vn 0.9931 0.0706 -0.0941
vn 0.5346 -0.4763 -0.6981
vn 0.8670 0.3911 -0.3088
vn 0.5573 0.7565 0.3422
vn -0.6480 0.6734 0.3560
vn -0.4204 0.1377 0.8968
vn -0.7077 -0.3937 0.5867
vn -0.9203 -0.0635 0.3861
vn 0.4648 -0.3663 -0.8061
vn 0.0019 -0.0224 -0.9997
vn -0.4332 0.3495 -0.8308
vn -0.1264 -0.8356 0.5345
vn 0.3514 -0.1452 0.9249
vn -0.2008 -0.9546 0.2201
vn -0.2021 -0.9534 -0.2238
vn 0.5988 0.4769 0.6434
vn -0.2420 -0.8735 -0.4225
vn 0.2881 -0.9141 -0.2854
vn 0.4538 -0.7698 0.4489
vn 0.0415 -0.7991 0.5998
vn -0.2333 -0.3016 -0.9244
vn -0.0256 -0.3485 -0.9370
vn 0.6166 -0.4360 -0.6556
vn -0.1876 0.1802 -0.9656
vn 0.7768 0.1612 -0.6087
vn 0.8319 -0.5091 0.2208
vn 0.2123 -0.1476 -0.9660
vn -0.4541 0.5817 -0.6748
vn -0.2703 0.8791 -0.3927
vn 0.0293 -0.0317 -0.9991
vn -0.9661 -0.2514 0.0590
vn -0.7638 0.5019 0.4059
vn -0.8444 0.1095 -0.5244
vn -0.4233 -0.2393 -0.8738
vn 0.2220 -0.1264 0.9668
vn 0.2523 -0.1749 0.9517
vn -0.3357 0.4315 0.8373
vn 0.2236 0.6414 0.7339
vn 0.0443 0.1895 0.9809
vn -0.0508 0.8932 0.4468
vn -0.3780 0.7431 0.5521
vn 0.3698 0.5737 -0.7308
vn -0.8389 0.4786 0.2592
vn -0.4593 0.5161 0.7230
vn -0.6673 0.7270 0.1619
vn -0.8245 0.4931 -0.2775
vn -0.3387 0.7963 -0.5012
vn -0.1370 -0.0392 -0.9898
vn -0.5855 0.2289 -0.7777
vn -0.6243 0.7807 -0.0268
vn -0.2750 0.4999 -0.8213
vn -0.8975 0.3995 -0.1866
vn -0.1738 0.6076 -0.7750
vn 0.7367 0.2472 -0.6294
vn 0.9865 0.1087 -0.1226
vn 0.2107 -0.7227 0.6582
vn 0.5714 -0.1172 0.8122
vn 0.1656 0.0123 0.9861
vn -0.5934 0.5848 0.5530
vn 0.0156 0.7859 0.6181
vn 0.5788 0.3002 0.7582
vn 0.6078 -0.0180 0.7939
vn -0.8057 -0.5257 -0.2729
vn 0.2467 -0.9101 -0.3329
vn -0.2838 -0.7584 0.5868
vn -0.6986 -0.1671 0.6958
vn -0.8035 0.0310 0.5945
vn -0.7420 -0.2715 -0.6130
vn 0.0764 -0.2745 -0.9585
vn 0.7668 -0.4688 0.4386
vn 0.8704 -0.1937 -0.4527
vn 0.7860 -0.0886 0.6119
vn 0.1725 -0.1197 0.9777
vn 0.6675 -0.3891 -0.6349
vn -0.3366 0.0695 0.9391
vn -0.2168 0.0878 0.9723
vn -0.2279 0.2096 0.9508
vn -0.5731 0.6648 0.4793
vn 0.8124 0.4554 0.3641
vn 0.6952 0.7085 0.1214
vn 0.5084 0.5367 0.6734
vn -0.7420 -0.2715 0.6130
vn -0.8035 0.0310 -0.5945
vn -0.6986 -0.1671 -0.6958
vn 0.1725 -0.1197 -0.9777
vn -0.5624 0.3644 -0.7422
vn 0.6400 -0.0335 -0.7676
vn -0.6800 -0.3387 -0.6503
vn -0.2422 0.7181 -0.6525
vn 0.0263 0.7727 -0.6342
vn 0.0367 -0.8327 -0.5526
vn -0.0775 -0.7922 0.6053
vn -0.8631 -0.4770 -0.1658
vn -0.6799 -0.3390 -0.6503
vn 0.5790 -0.5474 -0.6043
vn 0.8021 -0.5972 -0.0062
vn -0.8226 0.4874 0.2928
vn -0.4636 0.5087 0.7255
vn -0.6619 0.7336 0.1539
vn 0.4122 -0.0287 0.9106
vn 0.9600 0.0912 0.2649
vn -0.0813 0.5938 0.8005
vn -0.6992 0.0792 0.7106
vn -0.9410 0.2927 0.1699
vn -0.8730 0.2993 -0.3851
vn -0.6716 -0.6447 -0.3651
vn -0.6484 0.2511 -0.7187
vn -0.2535 0.9528 -0.1671
vn -0.7747 0.1411 -0.6164
vn 0.0031 0.0403 -0.9992
vn -0.3456 0.8879 -0.3037
vn 0.3827 0.8888 -0.2522
vn 0.6870 -0.0078 -0.7267
vn 0.9335 -0.3410 -0.1110
vn -0.2014 0.9756 -0.0871
vn 0.9335 -0.3408 -0.1110
vn -0.1019 0.9615 -0.2552
vn -0.2014 0.9756 -0.0869
vn 0.0575 -0.0031 -0.9983
vn 0.9336 -0.3408 -0.1110
vn 0.5846 0.6775 -0.4464
vn 0.2785 -0.3054 -0.9106
vn 0.0885 -0.2096 -0.9738
vn 0.2594 -0.9192 -0.2964
vn 0.7109 0.4749 -0.5188
vn 0.1035 -0.2721 -0.9567
vn -0.2463 -0.3421 -0.9068
vn 0.3548 -0.5318 0.7690
vn -0.1173 0.0620 0.9912
vn 0.0354 0.2188 0.9751
vn 0.9372 -0.1939 -0.2899
vn 0.3815 -0.1879 -0.9051
vn -0.0954 -0.6725 -0.7339
vn -0.0858 -0.9852 -0.1481
vn 0.5057 -0.8589 -0.0804
vn -0.1667 -0.7513 0.6385
vn -0.1039 -0.6981 0.7084
vn -0.4180 -0.8697 -0.2627
vn -0.1900 -0.4346 -0.8804
vn 0.3956 -0.2849 -0.8731
vn 0.5380 0.1439 0.8306
vn 0.7106 -0.6437 0.2840
vn 0.8797 -0.0634 -0.4713
vn 0.3522 0.5251 -0.7747
vn 0.8276 0.3851 -0.4084
vn 0.9371 -0.2819 0.2057
vn 0.1448 -0.6675 0.7304
vn 0.2824 -0.3198 0.9044
vn -0.6261 -0.5255 0.5761
vn -0.7230 -0.1154 0.6812
vn -0.6173 -0.7304 0.2923
vn 0.8097 -0.3219 0.4908
vn 0.4105 0.7575 0.5076
vn 0.7402 0.6267 0.2437
vn 0.9114 -0.1901 0.3650
vn 0.1055 -0.9161 0.3869
vn 0.2150 -0.8049 0.5530
vn -0.8734 -0.4693 0.1305
vn -0.4178 -0.9085 -0.0000
vn -0.2965 -0.9538 0.0489
vn -0.2952 -0.9541 -0.0500
vn 0.0503 0.9478 -0.3149
vn 0.7041 0.5728 -0.4198
vn 0.6976 -0.6992 0.1563
vn -0.2405 -0.5322 -0.8118
vn 0.8715 -0.4890 -0.0374
vn -0.8722 0.0849 0.4817
vn -0.1418 0.9146 0.3786
vn -0.6575 0.7534 0.0118
vn -0.6726 -0.6895 -0.2688
vn 0.7137 -0.6423 -0.2793
vn 0.3788 0.8299 0.4097
vn 0.4729 0.8120 -0.3420
vn 0.5380 0.1439 -0.8306
vn 0.3548 -0.5318 -0.7690
vn 0.0354 0.2188 -0.9751
vn -0.1173 0.0620 -0.9912
vn -0.7244 0.6885 -0.0354
vn -0.4891 0.2281 0.8418
vn -0.0813 -0.3773 -0.9225
vn 0.8529 0.0188 -0.5217
vn 0.9073 0.0759 0.4135
vn 0.2110 -0.0846 0.9738
vn 0.2389 0.3510 -0.9054
vn 0.7624 0.3824 -0.5220
vn -0.8032 0.5926 0.0606
vn -0.7005 0.7007 -0.1349
vn 0.5064 0.7180 0.4774
vn 0.3108 0.4483 0.8381
vn 0.5874 0.2857 0.7572
vn 0.4622 0.5556 0.6911
vn 0.2575 0.4880 0.8340
vn 0.1153 0.5472 0.8290
vn 0.1045 0.9944 0.0175
vn 0.1087 0.5617 -0.8202
vn -0.6066 0.7950 0.0029
vn -0.4636 0.5087 -0.7255
vn -0.1824 0.5809 -0.7933
vn -0.1635 0.9862 0.0274
vn -0.2111 0.5365 0.8171
vn -0.8226 0.4874 -0.2928
vn -0.6619 0.7336 -0.1539
vn -0.4289 0.5910 0.6832
vn -0.6459 0.7404 0.1859
vn 0.0263 0.7727 0.6342
vn -0.2422 0.7181 0.6525
vn -0.1083 -0.0798 0.9909
vn -0.5712 -0.6806 0.4588
vn -0.8765 -0.4481 0.1759
vn -0.5624 0.3644 0.7422
vn -0.9947 -0.0735 0.0715
vn -0.9704 -0.1296 -0.2040
vn -0.9704 -0.1296 -0.2038
vn -0.7929 -0.6073 -0.0503
vn 0.1652 -0.9855 -0.0401
vn -0.4133 -0.4519 0.7906
vn -0.9027 -0.0745 0.4239
vn -0.9947 -0.0735 0.0716
vn -0.0935 -0.4615 -0.8822
vn 0.7312 -0.5420 -0.4143
vn 0.4878 0.0721 -0.8700
vn 0.9933 -0.0110 0.1154
vn 0.5557 -0.5441 0.6286
vn 0.1225 -0.2370 0.9638
vn -0.0173 0.5361 -0.8440
vn -0.1109 -0.2028 -0.9729
vn 0.0704 -0.4823 -0.8732
vn -0.9884 -0.1166 0.0975
vn 0.2113 -0.7123 -0.6693
vn 0.2396 0.6863 0.6867
vn 0.7612 0.3612 0.5386
vn 0.2880 0.7801 0.5554
vn 0.3949 0.0072 0.9187
vn -0.2060 -0.8712 0.4457
vn -0.6912 -0.2930 0.6606
vn -0.8186 0.0459 0.5726
vn -0.8261 -0.4106 -0.3861
vn 0.8276 0.2361 -0.5093
vn 0.4968 -0.8648 -0.0722
vn -0.5552 -0.7899 0.2604
vn 0.2112 0.9768 0.0367
vn -0.8378 0.5139 0.1844
vn 0.2477 0.9265 0.2832
vn 0.1010 0.7762 0.6223
vn 0.6930 0.7171 0.0734
vn -0.2643 -0.9364 -0.2310
vn 0.3615 -0.8468 -0.3903
vn 0.3647 -0.9304 -0.0360
vn -0.2927 -0.9343 0.2034
vn -0.8539 -0.5095 0.1058
vn -0.8339 -0.2791 -0.4761
vn -0.2007 -0.4257 -0.8823
vn -0.2727 0.3656 -0.8899
vn 0.0411 0.9939 -0.1027
vn -0.8199 0.5119 -0.2564
vn 0.2790 -0.9130 0.2976
vn 0.7417 -0.5105 0.4351
vn 0.3352 -0.3258 0.8840
vn -0.2196 -0.5944 0.7736
vn -0.6514 0.2063 0.7301
vn -0.8794 -0.4760 -0.0013
vn -0.2921 -0.5406 0.7890
vn -0.1508 -0.6877 -0.7102
vn -0.1005 -0.9877 0.1200
vn -0.2177 0.4736 0.8534
vn 0.2056 0.8177 0.5376
vn -0.1805 0.8906 0.4174
vn -0.9264 0.3104 0.2131
vn -0.9704 -0.1297 -0.2037
vn 0.3988 0.6001 -0.6934
vn 0.5773 -0.1794 0.7966
vn -0.6323 -0.6996 0.3327
vn -0.0155 -0.0805 -0.9966
vn 0.2620 0.6785 -0.6863
vn 0.4264 -0.3965 0.8130
vn -0.8846 -0.3852 -0.2628
vn 0.0118 0.8451 0.5345
vn -0.2143 0.7743 0.5954
vn 0.2943 -0.5480 -0.7830
vn 0.0982 -0.5699 -0.8158
vn -0.0596 -0.3602 -0.9310
vn -0.8579 -0.0694 -0.5092
vn -0.0759 -0.4227 -0.9031
vn -0.2516 -0.2320 -0.9396
vn -0.7363 0.1250 -0.6651
vn 0.1383 0.6001 -0.7879
vn 0.4887 0.5898 -0.6429
vn -0.4141 0.8552 -0.3116
vn -0.0875 0.4039 0.9106
vn -0.0690 0.7660 -0.6391
vn 0.6332 -0.7162 -0.2935
vn 0.3631 -0.9175 -0.1621
vn 0.6332 -0.7162 0.2935
vn -0.6710 -0.6487 -0.3591
vn -0.5667 -0.7938 0.2208
vn -0.2689 -0.8888 -0.3711
vn -0.2623 -0.8717 -0.4139
vn 0.7375 -0.6744 0.0359
vn -0.1353 -0.7603 0.6353
vn -0.4601 -0.8350 0.3017
vn -0.2382 -0.5038 -0.8303
vn 0.2742 -0.2094 -0.9386
vn 0.8423 0.4812 -0.2429
vn 0.2934 0.0252 -0.9557
vn 0.5332 -0.2834 0.7971
vn 0.5932 0.1942 0.7812
vn -0.0021 0.0711 0.9975
vn 0.0532 0.6191 0.7835
vn -0.0746 -0.7116 0.6986
vn 0.3208 -0.9466 0.0317
vn 0.2525 0.0872 0.9637
vn 0.3953 0.9178 -0.0371
vn -0.3660 0.7014 0.6115
vn 0.7222 0.5062 0.4713
vn -0.0179 0.9697 0.2437
vn -0.0916 0.7599 0.6435
vn -0.0875 0.4039 -0.9106
vn 0.2548 -0.2498 -0.9342
vn -0.2559 0.2739 -0.9271
vn 0.0322 -0.1806 -0.9830
vn 0.2970 -0.6931 -0.6569
vn 0.4315 -0.9003 0.0568
vn 0.0707 -0.9620 -0.2636
vn 0.0996 -0.7241 0.6825
vn 0.3764 -0.3393 0.8621
vn -0.7446 -0.4574 0.4861
vn -0.4506 0.1316 0.8830
vn -0.8861 0.3638 0.2873
vn -0.8298 -0.3299 -0.4502
vn -0.9368 -0.3089 -0.1645
vn -0.0541 -0.7910 -0.6095
vn -0.8846 -0.3852 0.2628
vn -0.0888 -0.4939 0.8650
vn 0.2620 0.6785 0.6863
vn 0.1157 0.1874 0.9754
vn -0.0138 -0.0745 0.9971
vn -0.9695 0.2364 -0.0650
vn 0.2111 -0.7124 -0.6693
vn -0.9884 -0.1164 0.0977
vn -0.5497 -0.8304 -0.0913
vn 0.7585 -0.4707 -0.4506
vn -0.3562 0.6205 -0.6987
vn 0.3371 0.8330 -0.4387
vn 0.9385 0.3451 -0.0113
vn 0.6292 -0.7496 -0.2056
vn 0.3537 -0.8799 -0.3173
vn 0.9836 0.0488 -0.1734
vn 0.7985 -0.0803 -0.5966
vn -0.9238 -0.3828 -0.0003
vn -0.9940 0.0975 -0.0491
vn -0.8690 -0.3934 -0.3003
vn -0.7135 0.7006 -0.0034
vn -0.7224 -0.6595 0.2080
vn -0.4291 -0.4351 0.7915
vn -0.9707 -0.2395 0.0190
vn -0.8690 -0.3934 0.3003
vn -0.9941 0.0974 0.0487
vn -0.8335 0.5511 -0.0388
vn -0.9239 0.3827 -0.0000
vn 0.1364 -0.1655 0.9767
vn 0.0961 -0.6029 0.7920
vn 0.2943 -0.5480 0.7830
vn 0.7015 -0.3945 0.5935
vn 0.7006 -0.7118 -0.0503
vn 0.1029 -0.9944 -0.0224
vn 0.3175 -0.8562 0.4076
vn 0.3518 -0.8806 0.3175
vn 0.8872 -0.4610 0.0195
vn 0.8292 -0.3623 -0.4256
vn 0.9897 -0.1153 0.0845
vn -0.6921 0.7148 -0.1006
vn -0.4650 0.8729 -0.1474
vn -0.3548 -0.1206 0.9271
vn -0.9884 -0.1162 0.0978
vn -0.4291 -0.4351 -0.7915
vn -0.9707 -0.2395 -0.0190
vn -0.1976 -0.5974 -0.7772
vn -0.4528 -0.4161 -0.7886
vn 0.4011 0.7753 -0.4878
vn 0.4303 -0.8992 0.0797
vn 0.3087 0.8355 0.4546
vn -0.0296 -0.9377 -0.3461
vn 0.2925 -0.9044 -0.3106
vn 0.2349 -0.9720 -0.0002
vn -0.0299 -0.9378 0.3459
vn -0.0054 -0.9976 0.0697
vn 0.5389 -0.4575 -0.7073
vn 0.0004 -0.1554 -0.9879
vn 0.5316 0.0143 -0.8469
vn 0.9371 -0.3034 -0.1723
vn 0.8478 -0.5303 -0.0002
vn 0.0014 0.9663 -0.2573
vn -0.2219 -0.8385 -0.4976
vn -0.0608 0.2689 -0.9612
vn -0.8741 0.4307 0.2247
vn 0.0191 0.9625 -0.2706
vn 0.2925 -0.9044 0.3106
vn 0.5390 -0.4576 0.7072
vn -0.1475 -0.7008 0.6980
vn 0.3717 -0.9133 -0.1664
vn 0.9452 -0.2831 0.1628
vn 0.6898 0.0294 0.7234
vn 0.0004 -0.1554 0.9879
vn -0.7075 -0.3155 0.6324
vn -0.5124 0.7116 0.4808
vn 0.3831 -0.4639 -0.7988
vn -0.2270 -0.8778 0.4218
vn -0.8535 0.3241 -0.4081
vn -0.4465 0.6043 -0.6599
vn -0.9142 -0.4047 -0.0190
vn 0.7154 0.4636 0.5228
vn 0.1035 -0.2721 0.9567
vn 0.5044 0.0029 0.8635
vn 0.6352 0.7662 -0.0972
vn -0.0431 0.3557 -0.9336
vn 0.6289 0.7317 -0.2630
vn 0.2415 0.3611 0.9007
vn -0.4528 -0.4161 0.7886
vn -0.1976 -0.5974 0.7772
vn -0.7774 0.2930 -0.5566
vn 0.3988 0.6003 -0.6932
vn 0.8872 -0.4610 -0.0195
vn 0.9897 -0.1153 -0.0845
vn 0.8238 -0.3871 0.4142
vn 0.2458 -0.0291 -0.9689
vn -0.6788 0.2420 -0.6933
vn 0.2131 0.7229 -0.6573
vn -0.8030 0.5947 -0.0384
vn -0.7790 0.6261 0.0325
vn -0.5731 0.6648 -0.4792
vn -0.2789 0.7146 -0.6415
vn -0.0487 0.2636 -0.9634
vn 0.1827 0.2085 -0.9608
vn 0.0379 0.1875 -0.9815
vn 0.2538 0.6577 -0.7092
vn 0.5330 0.5904 -0.6061
vn -0.4593 0.8676 0.1907
vn -0.2111 0.5365 -0.8171
vn -0.1635 0.9862 -0.0274
vn -0.1824 0.5809 0.7933
vn -0.2245 0.8749 -0.4291
vn 0.0462 0.9984 -0.0339
vn -0.8330 0.5519 0.0390
vn -0.8932 0.2050 0.4001
vn -0.6834 -0.3478 0.6418
vn -0.9799 0.0665 0.1880
vn -0.8512 -0.4900 0.1881
vn -0.5820 -0.6212 -0.5248
vn 0.2875 -0.2490 -0.9248
vn 0.8821 -0.3733 -0.2873
vn -0.2063 -0.7180 -0.6648
vn -0.5829 -0.7818 -0.2213
vn -0.7357 -0.5913 -0.3301
vn -0.0278 -0.0593 -0.9979
vn 0.4511 0.1765 -0.8748
vn 0.0054 0.4016 -0.9158
vn 0.0139 0.0115 -0.9998
vn 0.0326 -0.4706 -0.8817
vn 0.0046 -0.4737 -0.8807
vn -0.0091 -0.5583 -0.8296
vn -0.0121 -0.6079 -0.7939
vn -0.0011 -0.5257 -0.8507
vn 0.0095 -0.5922 -0.8057
vn -0.0068 -0.7859 -0.6184
vn -0.5081 0.2090 -0.8355
vn 0.5387 -0.0652 -0.8400
vn -0.0656 -0.3572 -0.9317
vn -0.3244 0.5741 -0.7518
vn -0.4162 0.9073 0.0602
vn -0.7244 0.6885 0.0354
vn -0.1242 -0.9496 -0.2878
vn 0.1101 -0.9893 0.0957
vn -0.2310 -0.9707 -0.0659
vn -0.6359 -0.6108 -0.4718
vn -0.2801 -0.4838 -0.8292
vn -0.0827 -0.7492 0.6571
vn 0.0120 -0.7846 -0.6199
vn -0.0985 -0.0865 0.9914
vn 0.0024 -0.0623 0.9981
vn -0.0011 -0.7494 0.6621
vn -0.0006 -0.0625 0.9980
vn 0.0098 -0.5573 -0.8303
vn 0.9748 0.0379 -0.2200
vn -0.2014 0.9756 -0.0873
vn 0.2648 -0.4825 0.8350
vn 0.0085 -0.0656 0.9978
vn 0.2657 -0.0925 0.9596
vn 0.7120 -0.4716 0.5202
vn 0.2685 -0.1010 0.9580
vn -0.7269 0.3160 0.6097
vn -0.7367 0.5122 -0.4415
vn -0.0436 -0.9990 0.0003
vn 0.9121 -0.4099 -0.0041
vn -0.0040 -0.9981 -0.0621
vn -0.4194 -0.9076 -0.0216
vn 0.8757 -0.1446 0.4607
vn 0.9214 -0.3887 -0.0057
vn 0.7998 -0.0978 -0.5922
vn 0.5572 -0.5730 -0.6010
vn -0.0008 0.7449 -0.6672
vn 0.0161 0.8813 -0.4723
vn 0.6249 -0.0233 -0.7803
vn -0.3603 -0.6288 0.6891
vn 0.0131 -0.5532 0.8329
vn -0.7611 -0.5526 0.3398
vn 0.9247 0.3475 0.1554
vn 0.2013 0.1747 -0.9638
vn 0.5841 -0.5458 -0.6008
vn -0.9469 -0.0978 -0.3062
vn 0.1301 0.5022 -0.8549
vn -0.6190 -0.6519 0.4381
vn -0.2921 -0.5831 -0.7581
vn 0.8762 0.3234 0.3573
vn 0.6951 0.6735 -0.2515
vn 0.4544 0.6563 0.6023
vn 0.0590 -0.0049 0.9982
vn 0.9309 0.3546 0.0882
vn -0.2968 -0.3081 0.9039
vn -0.4494 -0.4224 0.7872
vn 0.3830 0.9237 0.0001
vn 0.7263 0.5238 0.4451
vn 0.3666 0.9243 0.1061
vn 0.1049 0.2604 0.9598
vn 0.7401 -0.2519 0.6236
vn 0.0172 0.8865 0.4623
vn 0.0724 -0.8276 -0.5566
vn 0.1095 0.2363 -0.9655
vn 0.8460 0.0017 -0.5331
vn 0.5436 -0.6656 0.5113
vn -0.2879 -0.0955 0.9529
vn 0.4509 0.3345 0.8275
vn -0.1580 0.7966 0.5835
vn 0.3533 0.9303 -0.0982
vn 0.0131 -0.5532 -0.8329
vn -0.3607 -0.6280 -0.6896
vn -0.7611 -0.5526 -0.3398
vn -0.1151 -0.9520 0.2835
vn -0.0048 -0.9965 -0.0836
vn 0.0408 -0.7290 0.6833
vn -0.0264 -0.5740 0.8184
vn -0.0548 -0.5654 0.8230
vn 0.1502 -0.9766 0.1541
vn 0.0740 -0.6486 -0.7575
vn 0.0692 -0.1690 -0.9832
vn -0.0012 -0.0625 -0.9980
vn -0.0012 -0.7494 -0.6621
vn 0.0223 -0.7960 0.6048
vn 0.0088 -0.7167 -0.6973
vn 0.0120 -0.7845 0.6200
vn 0.0137 -0.5691 0.8221
vn 0.0366 0.6972 0.7160
vn 0.0024 -0.0623 -0.9981
vn -0.0000 -0.5257 -0.8506
vn -0.0004 -0.6443 -0.7648
vn -0.0190 -0.1616 -0.9867
vn -0.1194 -0.1722 -0.9778
vn -0.4599 -0.3583 -0.8125
vn -0.5900 -0.4578 -0.6650
vn -0.2463 -0.3421 0.9068
vn -0.7357 -0.5913 0.3301
vn -0.5829 -0.7818 0.2213
vn -0.2063 -0.7180 0.6648
vn 0.0391 -0.4641 0.8849
vn -0.0000 -0.5565 0.8309
vn 0.0046 -0.4737 0.8807
vn 0.0792 -0.2374 0.9682
vn 0.5433 0.0548 0.8377
vn -0.5359 -0.6603 0.5261
vn -0.0278 -0.0593 0.9979
vn 0.0139 0.0115 0.9998
vn 0.0054 0.4016 0.9158
vn 0.4511 0.1765 0.8748
vn 0.2491 -0.4833 0.8393
vn 0.4610 -0.2927 0.8378
vn 0.5186 -0.3592 0.7759
vn -0.2936 -0.4476 0.8447
vn -0.1588 0.6039 -0.7811
vn -0.1370 0.9510 -0.2773
vn 0.3129 0.7895 -0.5280
vn -0.6769 -0.3482 0.6485
vn 0.1559 0.2447 0.9570
vn 0.8538 -0.4134 0.3165
vn 0.2086 -0.0251 0.9777
vn -0.3803 0.8223 0.4234
vn -0.3044 -0.9107 0.2794
vn -0.4706 0.8796 -0.0689
vn -0.2458 0.7692 -0.5898
vn -0.9695 0.2364 0.0650
vn -0.6743 0.2504 0.6947
vn -0.7790 0.6261 -0.0325
vn -0.8030 0.5947 0.0384
vn -0.0310 0.9977 -0.0607
vn 0.0233 0.9995 0.0203
vn 0.0530 0.2004 0.9783
vn -0.0558 0.3218 0.9452
vn -0.2789 0.7146 0.6415
vn 0.9509 0.3000 0.0767
vn 0.3992 0.6889 0.6050
vn 0.2224 -0.0431 0.9740
vn -0.3744 0.9066 -0.1948
vn 0.8065 0.5859 0.0789
vn 0.6123 0.7594 0.2199
vn -0.0310 0.9977 0.0607
vn 0.5908 0.7845 -0.1885
vn 0.3819 0.9175 0.1116
vn 0.7563 0.6015 0.2575
vn 0.1483 0.4114 0.8993
vn 0.3818 0.9175 0.1114
vn 0.3669 0.1576 -0.9168
vn -0.0000 -0.5257 0.8506
vn 0.0050 -0.5269 0.8499
vn -0.7948 -0.5778 -0.1856
vn -0.6417 -0.7374 -0.2110
vn -0.4230 -0.8086 -0.4090
vn -0.6723 -0.6068 0.4240
vn -0.3244 -0.9427 -0.0774
vn -0.7215 0.0861 -0.6870
vn -0.2578 0.2155 -0.9419
vn 0.2804 -0.2769 -0.9191
vn 0.5999 0.6054 -0.5231
vn 0.4507 -0.8187 0.3559
vn -0.1336 -0.8757 -0.4640
vn -0.3323 -0.8339 0.4408
vn -0.1020 -0.1743 0.9794
vn 0.7065 0.7077 -0.0013
vn -0.0121 0.9999 -0.0068
vn 0.1545 0.9325 -0.3263
vn 0.9309 0.3545 -0.0882
vn 0.9140 -0.3836 0.1319
vn 0.9140 -0.3836 -0.1319
vn -0.1470 0.9494 0.2774
vn -0.0000 0.8321 0.5547
vn 0.8309 0.4285 0.3550
vn 0.3070 0.4830 0.8200
vn 0.0855 -0.5647 0.8208
vn 0.0071 -0.7080 0.7062
vn 0.4079 -0.7963 0.4467
vn -0.2074 -0.9516 0.2270
vn -0.0907 -0.3594 0.9288
vn 0.1990 0.1949 0.9604
vn -0.6376 0.4499 -0.6254
vn -0.0866 -0.3350 -0.9382
vn 0.2965 -0.9531 -0.0604
vn 0.5236 0.8517 0.0191
vn 0.8065 0.5859 -0.0789
vn 0.6123 0.7594 -0.2199
vn -0.0973 0.9315 0.3505
vn -0.6322 0.3872 0.6711
vn -0.6065 -0.0163 0.7949
vn -0.4590 -0.5803 0.6727
vn -0.0418 0.2073 0.9774
vn -0.3244 -0.4449 0.8348
vn 0.9118 0.3562 -0.2043
vn 0.2457 0.9672 0.0647
vn -0.6943 -0.6733 -0.2541
vn -0.4484 -0.8509 -0.2737
vn -0.2207 -0.2670 -0.9381
vn 0.0976 -0.2939 -0.9508
vn -0.0418 0.2072 -0.9774
vn 0.0360 -0.4383 -0.8981
vn 0.3986 -0.8766 -0.2695
vn 0.3238 -0.9177 -0.2303
vn 0.3081 0.9308 -0.1965
vn 0.2451 -0.2614 -0.9336
vn 0.3070 0.4830 -0.8200
vn -0.2511 -0.7285 -0.6374
vn -0.5312 -0.8069 -0.2584
vn -0.0829 -0.9933 -0.0806
vn -0.1619 -0.8095 -0.5644
vn 0.0929 -0.4744 -0.8754
vn 0.0725 -0.5286 -0.8458
vn -0.5884 -0.6253 -0.5126
vn -0.0820 -0.8108 -0.5796
vn 0.0369 -0.9763 0.2133
vn 0.5313 -0.4722 0.7034
vn 0.4136 -0.6188 0.6679
vn -0.3971 0.0623 0.9156
vn -0.6696 -0.7390 0.0738
vn -0.6742 0.6236 -0.3957
vn -0.0887 0.9627 -0.2557
vn -0.6723 -0.6067 0.4241
vn 0.3952 0.9178 -0.0371
vn -0.0551 -0.3673 -0.9285
vn -0.5669 -0.7936 0.2208
vn 0.8187 -0.5432 -0.1861
vn 0.5967 -0.7615 -0.2531
vn 0.3709 -0.4278 -0.8242
vn 0.5313 -0.4722 -0.7034
vn 0.0370 -0.9763 -0.2133
vn -0.7519 -0.3148 -0.5793
vn 0.1213 0.5442 -0.8301
vn 0.5908 0.7845 0.1885
vn 0.4693 0.8450 -0.2564
vn 0.3081 0.9308 0.1965
vn 0.5722 -0.6318 -0.5229
vn 0.6896 0.3152 -0.6519
vn -0.2051 -0.8348 -0.5110
vn 0.2893 -0.8466 0.4468
vn 0.6253 0.0057 -0.7804
vn 0.5334 -0.6610 -0.5278
vn 0.3184 -0.0177 -0.9478
vn 0.5097 -0.8500 -0.1335
vn 0.8683 0.3060 0.3903
vn 0.1828 -0.6066 -0.7737
vn 0.9543 -0.2990 -0.0017
vn 0.4809 -0.2611 0.8370
vn -0.1303 -0.2023 0.9706
vn 0.1638 0.2553 0.9529
vn 0.7988 0.0780 0.5965
vn 0.4809 -0.2611 -0.8370
vn 0.9543 -0.2990 0.0017
vn 0.1828 -0.6066 0.7737
vn -0.2051 -0.8348 0.5110
vn -0.1214 0.4638 0.8776
vn 0.8536 0.4030 -0.3301
vn 0.5902 0.6422 0.4891
vn 0.0750 0.9795 -0.1868
vn 0.5102 0.4097 -0.7562
vn 0.4269 0.8843 -0.1892
vn -0.4001 0.9140 -0.0673
vn 0.3789 0.8730 0.3069
vn 0.1087 0.5617 0.8202
vn 0.6321 0.7691 0.0947
vn 0.3877 0.8731 -0.2957
vn 0.5044 0.0029 -0.8635
vn -0.6673 0.7270 -0.1619
vn -0.4371 0.8481 -0.2996
vn -0.3145 0.9311 0.1848
vn -0.6682 0.7434 -0.0301
vn -0.7076 0.5868 -0.3937
vn -0.3513 0.8546 0.3825
vn -0.3616 -0.3547 -0.8622
vn 0.6751 0.6934 0.2518
vn 0.0552 -0.5396 -0.8401
vn 0.4528 -0.3298 0.8284
vn 0.4795 -0.8769 -0.0346
vn -0.0503 -0.9915 -0.1199
vn -0.5837 -0.6151 -0.5300
vn -0.3685 0.3353 -0.8670
vn -0.0166 0.7314 -0.6818
vn -0.3299 0.9397 0.0901
vn 0.0210 0.9406 0.3389
vn 0.1753 0.7021 0.6902
vn 0.1474 0.9545 -0.2591
vn -0.0038 0.9885 -0.1511
vn 0.8220 -0.0991 0.5607
vn -0.2477 -0.6491 -0.7193
vn -0.2944 -0.8725 0.3899
vn -0.1336 -0.8758 -0.4638
vn -0.0534 0.2776 -0.9592
vn 0.1188 0.5070 -0.8537
vn 0.0848 0.9781 0.1902
vn 0.2942 -0.5530 0.7795
vn 0.2069 0.3288 0.9215
vn -0.0233 -0.4705 0.8821
vn -0.5609 -0.6439 0.5203
vn -0.3123 0.2602 0.9137
vn -0.9505 0.2945 0.0985
vn -0.3324 -0.8339 0.4407
vn -0.2944 -0.8726 0.3897
vn -0.3322 -0.8338 0.4408
vn -0.1337 -0.8757 -0.4640
vn -0.2306 0.7852 0.5748
vn -0.0639 -0.1418 0.9878
vn -0.6176 -0.6909 0.3758
vn 0.3877 0.8731 0.2957
vn 0.6047 0.6735 0.4253
vn 0.6164 0.6614 -0.4272
vn 0.3789 0.8730 -0.3069
vn 0.5181 -0.5073 0.6887
vn 0.2991 -0.7841 0.5438
vn 0.0549 -0.0227 0.9982
vn -0.3135 0.2013 0.9280
vn -0.4001 0.9140 0.0673
vn -0.4036 0.8712 -0.2794
vn -0.3145 0.9311 -0.1848
vn 0.2276 0.9718 -0.0612
vn 0.4172 0.8932 0.1680
vn 0.2391 0.6631 0.7093
vn -0.1214 0.4638 -0.8776
vn 0.0750 0.9795 0.1868
vn 0.5902 0.6422 -0.4891
vn 0.5102 0.4097 0.7562
vn -0.5712 -0.6806 -0.4588
vn -0.6233 -0.7102 0.3273
vn -0.1763 -0.9048 -0.3876
vn -0.1083 -0.0798 -0.9909
vn -0.0028 0.3330 -0.9429
vn 0.1058 0.3332 -0.9369
vn -0.9998 0.0092 -0.0154
vn -0.9298 -0.1527 -0.3348
vn 0.2869 0.9580 -0.0049
vn 0.1544 0.5099 -0.8462
vn 0.3736 -0.8397 0.3942
vn -0.6742 -0.7326 0.0933
vn -0.0242 -0.9759 0.2168
vn -0.0157 -0.5994 -0.8003
vn 0.2814 -0.9152 -0.2886
vn 0.2972 -0.3709 0.8798
vn -0.0058 -0.2372 0.9714
vn -0.0755 -0.2528 0.9646
vn 0.1083 0.3116 0.9440
vn -0.2127 0.7296 0.6499
vn -0.1969 0.8275 -0.5259
vn 0.6211 -0.5650 -0.5431
vn 0.4429 -0.7543 0.4847
vn -0.0005 0.4040 -0.9148
vn 0.0105 0.8467 -0.5320
vn 0.1866 0.7021 -0.6872
vn 0.2459 0.9574 -0.1515
vn -0.6133 0.7824 -0.1085
vn -0.6680 0.6128 0.4222
vn -0.6604 0.7496 0.0448
vn -0.9998 0.0092 0.0154
vn -0.9298 -0.1526 0.3348
vn 0.1638 0.2553 -0.9529
vn 0.0504 0.3477 -0.9363
vn -0.2444 0.9636 0.1084
vn -1.0000 0.0080 0.0002
vn -0.8934 0.2049 -0.3999
vn -0.6836 -0.3479 -0.6416
vn -0.9208 -0.3901 0.0002
vn -0.8224 -0.5687 -0.0161
vn -0.4479 -0.1430 0.8826
vn 0.1417 0.1291 -0.9815
vn 0.0274 0.9812 0.1911
vn -0.0015 0.5999 -0.8000
vn 0.1999 0.1964 -0.9599
vn 0.1933 0.9459 0.2604
vn 0.9900 0.1111 -0.0864
vn 0.0035 0.8681 0.4964
vn -0.2804 -0.0823 0.9563
vn 0.8151 0.1607 0.5566
vn -0.1163 0.9430 0.3117
vn -0.9515 0.3076 0.0015
vn -0.5387 -0.4399 -0.7186
vn -0.8512 -0.4900 -0.1881
vn -0.9799 0.0665 -0.1879
vn 0.6321 0.4084 0.6585
vn 0.0953 0.8832 0.4593
vn -0.4192 0.8835 0.2092
vn -0.2514 0.9659 -0.0623
vn -0.2058 0.9616 0.1819
vn 0.2553 -0.0825 0.9634
vn 0.8924 -0.3039 0.3336
vn 0.9394 0.1854 0.2885
vn 0.8686 0.3490 0.3517
vn 0.2837 -0.2862 0.9152
vn 0.3724 0.3359 0.8652
vn -0.1440 -0.2180 0.9653
vn 0.4793 0.4644 0.7447
vn 0.8920 0.4357 0.1201
vn 0.9611 0.2751 -0.0227
vn 0.8170 -0.0258 0.5760
vn 0.0504 0.3477 0.9363
vn 0.1059 0.3332 0.9369
vn -0.0028 0.3330 0.9429
vn 0.1045 0.9944 -0.0175
vn -0.0329 0.5529 0.8326
vn -0.0079 0.5776 -0.8163
vn 0.1153 0.5472 -0.8290
vn 0.0603 0.9452 -0.3209
vn 0.2308 0.9193 -0.3187
vn -0.2529 -0.9346 0.2501
vn 0.1980 -0.9517 -0.2346
vn 0.0707 -0.9514 -0.2998
vn -0.4514 -0.1172 0.8846
vn -0.0581 0.7716 0.6335
vn -0.3501 0.8815 0.3168
vn -0.0533 0.2778 -0.9592
vn -0.2219 -0.8386 -0.4974
vn -0.1337 -0.8758 -0.4638
vn -0.0533 0.2776 -0.9592
vn -0.5587 -0.1852 -0.8084
vn -0.5585 -0.1852 -0.8086
vn -0.6280 0.7557 -0.1860
vn 0.0080 0.9968 -0.0798
vn 0.0490 0.9499 -0.3085
vn 0.9045 0.3297 0.2706
vn 0.4229 0.3598 -0.8317
vn 0.1938 0.9805 0.0327
vn 0.2271 0.4014 0.8873
vn 0.0659 -0.9656 0.2517
vn 0.1867 -0.9430 0.2754
vn 0.3238 -0.9177 0.2303
vn 0.7220 -0.6479 0.2428
vn 0.0696 0.7416 0.6672
vn -0.5635 -0.6373 -0.5257
vn -0.1390 -0.9537 -0.2668
vn -0.1360 -0.1452 -0.9800
vn 0.1371 -0.3745 -0.9170
vn -0.0142 0.4742 -0.8803
vn 0.3181 0.4539 -0.8323
vn 0.3310 0.3705 -0.8678
vn 0.8686 0.3490 -0.3517
vn 0.6943 0.6535 -0.3015
vn 0.8079 0.5260 -0.2657
vn 0.9394 0.1854 -0.2885
vn 0.8732 0.3993 -0.2794
vn -0.2187 0.9645 -0.1478
vn 0.0898 0.9821 -0.1654
vn 0.2459 0.9574 0.1515
vn 0.4711 0.8392 -0.2718
vn -0.2103 -0.1379 0.9679
vn -0.1335 -0.8757 -0.4640
vn -0.3324 -0.8338 0.4408
vn -0.2102 -0.1379 0.9679
vn -0.5854 0.1786 0.7909
vn -0.6295 -0.7535 0.1899
vn -0.1335 -0.8757 -0.4641
vn 0.8732 0.3993 0.2794
vn 0.8281 0.4932 0.2665
vn -0.6610 -0.3766 -0.6491
vn -0.8201 0.1745 0.5450
vn -0.4803 0.5964 -0.6431
vn 0.0898 0.9821 0.1654
vn -0.5634 -0.6373 0.5257
vn -0.1390 -0.9537 0.2668
vn -0.3245 0.9280 -0.1832
vn 0.1627 0.9641 -0.2100
vn 0.4956 0.6486 -0.5777
vn -0.4036 0.8712 0.2794
vn -0.1622 0.9308 0.3275
vn -0.1942 0.9231 -0.3320
vn 0.1870 -0.2633 -0.9464
vn 0.1671 0.0386 -0.9852
vn 0.4610 -0.2927 -0.8378
vn 0.1234 -0.2270 -0.9660
vn 0.2309 -0.3577 -0.9048
vn 0.1341 0.5857 -0.7993
vn 0.0154 -0.2300 -0.9731
vn -0.2700 -0.0549 -0.9613
vn 0.0108 -0.6485 0.7612
vn -0.0000 -0.9732 0.2298
vn 0.5993 -0.7604 0.2505
vn 0.0166 -0.9733 0.2291
vn -0.0291 -0.9749 -0.2207
vn -0.0298 -0.9749 0.2205
vn -0.0021 -0.6400 -0.7683
vn 0.0166 -0.9733 -0.2291
vn -0.8047 -0.5934 -0.0178
vn -0.7661 -0.6012 -0.2273
vn 0.0001 -0.5566 0.8308
vn -0.0053 -0.2434 0.9699
vn -0.0025 -0.2567 0.9665
vn -0.0112 -0.2306 0.9730
vn 0.1234 -0.2270 0.9660
vn 0.5090 0.6741 0.5353
vn -0.4371 0.8481 0.2996
vn -0.1942 0.9231 0.3320
vn -0.3244 0.5741 0.7518
vn -0.4162 0.9073 -0.0602
vn -0.1622 0.9308 -0.3275
vn -0.0329 0.5529 -0.8326
vn 0.0179 -0.9534 0.3013
vn 0.0360 -0.4383 0.8981
vn 0.1757 -0.0413 -0.9836
vn 0.0658 0.1026 -0.9925
vn -0.3205 -0.4055 -0.8561
vn -0.1910 -0.1885 -0.9633
vn -0.1272 0.2728 -0.9536
vn 0.2024 0.9532 -0.2246
vn 0.1936 0.9331 0.3031
vn 0.0233 0.9950 0.0967
vn -0.5331 -0.1074 0.8392
vn 0.3331 0.1719 0.9271
vn -0.4039 0.1406 0.9039
vn -0.6847 0.1116 0.7202
vn -0.2114 0.0486 0.9762
vn 0.5747 -0.5122 0.6383
vn 0.0227 0.9943 -0.1041
vn -0.5746 -0.7068 -0.4126
vn -0.1013 -0.9932 -0.0577
vn -0.3420 -0.8852 0.3153
vn -0.7732 -0.2875 0.5653
vn -0.9938 -0.0028 0.1114
vn -0.4170 -0.7332 0.5371
vn 0.0451 -0.8056 0.5908
vn 0.2941 -0.7392 -0.6059
vn 0.1558 -0.8750 -0.4583
vn 0.3678 -0.9018 0.2269
vn 0.5556 -0.8292 -0.0611
vn 0.6305 -0.7113 0.3106
vn 0.2671 -0.5262 0.8073
vn 0.6938 -0.7197 -0.0247
vn 0.1936 0.9331 -0.3031
vn 0.2088 -0.2977 0.9316
vn -0.3335 0.2762 0.9014
vn -0.3669 0.2381 -0.8993
vn -0.3549 -0.1205 0.9271
vn -0.3547 -0.1206 0.9272
vn -0.9145 0.2285 -0.3338
vn -0.7954 0.2666 -0.5443
vn -0.5257 -0.5294 -0.6659
vn -0.0008 0.9353 0.3539
vn -0.0178 -0.2359 -0.9716
vn -0.0112 -0.2306 -0.9730
vn -0.0089 -0.4386 -0.8986
vn -0.0000 -0.3827 -0.9239
vn -0.0269 -0.2427 -0.9697
vn -0.9568 0.1519 -0.2481
vn -0.5336 -0.2117 -0.8189
vn 0.6860 0.0080 0.7276
vn 0.0536 -0.0053 0.9986
vn -0.2393 -0.5144 0.8235
vn -0.0089 -0.4386 0.8986
vn 0.0272 -0.3296 0.9437
vn -0.8471 -0.2899 0.4454
vn -0.2580 0.2339 0.9374
vn -0.7207 0.5817 0.3771
vn -0.9866 0.1600 -0.0333
vn -0.9145 0.2285 0.3338
vn -0.5257 -0.5294 0.6659
vn -0.7954 0.2667 0.5443
vn 0.2885 -0.7498 0.5955
vn 0.1792 -0.9382 0.2962
vn 0.2308 0.9193 0.3187
vn 0.1341 0.5857 0.7993
vn 0.0603 0.9452 0.3209
vn -0.0079 0.5776 0.8163
vn -0.0008 0.9353 -0.3539
vn -0.2056 -0.3016 0.9310
vn -0.0941 0.8132 0.5743
vn -0.2047 0.9739 0.0978
vn 0.0182 -0.9535 -0.3008
vn 0.0617 0.6095 -0.7904
vn 0.1613 0.7021 -0.6936
vn -0.1738 0.2883 -0.9417
vn 0.0567 0.6954 -0.7164
vn -0.8162 0.4575 -0.3529
vn -0.7047 -0.5291 -0.4727
vn -0.1224 0.6293 -0.7675
vn -0.0047 -0.6076 -0.7942
vn -0.3732 -0.9278 -0.0009
vn -0.9784 0.0863 0.1877
vn -0.9392 0.2092 -0.2723
vn -0.0683 -0.3572 0.9315
vn -0.1224 0.6293 0.7675
vn -0.0047 -0.6076 0.7942
vn 0.3086 0.8773 0.3676
vn -0.8158 0.4589 0.3519
vn 0.5632 0.1189 0.8177
vn 0.3800 0.9185 0.1095
vn 0.4787 0.7916 0.3797
vn -0.2653 -0.9255 -0.2703
vn -0.1761 -0.9048 0.3878
vn 0.0074 0.5700 0.8216
vn 0.1339 0.9670 0.2168
vn -0.2959 0.9066 0.3009
vn -0.0395 0.1948 0.9800
vn 0.7309 0.6423 0.2305
vn 0.6884 0.3230 0.6494
vn 0.2859 0.9100 0.3001
vn 0.3352 0.4815 0.8098
vn -0.8700 0.3743 0.3211
vn -0.7424 0.6010 0.2961
vn -0.7774 0.2928 -0.5568
vn 0.8449 0.0007 -0.5350
vn 0.5318 -0.1570 -0.8322
vn 0.9442 -0.3272 -0.0376
vn 0.8181 -0.5650 -0.1075
vn 0.8270 0.1096 0.5513
vn 0.0696 0.7416 -0.6672
vn -0.0941 0.8132 -0.5743
vn 0.0076 0.9917 -0.1281
vn 0.4495 0.6810 -0.5781
vn 0.4687 0.8664 -0.1721
vn 0.3350 0.9387 0.0812
vn -0.7636 0.6447 -0.0356
vn 0.5484 -0.4025 -0.7330
vn 0.8163 0.4488 -0.3636
vn 0.3327 0.9259 -0.1790
vn 0.4495 0.6810 0.5781
vn 0.5484 -0.4025 0.7330
vn -0.7636 0.6447 0.0356
vn 0.3565 0.9341 -0.0184
vn 0.4687 0.8664 0.1721
vn 0.8129 -0.5237 0.2548
vn -0.1448 0.5268 -0.8376
vn -0.4912 0.0062 -0.8710
vn -0.8362 0.3481 -0.4238
vn -0.6436 0.0355 -0.7645
vn 0.3049 0.6699 0.6770
vn 0.5880 0.5154 -0.6234
vn 0.0267 -0.0992 -0.9947
vn 0.3353 -0.8498 0.4067
vn -0.2047 0.9739 -0.0978
vn 0.0056 1.0000 -0.0055
vn 0.9529 0.1737 0.2486
vn 0.1939 0.1224 0.9734
vn -0.6904 -0.6892 -0.2198
vn -0.1092 0.1879 -0.9761
vn -0.3388 0.4313 -0.8362
vn -0.0175 -0.3028 -0.9529
vn 0.0045 1.0000 -0.0029
vn -0.0922 -0.9851 -0.1449
vn -0.0871 -0.9959 0.0257
vn 0.4474 -0.3700 -0.8142
vn 0.3179 -0.3374 -0.8861
vn 0.3002 0.2882 -0.9093
vn 0.2451 -0.2614 0.9336
vn 0.3327 0.9259 0.1790
vn 0.3002 0.2882 0.9093
vn 0.3658 -0.4393 0.8205
vn 0.7035 -0.4277 0.5676
vn 0.6045 0.5007 0.6196
vn 0.0254 -0.0976 0.9949
vn -0.0871 -0.9959 -0.0257
vn -0.0922 -0.9851 0.1449
vn 0.0056 1.0000 0.0055
vn 0.0185 0.9998 0.0079
vn 0.0045 1.0000 0.0029
vn -0.2562 -0.0385 0.9659
vn -0.0175 -0.3028 0.9529
vn -0.0000 -0.3827 0.9239
vn -0.6806 0.5632 0.4687
vn -0.6696 0.6739 0.3122
vn -0.3984 0.3512 0.8473
vn -0.0928 0.4540 0.8862
vn -0.2405 0.8477 0.4729
vn 0.0076 0.9917 0.1281
vn 0.9434 0.2059 -0.2599
vn 0.7585 -0.4707 0.4506
vn 0.2024 0.9532 0.2246
vn -0.7774 0.2926 -0.5567
vn -0.1767 -0.8559 -0.4860
vn -0.2034 -0.9711 0.1246
vn 0.1908 -0.3703 0.9091
vn 0.3504 0.4527 0.8200
vn 0.5022 0.2467 -0.8288
vn 0.9723 -0.2288 -0.0476
vn 0.5318 -0.1570 0.8322
vn 0.7883 -0.0542 -0.6129
vn 0.6555 -0.7303 -0.1922
vn 0.0185 0.9998 -0.0079
vn 0.6762 -0.7351 0.0491
vn 0.7350 -0.6171 0.2810
vn 0.7421 -0.5497 0.3836
vn 0.8812 0.4728 0.0036
vn 0.2679 -0.7476 -0.6077
vn 0.3167 -0.3307 0.8890
vn 0.0682 0.5181 0.8526
vn -0.1272 0.2729 0.9536
vn 0.1780 0.1372 0.9744
vn 0.1793 -0.0978 0.9789
vn -0.6322 -0.6997 0.3327
vn -0.7774 0.2929 -0.5567
vn -0.6324 -0.6996 0.3327
vn -0.1878 -0.6441 0.7415
vn -0.7774 0.2928 -0.5567
vn -0.6757 -0.7371 0.0139
vn -0.6309 -0.3112 -0.7108
vn -0.9938 0.1107 -0.0055
vn -0.9066 -0.4220 0.0008
vn -0.9994 -0.0140 -0.0303
vn -0.9690 0.2032 -0.1408
vn 0.2195 -0.2478 -0.9436
vn -0.0000 -0.5847 -0.8112
vn 0.0074 -0.5967 -0.8024
vn -0.0098 -0.5857 -0.8105
vn 0.7763 0.6165 0.1318
vn 0.8565 0.4991 0.1314
vn 0.3634 0.9306 -0.0440
vn -0.9585 0.2848 -0.0085
vn -0.9938 0.1107 0.0055
vn -0.6285 0.7778 -0.0094
vn -0.5214 0.8533 -0.0084
vn -0.9585 0.2848 0.0085
vn -0.5214 0.8533 0.0084
vn -0.6285 0.7778 0.0094
vn 0.0309 0.6316 0.7746
vn 0.2404 0.9697 0.0436
vn -0.6769 0.7361 -0.0088
vn -0.1112 0.8501 -0.5147
vn 0.6284 0.7699 -0.1115
vn -0.1710 0.9134 0.3694
vn -0.9647 0.2173 0.1487
vn -0.9994 -0.0151 0.0319
vn 0.7796 0.6109 -0.1381
vn 0.8719 0.4814 -0.0898
vn 0.9803 0.1953 -0.0281
vn -0.6757 -0.7371 -0.0139
vn -0.4484 -0.8509 0.2737
vn -0.6309 -0.3112 0.7108
vn 0.0019 -0.5846 0.8113
vn -0.5584 -0.5986 0.5744
vn 0.0075 -0.7069 0.7073
vn -0.6039 -0.6839 0.4094
vn -0.9342 -0.3567 -0.0062
vn -0.0000 -0.5847 0.8112
vn 0.5635 -0.3906 0.7279
vn -0.0728 0.3640 0.9286
vn -0.6436 0.0355 0.7645
vn -0.8362 0.3481 0.4238
vn -0.5882 0.4581 -0.6664
vn -0.4523 0.2128 0.8661
vn -0.9776 -0.0867 -0.1916
vn 0.1948 -0.1267 -0.9726
vn -0.3572 -0.3169 -0.8786
vn 0.0138 -0.0917 -0.9957
vn 0.1446 -0.0435 -0.9885
vn 0.1780 0.1372 -0.9744
vn -0.0489 -0.0710 -0.9963
vn -0.0728 0.3640 -0.9286
vn -0.0435 -0.7654 0.6421
vn -0.7503 -0.2088 -0.6273
vn -0.8573 -0.3021 -0.4169
vn 0.0663 -0.8277 -0.5573
vn 0.3722 0.8426 -0.3893
vn 0.1437 0.1091 -0.9836
vn 0.6458 0.5247 -0.5546
vn 0.5999 0.6336 0.4884
vn -0.1865 0.4497 -0.8735
vn 0.7074 0.6719 -0.2196
vn -0.7912 0.6115 -0.0079
vn -0.6036 -0.3300 -0.7258
vn 0.3233 0.8572 0.4009
vn -0.3555 -0.9272 0.1180
vn -0.1961 -0.9605 -0.1975
vn -0.1356 -0.9700 0.2018
vn 0.0719 -0.9868 0.1449
vn 0.5651 0.1552 -0.8103
vn 0.1105 0.5407 -0.8339
vn -0.1516 -0.0644 -0.9863
vn -0.9966 -0.0062 -0.0825
vn -0.6914 0.2478 -0.6787
vn -0.5882 0.4581 0.6664
vn -0.2610 0.9641 0.0485
vn -0.0685 -0.6814 -0.7287
vn -0.1576 -0.7950 0.5857
vn -0.0393 -0.8439 0.5351
vn -0.1313 -0.6611 -0.7387
vn -0.0867 -0.0370 -0.9956
vn -0.1328 -0.0167 -0.9910
vn 0.2620 -0.1557 -0.9524
vn 0.8489 -0.0027 -0.5286
vn 0.1219 0.0336 -0.9920
vn 0.7550 0.0641 -0.6526
vn 0.7991 0.0126 0.6010
vn 0.6985 -0.0085 0.7156
vn -0.3192 0.0413 0.9468
vn -0.3053 0.1257 0.9439
vn -0.1882 0.0167 0.9820
vn -0.2723 0.0092 -0.9622
vn -0.6848 0.6512 -0.3271
vn -0.2682 0.4504 -0.8516
vn 0.2545 -0.9269 -0.2759
vn 0.0719 -0.9868 -0.1449
vn -0.0395 0.1948 -0.9800
vn -0.0473 0.1509 -0.9874
vn 0.1388 -0.9676 -0.2110
vn 0.1515 -0.5078 -0.8481
vn 0.8361 -0.3397 -0.4307
vn -0.1115 -0.8970 -0.4277
vn -0.9233 -0.3825 0.0341
vn -0.6369 -0.7024 -0.3177
vn 0.2397 -0.8509 -0.4674
vn -0.6234 -0.7083 -0.3312
vn -0.4377 -0.5251 -0.7299
vn 0.6638 -0.4673 -0.5840
vn 0.9061 -0.2265 -0.3574
vn 0.3854 -0.9207 0.0612
vn -0.4408 -0.8914 0.1057
vn -1.0000 0.0076 -0.0056
vn -0.8917 -0.3105 0.3293
vn -0.8996 0.3014 -0.3160
vn 0.0522 0.9897 -0.1332
vn -0.9506 0.1485 0.2724
vn 0.5417 0.7032 0.4604
vn -0.5329 0.0806 0.8423
vn -0.9535 -0.0958 -0.2858
vn -0.2880 -0.8165 0.5005
vn 0.8573 -0.3337 0.3920
vn 0.3145 -0.6115 0.7260
vn 0.9980 -0.0603 -0.0193
vn 0.6877 0.5800 -0.4366
vn 0.0580 -0.4080 0.9111
vn 0.3653 0.7906 0.4915
vn 0.8297 -0.3472 0.4371
vn 0.9750 -0.1037 0.1965
vn -0.2489 0.4683 0.8478
vn -0.0272 0.4748 0.8797
vn -0.0407 0.9811 0.1892
vn -0.2148 0.9167 0.3368
vn 0.4733 -0.0695 0.8782
vn 0.4494 0.0667 -0.8909
vn 0.4730 -0.0696 0.8783
vn 0.7737 0.0199 -0.6333
vn 0.8620 0.0434 0.5050
vn 0.1957 -0.0029 0.9807
vn 0.4388 -0.2047 0.8749
vn -0.5447 0.0426 0.8375
vn -0.2610 0.9641 -0.0485
vn -0.4205 0.3246 -0.8473
vn -0.2148 0.9167 -0.3368
vn -0.8553 0.2741 -0.4396
vn -0.0411 -0.1150 -0.9925
vn 0.3485 -0.1309 -0.9281
vn -0.4014 0.0412 -0.9150
vn 0.6831 -0.2012 -0.7021
vn 0.6546 0.0908 -0.7505
vn 0.9684 0.1468 -0.2018
vn 0.6815 0.7317 0.0132
vn 0.9456 0.3254 -0.0050
vn 0.9430 0.2812 0.1783
vn 0.9361 0.2712 -0.2241
vn 0.8085 0.4854 0.3328
vn 0.9894 0.0217 -0.1437
vn 0.9394 -0.1184 0.3218
vn 0.5065 0.8611 -0.0451
vn -0.6308 0.7482 -0.2057
vn -0.3703 -0.3633 -0.8549
vn -0.4204 0.8557 0.3019
vn -0.0478 -0.0358 0.9982
vn -0.7625 -0.3408 0.5500
vn -0.8922 -0.4484 -0.0534
vn 0.6178 0.3538 -0.7022
vn 0.9583 0.2817 -0.0479
vn 0.9357 0.3518 -0.0254
vn -0.8838 -0.4541 -0.1123
vn -0.6684 -0.5772 -0.4692
vn 0.9803 0.1953 0.0281
vn 0.7706 -0.1505 -0.6193
vn 0.9220 -0.3870 0.0105
vn -0.9870 -0.1609 0.0042
vn -0.9987 0.0075 0.0503
vn -0.9874 0.1584 -0.0053
vn -0.9987 0.0072 -0.0500
vn -0.3804 -0.2155 0.8993
vn -0.1472 0.1224 0.9815
vn -0.3743 0.1045 0.9214
vn -0.7151 0.0782 0.6946
vn -0.8606 0.2819 0.4242
vn -0.8955 -0.4450 -0.0102
vn -0.3384 0.9027 0.2656
vn -0.4208 0.4739 -0.7735
vn 0.1164 0.0479 -0.9920
vn 0.1039 -0.0034 -0.9946
vn 0.7614 -0.0288 -0.6477
vn 0.9332 -0.0336 -0.3578
vn 0.9577 0.2853 0.0368
vn 0.8358 -0.3204 0.4459
vn -0.3638 0.5773 -0.7309
vn 0.3653 0.9006 -0.2354
vn -0.0516 -0.3291 -0.9429
vn 0.8546 -0.2105 -0.4746
vn -0.1004 -0.4594 0.8826
vn 0.7281 -0.0116 0.6853
vn -0.1604 -0.1503 0.9755
vn 0.1644 -0.3631 0.9171
vn -0.8059 -0.2535 0.5350
vn -0.8478 0.5226 -0.0903
vn -0.7916 -0.5532 0.2595
vn -0.9213 0.2876 -0.2616
vn -0.7728 0.6325 -0.0520
vn -0.0489 -0.0710 0.9963
vn 0.0680 -0.1554 0.9855
vn -0.0731 -0.0328 0.9968
vn 0.1126 -0.0565 0.9920
vn -0.0497 0.0158 0.9986
vn 0.0555 -0.6252 0.7785
vn -0.1305 -0.2865 0.9491
vn -0.0473 0.1509 0.9874
vn 0.0006 0.0158 0.9999
vn -0.3868 0.6724 -0.6311
vn -0.1445 0.5270 -0.8375
vn 0.4493 0.0666 -0.8909
vn 0.5772 -0.1793 0.7966
vn 0.4494 0.0666 -0.8908
vn 0.4733 -0.0696 0.8782
vn 0.7738 0.0199 -0.6332
vn 0.4494 0.0667 -0.8908
vn -0.6274 0.0803 -0.7746
vn 0.7737 0.0198 -0.6332
vn -0.1446 0.5268 -0.8376
vn 0.1956 -0.0029 0.9807
vn 0.4730 -0.0695 0.8783
vn 0.1954 -0.0029 0.9807
vn -0.5448 0.0424 0.8375
vn 0.3988 0.6005 -0.6931
vn -0.7774 0.2928 -0.5566
vn -0.2731 -0.7973 0.5383
vn 0.2491 0.5893 0.7686
vn 0.3829 0.9226 -0.0478
vn 0.5540 0.1394 -0.8207
vn 0.4891 0.8669 0.0963
vn 0.1942 0.2703 -0.9430
vn 0.6344 -0.6083 -0.4769
vn -0.3815 0.8233 -0.4203
vn -0.0726 0.9973 -0.0078
vn -0.1710 0.9851 -0.0175
vn -0.2234 0.9575 0.1827
vn -0.9488 0.2916 0.1215
vn -0.9511 0.2192 -0.2177
vn -0.2338 -0.2677 -0.9347
vn -0.3796 -0.1776 -0.9079
vn 0.6867 -0.1702 -0.7068
vn -0.7829 0.6187 0.0659
vn -0.9833 0.0660 0.1695
vn -0.7997 0.5214 -0.2977
vn 0.7655 -0.0033 -0.6434
vn 0.8873 -0.2743 0.3707
vn 0.6863 0.5113 0.5174
vn 0.7532 0.4714 -0.4588
vn 0.8253 0.4436 0.3495
vn 0.2169 0.0046 0.9762
vn -0.2607 0.9650 0.0283
vn -0.1816 0.9809 -0.0697
vn 0.5753 0.8155 -0.0636
vn 0.9125 0.3991 -0.0903
vn -0.2609 0.9650 0.0283
vn -0.8350 0.5314 0.1429
vn 0.9124 0.3992 -0.0903
vn 0.7707 0.4651 0.4355
vn 0.7707 0.4652 0.4355
vn -0.9213 0.2880 -0.2615
vn -0.7915 -0.5533 0.2595
vn 0.0734 0.9957 -0.0563
vn 0.8839 0.4673 0.0206
vn -0.3013 -0.3026 0.9042
vn -0.3815 0.8233 0.4203
vn 0.3829 0.9226 0.0478
vn 0.9039 -0.1064 0.4144
vn 0.9220 -0.3870 -0.0105
vn 0.6746 -0.5521 0.4900
vn -0.8296 0.0408 -0.5569
vn -0.9631 0.0555 -0.2634
vn -0.9059 0.2827 -0.3152
vn -0.7429 0.3840 -0.5483
vn -0.6325 0.0872 -0.7696
vn -0.3585 0.1484 -0.9217
vn -0.1839 0.2176 -0.9586
vn -0.2935 0.2786 -0.9144
vn 0.0655 -0.1698 -0.9833
vn -0.0673 -0.0311 -0.9972
vn 0.2205 0.0596 -0.9736
vn -0.9897 0.1432 -0.0006
vn -0.9979 0.0509 -0.0395
vn -0.9903 0.0624 -0.1238
vn -0.1356 -0.9700 -0.2018
vn -0.0224 -0.7752 -0.6313
vn -0.0000 -0.7276 -0.6860
vn -0.0752 0.4189 -0.9049
vn 0.5309 0.8474 0.0125
vn 0.9824 -0.0733 -0.1718
vn 0.9890 0.0513 0.1390
vn -0.9871 0.0477 0.1526
vn -0.9979 0.0507 0.0396
vn 0.4971 -0.7740 0.3922
vn 0.7370 0.5519 0.3902
vn 0.9758 0.0173 0.2182
vn -0.9583 0.1229 -0.2579
vn 0.0074 -0.5967 0.8024
vn -0.0000 -0.7276 0.6860
vn -0.0752 0.4189 0.9049
vn -0.0015 -0.6339 0.7734
vn -0.7752 0.0422 0.6303
vn -0.9461 0.0314 0.3224
vn 0.1039 -0.0034 0.9946
vn 0.7302 -0.0288 0.6827
vn 0.1067 0.0640 0.9922
vn -0.3915 0.2525 -0.8848
vn -0.9705 0.2395 0.0277
vn -0.1710 0.9851 0.0175
vn -0.1261 0.8818 0.4545
vn -0.5147 -0.2325 0.8252
vn -0.9704 -0.2374 -0.0447
vn -0.4804 -0.2477 -0.8413
vn -0.1130 0.9098 -0.3994
vn -0.9602 0.2776 -0.0313
vn -0.4675 0.0603 -0.8819
vn -0.4088 -0.3844 0.8277
vn 0.5323 -0.1165 0.8385
vn -0.5313 -0.0320 0.8466
vn -0.0726 0.9973 0.0078
vn 0.0905 0.9959 0.0072
vn 0.5020 0.8458 0.1807
vn 0.3144 0.8548 0.4129
vn 0.5649 -0.7086 0.4227
vn 0.8649 -0.0908 0.4937
vn 0.9580 0.1216 0.2598
vn -0.1866 -0.0189 -0.9822
vn 0.1955 -0.0029 0.9807
vn -0.6039 -0.0229 -0.7968
vn 0.1953 -0.0029 0.9807
vn -0.8583 -0.1257 -0.4976
vn -0.6036 -0.0229 -0.7969
vn -0.8582 -0.1256 -0.4977
vn -0.2420 0.0556 0.9687
vn -0.7897 -0.0573 0.6109
vn -0.8113 0.0689 0.5805
vn -0.8245 -0.1329 -0.5500
vn -0.6275 0.0803 -0.7745
vn -0.5640 -0.2489 -0.7874
vn 0.7738 0.0200 -0.6331
vn 0.0615 0.0143 -0.9980
vn -0.3002 0.9538 -0.0112
vn -0.9206 0.3871 0.0524
vn -0.9204 0.0257 0.3902
vn -0.3449 -0.2768 -0.8969
vn -0.0156 0.9721 -0.2341
vn 0.2927 0.8651 -0.4073
vn -0.3795 0.0157 0.9250
vn 0.4296 0.4721 -0.7698
vn 0.8503 0.4190 0.3184
vn -0.4922 0.8440 0.2131
vn -0.4574 0.4476 -0.7684
vn 0.8889 -0.0398 0.4563
vn 0.9397 -0.1769 0.2926
vn 0.9531 0.1382 -0.2693
vn 0.2829 0.0764 -0.9561
vn 0.5565 0.0762 -0.8273
vn 0.5920 -0.1566 -0.7906
vn 0.3144 0.8548 -0.4129
vn 0.5021 0.8458 -0.1804
vn 0.9303 0.0028 -0.3668
vn 0.9979 0.0303 0.0571
vn 0.5743 0.5331 -0.6212
vn 0.6586 0.7427 -0.1206
vn 0.1251 0.9921 0.0080
vn -0.3788 0.9081 0.1788
vn -0.7509 0.6598 -0.0292
vn -0.9979 -0.0212 -0.0608
vn -0.7026 0.7108 0.0339
vn -0.2551 0.7962 0.5486
vn -0.3767 0.7329 0.5665
vn 0.5814 -0.7479 0.3204
vn 0.6314 -0.4871 0.6033
vn -0.4017 -0.8730 0.2767
vn -0.8009 0.1635 0.5761
vn -0.3387 0.1050 0.9350
vn -0.6217 0.7719 -0.1329
vn -0.2237 0.9576 -0.1818
vn -0.2551 0.7962 -0.5486
vn -0.6644 0.7472 -0.0153
vn -0.6801 -0.1438 0.7189
vn -0.9917 0.0595 0.1136
vn -0.9284 -0.2594 -0.2661
vn -0.8883 0.0662 -0.4544
vn -0.8880 0.3683 -0.2754
vn -0.9925 0.1183 0.0313
vn -0.9974 0.0610 0.0380
vn -0.9382 0.0188 0.3457
vn -0.7253 0.6814 0.0981
vn -0.9744 0.0033 -0.2248
vn 0.7643 0.6408 -0.0723
vn 0.9048 -0.1336 0.4043
vn 0.9414 0.3346 -0.0420
vn 0.8724 -0.1741 -0.4568
vn 0.9955 0.0384 -0.0870
vn 0.9599 0.1317 -0.2476
vn 0.9420 0.1995 0.2700
vn 0.9303 0.0028 0.3668
vn 0.5920 -0.1566 0.7906
vn 0.7853 0.1973 0.5869
vn 0.5565 0.0762 0.8273
vn -0.9488 0.2916 -0.1215
vn -0.9511 0.2192 0.2177
vn -0.3767 0.7329 -0.5665
vn 0.7226 0.4634 0.5130
vn 0.8459 -0.1393 0.5149
vn 0.9956 -0.0570 -0.0748
vn 0.8558 0.4388 -0.2739
vn 0.6592 0.4978 -0.5636
vn 0.6317 -0.7497 0.1973
vn -0.0088 -0.0990 0.9950
vn 0.9540 0.2493 0.1662
vn 0.2829 0.0764 0.9561
vn 0.2968 0.8565 0.4223
vn 0.0357 0.8417 0.5387
vn 0.2647 0.3663 0.8921
vn -0.8447 0.4880 0.2199
vn -0.7915 -0.5534 0.2595
vn 0.1643 -0.3631 0.9171
vn -0.9561 -0.0390 -0.2904
vn -0.7914 -0.5534 0.2597
vn -0.9560 -0.0391 -0.2906
vn 0.6604 -0.4855 0.5728
vn 0.6606 -0.4853 0.5728
vn -0.5611 0.0545 0.8260
vn -0.4475 0.0865 0.8901
vn -0.7377 0.3964 0.5465
vn -0.5298 0.4647 -0.7094
vn 0.5108 -0.2175 -0.8318
vn 0.2481 0.3199 -0.9144
vn -0.3076 -0.1196 -0.9440
vn -0.6013 -0.7948 -0.0819
vn 0.4269 -0.8154 0.3909
vn 0.1810 -0.0686 -0.9811
vn -0.7177 0.6949 -0.0436
vn -0.7976 -0.5996 -0.0655
vn 0.9166 -0.3587 -0.1766
vn 0.9977 0.0655 0.0187
vn 0.9996 0.0229 0.0141
vn 0.6662 0.6886 -0.2864
vn 0.9977 0.0654 0.0188
vn -0.2130 0.7141 0.6668
vn 0.6664 0.6884 -0.2865
vn -0.2129 0.7141 0.6668
vn 0.6746 0.3031 -0.6730
vn 0.6745 0.3031 -0.6731
vn 0.9462 0.0266 -0.3225
vn -0.2128 0.7142 0.6668
vn 0.5064 0.3344 0.7948
vn 0.9462 0.0265 -0.3225
vn -0.2130 0.7141 0.6669
vn 0.5064 0.3343 0.7949
vn 0.2691 0.3044 0.9137
vn -0.8349 0.5315 0.1430
vn -0.8660 0.1892 -0.4629
vn -0.4344 0.6701 -0.6019
vn -0.5033 0.7768 -0.3785
vn -0.8413 0.2948 -0.4530
vn -0.0299 0.8476 -0.5299
vn 0.2819 0.9037 -0.3224
vn 0.2193 0.9303 0.2941
vn -0.3460 0.6170 0.7068
vn -0.9561 -0.0390 -0.2906
vn -0.1112 0.6317 -0.7672
vn -0.9560 -0.0390 -0.2906
vn -0.1111 0.6317 -0.7672
vn -0.7915 -0.5534 0.2596
vn 0.3326 -0.8197 0.4664
vn -0.3608 -0.6211 0.6958
vn -0.9535 -0.3001 -0.0298
vn 0.8047 0.5936 0.0094
vn 0.0673 0.8898 -0.4513
vn 0.6384 -0.7671 0.0638
vn 0.7853 0.1973 -0.5869
vn 0.2968 0.8565 -0.4223
vn 0.4423 0.8659 -0.2336
vn 0.9420 0.1995 -0.2700
vn 0.8233 0.5667 -0.0320
vn 0.9638 0.1479 0.2216
vn 0.6807 0.6342 0.3667
vn 0.0672 0.8898 -0.4514
vn 0.0321 0.9767 -0.2121
vn -0.5194 0.6838 0.5125
vn -0.0246 -0.9218 0.3870
vn -0.6963 -0.6845 0.2158
vn -0.8356 0.4916 0.2451
vn 0.3614 0.7833 -0.5058
vn 0.8349 0.5460 0.0696
vn 0.3136 0.7418 0.5929
vn 0.6907 0.5905 -0.4173
vn 0.8233 0.5667 0.0320
vn 0.4423 0.8659 0.2336
vn 0.9568 0.2828 0.0675
vn 0.6314 0.6613 -0.4049
vn -0.0412 0.0137 -0.9991
vn -0.0357 0.0626 -0.9974
vn -0.0224 0.2207 -0.9751
vn 0.3452 0.1387 -0.9282
vn 0.9964 -0.0491 -0.0692
vn 0.7144 0.6555 -0.2450
vn 0.3868 -0.7753 -0.4994
vn 0.7912 -0.6115 0.0049
vn 0.0583 0.6670 0.7428
vn -0.8447 0.4880 -0.2199
vn -0.9604 0.2426 -0.1370
vn -0.8967 0.4090 0.1693
vn 0.6922 0.0669 0.7186
vn -0.3322 0.8238 -0.4594
vn -0.7178 0.6949 -0.0437
vn -0.8161 -0.2299 0.5302
vn -0.7756 -0.5938 0.2142
vn 0.9093 0.2210 0.3526
vn 0.5653 -0.1254 -0.8153
vn 0.5131 -0.0581 -0.8564
vn 0.8910 -0.2304 0.3913
vn 0.8383 0.3286 0.4351
vn -0.3372 0.2900 0.8957
vn -0.5045 0.1280 0.8539
vn -0.3666 0.2833 -0.8862
vn -0.9905 0.0877 0.1059
vn -0.5045 0.1280 -0.8539
vn 0.9170 -0.1321 -0.3764
vn 0.5131 -0.0581 0.8564
vn -0.7926 0.2461 0.5579
vn 0.7912 -0.6115 -0.0049
vn -0.7007 0.6237 -0.3464
vn 0.2286 0.7599 -0.6086
vn -0.7461 0.6350 -0.2001
vn 0.2417 0.4142 0.8775
vn -0.0763 -0.0976 0.9923
vn -0.0060 0.2253 0.9743
vn -0.0253 0.9844 0.1742
vn -0.0531 0.8789 -0.4740
vn 0.2988 0.6338 -0.7134
vn 0.1264 0.0557 -0.9904
vn 0.6264 0.0885 -0.7745
vn 0.9668 -0.0265 -0.2541
vn 0.3775 0.7296 0.5702
vn -0.2928 0.6123 -0.7344
vn -0.6802 0.7316 -0.0456
vn -0.7916 -0.5533 0.2595
vn 0.1640 -0.3631 0.9172
vn -0.6195 -0.6322 0.4653
vn -0.7745 0.0856 0.6267
vn -0.4993 0.8390 0.2162
vn -0.0298 0.9785 -0.2039
vn 0.8126 0.0188 -0.5825
vn -0.0531 0.8788 -0.4742
vn 0.3579 -0.5653 -0.7432
vn 0.8126 0.0189 -0.5826
vn -0.8722 0.1469 0.4665
vn -0.8722 0.1468 0.4666
vn -0.5087 -0.8187 -0.2662
vn 0.5640 -0.3325 -0.7559
vn -0.5552 -0.2912 -0.7790
vn -0.5166 0.2029 -0.8318
vn 0.5792 0.2678 -0.7699
vn 0.9298 0.1967 -0.3110
vn -0.0829 0.2922 -0.9528
vn 0.6718 -0.1628 0.7226
vn -0.1654 -0.9462 0.2781
vn 0.1230 0.3514 0.9281
vn -0.0957 0.9748 0.2017
vn 0.1532 -0.1946 -0.9688
vn 0.2542 -0.5442 -0.7995
vn -0.9977 0.0684 0.0001
vn -0.9973 0.0733 0.0001
vn 0.4454 -0.4209 0.7902
vn -0.7032 -0.5614 0.4363
vn -0.4845 0.3759 0.7899
vn -0.4746 -0.6282 0.6166
vn -0.7466 -0.6214 0.2376
vn 0.7014 -0.5527 -0.4500
vn -0.0763 -0.0974 0.9923
vn -0.0763 -0.0975 0.9923
vn -0.0255 0.9844 0.1741
vn 0.6894 -0.2276 0.6877
vn 0.9635 0.2403 0.1183
vn 0.6078 0.2730 0.7457
vn -0.5321 0.2269 0.8157
vn -0.7166 -0.1871 0.6720
vn -0.9011 0.4235 0.0927
vn -0.9438 0.3273 0.0455
vn -0.9418 -0.0210 0.3354
vn -0.6122 0.0108 -0.7906
vn -0.0770 0.0021 -0.9970
vn -0.9746 0.1214 -0.1884
vn -0.9304 -0.1657 0.3268
vn -0.8117 0.5342 -0.2361
vn -0.0011 -0.6339 -0.7734
vn -0.0056 -0.7459 -0.6660
vn -0.0000 -0.6957 -0.7183
vn 0.4669 -0.6724 -0.5744
vn 0.9078 -0.4159 -0.0543
vn 0.3131 0.9061 0.2844
vn 0.6913 0.7226 -0.0020
vn 0.3132 0.9061 0.2846
vn 0.6316 0.6613 -0.4048
vn 0.6921 0.0668 0.7187
vn 0.0468 0.9988 -0.0119
vn -0.2351 -0.5723 0.7856
vn -0.8446 -0.0511 0.5330
vn -0.9246 -0.3259 -0.1972
vn 0.2289 0.0419 0.9725
vn 0.3002 -0.1005 0.9486
vn -0.0770 0.0021 0.9970
vn -0.8161 -0.2301 0.5301
vn -0.8161 -0.2298 0.5302
vn -0.7975 -0.5998 -0.0655
vn -0.8162 -0.2301 0.5301
vn -0.7178 0.6949 -0.0435
vn -0.2219 0.2982 0.9284
vn -0.2218 0.2983 0.9283
vn 0.5388 0.8215 -0.1866
vn 0.8894 0.4126 -0.1969
vn 0.3934 -0.8936 -0.2160
vn -0.3927 -0.8050 -0.4447
vn 0.5272 -0.0051 -0.8497
vn 0.9995 -0.0114 0.0307
vn 0.2878 -0.7638 0.5777
vn -0.6028 -0.7513 0.2685
vn -0.6778 0.0128 -0.7352
vn -0.6701 -0.3574 0.6506
vn -0.8208 0.0589 -0.5682
vn 0.4944 0.1344 0.8588
vn -0.3783 0.0018 0.9257
vn 0.3930 0.9106 -0.1279
vn 0.7048 0.7070 -0.0573
vn 0.4740 0.7326 0.4885
vn 0.5557 0.4885 0.6728
vn 0.3251 0.4893 0.8092
vn -0.0068 0.8948 -0.4463
vn -0.9851 0.1122 0.1303
vn -0.8421 0.0576 0.5362
vn -0.7465 -0.6215 0.2378
vn 0.7415 0.3284 -0.5851
vn -0.8422 0.0576 0.5361
vn 0.7414 0.3285 -0.5852
vn 0.8541 -0.1103 -0.5083
vn 0.8897 0.4522 0.0624
vn 0.3581 -0.5654 -0.7430
vn 0.7396 -0.0362 -0.6721
vn 0.0730 -0.7662 -0.6385
vn 0.3865 -0.7753 -0.4995
vn -0.0056 -0.7460 -0.6659
vn -0.0760 0.6941 -0.7159
vn -0.9676 -0.2522 -0.0137
vn -0.7174 -0.5710 -0.3991
vn -0.1112 -0.7908 -0.6020
vn -0.3321 0.8238 -0.4594
vn 0.5389 0.8214 -0.1867
vn 0.9093 0.2209 0.3526
vn 0.6665 0.6884 -0.2863
vn 0.4981 -0.7387 0.4541
vn 0.9078 -0.4159 0.0543
vn 0.5869 -0.6489 0.4842
vn -0.8352 0.1389 0.5322
vn 0.2537 -0.1302 0.9585
vn 0.1118 0.0571 0.9921
vn 0.0067 0.2076 0.9782
vn 0.0132 0.0864 0.9962
vn 0.0236 0.0416 0.9989
vn -0.7422 0.4874 -0.4600
vn 0.1241 0.8138 -0.5678
vn 0.5283 0.0830 -0.8450
vn -0.3172 -0.2353 -0.9187
vn 0.3120 0.9022 0.2978
vn -0.7758 0.3761 -0.5067
vn -0.3247 0.9377 0.1236
vn -0.5473 0.5093 -0.6642
vn -0.2967 -0.7411 -0.6023
vn 0.5695 0.3834 -0.7271
vn 0.4539 0.5564 0.6960
vn 0.5694 0.3835 -0.7271
vn -0.3077 -0.3680 0.8774
vn -0.3076 -0.3679 0.8775
vn -0.1261 -0.9603 -0.2490
vn 0.2030 -0.5535 -0.8077
vn 0.8533 -0.0344 -0.5203
vn 0.5053 0.5000 0.7033
vn 0.9503 0.2628 -0.1669
vn 0.1963 0.6151 0.7636
vn -0.6198 0.3538 0.7005
vn 0.1534 0.2588 0.9537
vn -0.0000 -0.6957 0.7183
vn -0.2336 -0.6425 0.7298
vn -0.0067 0.8948 -0.4464
vn 0.9813 0.1890 0.0371
vn 0.9585 -0.0135 0.2848
vn -0.7926 0.2461 -0.5579
vn -0.7040 0.0664 0.7071
vn -0.8965 0.1896 -0.4004
vn -0.1518 -0.1521 -0.9766
vn -0.9414 -0.0304 0.3358
vn -1.0000 -0.0000 -0.0000
vn -0.9413 -0.0306 0.3362
vn -0.4226 -0.5402 0.7277
vn 0.0265 -0.0020 0.9996
vn -0.7931 0.3841 0.4727
vn -0.9985 0.0546 0.0100
vn -0.4736 0.7340 0.4868
vn -0.9592 0.2694 -0.0853
vn -0.2947 0.6009 -0.7430
vn -0.8763 0.3302 0.3507
vn -0.3077 -0.3679 0.8775
vn 0.1332 0.5119 0.8486
vn -0.5351 0.8166 0.2165
vn -0.1552 -0.2859 0.9456
vn -0.9324 0.1419 0.3325
vn -0.7040 0.0664 -0.7071
vn -0.5881 -0.7247 -0.3590
vn 0.4246 0.4520 -0.7845
vn 0.4913 0.8543 -0.1695
vn 0.5105 0.7250 0.4624
vn -0.2609 -0.0915 0.9610
vn -0.0372 0.1222 0.9918
vn -0.0035 0.0336 -0.9994
vn 0.8617 0.5070 -0.0187
vn 0.4235 0.9053 -0.0333
vn 0.5601 0.5746 -0.5968
vn 0.4282 0.6556 -0.6220
vn 0.4920 0.6338 0.5969
vn -0.0323 0.9936 0.1083
vn -0.0068 0.8948 -0.4465
vn -0.0325 0.9936 0.1083
vn 0.1641 -0.3631 0.9172
vn -0.0067 0.8949 -0.4463
vn 0.1642 -0.3631 0.9172
vn 0.5081 0.5094 -0.6945
vn 0.5079 0.5093 -0.6947
vn -0.6387 -0.2096 -0.7404
vn -0.3171 -0.2355 -0.9187
vn -0.4004 0.8378 -0.3713
vn 0.4862 0.8730 0.0394
vn 0.1643 -0.3629 0.9172
vn 0.0084 -0.6960 -0.7180
vn -0.5185 -0.5705 -0.6369
vn 0.0082 -0.5747 -0.8183
vn -0.0000 -0.5791 -0.8153
vn -0.9880 0.1404 -0.0643
vn -0.9563 0.2923 -0.0001
vn -0.8772 0.4693 -0.1015
vn -0.0812 -0.9217 -0.3792
vn 0.1225 -0.6305 0.7665
vn -0.7452 -0.0154 0.6666
vn -0.9346 -0.0680 -0.3492
vn -0.6424 -0.1902 -0.7424
vn 0.5842 -0.7678 -0.2630
vn 0.6875 -0.7223 -0.0750
vn 0.4911 -0.8051 -0.3327
vn 0.4616 -0.4697 0.7525
vn 0.3321 -0.3222 0.8865
vn 0.9288 -0.3705 -0.0000
vn 0.9877 -0.1564 -0.0049
vn 0.9881 -0.1540 -0.0000
vn 0.9314 0.3625 -0.0324
vn 0.5124 0.8587 0.0050
vn 0.3569 0.9330 -0.0452
vn -0.0000 0.5722 0.8201
vn -0.7784 0.3284 0.5351
vn -0.9846 0.1656 0.0552
vn 0.3093 0.9478 -0.0774
vn 0.4744 0.8765 0.0814
vn 0.9877 -0.1564 0.0049
vn 0.3321 -0.3222 -0.8865
vn 0.4616 -0.4697 -0.7525
vn 0.6875 -0.7223 0.0750
vn 0.4911 -0.8051 0.3327
vn -0.9879 0.1411 0.0641
vn -0.9088 0.2846 0.3050
vn -0.8772 0.4694 0.1013
vn -0.0111 -0.7164 0.6976
vn 0.0031 -0.5788 0.8155
vn -0.5623 -0.5351 0.6305
vn -0.7414 -0.5069 0.4397
vn -0.9583 -0.2777 0.0669
vn -0.9788 -0.1915 0.0731
vn -0.9812 -0.1865 -0.0498
vn -0.0000 -0.5791 0.8153
vn 0.5434 -0.0423 0.8384
vn 0.8049 -0.4940 0.3287
vn -0.1058 0.5859 0.8034
vn -0.5224 0.7482 0.4089
vn -0.4228 -0.5401 0.7277
vn -0.9846 0.1656 -0.0552
vn -0.8870 0.1096 0.4485
vn -0.0000 -0.6281 0.7781
vn -0.8869 0.1096 0.4487
vn -0.2032 -0.6122 -0.7642
vn -0.9438 -0.1980 -0.2647
vn -0.4109 -0.8989 -0.1520
vn 0.2255 -0.9519 -0.2075
vn 0.1918 -0.9407 0.2799
vn 0.3745 -0.6646 -0.6466
vn 0.9749 -0.1771 -0.1352
vn 0.4331 0.0664 0.8989
vn -0.1564 -0.1464 0.9768
vn -0.0574 -0.3489 -0.9354
vn -0.7666 0.6421 -0.0067
vn 0.0994 -0.2073 -0.9732
vn -0.1531 0.9385 0.3093
vn -0.0203 0.2137 -0.9767
vn 0.7415 0.3285 -0.5850
vn -0.8422 0.0575 0.5361
vn 0.1337 -0.0671 -0.9888
vn 0.4348 -0.5775 -0.6909
vn 0.4668 -0.6724 -0.5745
vn 0.9978 -0.0463 -0.0481
vn 0.7596 0.6499 -0.0235
vn -0.9228 0.2324 -0.3071
vn -0.7280 -0.1356 -0.6721
vn 0.2524 -0.6223 -0.7410
vn 0.1559 0.9177 -0.3653
vn 0.2364 0.2202 -0.9464
vn 0.4896 0.8612 -0.1366
vn -0.1817 0.6900 0.7006
vn 0.4619 -0.2081 0.8622
vn -0.1262 -0.9603 -0.2490
vn 0.2028 -0.5536 -0.8077
vn -0.5358 -0.3088 0.7859
vn -0.6580 -0.7530 0.0048
vn -0.0744 -0.5363 -0.8407
vn 0.7489 -0.1825 -0.6370
vn 0.7147 0.6968 -0.0605
vn -0.7218 -0.6186 0.3103
vn 0.1095 -0.4285 -0.8969
vn 0.2493 0.0250 -0.9681
vn -0.1388 0.1892 -0.9721
vn 0.5532 0.0413 0.8320
vn -0.4425 -0.0564 0.8950
vn -0.0359 0.1203 0.9921
vn 0.4681 -0.4951 0.7320
vn -0.2966 0.2324 0.9263
vn -0.2009 0.6315 0.7489
vn -0.5622 0.5122 0.6493
vn 0.5853 -0.5579 -0.5884
vn 0.8576 -0.5024 -0.1102
vn 0.1938 0.3087 -0.9312
vn 0.6788 -0.3283 -0.6569
vn 0.1934 -0.8796 -0.4345
vn -0.8468 -0.5204 0.1100
vn -0.7947 -0.1224 -0.5945
vn 0.4967 -0.0097 -0.8679
vn 0.9362 -0.3480 -0.0493
vn 0.0404 -0.6643 0.7464
vn 0.3867 -0.6164 -0.6860
vn 0.9115 -0.4091 0.0423
vn -0.6966 -0.3276 -0.6384
vn 0.4350 -0.5775 -0.6909
vn 0.8253 -0.5647 -0.0024
vn -0.9768 0.1997 0.0774
vn -0.8670 0.4911 -0.0848
vn -0.5795 0.3293 -0.7455
vn -0.3876 -0.5062 -0.7704
vn 0.5437 0.2559 -0.7993
vn 0.8533 0.3908 -0.3451
vn 0.6359 0.7426 -0.2104
vn 0.9143 0.2692 0.3025
vn 0.6928 0.7162 -0.0842
vn 0.8209 -0.0101 0.5709
vn 0.9372 -0.3158 0.1482
vn 0.5204 -0.5501 0.6531
vn -0.2852 0.2904 0.9134
vn -0.4507 -0.0471 0.8915
vn -0.1139 -0.5205 0.8462
vn -0.2338 -0.6424 0.7298
vn -0.8351 0.1389 0.5322
vn 0.0115 -0.8346 0.5507
vn 0.4204 -0.0200 0.9071
vn -0.2631 -0.1923 0.9454
vn -0.7622 0.6268 0.1620
vn 0.1907 -0.0834 0.9781
vn -0.9111 -0.3660 0.1899
vn 0.6870 -0.6813 -0.2529
vn 0.3699 -0.0020 -0.9291
vn 0.9600 -0.0028 -0.2799
vn -0.7618 -0.3337 0.5552
vn 0.8780 -0.2986 0.3742
vn -0.5395 -0.6498 0.5354
vn -0.9705 -0.1761 0.1649
vn -0.7278 -0.1357 -0.6722
vn 0.6838 0.1850 -0.7058
vn 0.8674 -0.4749 0.1483
vn 0.1802 -0.7274 -0.6621
vn -0.6292 0.0950 -0.7714
vn 0.3620 -0.3072 -0.8801
vn 0.4814 -0.0901 -0.8719
vn -0.5674 0.3167 -0.7601
vn 0.5611 0.5522 -0.6166
vn 0.9581 0.0638 0.2794
vn 0.4240 0.8207 0.3830
vn 0.2085 0.2553 0.9441
vn 0.9581 0.0638 -0.2794
vn 0.2085 0.2553 -0.9441
vn 0.4240 0.8207 -0.3830
vn 0.6353 0.5606 0.5311
vn 0.5504 -0.1481 0.8217
vn -0.4768 0.2643 0.8383
vn 0.6025 -0.7778 0.1789
vn 0.6199 -0.1804 -0.7637
vn 0.6326 0.6754 -0.3789
vn 0.8412 0.3796 0.3850
vn 0.1047 0.2368 0.9659
vn -0.6389 -0.2096 -0.7402
vn -0.2532 -0.1269 0.9591
vn 0.4651 0.8153 0.3449
vn -0.6388 -0.2096 -0.7402
vn 0.6901 -0.5079 -0.5157
vn 0.4650 0.8153 0.3451
vn 0.6902 -0.5077 -0.5157
vn 0.6494 0.5152 -0.5594
vn 0.0995 -0.2073 -0.9732
vn 0.6494 0.5153 -0.5592
vn 0.0995 -0.2074 -0.9732
vn 0.8710 0.4864 0.0693
vn 0.9996 0.0188 -0.0188
vn 0.8710 0.4864 0.0690
vn 0.9996 0.0187 -0.0190
vn 0.8596 0.2660 0.4363
vn -0.4860 0.5025 -0.7151
vn -0.4811 0.5029 -0.7181
vn 0.6263 0.0919 0.7741
vn 0.9783 0.0310 0.2051
vn 0.7535 0.1603 0.6376
vn 0.2417 0.1513 0.9585
vn -0.7356 -0.0759 -0.6732
vn -0.9112 -0.3658 0.1896
vn -0.3130 -0.0256 -0.9494
vn 0.6442 0.0858 -0.7601
vn 0.7577 -0.0042 -0.6526
vn 0.8620 0.0433 0.5051
vn -0.3097 -0.3852 -0.8693
vn 0.1053 -0.0815 -0.9911
vn 0.5494 0.0034 -0.8356
vn 0.8620 0.0432 0.5051
vn 0.5244 0.0035 -0.8515
vn 0.9291 -0.0020 0.3698
vn 0.4206 -0.0200 0.9070
vn 0.4205 -0.0200 0.9071
vn 0.1052 -0.0816 -0.9911
vn -0.9317 0.3173 -0.1769
vn -0.8053 -0.1762 -0.5660
vn -0.0205 -0.9107 -0.4125
vn 0.5362 -0.8406 0.0763
vn 0.0984 -0.9815 0.1640
vn -0.5270 -0.4515 -0.7200
vn -0.1540 -0.2219 -0.9628
vn 0.5261 -0.5466 -0.6514
vn 0.7125 -0.4372 0.5488
vn 0.9465 -0.2944 0.1325
vn 0.6994 0.2159 0.6813
vn 0.1104 0.0951 -0.9893
vn 0.8608 0.1872 -0.4732
vn 0.3199 -0.0532 -0.9460
vn 0.3321 -0.1463 -0.9318
vn 0.3981 0.5647 -0.7229
vn -0.2346 0.0539 -0.9706
vn -0.8275 -0.4967 -0.2618
vn 0.7015 -0.5986 -0.3868
vn 0.6176 0.2973 -0.7281
vn -0.0811 0.6244 0.7769
vn -0.2403 0.9634 -0.1188
vn -0.1211 0.2967 -0.9473
vn -0.0555 0.0554 -0.9969
vn -0.1161 0.2161 -0.9694
vn 0.9806 0.0234 -0.1944
vn 0.9971 -0.0759 0.0043
vn 0.5563 0.6603 0.5045
vn 0.3867 -0.6163 -0.6860
vn 0.4710 -0.8504 -0.2345
vn -0.4391 -0.8871 0.1420
vn -0.3081 -0.4895 -0.8158
vn 0.4491 0.1228 -0.8850
vn 0.9167 -0.0899 -0.3893
vn 0.2295 -0.9597 0.1621
vn -0.7275 -0.4552 0.5133
vn -0.3270 -0.7889 0.5203
vn -0.6657 0.6454 0.3746
vn -0.7609 0.5529 0.3396
vn -0.9743 0.0124 -0.2251
vn -0.3188 0.7004 -0.6386
vn 0.1525 -0.9088 0.3884
vn 0.0121 -0.9992 -0.0383
vn 0.9288 -0.3633 0.0732
vn 0.4103 -0.3575 0.8390
vn -0.7821 0.0462 0.6214
vn -0.7380 -0.6714 0.0675
vn -0.8922 -0.4029 -0.2042
vn 0.5451 0.7377 0.3982
vn 0.1246 0.1532 0.9803
vn 0.9982 -0.0550 0.0228
vn 0.2551 -0.1346 0.9575
vn -0.0351 0.0426 0.9985
vn -0.0800 0.1905 0.9784
vn 0.2204 0.9677 0.1223
vn 0.1198 0.5819 -0.8044
vn 0.6527 0.1352 -0.7455
vn -0.0664 0.2182 0.9737
vn -0.0841 0.4383 0.8949
vn -0.0205 -0.9107 0.4125
vn 0.0984 -0.9815 -0.1640
vn 0.5362 -0.8406 -0.0763
vn 0.5261 -0.5466 0.6514
vn -0.1540 -0.2219 0.9628
vn -0.5270 -0.4515 0.7200
vn -0.3486 -0.9367 0.0319
vn 0.7125 -0.4372 -0.5488
vn -0.0683 -0.3884 -0.9189
vn 0.9465 -0.2944 -0.1325
vn -0.6122 0.0108 0.7906
vn 0.3215 -0.1232 0.9389
vn -0.1682 0.0230 0.9855
vn -0.9984 -0.0473 0.0299
vn 0.6955 0.3872 -0.6053
vn 0.8608 0.1872 0.4732
vn -0.5713 0.3831 0.7259
vn -0.8403 -0.4410 -0.3154
vn -0.5642 0.1420 -0.8133
vn -0.1637 -0.0745 -0.9837
vn -0.3544 -0.0961 -0.9301
vn -0.3178 0.1245 -0.9400
vn 0.0208 -0.0167 -0.9996
vn -0.5142 -0.7807 -0.3550
vn -0.7278 -0.1357 -0.6723
vn -0.5142 -0.7807 -0.3551
vn 0.3866 -0.6163 -0.6861
vn -0.7280 -0.1358 -0.6720
vn -0.0000 -0.4179 -0.9085
vn -0.5427 -0.8393 0.0309
vn -0.0100 -0.9533 -0.3017
vn 0.7905 -0.5315 -0.3043
vn 0.9349 0.3509 -0.0526
vn 0.9233 -0.2203 0.3146
vn 0.1598 -0.9807 0.1123
vn -0.8498 -0.3091 -0.4270
vn -0.9286 -0.3617 -0.0824
vn -0.7997 0.3441 -0.4920
vn -0.4403 0.8470 -0.2979
vn -0.9436 0.3053 0.1283
vn -0.9530 -0.3011 0.0350
vn -0.5967 0.7290 0.3354
vn -0.7933 0.4828 0.3709
vn -0.0707 -0.9257 0.3715
vn 0.0394 0.9224 -0.3843
vn 0.1507 -0.9882 0.0261
vn -0.1359 -0.9907 0.0040
vn -0.8768 -0.4730 0.0861
vn -0.8139 0.5534 0.1769
vn 0.9556 -0.2891 0.0573
vn 0.6696 0.7328 0.1212
vn 0.8020 0.4251 -0.4196
vn 0.6952 -0.6469 -0.3133
vn 0.9529 0.2953 -0.0684
vn 0.9741 -0.0707 -0.2147
vn 0.8691 -0.4945 -0.0114
vn 0.8357 0.5479 0.0380
vn 0.6738 0.7380 0.0369
vn 0.9999 -0.0053 -0.0126
vn -0.6054 0.7725 0.1918
vn -0.3189 0.6036 -0.7308
vn -0.6394 0.6342 0.4347
vn -0.1815 0.9068 -0.3804
vn 0.9867 -0.1616 -0.0156
vn 0.3841 -0.9134 -0.1349
vn 0.3724 -0.9096 0.1844
vn 0.8779 -0.1688 0.4481
vn 0.9579 -0.2587 0.1242
vn -0.2854 -0.9560 -0.0679
vn 0.2443 0.9299 -0.2749
vn 0.6577 -0.7135 -0.2416
vn 0.5849 0.5395 -0.6057
vn 0.4296 -0.4466 -0.7848
vn 0.1292 -0.8112 0.5703
vn 0.8210 0.5525 0.1441
vn 0.8270 0.5585 0.0641
vn -0.6322 0.6281 -0.4537
vn -0.4811 0.2365 0.8442
vn -0.2593 -0.2521 0.9323
vn -0.1153 0.9804 0.1600
vn -0.3504 0.9188 -0.1820
vn -0.9412 0.3378 -0.0048
vn -0.2887 0.9574 0.0001
vn -0.8301 0.5424 -0.1297
vn -0.1402 0.9612 0.2375
vn -0.0000 -0.4179 0.9085
vn -0.0313 -0.4137 0.9099
vn -0.1136 -0.5206 0.8462
vn 0.4560 -0.3664 0.8111
vn 0.4558 -0.3664 0.8111
vn 0.5899 -0.1441 0.7945
vn 0.6670 -0.0449 0.7437
vn -0.2755 -0.4060 0.8713
vn -0.8904 0.4538 -0.0363
vn 0.2560 -0.4137 -0.8737
vn 0.1002 -0.9078 0.4072
vn -0.5781 0.8159 -0.0001
vn -0.8059 0.5917 -0.0196
vn -0.8598 0.4418 -0.2561
vn 0.1566 0.3241 -0.9330
vn 0.0952 0.9860 -0.1371
vn 0.8084 0.4301 0.4019
vn -0.1404 0.3383 0.9305
vn -0.4737 -0.7968 -0.3752
vn -0.0431 0.3635 -0.9306
vn -0.3811 0.7812 0.4945
vn 0.3818 0.0505 0.9229
vn 0.5203 -0.5501 0.6532
vn 0.4559 -0.3664 0.8111
vn 0.8963 -0.0779 0.4366
vn -0.0009 0.0142 0.9999
vn -0.2511 0.1984 -0.9474
vn -0.0544 0.5902 -0.8054
vn -0.4107 0.9075 0.0881
vn 0.7951 0.5527 0.2496
vn 0.3415 -0.1571 0.9267
vn 0.6394 0.7420 0.2017
vn 0.1414 0.9884 0.0561
vn -0.3906 0.9168 -0.0833
vn 0.4209 -0.9019 0.0973
vn 0.5939 -0.4176 -0.6877
vn 0.5139 -0.8573 0.0291
vn -0.6650 -0.4881 0.5653
vn -0.8598 0.4418 0.2561
vn -0.8061 0.5914 0.0193
vn 0.8742 0.4690 -0.1257
vn 0.4435 0.8788 -0.1759
vn 0.7266 0.5906 0.3510
vn -0.0836 0.9941 0.0693
vn -0.3437 0.9387 0.0274
vn -0.0039 0.9889 -0.1487
vn 0.3495 0.4277 -0.8336
vn 0.2116 0.9747 -0.0727
vn 0.0337 0.6068 0.7941
vn 0.9999 -0.0163 -0.0039
vn -0.5305 0.1326 0.8373
vn -0.0544 0.5902 0.8054
vn -0.1802 0.2701 0.9458
vn -0.6157 -0.5467 0.5675
vn 0.1104 0.0951 0.9893
vn 0.6955 0.3872 0.6052
vn 0.7791 0.6100 -0.1447
vn 0.1574 0.9398 0.3033
vn -0.1256 0.6104 0.7821
vn 0.7941 0.5607 -0.2346
vn 0.6380 0.7307 0.2429
vn 0.9049 0.3714 -0.2079
vn -0.0527 0.9890 0.1382
vn 0.0466 0.6581 0.7515
vn -0.3246 0.2795 0.9036
vn -0.0090 0.6125 0.7904
vn 0.3767 0.0149 0.9262
vn -0.6108 0.1124 0.7837
vn -0.6865 0.2736 0.6738
vn -0.1696 -0.5991 0.7825
vn -0.6197 -0.2071 0.7570
vn -0.9674 -0.0177 0.2526
vn 0.8012 0.5851 -0.1256
vn 0.7624 -0.6384 0.1058
vn 0.4168 -0.4506 -0.7895
vn 0.1753 -0.9423 0.2853
vn -0.0944 0.1262 -0.9875
vn 0.9187 0.0574 -0.3907
vn 0.5133 -0.3879 0.7656
vn 0.6825 0.7132 -0.1599
vn 0.0147 0.9727 -0.2317
vn -0.7622 0.6268 -0.1620
vn -0.2631 -0.1923 -0.9454
vn -0.0022 0.7806 -0.6250
vn 0.0858 0.4564 -0.8856
vn 0.2558 0.0038 -0.9667
vn 0.3983 -0.5002 -0.7689
vn 0.0736 -0.2368 -0.9688
vn -0.1472 0.2015 -0.9684
vn -0.3514 0.4979 -0.7929
vn -0.4090 0.9105 0.0609
vn -0.3116 -0.4335 -0.8456
vn -0.1999 -0.8720 -0.4469
vn 0.7183 -0.5405 0.4382
vn 0.7734 -0.3543 0.5256
vn 0.9680 -0.2417 0.0670
vn 0.7109 -0.2348 0.6630
vn 0.8084 -0.0459 0.5869
vn 0.1836 0.0301 0.9825
vn -0.4820 -0.0857 0.8720
vn -0.6865 0.2735 -0.6738
vn -0.9018 0.2357 -0.3623
vn -0.9251 0.1549 -0.3467
vn -0.6108 0.1124 -0.7837
vn -0.9966 -0.0825 -0.0000
vn -0.9907 -0.1233 0.0577
vn -0.6728 -0.1185 -0.7303
vn -0.6338 -0.7725 0.0398
vn -0.9880 -0.1537 0.0164
vn -0.9482 0.3070 0.0810
vn 0.9255 0.3328 -0.1810
vn 0.9999 0.0023 0.0143
vn 0.9196 0.3162 0.2331
vn 0.1324 0.9873 0.0879
vn -0.8335 0.1656 -0.5271
vn -0.9737 0.2220 0.0519
vn -0.9737 0.2220 -0.0519
vn -0.6043 -0.3869 0.6965
vn -0.6766 -0.1413 0.7227
vn -0.9251 0.1549 0.3467
vn -0.9018 0.2357 0.3623
vn -0.3713 0.0808 0.9250
vn -0.4696 0.2534 0.8457
vn -0.0810 0.4444 0.8922
vn -0.1214 0.6903 -0.7132
vn -0.0721 0.2533 0.9647
vn 0.4536 0.1038 0.8851
vn 0.1111 0.6879 0.7172
vn -0.5119 0.1608 -0.8439
vn -0.2447 -0.2256 -0.9430
vn 0.9925 0.0047 0.1221
vn -0.0000 -0.1602 -0.9871
vn 0.4517 -0.3940 -0.8005
vn 0.4144 -0.1459 -0.8983
vn -0.3540 -0.0961 -0.9303
vn 0.4143 -0.1459 -0.8984
vn 0.4519 -0.3938 -0.8005
vn 0.4146 -0.1459 -0.8983
vn -0.9735 0.2226 -0.0525
vn -0.6548 -0.2742 -0.7043
vn 0.4779 0.0458 -0.8772
vn 0.1130 0.1115 -0.9873
vn 0.8935 -0.1258 -0.4310
vn 0.0308 -0.9995 -0.0114
vn 0.2764 -0.7995 0.5333
vn 0.7217 -0.1954 0.6640
vn 0.8963 -0.0779 0.4365
vn 0.7019 0.5088 0.4984
vn 0.0843 0.9724 -0.2178
vn -0.0000 -0.1602 0.9871
vn 0.6728 -0.1185 0.7303
vn -0.0135 -0.1539 0.9880
vn -0.1256 0.6103 -0.7821
vn 0.4329 0.6809 -0.5907
vn 0.1663 0.9340 -0.3161
vn -0.0947 0.1262 -0.9875
vn -0.4369 -0.4028 0.8043
vn 0.5699 -0.0046 0.8217
vn -0.2760 -0.2405 0.9306
vn -0.9465 -0.3028 0.1116
vn -0.2519 -0.6672 -0.7009
vn -0.5502 -0.2838 -0.7854
vn 0.3642 -0.2526 -0.8964
vn -0.9797 -0.1998 0.0151
vn -0.7467 0.0529 -0.6630
vn 0.2369 -0.9715 0.0111
vn 0.9605 -0.2779 0.0163
vn 0.8221 -0.5183 0.2357
vn -0.1045 -0.9857 0.1325
vn 0.9392 -0.2733 -0.2078
vn 0.9908 0.0069 -0.1348
vn -0.9798 0.1322 0.1501
vn -0.9735 0.2225 0.0525
vn -0.7805 -0.4761 -0.4053
vn 0.4834 -0.0805 -0.8717
vn -0.0970 0.4313 -0.8970
vn -0.0810 0.4444 -0.8922
vn -0.2363 -0.7461 -0.6225
vn -0.8471 -0.4212 -0.3241
vn -0.5356 -0.0972 -0.8389
vn 0.4463 -0.4205 -0.7899
vn 0.7109 -0.6740 -0.2008
vn -0.7775 -0.0865 0.6230
vn -0.9062 -0.2935 0.3046
vn -0.9758 -0.1417 -0.1668
vn 0.9801 0.0417 -0.1940
vn 0.9647 -0.2309 0.1269
vn 0.9760 -0.2011 -0.0833
vn 0.9797 0.1857 -0.0758
vn 0.9944 0.0171 -0.1047
vn 0.8089 0.0807 0.5824
vn 0.6558 -0.5774 0.4864
vn -0.9151 -0.4010 0.0419
vn -0.9270 -0.3723 0.0445
vn -0.8718 -0.1975 0.4483
vn 0.9918 0.0006 0.1276
vn 0.9942 -0.1011 -0.0354
vn 0.2761 -0.9105 0.3078
vn -0.1335 -0.9897 0.0517
vn -0.9096 -0.0825 0.4072
vn 0.0450 -0.2346 0.9711
vn -0.3754 0.1370 -0.9167
vn -0.4696 0.2534 -0.8457
vn -0.3944 0.0760 -0.9158
vn 0.0001 0.3443 -0.9389
vn -0.2331 0.1054 -0.9667
vn 0.1517 0.5800 -0.8004
vn -0.7707 -0.4813 -0.4176
vn 0.0372 -0.9083 -0.4167
vn 0.1543 -0.1857 0.9704
vn -0.2282 -0.9018 0.3670
vn 0.6789 0.6411 -0.3579
vn 0.6748 -0.3924 -0.6250
vn -0.3652 -0.6133 0.7003
vn 0.3565 -0.8958 0.2655
vn 0.3063 -0.3926 0.8672
vn -0.5426 0.0058 0.8400
vn 0.5345 0.2561 -0.8055
vn 0.9554 -0.2954 0.0022
vn 0.3791 0.4477 0.8098
vn -0.0141 0.2283 0.9735
vn 0.7791 0.6100 0.1447
vn 0.0291 0.9695 0.2432
vn 0.0546 0.1803 -0.9821
vn -0.6567 0.0817 -0.7497
vn 0.0692 0.6498 -0.7570
vn 0.7661 0.2714 -0.5827
vn 0.8523 0.4591 -0.2505
vn 0.9818 0.1898 0.0010
vn 0.1035 0.2032 0.9736
vn 0.5041 0.4697 0.7248
vn -0.1854 0.1474 -0.9715
vn 0.4443 0.0787 -0.8924
vn 0.9649 -0.0480 -0.2581
vn -0.0000 -0.0780 -0.9970
vn 0.4208 0.0893 -0.9028
vn -0.0000 0.0985 -0.9951
vn -0.6856 0.0717 -0.7244
vn 0.9715 0.1022 0.2141
vn 0.1779 -0.9789 -0.1005
vn -0.6247 -0.7769 0.0789
vn -0.3037 -0.3862 -0.8710
vn 0.1976 -0.1887 -0.9619
vn 0.8628 -0.4058 -0.3016
vn 0.4851 -0.5767 0.6574
vn -0.0831 -0.4618 0.8831
vn -0.0534 -0.9695 0.2394
vn 0.2068 -0.8559 -0.4740
vn 0.8402 -0.4577 0.2909
vn 0.7988 -0.0417 0.6002
vn 0.0432 -0.4893 0.8710
vn -0.9386 -0.3033 0.1646
vn -0.7388 -0.4050 -0.5387
vn -0.9925 0.1220 -0.0000
vn -0.9798 0.1322 -0.1501
vn 0.2247 0.0897 -0.9703
vn 0.9645 -0.0087 0.2638
vn -0.6856 0.0717 0.7244
vn -0.0000 0.0985 0.9951
vn 0.4322 0.0593 0.8998
vn 0.8963 -0.0778 0.4366
vn 0.4320 0.0594 0.8999
vn 0.6026 0.7865 0.1356
vn 0.8746 0.0018 -0.4848
vn 0.9695 -0.0631 0.2366
vn 0.3642 -0.2526 0.8964
vn 0.4443 0.0787 0.8924
vn -0.2396 0.1399 0.9607
vn -0.6324 -0.0999 -0.7682
vn -0.6677 0.4130 -0.6193
vn -0.7777 0.6081 0.1593
vn -0.7380 0.0306 -0.6741
vn 0.2130 -0.1949 -0.9574
vn 0.9679 -0.1957 -0.1576
vn 0.1544 -0.0559 -0.9864
vn 0.9800 -0.1394 0.1422
vn 0.4361 0.1614 0.8853
vn -0.2079 -0.1230 0.9704
vn -0.1712 0.5412 0.8233
vn 0.5302 0.6822 0.5034
vn 0.4925 0.1831 0.8509
vn -0.6673 -0.0503 0.7431
vn -0.8827 -0.1062 -0.4577
vn -0.9946 -0.0043 0.1037
vn -0.4560 -0.0108 -0.8899
vn 0.1275 0.0640 -0.9898
vn -0.6488 0.5652 0.5095
vn -0.4790 0.6822 -0.5524
vn -0.8427 -0.0582 0.5352
vn -0.9251 -0.3776 0.0402
vn -0.4603 -0.3218 -0.8274
vn 0.9697 0.2168 0.1127
vn -0.8072 -0.5725 -0.1438
vn -0.7514 0.4486 -0.4839
vn -0.5440 0.4940 0.6782
vn 0.2387 0.9612 0.1380
vn 0.3319 0.8713 -0.3617
vn -0.2585 0.2441 0.9347
vn 0.7523 0.3891 0.5316
vn -0.2320 0.9563 0.1780
vn -0.3876 0.8704 -0.3037
vn 0.4553 0.1639 -0.8751
vn 0.9695 0.2277 -0.0903
vn 0.3412 0.4817 -0.8072
vn 0.9260 0.2485 -0.2843
vn 0.4550 0.5358 -0.7113
vn -0.0156 -0.0250 0.9996
vn -0.8979 -0.0350 0.4388
vn 0.7106 0.2356 0.6629
vn 0.5932 0.5022 0.6292
vn 0.7505 0.5839 0.3093
vn -0.2261 -0.9042 -0.3624
vn -0.1498 -0.1863 -0.9710
vn -0.6291 0.1683 -0.7589
vn -0.8732 -0.4716 -0.1229
vn -0.5068 -0.7316 -0.4560
vn 0.4424 -0.7871 -0.4298
vn 0.1077 -0.9658 -0.2357
vn 0.1077 -0.9658 0.2357
vn -0.5411 0.0405 -0.8400
vn 0.0063 0.0109 0.9999
vn -0.4397 -0.0422 0.8972
vn -0.9981 0.0541 0.0298
vn -0.5546 -0.0122 0.8320
vn 0.4798 0.0599 0.8753
vn 0.9948 -0.0058 0.1014
vn 0.5342 0.0498 0.8439
vn -0.5153 -0.0607 0.8549
vn 0.3226 -0.7135 -0.6220
vn 0.0794 -0.3164 -0.9453
vn 0.9874 0.1579 -0.0106
vn 0.9717 0.2324 0.0419
vn -0.9984 -0.0473 -0.0299
vn -0.7003 -0.0844 0.7088
vn -0.9711 -0.2049 0.1226
vn -0.3539 -0.2750 -0.8940
vn -0.6706 0.2675 -0.6919
vn -0.0000 0.3606 -0.9327
vn 0.4078 0.3316 -0.8507
vn 0.4209 0.0893 -0.9027
vn 0.4081 0.3316 -0.8506
vn 0.7639 -0.0256 -0.6449
vn 0.4161 -0.8537 -0.3131
vn -0.1498 -0.1863 0.9710
vn -0.3922 0.0408 0.9190
vn 0.0664 -0.3268 0.9428
vn 0.4081 0.3315 0.8506
vn 0.4078 0.3316 0.8507
vn 0.4319 0.0593 0.9000
vn -0.0125 0.1705 0.9853
vn -0.6706 0.2675 0.6919
vn -0.0000 0.3606 0.9327
vn -0.2747 -0.2709 -0.9226
vn -0.7003 -0.0844 -0.7088
vn 0.1835 0.0257 -0.9827
vn 0.9948 -0.0058 -0.1014
vn -0.2437 0.2036 0.9482
vn -0.3577 0.2408 0.9022
vn -0.9226 0.3357 0.1901
vn -0.9977 -0.0345 -0.0585
vn -0.9959 0.0006 -0.0909
vn -0.6070 0.1319 -0.7837
vn 0.1325 0.0157 -0.9911
vn 0.7129 0.0204 -0.7009
vn 0.8194 0.0193 0.5728
vn -0.6291 0.1683 0.7589
vn 0.7699 0.4340 0.4679
vn 0.4690 -0.6140 0.6349
vn 0.2700 -0.7922 0.5473
vn 0.1089 -0.9579 0.2658
vn -0.7672 -0.1921 -0.6120
vn 0.4215 0.0814 -0.9032
vn -0.2238 -0.0068 0.9746
vn 0.4870 0.0749 0.8702
vn -0.7763 -0.1741 0.6059
vn 0.6461 0.4538 0.6137
vn 0.9987 0.0324 0.0391
vn 0.9992 0.0319 -0.0221
vn 0.9998 0.0211 0.0038
vn -0.6430 -0.0614 0.7634
vn -0.9977 -0.0345 0.0585
vn -0.5291 -0.0181 -0.8484
vn 0.0270 -0.0308 -0.9992
vn 0.3472 0.2967 -0.8896
vn 0.9624 -0.0801 -0.2596
vn 0.2838 -0.8483 -0.4470
vn 0.3698 -0.9291 -0.0104
vn -0.2232 -0.9748 0.0040
vn -0.6281 -0.2878 0.7229
vn 0.7705 0.5586 0.3071
vn 0.7728 -0.5945 -0.2221
vn 0.2073 -0.7091 0.6739
vn 0.2988 0.6548 0.6942
vn 0.7705 0.5586 -0.3071
vn 0.8083 -0.0459 -0.5869
vn 0.7279 0.6141 -0.3051
vn -0.9543 -0.1287 -0.2697
vn -0.8474 -0.4497 0.2823
vn 0.2988 0.6548 -0.6942
vn 0.1008 -0.9154 -0.3898
vn -0.6281 -0.2878 -0.7229
vn -0.2231 -0.9748 -0.0039
vn 0.3674 -0.9300 0.0105
vn 0.2838 -0.8483 0.4470
vn 0.5130 -0.3879 0.7657
vn 0.7879 -0.5791 0.2094
vn 0.0378 -0.3679 0.9291
vn 0.2287 0.2888 0.9297
vn 0.3675 -0.2980 0.8810
vn 0.3252 -0.2119 -0.9216
vn 0.2287 0.2888 -0.9297
vn 0.0378 -0.3679 -0.9291
vn -0.5795 -0.8021 0.1445
vn -0.1493 0.0972 -0.9840
vn -0.6534 -0.0835 -0.7524
vn -0.8118 0.1976 -0.5495
vn -0.3832 0.2900 -0.8770
vn -0.2776 -0.7159 -0.6407
vn -0.9226 0.3357 -0.1901
vn -0.3577 0.2408 -0.9022
vn 0.5342 0.0498 -0.8439
vn 0.5542 -0.3851 0.7379
vn -0.1493 0.0972 0.9840
vn 0.2073 -0.7091 -0.6739
vn -0.5795 -0.8021 -0.1445
vn 0.7699 0.4340 -0.4679
vn 0.4585 0.4753 -0.7509
vn 0.3759 0.5986 -0.7074
vn 0.4179 0.7283 -0.5431
vn 0.7049 0.6932 -0.1501
vn -0.4713 0.8463 -0.2481
vn 0.9809 0.1195 0.1538
vn -0.6633 -0.4907 0.5651
vn -0.5068 -0.7316 0.4560
vn -0.8732 -0.4716 0.1229
vn 0.9976 0.0690 -0.0004
vn 0.8568 0.4155 0.3054
vn -0.6973 -0.6775 -0.2341
vn -0.9194 0.0412 0.3912
vn -0.4827 -0.6113 0.6271
vn -0.0847 0.0366 0.9957
vn -0.7071 0.3638 -0.6063
vn -0.0000 0.5145 -0.8575
vn -0.0000 0.5145 0.8575
vn -0.7071 0.3638 0.6063
vn 0.6918 0.3987 0.6021
vn 0.6918 0.3986 0.6021
vn -0.0847 0.0366 -0.9957
vn -0.4827 -0.6113 -0.6272
vn -0.9194 0.0412 -0.3912
vn -0.6973 -0.6774 0.2344
vn 0.9624 -0.0801 0.2596
vn 0.2725 0.2789 0.9209
vn -0.0013 0.0124 0.9999
vn -0.4509 0.2675 0.8516
vn -0.8092 0.1959 0.5539
vn -0.8072 -0.5725 0.1438
vn 0.0961 -0.8509 -0.5165
vn -0.9299 0.2201 -0.2946
vn 0.0961 -0.8509 0.5165
vn -0.9299 0.2201 0.2946
vn -0.7707 -0.4813 0.4176
vn 0.9552 0.1542 -0.2526
vn -0.6091 0.4939 -0.6205
vn 0.1389 0.7596 -0.6354
vn -0.6848 0.4679 -0.5586
vn -0.0000 0.6154 -0.7882
vn 0.3758 0.5986 -0.7074
vn 0.3757 0.5986 -0.7074
vn -0.0000 0.6154 0.7882
vn -0.0000 0.6627 0.7489
vn -0.4710 0.8463 0.2487
vn 0.7046 0.6934 0.1509
vn 0.4179 0.7283 0.5431
vn 0.6200 0.5945 0.5120
vn 0.6915 0.3988 0.6024
vn 0.1855 0.7693 -0.6113
vn -0.6149 0.6670 -0.4208
vn -0.0000 0.7947 -0.6070
vn -0.0000 0.6155 -0.7882
vn -0.6848 0.4679 0.5586
vn -0.6149 0.6670 0.4208
vn -0.0000 0.7947 0.6070
vn 0.6203 0.5944 0.5118
vn 0.6201 0.5944 0.5120
vn 0.6917 0.3986 0.6022
vn 0.6202 0.5943 0.5120
vn 0.5069 0.7367 0.4476
vn 0.5496 0.8265 -0.1217
vn 0.6867 0.7269 -0.0012
vn 0.9571 0.2899 -0.0023
vn 0.9998 0.0119 0.0163
vn -0.8800 -0.2341 -0.4132
vn -0.2288 -0.0218 -0.9732
vn -0.9924 -0.0291 -0.1199
vn -0.7763 -0.1741 -0.6059
vn 0.4895 0.0915 -0.8672
vn 0.8247 -0.0010 -0.5656
vn 0.9819 0.1784 0.0637
vn 0.7068 -0.0395 0.7063
vn 0.3996 0.1112 0.9099
vn -0.7582 -0.1342 0.6380
vn -0.5696 0.4705 0.6739
vn -0.8842 -0.2143 0.4152
vn 0.5542 -0.3851 -0.7379
vn 0.6960 0.0310 -0.7174
vn 0.9413 -0.2970 -0.1605
vn 0.9940 -0.1084 -0.0145
vn 0.8507 -0.5257 -0.0000
vn -0.0092 -1.0000 0.0002
vn 0.0092 -1.0000 0.0002
vn 1.0000 -0.0005 0.0002
vn 0.9943 -0.1056 0.0147
vn 0.0198 -0.8518 0.5235
vn 0.0491 -0.9199 0.3891
vn 0.0491 -0.9199 -0.3890
vn 0.0202 -0.8521 -0.5230
vn 0.0173 -0.3887 -0.9212
vn 0.0870 -0.4493 -0.8891
vn 0.3207 0.0459 -0.9461
vn -0.1448 -0.2712 -0.9516
vn 0.2000 -0.3396 -0.9191
vn 0.8256 -0.1916 -0.5307
vn 0.9364 -0.0452 -0.3480
vn -0.6223 -0.4899 -0.6105
vn 0.0173 -0.3887 0.9212
vn 0.2000 -0.3396 0.9191
vn -0.1355 -0.2749 0.9519
vn 0.2672 -0.0615 0.9617
vn 0.0870 -0.4493 0.8891
vn 0.8256 -0.1916 0.5307
vn 0.7300 -0.0559 0.6812
vn -0.6223 -0.4899 0.6105
vn -0.8556 -0.5039 -0.1183
vn -0.3312 0.9321 0.1464
vn 0.3225 0.9147 -0.2433
vn -0.2188 -0.9585 -0.1829
vn -0.7151 -0.6843 0.1429
vn -0.9990 0.0048 0.0434
vn -0.9990 0.0048 -0.0434
vn -0.7151 -0.6843 -0.1429
vn -0.8473 -0.4498 0.2823
vn 0.3278 0.9372 0.1192
vn -0.3312 0.9321 -0.1464
vn 0.0097 0.7392 0.6734
vn -0.6130 0.6942 0.3773
vn 0.9658 -0.0393 0.2564
vn 0.8670 0.3986 0.2991
vn 0.6955 0.6988 0.1673
vn -0.6096 0.7315 -0.3056
vn -0.0000 0.8922 -0.4517
vn -0.0000 -0.1939 -0.9810
vn 0.4935 0.8036 -0.3326
vn 0.4936 0.8036 -0.3326
vn -0.6257 -0.7800 -0.0000
vn -0.8394 -0.5283 -0.1274
vn -0.9915 0.0652 -0.1122
vn -0.8819 0.4715 0.0005
vn -0.9629 -0.2694 0.0144
vn -0.9274 -0.3733 -0.0240
vn -0.9915 0.0649 0.1124
vn -0.9543 -0.1286 -0.2697
vn -0.9998 -0.0000 0.0177
vn -0.0000 0.8922 0.4517
vn -0.6096 0.7315 0.3056
vn 0.4807 0.7985 0.3625
vn -0.0000 0.8682 0.4962
vn -0.0000 0.7841 0.6206
vn 0.4808 0.7984 0.3624
vn 0.6960 0.0310 0.7174
vn -0.2246 -0.0876 0.9705
vn 0.9413 -0.2970 0.1605
vn 0.9961 -0.0871 0.0152
vn -0.2246 -0.0876 -0.9705
vn 0.7022 0.0059 -0.7119
vn 0.9930 0.1174 -0.0139
vn 0.9961 -0.0871 -0.0147
vn 0.9866 0.1632 0.0001
vn 0.9930 0.1176 0.0141
vn -0.2188 -0.9585 0.1829
vn -0.7307 -0.5401 0.4175
vn -0.2067 0.1655 0.9643
vn 0.3608 -0.2855 0.8879
vn 0.1085 -0.2601 0.9595
vn 0.7872 0.2062 0.5812
vn 0.8768 0.3859 -0.2867
vn 0.7595 0.1631 -0.6297
vn 0.1313 -0.2523 -0.9587
vn 0.8365 -0.5292 0.1423
vn 0.0288 0.3188 -0.9474
vn 0.0008 0.7907 -0.6122
vn 0.0194 0.8258 -0.5636
vn -0.6631 -0.4908 0.5651
vn -0.0727 -0.9962 -0.0471
vn 0.7298 -0.0561 0.6813
vn 0.3275 0.9373 0.1193
vn 0.5692 0.8171 0.0916
vn -0.1328 0.9704 0.2019
vn 0.6522 0.7441 -0.1447
vn -0.2318 0.9728 0.0010
vn 0.6433 0.7656 0.0008
vn -0.0000 0.9377 -0.3474
vn 0.6039 0.7643 -0.2261
vn 0.9145 0.4046 -0.0000
vn 0.9763 0.2166 0.0001
vn -0.4739 -0.0815 -0.8768
vn -0.3848 -0.9229 -0.0140
vn -0.5406 -0.5903 -0.5994
vn -0.6722 0.2124 -0.7092
vn -0.8394 -0.5283 0.1274
vn -0.9060 0.2911 0.3071
vn -0.9894 0.1431 0.0257
vn 0.9571 0.2898 0.0009
vn 0.6954 0.7183 0.0216
vn 0.5686 0.7916 0.2237
vn -0.8556 -0.5039 0.1183
vn -0.4739 -0.0815 0.8768
vn -0.9486 -0.3166 -0.0000
vn -0.0727 -0.9963 -0.0469
vn 0.6881 -0.7256 0.0026
vn 0.7318 -0.4979 -0.4653
vn 0.3667 -0.2098 -0.9064
vn 0.6518 -0.6089 -0.4520
vn -0.6937 0.6797 -0.2384
vn -0.0000 0.4512 0.8924
vn -0.0000 0.9370 -0.3493
vn -0.0000 0.4516 0.8922
vn 0.0001 -0.1939 -0.9810
vn -0.0000 -0.8682 0.4962
vn -0.9893 0.1437 -0.0254
vn -0.8077 0.5896 0.0001
vn -0.6772 0.7319 -0.0752
vn -0.9282 0.2314 -0.2912
vn -0.6270 0.7125 -0.3149
vn -0.0000 0.9377 0.3474
vn -0.3860 0.9193 -0.0766
vn -0.1584 0.9597 -0.2322
vn 0.0020 0.7931 0.6091
vn -0.0280 0.7993 0.6003
vn 0.0118 0.3220 0.9467
vn -0.4188 0.9006 0.1161
vn -0.6733 0.7340 0.0893
vn -0.5287 0.8488 0.0002
vn -0.1910 -0.7901 0.5824
vn 0.2000 -0.9794 0.0277
vn -0.1908 -0.7901 0.5825
vn 0.4418 0.8256 -0.3510
vn -0.6937 0.6797 0.2384
vn -0.4436 0.8890 -0.1134
vn -0.0000 0.9836 -0.1804
vn -0.0000 0.9830 -0.1836
vn -0.2372 0.9715 0.0001
vn -0.4436 0.8890 0.1134
vn -0.0000 0.9836 0.1804
vn 0.6039 0.7643 0.2261
vn 0.7734 0.6340 -0.0003
vn 0.6234 0.7762 0.0947
vn 0.4418 0.8256 0.3510
vn 0.6689 0.7431 -0.0158
vn -0.0532 0.9916 -0.1180
vn -0.0633 0.9842 -0.1654
vn -0.5026 0.8386 -0.2102
vn -0.0000 0.9096 -0.4154
vn 0.6203 0.7785 -0.0958
vn 0.4137 0.9026 -0.1193
vn 0.4194 0.9000 0.1188
vn -0.0000 0.9096 0.4154
vn -0.5026 0.8386 0.2102
vn -0.0661 0.9852 0.1583
vn -0.0532 0.9916 0.1180
vn -0.1333 0.9892 0.0616
vn 0.0407 0.8867 -0.4605
vn -0.0145 0.9815 -0.1911
vn -0.1332 0.9892 -0.0614
vn -0.0863 0.9963 0.0002
vn -0.1024 -0.2009 0.9742
vn -0.6969 -0.6608 -0.2787
vn 0.2896 0.9570 -0.0177
vn 0.2635 0.9646 0.0079
vn -0.1500 0.2141 0.9652
vn -0.6725 -0.5963 0.4385
vn 0.1115 0.9896 0.0907
vn 0.1721 0.8684 0.4650
vn 0.9833 0.1683 -0.0694
vn 0.6705 0.5440 -0.5046
vn 0.7128 0.5024 0.4894
vn -0.7450 0.0598 0.6644
vn 0.6931 -0.1203 0.7107
vn 0.0692 -0.2211 0.9728
vn -0.8146 0.4336 0.3853
vn 0.7485 -0.1377 -0.6487
vn 0.2978 0.0970 0.9497
vn -0.9687 0.2292 -0.0957
vn 0.3017 -0.1143 -0.9465
vn 0.4916 -0.2618 -0.8305
vn 0.7303 -0.4278 0.5325
vn -0.5909 -0.2295 0.7734
vn 0.4439 0.6835 -0.5795
vn -0.2517 0.1634 -0.9539
vn -0.7307 -0.5401 -0.4175
vn -0.3988 0.8213 -0.4080
vn -0.9573 0.1880 -0.2198
vn -0.5389 -0.8422 0.0174
vn -0.5177 -0.8554 0.0165
vn 0.9741 0.2261 0.0060
vn 0.7022 0.0059 0.7119
vn 0.7271 0.4267 -0.5379
vn 0.6105 0.5752 0.5445
vn 0.7373 -0.4972 0.4574
vn 0.5743 0.3140 0.7560
vn -0.7758 0.2451 0.5815
vn 0.5758 0.5781 0.5781
vn -0.6154 -0.7882 -0.0000
vn -0.9646 0.2638 -0.0000
vn -0.6303 0.7173 -0.2971
vn 0.6023 0.7330 -0.3162
vn 0.5709 0.3156 -0.7579
vn -0.7377 0.0730 -0.6712
vn -0.0000 0.3827 -0.9239
vn -0.0000 0.3826 -0.9239
vn -0.0000 0.9943 -0.1064
vn -0.0000 0.9899 -0.1414
vn -0.0000 0.3827 0.9239
vn -0.7421 0.0794 0.6656
vn -0.0000 0.3826 0.9239
vn -0.9573 0.1880 0.2198
vn -0.3880 0.8268 0.4073
vn 0.4962 0.7634 0.4135
vn -0.5562 0.6365 -0.5343
vn 0.5758 0.5781 -0.5781
vn -0.0550 0.9982 -0.0225
vn 0.0590 0.9968 -0.0538
vn 0.0070 0.3787 -0.9255
vn 0.5557 0.5658 -0.6091
vn 0.3606 0.6685 -0.6504
vn 0.9341 0.2728 -0.2303
vn 0.5402 0.6459 0.5394
vn -0.4770 -0.8789 -0.0004
vn -0.2035 0.2538 0.9456
vn -0.8697 0.1285 0.4765
vn -0.9137 -0.4039 -0.0451
vn 0.0070 0.3787 0.9255
vn 0.3819 0.6563 0.6508
vn -0.4771 -0.8788 -0.0000
vn -0.0050 0.9984 0.0565
vn -0.0355 0.9994 0.0018
vn -0.5562 0.6365 0.5343
vn -0.0000 1.0000 -0.0000
vn 0.7373 -0.4972 0.4575
vn 0.0400 0.9992 0.0045
vn 0.0603 0.9964 -0.0603
vn -0.0594 0.9966 -0.0572
vn -0.0594 0.9966 0.0572
vn 0.0487 0.9975 0.0520
vn 0.9741 0.2261 -0.0060
vn 0.5872 0.8094 0.0001
vn -0.8689 0.1345 -0.4763
vn -0.5439 0.7085 -0.4497
vn -0.2035 0.2538 -0.9456
vn 0.0394 0.8177 -0.5743
vn -0.0000 0.9239 -0.3827
vn 0.0178 0.9230 0.3843
vn 0.0288 0.8253 0.5639
vn -0.0000 0.9239 0.3827
vn -0.3797 0.9251 -0.0000
vn -0.6303 0.7173 0.2971
vn 0.6015 0.7334 0.3167
vn -0.1320 -0.7782 -0.6140
vn -0.4088 -0.5369 0.7380
vn 0.5107 0.3264 0.7954
vn -0.6366 -0.4588 0.6199
vn 0.0606 0.9329 -0.3549
vn 0.0606 0.9329 0.3549
vn 0.9008 -0.4257 0.0860
vn 0.8690 0.3251 -0.3731
vn 0.0178 0.9230 -0.3843
vn -0.5388 0.7124 0.4497
vn 0.2555 0.9663 -0.0322
vn 0.7127 -0.5967 -0.3688
vn -0.3344 0.2614 -0.9054
vn 0.2448 -0.2184 -0.9447
vn -0.1772 -0.9203 0.3489
vn -0.1144 0.2320 -0.9660
vn -0.2688 -0.3097 -0.9121
vn -0.4606 0.8083 -0.3666
vn 0.2741 0.9582 -0.0818
vn -0.2283 0.9067 -0.3547
vn -0.4091 -0.2893 -0.8654
vn 0.5253 0.4888 -0.6965
vn 0.4481 0.8157 0.3658
vn 0.3009 0.1719 0.9380
vn -0.0790 -0.1929 -0.9780
vn 0.2391 -0.8215 -0.5177
vn 0.3197 0.4588 -0.8290
vn 0.2971 0.9304 0.2149
vn -0.4380 0.8092 0.3915
vn -0.1910 -0.2602 0.9465
vn -0.0975 -0.9491 -0.2996
vn 0.1760 -0.5650 0.8061
vn -0.8430 -0.1296 0.5220
vn -0.8693 0.0331 -0.4931
vn 0.2032 -0.8511 0.4840
vn -0.0975 -0.9491 0.2996
vn 0.1760 -0.5650 -0.8061
vn -0.8693 0.0331 0.4931
vn -0.8430 -0.1296 -0.5220
vn -0.0269 0.5870 0.8091
vn -0.0372 0.5778 -0.8153
vn -0.2267 0.3646 0.9031
vn -0.0534 0.2774 -0.9593
vn -0.0735 -0.3873 -0.9190
vn -0.2219 -0.8386 -0.4976
vn -0.1337 -0.8756 -0.4641
vn 0.6839 0.1851 -0.7057
vn -0.7279 -0.1357 -0.6722
vn 0.1517 -0.3996 -0.9041
vn -0.7975 -0.5997 -0.0653
vn -0.7501 -0.6161 0.2402
vn -0.2220 0.2981 0.9284
vn -0.8161 -0.2301 0.5302
vn -0.0000 0.7071 -0.7071
vn -0.1336 -0.8757 -0.4641
vn -0.3034 -0.9224 -0.2389
vn -0.3323 -0.8338 0.4408
vn 0.0649 0.7084 -0.7029
vn -0.5476 0.2200 -0.8073
vn 0.1644 -0.3629 0.9172
vn -0.0067 0.8948 -0.4465
vn -0.0324 0.9936 0.1084
vt 0.845927 0.100890
vt 0.845927 0.127997
vt 0.825597 0.127996
vt 0.826952 0.100889
vt 0.826957 0.091390
vt 0.844577 0.091391
vt 0.847292 0.092734
vt 0.848643 0.107655
vt 0.848643 0.123919
vt 0.847296 0.137449
vt 0.794175 0.850470
vt 0.791549 0.837257
vt 0.795512 0.842542
vt 0.799460 0.853112
vt 0.799428 0.858398
vt 0.795449 0.855757
vt 0.843235 0.142858
vt 0.844577 0.136117
vt 0.826961 0.136104
vt 0.822895 0.130683
vt 0.822891 0.100878
vt 0.882611 0.524733
vt 0.880241 0.536906
vt 0.864105 0.537331
vt 0.862193 0.515853
vt 0.876771 0.507395
vt 0.882118 0.505897
vt 0.885167 0.519260
vt 0.509186 0.826220
vt 0.505931 0.831321
vt 0.509035 0.814001
vt 0.884279 0.536788
vt 0.504304 0.820310
vt 0.502693 0.809300
vt 0.504739 0.802722
vt 0.884580 0.547497
vt 0.879078 0.543653
vt 0.865631 0.544007
vt 0.877919 0.550388
vt 0.865817 0.550707
vt 0.861677 0.546779
vt 0.860075 0.537426
vt 0.861980 0.507785
vt 0.859365 0.510534
vt 0.859090 0.499753
vt 0.863115 0.499670
vt 0.876562 0.499316
vt 0.875052 0.492593
vt 0.881878 0.496461
vt 0.821540 0.106287
vt 0.144114 0.772690
vt 0.145247 0.767118
vt 0.148680 0.782098
vt 0.148921 0.787608
vt 0.822904 0.085934
vt 0.767779 0.818720
vt 0.766431 0.845687
vt 0.746204 0.845687
vt 0.744856 0.818719
vt 0.747557 0.809269
vt 0.765087 0.809269
vt 0.769136 0.809258
vt 0.054387 0.807003
vt 0.055342 0.797151
vt 0.058080 0.811844
vt 0.061184 0.836145
vt 0.769132 0.848372
vt 0.766435 0.853766
vt 0.769150 0.860461
vt 0.765100 0.860472
vt 0.748919 0.860472
vt 0.748906 0.853765
vt 0.744869 0.856438
vt 0.743512 0.844326
vt 0.857580 0.544173
vt 0.197659 0.852459
vt 0.192359 0.859093
vt 0.196329 0.831352
vt 0.197659 0.826055
vt 0.742163 0.825449
vt 0.787649 0.412850
vt 0.782265 0.430618
vt 0.776127 0.437095
vt 0.785494 0.410808
vt 0.790634 0.398480
vt 0.743516 0.810605
vt 0.786696 0.393140
vt 0.789537 0.388418
vt 0.744878 0.801132
vt 0.747566 0.802504
vt 0.878168 0.094688
vt 0.876822 0.121655
vt 0.855245 0.094690
vt 0.857946 0.085240
vt 0.875474 0.085239
vt 0.879524 0.086575
vt 0.880870 0.101418
vt 0.879523 0.120295
vt 0.856597 0.121657
vt 0.874131 0.129734
vt 0.856602 0.129735
vt 0.853905 0.124342
vt 0.878185 0.132407
vt 0.795614 0.144693
vt 0.790475 0.133559
vt 0.796093 0.140502
vt 0.803263 0.148469
vt 0.802500 0.151360
vt 0.876856 0.140450
vt 0.874145 0.136440
vt 0.497382 0.597239
vt 0.489358 0.589209
vt 0.497385 0.589213
vt 0.500064 0.591877
vt 0.500061 0.601242
vt 0.497374 0.618643
vt 0.479983 0.618636
vt 0.479991 0.597232
vt 0.489366 0.581171
vt 0.482670 0.587869
vt 0.482677 0.581169
vt 0.488039 0.574459
vt 0.496055 0.581174
vt 0.500077 0.581152
vt 0.496070 0.574450
vt 0.501430 0.574429
vt 0.709823 0.862770
vt 0.705344 0.869019
vt 0.708810 0.858725
vt 0.713290 0.852476
vt 0.572184 0.340782
vt 0.575788 0.348571
vt 0.572184 0.367387
vt 0.500061 0.625297
vt 0.502740 0.602569
vt 0.713290 0.819440
vt 0.712785 0.841866
vt 0.708337 0.815081
vt 0.710102 0.809934
vt 0.498733 0.634626
vt 0.494707 0.631984
vt 0.496039 0.625319
vt 0.481323 0.625313
vt 0.475974 0.618623
vt 0.475974 0.606595
vt 0.591386 0.781286
vt 0.595124 0.776345
vt 0.588228 0.805884
vt 0.585759 0.804043
vt 0.350974 0.799650
vt 0.349615 0.776561
vt 0.350990 0.775202
vt 0.857237 0.688066
vt 0.857237 0.712540
vt 0.855576 0.682732
vt 0.352348 0.805082
vt 0.348257 0.814591
vt 0.591444 0.765895
vt 0.594164 0.766383
vt 0.591612 0.757507
vt 0.853905 0.085229
vt 0.853917 0.077104
vt 0.857954 0.078475
vt 0.852861 0.682894
vt 0.854367 0.710004
vt 0.834035 0.711133
vt 0.832528 0.684023
vt 0.833361 0.674448
vt 0.850982 0.673469
vt 0.853697 0.673307
vt 0.344183 0.765695
vt 0.346932 0.762977
vt 0.856570 0.724778
vt 0.853467 0.718200
vt 0.835846 0.719178
vt 0.833218 0.720660
vt 0.831101 0.707205
vt 0.477323 0.587855
vt 0.799813 0.208993
vt 0.796607 0.190366
vt 0.799828 0.195436
vt 0.804113 0.211233
vt 0.803427 0.218096
vt 0.477336 0.578468
vt 0.475988 0.629278
vt 0.796741 0.178184
vt 0.801025 0.166939
vt 0.803050 0.173463
vt 0.801443 0.184441
vt 0.830729 0.675942
vt 0.830198 0.690939
vt 0.420859 0.774550
vt 0.422173 0.789129
vt 0.418201 0.779862
vt 0.414230 0.769271
vt 0.415563 0.765283
vt 0.419554 0.766574
vt 0.832992 0.667646
vt 0.422173 0.805015
vt 0.419535 0.818236
vt 0.418201 0.810309
vt 0.795512 0.812155
vt 0.791549 0.821403
vt 0.792854 0.806872
vt 0.799475 0.801586
vt 0.802117 0.810834
vt 0.800781 0.828010
vt 0.844586 0.084591
vt 0.826966 0.084590
vt 0.828334 0.079134
vt 0.844599 0.079134
vt 0.794143 0.798946
vt 0.798107 0.793662
vt 0.798138 0.797624
vt 0.826970 0.142858
vt 0.840537 0.148244
vt 0.825628 0.146888
vt 0.824264 0.142846
vt 0.501635 0.847165
vt 0.505963 0.844884
vt 0.502338 0.854014
vt 0.495206 0.857370
vt 0.493026 0.851730
vt 0.500142 0.834811
vt 0.498128 0.800707
vt 0.496146 0.793726
vt 0.502773 0.795742
vt 0.880731 0.554303
vt 0.155983 0.791398
vt 0.156152 0.795552
vt 0.824282 0.077743
vt 0.063624 0.834310
vt 0.145559 0.743713
vt 0.144114 0.742420
vt 0.150552 0.732479
vt 0.070948 0.844009
vt 0.147663 0.729893
vt 0.157035 0.723947
vt 0.165345 0.724928
vt 0.086882 0.847966
vt 0.079098 0.850791
vt 0.068756 0.847180
vt 0.862950 0.492912
vt 0.857580 0.493030
vt 0.170603 0.928830
vt 0.165105 0.926086
vt 0.169209 0.923245
vt 0.182951 0.924611
vt 0.182971 0.928823
vt 0.765095 0.802504
vt 0.748928 0.797075
vt 0.766457 0.797076
vt 0.769150 0.801132
vt 0.193688 0.819470
vt 0.184437 0.814205
vt 0.191048 0.808909
vt 0.195018 0.815493
vt 0.746235 0.864482
vt 0.776268 0.441265
vt 0.768888 0.447330
vt 0.768361 0.444430
vt 0.788832 0.113491
vt 0.786517 0.115359
vt 0.784679 0.100782
vt 0.789041 0.095744
vt 0.798542 0.101839
vt 0.801336 0.127101
vt 0.875482 0.078474
vt 0.859315 0.073046
vt 0.875495 0.073045
vt 0.878188 0.077102
vt 0.857965 0.136442
vt 0.871462 0.141799
vt 0.856630 0.140451
vt 0.853924 0.136430
vt 0.699183 0.863242
vt 0.704698 0.843862
vt 0.482693 0.574445
vt 0.146622 0.930284
vt 0.141138 0.928771
vt 0.146741 0.924676
vt 0.154933 0.929105
vt 0.482667 0.631979
vt 0.513131 0.919511
vt 0.500723 0.919542
vt 0.502042 0.915432
vt 0.515826 0.914019
vt 0.480008 0.635945
vt 0.129732 0.908800
vt 0.127213 0.905845
vt 0.130558 0.899300
vt 0.580551 0.817059
vt 0.570071 0.820713
vt 0.578334 0.813865
vt 0.850614 0.666668
vt 0.854541 0.663695
vt 0.351006 0.814589
vt 0.345557 0.824097
vt 0.835413 0.662038
vt 0.850324 0.661210
vt 0.837589 0.725844
vt 0.853855 0.724941
vt 0.851457 0.730477
vt 0.836471 0.729950
vt 0.337409 0.757545
vt 0.344232 0.758902
vt 0.855448 0.728896
vt 0.810531 0.221426
vt 0.810909 0.225495
vt 0.135601 0.930109
vt 0.138497 0.923096
vt 0.414230 0.820900
vt 0.411582 0.811633
vt 0.412915 0.795730
vt 0.806065 0.792339
vt 0.813991 0.794981
vt 0.810028 0.804229
vt 0.494503 0.836960
vt 0.496903 0.826351
vt 0.058029 0.796653
vt 0.057864 0.788392
vt 0.062976 0.786063
vt 0.195028 0.861684
vt 0.191067 0.868284
vt 0.184446 0.869637
vt 0.175195 0.867012
vt 0.181796 0.847210
vt 0.188398 0.834009
vt 0.181796 0.830047
vt 0.173875 0.820805
vt 0.168594 0.808923
vt 0.180486 0.804947
vt 0.786576 0.090837
vt 0.786993 0.086663
vt 0.791640 0.082924
vt 0.793821 0.086531
vt 0.805593 0.198899
vt 0.808814 0.190448
vt 0.811224 0.201024
vt 0.812689 0.215768
vt 0.878996 0.488405
vt 0.187073 0.923235
vt 0.182936 0.917681
vt 0.189806 0.914929
vt 0.191213 0.923323
vt 0.189860 0.930284
vt 0.460112 0.919719
vt 0.449149 0.923839
vt 0.446337 0.918363
vt 0.447654 0.911504
vt 0.461427 0.911483
vt 0.465637 0.919701
vt 0.461545 0.923820
vt 0.169964 0.796267
vt 0.167324 0.799173
vt 0.897420 0.183776
vt 0.898022 0.172729
vt 0.901674 0.181206
vt 0.901303 0.188145
vt 0.861867 0.553467
vt 0.782673 0.383577
vt 0.785128 0.380126
vt 0.875458 0.375981
vt 0.876802 0.368948
vt 0.879569 0.374511
vt 0.771976 0.423350
vt 0.763040 0.434508
vt 0.767381 0.424746
vt 0.774321 0.401884
vt 0.776762 0.398446
vt 0.768642 0.393206
vt 0.770184 0.388125
vt 0.312157 0.823878
vt 0.306578 0.825010
vt 0.306983 0.818005
vt 0.311190 0.816819
vt 0.326249 0.819122
vt 0.328677 0.824888
vt 0.703626 0.808096
vt 0.496543 0.915436
vt 0.495131 0.908555
vt 0.500594 0.907192
vt 0.407620 0.759987
vt 0.410287 0.758630
vt 0.385605 0.893903
vt 0.388326 0.888250
vt 0.391089 0.893810
vt 0.388363 0.898057
vt 0.924663 0.676723
vt 0.909554 0.676766
vt 0.921858 0.671270
vt 0.925987 0.669878
vt 0.414258 0.827469
vt 0.407629 0.830132
vt 0.802118 0.843863
vt 0.806049 0.835938
vt 0.815312 0.845185
vt 0.808707 0.857075
vt 0.806049 0.862361
vt 0.886910 0.500798
vt 0.885483 0.493975
vt 0.889580 0.495351
vt 0.890990 0.500813
vt 0.888318 0.504889
vt 0.488230 0.830913
vt 0.487811 0.821379
vt 0.477930 0.451177
vt 0.477930 0.440721
vt 0.487701 0.446392
vt 0.493815 0.816550
vt 0.766462 0.864482
vt 0.066161 0.912380
vt 0.063642 0.915245
vt 0.062999 0.905727
vt 0.067066 0.905500
vt 0.081169 0.911478
vt 0.751629 0.865830
vt 0.083455 0.904504
vt 0.086648 0.911135
vt 0.761752 0.447954
vt 0.748651 0.445381
vt 0.750951 0.437773
vt 0.809373 0.138963
vt 0.805818 0.128845
vt 0.814183 0.129742
vt 0.816438 0.140144
vt 0.809566 0.152541
vt 0.106786 0.903928
vt 0.107390 0.897136
vt 0.111459 0.897527
vt 0.112216 0.904448
vt 0.694525 0.872118
vt 0.683008 0.867233
vt 0.689205 0.855836
vt 0.697818 0.847275
vt 0.156431 0.923530
vt 0.146899 0.917718
vt 0.156622 0.915194
vt 0.160771 0.915355
vt 0.160518 0.926481
vt 0.341483 0.824097
vt 0.333334 0.829530
vt 0.327902 0.829530
vt 0.586423 0.755178
vt 0.573894 0.747249
vt 0.585850 0.750836
vt 0.905454 0.676765
vt 0.902678 0.669920
vt 0.908134 0.669928
vt 0.819225 0.227335
vt 0.135929 0.914693
vt 0.140001 0.917551
vt 0.818848 0.209744
vt 0.824329 0.224087
vt 0.807602 0.164896
vt 0.819257 0.173179
vt 0.811894 0.180676
vt 0.411582 0.778537
vt 0.407629 0.786447
vt 0.398362 0.777179
vt 0.395705 0.769253
vt 0.402324 0.762634
vt 0.150213 0.725667
vt 0.908800 0.493940
vt 0.906083 0.500787
vt 0.903285 0.493966
vt 0.905999 0.484378
vt 0.908750 0.478882
vt 0.172015 0.720515
vt 0.063554 0.781811
vt 0.058426 0.784144
vt 0.900206 0.368963
vt 0.897462 0.374499
vt 0.896065 0.368905
vt 0.897425 0.360587
vt 0.900181 0.356487
vt 0.074835 0.775575
vt 0.075346 0.778243
vt 0.809594 0.157970
vt 0.803010 0.160031
vt 0.519928 0.907125
vt 0.514381 0.907158
vt 0.515722 0.898892
vt 0.519864 0.894736
vt 0.821375 0.154089
vt 0.817910 0.159810
vt 0.803391 0.791019
vt 0.918038 0.183526
vt 0.917739 0.189065
vt 0.911185 0.183112
vt 0.917117 0.175142
vt 0.920014 0.172587
vt 0.920935 0.180971
vt 0.231453 0.897230
vt 0.234182 0.897315
vt 0.231538 0.938212
vt 0.230131 0.939534
vt 0.644837 0.842197
vt 0.603050 0.839103
vt 0.643586 0.840720
vt 0.647384 0.826125
vt 0.588826 0.915245
vt 0.588825 0.898632
vt 0.590207 0.897233
vt 0.591593 0.915245
vt 0.590952 0.719735
vt 0.548049 0.719725
vt 0.549374 0.718394
vt 0.589610 0.718394
vt 0.592292 0.703640
vt 0.939210 0.715425
vt 0.939210 0.699620
vt 0.941841 0.700939
vt 0.943175 0.715438
vt 0.234182 0.941027
vt 0.592974 0.897249
vt 0.590209 0.879303
vt 0.592976 0.879320
vt 0.546690 0.702298
vt 0.550713 0.684862
vt 0.549373 0.702298
vt 0.486431 0.809031
vt 0.485679 0.815740
vt 0.477741 0.813591
vt 0.715438 0.457623
vt 0.706351 0.448465
vt 0.715390 0.445452
vt 0.475824 0.806614
vt 0.487790 0.795604
vt 0.882301 0.368914
vt 0.879532 0.360599
vt 0.446248 0.903252
vt 0.462771 0.900471
vt 0.466942 0.904577
vt 0.468365 0.912820
vt 0.165963 0.803625
vt 0.165083 0.915004
vt 0.165070 0.899862
vt 0.169185 0.908042
vt 0.170568 0.916314
vt 0.605943 0.836577
vt 0.604249 0.822931
vt 0.644788 0.824578
vt 0.940543 0.683826
vt 0.943175 0.683828
vt 0.601457 0.824110
vt 0.602752 0.806560
vt 0.118161 0.816118
vt 0.118165 0.821551
vt 0.114092 0.817468
vt 0.118159 0.806598
vt 0.771613 0.378849
vt 0.805937 0.092054
vt 0.805249 0.082672
vt 0.303719 0.977749
vt 0.304772 0.968210
vt 0.307659 0.979548
vt 0.303120 0.983193
vt 0.807072 0.097253
vt 0.311603 0.809876
vt 0.328124 0.810886
vt 0.330383 0.819405
vt 0.928533 0.625669
vt 0.932433 0.626969
vt 0.931133 0.672469
vt 0.928533 0.671169
vt 0.050910 0.848581
vt 0.003843 0.850791
vt 0.049432 0.845926
vt 0.051498 0.832385
vt 0.052913 0.833695
vt 0.936534 0.616609
vt 0.938322 0.601976
vt 0.939238 0.615345
vt 0.931122 0.624365
vt 0.668741 0.703640
vt 0.671425 0.719735
vt 0.668758 0.718384
vt 0.941027 0.600744
vt 0.940194 0.584714
vt 0.667414 0.687535
vt 0.670080 0.686203
vt 0.717024 0.702298
vt 0.717026 0.718394
vt 0.719707 0.702298
vt 0.718383 0.719725
vt 0.495077 0.900302
vt 0.499170 0.896175
vt 0.407575 0.886839
vt 0.410356 0.893865
vt 0.406219 0.893805
vt 0.399323 0.888216
vt 0.404811 0.879903
vt 0.408937 0.875777
vt 0.338799 0.830886
vt 0.327918 0.833604
vt 0.389682 0.879908
vt 0.910785 0.787664
vt 0.913097 0.805544
vt 0.910320 0.805674
vt 0.908027 0.787802
vt 0.909924 0.769750
vt 0.912770 0.771000
vt 0.000342 0.833469
vt 0.003606 0.817088
vt 0.003024 0.833313
vt 0.006399 0.847947
vt 0.048746 0.831166
vt 0.824560 0.854433
vt 0.819260 0.863682
vt 0.644636 0.808276
vt 0.889537 0.485776
vt 0.484331 0.789832
vt 0.442178 0.911493
vt 0.442125 0.899116
vt 0.184295 0.909377
vt 0.066536 0.897326
vt 0.084208 0.894882
vt 0.087567 0.904245
vt 0.126438 0.898933
vt 0.112191 0.889372
vt 0.128677 0.889536
vt 0.699183 0.830206
vt 0.696227 0.833935
vt 0.692708 0.828368
vt 0.690413 0.824219
vt 0.694210 0.809986
vt 0.672872 0.812244
vt 0.685440 0.803999
vt 0.695959 0.804839
vt 0.562189 0.817865
vt 0.554680 0.820653
vt 0.540784 0.812488
vt 0.329244 0.758904
vt 0.307514 0.760262
vt 0.322470 0.754829
vt 0.905352 0.660338
vt 0.921804 0.661684
vt 0.385104 0.761325
vt 0.394381 0.756014
vt 0.404972 0.824853
vt 0.394390 0.831455
vt 0.389085 0.822204
vt 0.398353 0.812939
vt 0.806049 0.818763
vt 0.815296 0.809515
vt 0.694540 0.212698
vt 0.694619 0.202905
vt 0.697352 0.208491
vt 0.983994 0.671543
vt 0.981243 0.675616
vt 0.981246 0.666045
vt 0.983996 0.660565
vt 0.804728 0.829332
vt 0.983996 0.653676
vt 0.981247 0.657799
vt 0.981245 0.650877
vt 0.298794 0.983996
vt 0.296274 0.979732
vt 0.300785 0.974584
vt 0.481361 0.860055
vt 0.486495 0.863279
vt 0.476963 0.863682
vt 0.467935 0.858712
vt 0.474364 0.848507
vt 0.486850 0.845687
vt 0.172555 0.852490
vt 0.175186 0.848546
vt 0.179146 0.843266
vt 0.822861 0.150998
vt 0.027495 0.627994
vt 0.028050 0.615344
vt 0.034274 0.626824
vt 0.034122 0.633796
vt 0.704696 0.459771
vt 0.698892 0.456912
vt 0.704685 0.454062
vt 0.710212 0.098453
vt 0.715495 0.094482
vt 0.726064 0.098452
vt 0.107288 0.883397
vt 0.107459 0.866928
vt 0.110872 0.874137
vt 0.049397 0.816314
vt 0.831299 0.212556
vt 0.837717 0.222749
vt 0.828731 0.227737
vt 0.407629 0.803656
vt 0.529043 0.433989
vt 0.529043 0.423130
vt 0.532819 0.429835
vt 0.870995 0.954458
vt 0.873743 0.951660
vt 0.873744 0.958582
vt 0.870996 0.961347
vt 0.408953 0.797037
vt 0.870995 0.972326
vt 0.873744 0.966828
vt 0.873743 0.976400
vt 0.979511 0.646687
vt 0.976787 0.642487
vt 0.979637 0.636895
vt 0.825865 0.805551
vt 0.827154 0.808195
vt 0.697369 0.190385
vt 0.697387 0.200118
vt 0.503681 0.010742
vt 0.503681 0.000318
vt 0.513483 0.005120
vt 0.817832 0.185389
vt 0.819966 0.179784
vt 0.824534 0.184702
vt 0.817430 0.194894
vt 0.828550 0.197822
vt 0.822108 0.201204
vt 0.159939 0.358872
vt 0.169729 0.362908
vt 0.159939 0.369536
vt 0.478912 0.843538
vt 0.487371 0.840316
vt 0.439417 0.032587
vt 0.431060 0.045118
vt 0.432134 0.037430
vt 0.431625 0.028323
vt 0.440435 0.023497
vt 0.483531 0.837224
vt 0.475459 0.836417
vt 0.480008 0.831449
vt 0.775324 0.375797
vt 0.754616 0.370895
vt 0.764692 0.369759
vt 0.874037 0.357911
vt 0.876771 0.345464
vt 0.873081 0.437016
vt 0.856821 0.435662
vt 0.871714 0.430237
vt 0.476959 0.085938
vt 0.475374 0.078343
vt 0.476959 0.074326
vt 0.000674 0.397466
vt 0.000674 0.387068
vt 0.002148 0.393011
vt 0.728017 0.043810
vt 0.730717 0.039731
vt 0.729362 0.055985
vt 0.874424 0.449207
vt 0.871726 0.447856
vt 0.855466 0.445147
vt 0.852756 0.442437
vt 0.854099 0.451918
vt 0.851389 0.449208
vt 0.764853 0.605955
vt 0.763476 0.612698
vt 0.763476 0.599223
vt 0.851389 0.435657
vt 0.854099 0.431592
vt 0.851366 0.427518
vt 0.873046 0.427518
vt 0.742690 0.751962
vt 0.742690 0.730457
vt 0.745517 0.732402
vt 0.871702 0.455978
vt 0.851366 0.455974
vt 0.732071 0.051921
vt 0.736135 0.062757
vt 0.738844 0.070883
vt 0.730736 0.062789
vt 0.164967 0.759238
vt 0.159635 0.752584
vt 0.168945 0.752584
vt 0.168945 0.764554
vt 0.159635 0.767214
vt 0.154315 0.760564
vt 0.179597 0.759238
vt 0.188895 0.752584
vt 0.188895 0.761894
vt 0.182245 0.767214
vt 0.182234 0.749919
vt 0.800709 0.105450
vt 0.986484 0.844346
vt 0.978046 0.844077
vt 0.985620 0.834455
vt 0.162271 0.788486
vt 0.159588 0.779167
vt 0.164920 0.780501
vt 0.186211 0.788486
vt 0.332431 0.808448
vt 0.331805 0.795915
vt 0.801768 0.079349
vt 0.812882 0.074200
vt 0.822861 0.076104
vt 0.307730 0.805525
vt 0.310897 0.798750
vt 0.317037 0.832246
vt 0.307530 0.828171
vt 0.553340 0.744830
vt 0.574422 0.744512
vt 0.829834 0.170770
vt 0.738330 0.134753
vt 0.738330 0.122432
vt 0.747665 0.125475
vt 0.746128 0.134710
vt 0.738407 0.143947
vt 0.468356 0.065459
vt 0.468365 0.073048
vt 0.460884 0.061022
vt 0.468350 0.056372
vt 0.818320 0.204371
vt 0.826755 0.207585
vt 0.386937 0.877189
vt 0.385580 0.885531
vt 0.399686 0.755998
vt 0.385560 0.871689
vt 0.388298 0.866127
vt 0.966125 0.674257
vt 0.966127 0.667418
vt 0.966127 0.659172
vt 0.885451 0.480278
vt 0.889524 0.474811
vt 0.902204 0.171560
vt 0.900074 0.160421
vt 0.917880 0.161417
vt 0.176534 0.872260
vt 0.165963 0.872276
vt 0.154071 0.863050
vt 0.760752 0.607314
vt 0.760781 0.619436
vt 0.756740 0.618088
vt 0.035081 0.350199
vt 0.035081 0.338028
vt 0.038672 0.342126
vt 0.755452 0.614034
vt 0.756770 0.603260
vt 0.759434 0.595180
vt 0.760781 0.591138
vt 0.754045 0.588442
vt 0.752728 0.583047
vt 0.960363 0.186916
vt 0.951940 0.183581
vt 0.960363 0.165824
vt 0.870300 0.422084
vt 0.154304 0.751249
vt 0.150291 0.756561
vt 0.804319 0.963240
vt 0.798623 0.960308
vt 0.807140 0.954630
vt 0.811422 0.957594
vt 0.155588 0.744582
vt 0.160942 0.745925
vt 0.159590 0.737936
vt 0.164921 0.736610
vt 0.180892 0.744595
vt 0.186213 0.728634
vt 0.187531 0.744590
vt 0.741220 0.974586
vt 0.741220 0.990441
vt 0.733354 0.989821
vt 0.727882 0.976159
vt 0.977993 0.879601
vt 0.983996 0.865132
vt 0.983996 0.880870
vt 0.192851 0.749910
vt 0.194203 0.756569
vt 0.893747 0.293804
vt 0.890911 0.300765
vt 0.886759 0.298001
vt 0.885411 0.291039
vt 0.890990 0.286820
vt 0.195510 0.763211
vt 0.154292 0.767205
vt 0.159600 0.772521
vt 0.986820 0.496295
vt 0.980553 0.495956
vt 0.988293 0.488339
vt 0.787285 0.961822
vt 0.785854 0.954664
vt 0.791525 0.958889
vt 0.794382 0.964660
vt 0.791514 0.950312
vt 0.798611 0.953149
vt 0.188883 0.768540
vt 0.893760 0.281158
vt 0.888205 0.279787
vt 0.890973 0.276937
vt 0.187530 0.772521
vt 0.180892 0.772525
vt 0.264830 0.931027
vt 0.260885 0.901715
vt 0.265141 0.902954
vt 0.708045 0.167580
vt 0.681728 0.166272
vt 0.708014 0.164969
vt 0.713290 0.163645
vt 0.266409 0.936564
vt 0.262220 0.936730
vt 0.921779 0.650707
vt 0.925940 0.656167
vt 0.888864 0.959956
vt 0.888864 0.968203
vt 0.888863 0.975042
vt 0.819275 0.788375
vt 0.813975 0.788376
vt 0.921690 0.167186
vt 0.921165 0.152046
vt 0.833791 0.788376
vt 0.828523 0.793660
vt 0.963376 0.668759
vt 0.361476 0.974297
vt 0.360632 0.964520
vt 0.368403 0.977451
vt 0.963376 0.653608
vt 0.966126 0.650876
vt 0.481082 0.820707
vt 0.957621 0.383762
vt 0.956255 0.415435
vt 0.952100 0.382382
vt 0.954841 0.378245
vt 0.958972 0.378244
vt 0.960363 0.383756
vt 0.958996 0.411298
vt 0.358753 0.959458
vt 0.361402 0.951246
vt 0.366436 0.949345
vt 0.368836 0.955649
vt 0.368388 0.965916
vt 0.094288 0.850741
vt 0.108010 0.842670
vt 0.107648 0.848266
vt 0.062055 0.890725
vt 0.061224 0.877067
vt 0.065872 0.886400
vt 0.960363 0.416802
vt 0.339304 0.900246
vt 0.307570 0.902354
vt 0.337882 0.896307
vt 0.341606 0.885610
vt 0.914297 0.123010
vt 0.912020 0.108628
vt 0.916514 0.121088
vt 0.918787 0.124611
vt 0.921998 0.121101
vt 0.917468 0.108631
vt 0.914570 0.426157
vt 0.910552 0.412711
vt 0.914583 0.412657
vt 0.946918 0.412699
vt 0.945556 0.427544
vt 0.952100 0.414051
vt 0.088087 0.890515
vt 0.083543 0.883956
vt 0.087090 0.874125
vt 0.644040 0.668579
vt 0.628131 0.668574
vt 0.638738 0.665926
vt 0.641438 0.661947
vt 0.268558 0.971217
vt 0.263593 0.977550
vt 0.263050 0.970556
vt 0.268210 0.962803
vt 0.736135 0.034312
vt 0.732081 0.034329
vt 0.740199 0.027539
vt 0.742908 0.031603
vt 0.737509 0.038408
vt 0.733436 0.042455
vt 0.736154 0.054662
vt 0.870300 0.464090
vt 0.874342 0.464081
vt 0.870289 0.468151
vt 0.860816 0.468155
vt 0.855384 0.462731
vt 0.302933 0.943175
vt 0.299814 0.943175
vt 0.301494 0.905024
vt 0.964660 0.376028
vt 0.964660 0.410356
vt 0.962139 0.407403
vt 0.945542 0.299408
vt 0.914433 0.299376
vt 0.914443 0.285823
vt 0.946904 0.285857
vt 0.949620 0.285919
vt 0.901665 0.903128
vt 0.908139 0.891209
vt 0.905395 0.904664
vt 0.903100 0.906651
vt 0.913098 0.893296
vt 0.909108 0.906244
vt 0.262153 0.898851
vt 0.266409 0.900090
vt 0.679083 0.163651
vt 0.681713 0.159706
vt 0.709329 0.158393
vt 0.113212 0.878478
vt 0.129681 0.878649
vt 0.131928 0.884336
vt 0.308905 0.754828
vt 0.902611 0.654846
vt 0.903952 0.641121
vt 0.906686 0.650740
vt 0.147089 0.909382
vt 0.140192 0.909215
vt 0.147358 0.898348
vt 0.156785 0.908267
vt 0.891612 0.969544
vt 0.253780 0.962274
vt 0.252931 0.972134
vt 0.245971 0.975264
vt 0.245986 0.963693
vt 0.245537 0.953378
vt 0.247949 0.947025
vt 0.253006 0.948956
vt 0.255667 0.957226
vt 0.088087 0.943175
vt 0.084709 0.933557
vt 0.088087 0.928235
vt 0.202731 0.981847
vt 0.201395 0.971072
vt 0.219143 0.975109
vt 0.217759 0.981847
vt 0.888862 0.951660
vt 0.891611 0.954392
vt 0.246250 0.978305
vt 0.238487 0.979699
vt 0.229625 0.976330
vt 0.238827 0.971132
vt 0.136159 0.905008
vt 0.139080 0.898148
vt 0.949618 0.412733
vt 0.946920 0.399140
vt 0.949620 0.386961
vt 0.124271 0.722559
vt 0.149230 0.713862
vt 0.150688 0.717800
vt 0.125713 0.726498
vt 0.111089 0.725600
vt 0.949611 0.426262
vt 0.306082 0.895769
vt 0.302258 0.901152
vt 0.303205 0.886568
vt 0.337619 0.885718
vt 0.169180 0.898425
vt 0.185664 0.898385
vt 0.179146 0.828744
vt 0.180467 0.834024
vt 0.893559 0.957921
vt 0.898973 0.957614
vt 0.901465 0.977787
vt 0.893559 0.982294
vt 0.758147 0.558787
vt 0.754016 0.558803
vt 0.175186 0.824783
vt 0.908415 0.957066
vt 0.913781 0.956744
vt 0.910907 0.977239
vt 0.894856 0.956501
vt 0.162273 0.728634
vt 0.974761 0.608015
vt 0.975070 0.597915
vt 0.983287 0.607210
vt 0.758989 0.424972
vt 0.755918 0.435120
vt 0.752252 0.424313
vt 0.726794 0.989294
vt 0.083790 0.046181
vt 0.083790 0.055860
vt 0.079896 0.051632
vt 0.915245 0.982401
vt 0.911307 0.983996
vt 0.738844 0.001804
vt 0.744253 0.022105
vt 0.749690 0.038391
vt 0.749690 0.058708
vt 0.742908 0.065465
vt 0.990490 0.006825
vt 0.999956 0.006825
vt 0.993001 0.010385
vt 0.852650 0.464077
vt 0.855372 0.468147
vt 0.752728 0.627514
vt 0.754135 0.631545
vt 0.747339 0.626166
vt 0.884065 0.260151
vt 0.892432 0.260153
vt 0.877026 0.274116
vt 0.877085 0.260139
vt 0.990490 0.037455
vt 0.990490 0.030702
vt 0.999573 0.035606
vt 0.027495 0.604252
vt 0.031881 0.613270
vt 0.696804 0.843231
vt 0.695071 0.848378
vt 0.859484 0.488490
vt 0.854052 0.488486
vt 0.868957 0.488485
vt 0.855431 0.489849
vt 0.678912 0.852370
vt 0.683045 0.850059
vt 0.690817 0.852002
vt 0.453713 0.685713
vt 0.469439 0.682952
vt 0.468479 0.687033
vt 0.454082 0.689656
vt 0.428263 0.684032
vt 0.427895 0.680089
vt 0.454673 0.681631
vt 0.428863 0.675990
vt 0.911743 0.285851
vt 0.911738 0.259979
vt 0.914441 0.272211
vt 0.911738 0.300785
vt 0.150789 0.721779
vt 0.125814 0.730477
vt 0.111206 0.729578
vt 0.189796 0.905282
vt 0.189796 0.892948
vt 0.465014 0.861131
vt 0.964747 0.681063
vt 0.714069 0.204226
vt 0.712678 0.194489
vt 0.715438 0.198666
vt 0.264760 0.956817
vt 0.296488 0.659578
vt 0.292259 0.654209
vt 0.296488 0.644048
vt 0.754075 0.593827
vt 0.743298 0.593826
vt 0.747339 0.584394
vt 0.254819 0.947160
vt 0.268558 0.948870
vt 0.258067 0.954576
vt 0.971105 0.820713
vt 0.963705 0.818188
vt 0.968698 0.815755
vt 0.049356 0.988293
vt 0.052101 0.982786
vt 0.054845 0.988244
vt 0.876878 0.309060
vt 0.872661 0.314634
vt 0.865685 0.308997
vt 0.875581 0.299369
vt 0.802869 0.944634
vt 0.811416 0.943371
vt 0.814267 0.946271
vt 0.666237 0.461914
vt 0.672469 0.452100
vt 0.672469 0.464068
vt 0.881233 0.282602
vt 0.875632 0.289601
vt 0.870055 0.283970
vt 0.868637 0.276893
vt 0.988293 0.828039
vt 0.974334 0.828039
vt 0.980553 0.480627
vt 0.659578 0.896104
vt 0.659578 0.910948
vt 0.654489 0.906976
vt 0.914923 0.875094
vt 0.918636 0.876675
vt 0.676468 0.150490
vt 0.677799 0.133384
vt 0.679083 0.149184
vt 0.157019 0.898613
vt 0.161135 0.900153
vt 0.158677 0.887674
vt 0.679978 0.872276
vt 0.668193 0.871331
vt 0.666045 0.864555
vt 0.960190 0.638260
vt 0.958808 0.632702
vt 0.961623 0.628519
vt 0.976862 0.634114
vt 0.890235 0.981847
vt 0.711959 0.149187
vt 0.709345 0.136027
vt 0.710706 0.122848
vt 0.427199 0.686759
vt 0.841733 0.801587
vt 0.836433 0.809515
vt 0.694629 0.191764
vt 0.694540 0.180682
vt 0.280046 0.971905
vt 0.281011 0.978830
vt 0.375851 0.981847
vt 0.368124 0.980439
vt 0.384671 0.978515
vt 0.279233 0.962113
vt 0.282016 0.962339
vt 0.296951 0.968790
vt 0.297521 0.959048
vt 0.300140 0.962049
vt 0.337256 0.869814
vt 0.341242 0.869706
vt 0.910738 0.092658
vt 0.915851 0.102238
vt 0.966808 0.935690
vt 0.962750 0.936730
vt 0.958118 0.927001
vt 0.974895 0.897988
vt 0.973988 0.887229
vt 0.986144 0.886130
vt 0.986144 0.902354
vt 0.103247 0.822861
vt 0.986144 0.590751
vt 0.974761 0.590829
vt 0.317972 0.986144
vt 0.705945 0.983902
vt 0.694676 0.988293
vt 0.694676 0.972091
vt 0.706844 0.973155
vt 0.307936 0.939310
vt 0.315742 0.929708
vt 0.312143 0.939954
vt 0.498836 0.059890
vt 0.502740 0.058058
vt 0.502740 0.070899
vt 0.758147 0.651764
vt 0.754016 0.651781
vt 0.746022 0.631550
vt 0.874342 0.488472
vt 0.738844 0.095264
vt 0.744253 0.074931
vt 0.744262 0.095264
vt 0.687456 0.827947
vt 0.410315 0.864806
vt 0.406178 0.866122
vt 0.407557 0.855151
vt 0.307563 0.833602
vt 0.300740 0.828171
vt 0.459398 0.052033
vt 0.468365 0.045887
vt 0.836126 0.206649
vt 0.976890 0.624381
vt 0.386466 0.775821
vt 0.387771 0.773207
vt 0.375514 0.973320
vt 0.319904 0.436138
vt 0.319877 0.426570
vt 0.326750 0.432036
vt 0.326769 0.436116
vt 0.320121 0.580085
vt 0.313241 0.578731
vt 0.320078 0.571843
vt 0.383563 0.971721
vt 0.897413 0.349548
vt 0.879520 0.349560
vt 0.896035 0.337195
vt 0.900172 0.341351
vt 0.755815 0.367045
vt 0.878142 0.335831
vt 0.743298 0.615386
vt 0.741951 0.643683
vt 0.327418 0.799761
vt 0.313037 0.786478
vt 0.331018 0.786196
vt 0.389104 0.753333
vt 0.379828 0.755997
vt 0.386932 0.856563
vt 0.391052 0.855156
vt 0.181065 0.798533
vt 0.190499 0.793960
vt 0.197356 0.793666
vt 0.190722 0.799505
vt 0.897420 0.158959
vt 0.900693 0.149496
vt 0.179799 0.801377
vt 0.446230 0.892233
vt 0.462753 0.889452
vt 0.468301 0.893556
vt 0.744262 0.001804
vt 0.751045 0.011300
vt 0.751045 0.076316
vt 0.862965 0.300665
vt 0.865820 0.293737
vt 0.052087 0.816188
vt 0.051576 0.805403
vt 0.937532 0.584631
vt 0.936534 0.573940
vt 0.674847 0.804472
vt 0.493670 0.889276
vt 0.495037 0.878232
vt 0.499142 0.885145
vt 0.642839 0.795948
vt 0.645538 0.796178
vt 0.587443 0.880703
vt 0.588826 0.868256
vt 0.648836 0.824908
vt 0.471549 0.821110
vt 0.470910 0.814264
vt 0.707872 0.440837
vt 0.474364 0.794262
vt 0.461743 0.798424
vt 0.470771 0.789832
vt 0.442119 0.885332
vt 0.447622 0.881192
vt 0.187379 0.725305
vt 0.185738 0.719910
vt 0.198417 0.726197
vt 0.203045 0.736977
vt 0.120478 0.827923
vt 0.118434 0.839358
vt 0.066588 0.875380
vt 0.746022 0.578998
vt 0.741951 0.566876
vt 0.745962 0.558797
vt 0.741861 0.557460
vt 0.167264 0.826102
vt 0.163313 0.823445
vt 0.169905 0.848546
vt 0.163313 0.847208
vt 0.751045 0.000464
vt 0.589608 0.686203
vt 0.552069 0.674122
vt 0.592305 0.675463
vt 0.592306 0.687535
vt 0.315754 0.944843
vt 0.304344 0.949620
vt 0.321156 0.937020
vt 0.787261 0.943248
vt 0.785854 0.934795
vt 0.794358 0.931894
vt 0.795766 0.941765
vt 0.110710 0.861728
vt 0.115612 0.867702
vt 0.745962 0.651774
vt 0.741861 0.653133
vt 0.515694 0.887862
vt 0.514319 0.876815
vt 0.519844 0.880938
vt 0.831299 0.158472
vt 0.834897 0.154090
vt 0.843883 0.162623
vt 0.834040 0.185105
vt 0.837780 0.195565
vt 0.830149 0.200384
vt 0.746153 0.117754
vt 0.827873 0.177625
vt 0.834693 0.178313
vt 0.300785 0.950858
vt 0.827186 0.846507
vt 0.837755 0.842543
vt 0.841734 0.849148
vt 0.326736 0.422432
vt 0.319877 0.416930
vt 0.840116 0.539264
vt 0.833072 0.536313
vt 0.840107 0.533519
vt 0.844346 0.536495
vt 0.330863 0.423775
vt 0.905970 0.473422
vt 0.890898 0.463834
vt 0.907363 0.465177
vt 0.177365 0.717555
vt 0.095633 0.775867
vt 0.089531 0.772852
vt 0.103633 0.774386
vt 0.112309 0.783833
vt 0.205105 0.782290
vt 0.737879 0.557449
vt 0.159352 0.826085
vt 0.151430 0.830045
vt 0.151430 0.810242
vt 0.802875 0.934731
vt 0.027746 0.605545
vt 0.039549 0.609098
vt 0.040821 0.624260
vt 0.559534 0.741746
vt 0.308658 0.790385
vt 0.306253 0.784803
vt 0.309513 0.776714
vt 0.568183 0.740517
vt 0.920398 0.639723
vt 0.925906 0.641073
vt 0.732176 0.631837
vt 0.739058 0.626340
vt 0.739071 0.635945
vt 0.765749 0.395317
vt 0.758713 0.392627
vt 0.765661 0.391171
vt 0.487873 0.972696
vt 0.492127 0.968442
vt 0.492147 0.972660
vt 0.490740 0.981150
vt 0.728053 0.623549
vt 0.732180 0.622184
vt 0.739071 0.616664
vt 0.732194 0.616639
vt 0.705851 0.528522
vt 0.705851 0.521355
vt 0.713290 0.525542
vt 0.238408 0.949233
vt 0.715682 0.684862
vt 0.714355 0.674122
vt 0.715712 0.674113
vt 0.907183 0.769897
vt 0.909390 0.758724
vt 0.386447 0.814245
vt 0.371865 0.816924
vt 0.375856 0.810272
vt 0.179742 0.586530
vt 0.179742 0.574900
vt 0.182619 0.583587
vt 0.078967 0.340568
vt 0.081642 0.337059
vt 0.081642 0.348051
vt 0.483497 0.265121
vt 0.485553 0.271561
vt 0.483497 0.277152
vt 0.984008 0.512936
vt 0.988293 0.512935
vt 0.985407 0.521440
vt 0.976889 0.515771
vt 0.978358 0.508683
vt 0.984043 0.508683
vt 0.155410 0.870938
vt 0.146159 0.864353
vt 0.142188 0.851167
vt 0.114088 0.806589
vt 0.760291 0.688999
vt 0.761630 0.699708
vt 0.745575 0.705044
vt 0.744237 0.697012
vt 0.742888 0.688997
vt 0.420171 0.724032
vt 0.420171 0.705039
vt 0.427544 0.719608
vt 0.107306 0.801125
vt 0.111369 0.797071
vt 0.118165 0.797055
vt 0.658152 0.587256
vt 0.650954 0.588679
vt 0.650939 0.571128
vt 0.658137 0.572615
vt 0.642707 0.748126
vt 0.629447 0.758728
vt 0.628107 0.754751
vt 0.628111 0.741493
vt 0.646687 0.738846
vt 0.256358 0.968315
vt 0.990490 0.214430
vt 0.998795 0.220922
vt 0.990490 0.222354
vt 0.955085 0.807853
vt 0.955947 0.798395
vt 0.960078 0.805420
vt 0.308861 0.968648
vt 0.312637 0.959408
vt 0.316283 0.963917
vt 0.150392 0.693953
vt 0.143132 0.689514
vt 0.150392 0.674898
vt 0.793603 0.071949
vt 0.776339 0.071949
vt 0.777682 0.063979
vt 0.779010 0.056010
vt 0.794931 0.061324
vt 0.990490 0.174512
vt 0.997399 0.166723
vt 0.998939 0.174512
vt 0.997454 0.585571
vt 0.992666 0.590859
vt 0.990490 0.585571
vt 0.693152 0.449728
vt 0.698907 0.442615
vt 0.703252 0.444049
vt 0.305837 0.958648
vt 0.303120 0.958337
vt 0.972504 0.705851
vt 0.969519 0.704586
vt 0.970087 0.691224
vt 0.978669 0.689202
vt 0.979828 0.706844
vt 0.335160 0.786541
vt 0.332824 0.779460
vt 0.726151 0.171147
vt 0.732781 0.172428
vt 0.732776 0.184357
vt 0.724850 0.188331
vt 0.712951 0.177754
vt 0.707633 0.168541
vt 0.680802 0.828736
vt 0.751045 0.096634
vt 0.749710 0.087184
vt 0.755138 0.093972
vt 0.760556 0.096681
vt 0.671297 0.831939
vt 0.660111 0.823116
vt 0.217789 0.965608
vt 0.202756 0.961481
vt 0.217773 0.955957
vt 0.228636 0.978892
vt 0.221197 0.971731
vt 0.470491 0.831852
vt 0.469514 0.842598
vt 0.462130 0.835079
vt 0.465674 0.825945
vt 0.697311 0.183460
vt 0.712632 0.186165
vt 0.431060 0.017812
vt 0.460535 0.851193
vt 0.118071 0.657911
vt 0.147029 0.657911
vt 0.147030 0.671074
vt 0.118071 0.671074
vt 0.112815 0.668418
vt 0.112818 0.647347
vt 0.118075 0.651319
vt 0.145717 0.651319
vt 0.153615 0.657900
vt 0.149679 0.647336
vt 0.118563 0.619207
vt 0.122181 0.608486
vt 0.123726 0.613746
vt 0.124233 0.630984
vt 0.120263 0.632430
vt 0.152303 0.671051
vt 0.135004 0.637305
vt 0.609515 0.541913
vt 0.594170 0.541980
vt 0.609535 0.536352
vt 0.147038 0.673683
vt 0.599765 0.536385
vt 0.609535 0.505584
vt 0.612312 0.505551
vt 0.612312 0.536318
vt 0.599765 0.508415
vt 0.605379 0.500056
vt 0.118080 0.673683
vt 0.112828 0.678914
vt 0.110191 0.676293
vt 0.609495 0.499925
vt 0.961631 0.798891
vt 0.963876 0.805801
vt 0.052103 0.969060
vt 0.054847 0.971772
vt 0.962705 0.473871
vt 0.967178 0.476856
vt 0.960865 0.479107
vt 0.957510 0.476868
vt 0.210548 0.808830
vt 0.207811 0.814267
vt 0.207813 0.797857
vt 0.210549 0.795155
vt 0.970168 0.462686
vt 0.872856 0.268508
vt 0.999217 0.160833
vt 0.990490 0.160833
vt 0.992235 0.157343
vt 0.035886 0.604112
vt 0.966467 0.463447
vt 0.967948 0.456354
vt 0.973556 0.455245
vt 0.975402 0.464561
vt 0.029879 0.657911
vt 0.029880 0.671074
vt 0.000921 0.671074
vt 0.000921 0.657911
vt 0.002241 0.651319
vt 0.029883 0.651319
vt 0.035157 0.647347
vt 0.035153 0.668418
vt 0.995296 0.873389
vt 0.995349 0.878187
vt 0.990490 0.878187
vt 0.029888 0.673683
vt 0.037795 0.676293
vt 0.035167 0.678914
vt 0.609535 0.411884
vt 0.605379 0.417544
vt 0.599765 0.409121
vt 0.599765 0.381151
vt 0.609535 0.381117
vt 0.612312 0.411851
vt 0.594170 0.375557
vt 0.448111 0.594259
vt 0.433793 0.598291
vt 0.447862 0.591636
vt 0.450511 0.591378
vt 0.612312 0.381084
vt 0.499258 0.975461
vt 0.497831 0.985404
vt 0.493546 0.988293
vt 0.840646 0.225194
vt 0.849499 0.218868
vt 0.851089 0.221447
vt 0.136466 0.892626
vt 0.136744 0.881653
vt 0.140738 0.887209
vt 0.449309 0.578174
vt 0.446781 0.579752
vt 0.443074 0.568074
vt 0.447396 0.571675
vt 0.961617 0.620194
vt 0.976866 0.617455
vt 0.979663 0.614671
vt 0.979699 0.625753
vt 0.371875 0.769251
vt 0.371875 0.761308
vt 0.833807 0.858397
vt 0.845681 0.857076
vt 0.833792 0.863682
vt 0.845649 0.859720
vt 0.885433 0.465201
vt 0.888208 0.452832
vt 0.312473 0.375478
vt 0.329789 0.374135
vt 0.329789 0.376798
vt 0.311146 0.378129
vt 0.281850 0.376798
vt 0.283181 0.374135
vt 0.309814 0.372803
vt 0.978321 0.525690
vt 0.982623 0.528522
vt 0.844346 0.529376
vt 0.840124 0.526493
vt 0.975538 0.528521
vt 0.972671 0.522854
vt 0.125981 0.647347
vt 0.120716 0.640766
vt 0.375931 0.951525
vt 0.379534 0.945837
vt 0.384627 0.955452
vt 0.460738 0.988293
vt 0.460738 0.981227
vt 0.467719 0.986883
vt 0.833088 0.527850
vt 0.369298 0.945376
vt 0.715372 0.184786
vt 0.712563 0.180639
vt 0.383827 0.945656
vt 0.389661 0.953550
vt 0.750872 0.677035
vt 0.758933 0.679662
vt 0.756227 0.683728
vt 0.738834 0.679694
vt 0.741502 0.670341
vt 0.646645 0.579974
vt 0.646638 0.569744
vt 0.983609 0.697830
vt 0.982935 0.687547
vt 0.784227 0.083906
vt 0.774931 0.090547
vt 0.772291 0.081249
vt 0.789540 0.077266
vt 0.792243 0.081248
vt 0.296829 0.693953
vt 0.296829 0.662790
vt 0.298636 0.681905
vt 0.752409 0.087168
vt 0.021994 0.647347
vt 0.444389 0.171877
vt 0.444389 0.148776
vt 0.449029 0.149396
vt 0.002254 0.647336
vt 0.027259 0.640766
vt 0.234788 0.943499
vt 0.229671 0.953176
vt 0.224613 0.951246
vt 0.230474 0.943353
vt 0.958808 0.618822
vt 0.961574 0.614668
vt 0.245073 0.943076
vt 0.230739 0.969523
vt 0.221088 0.964407
vt 0.226315 0.962053
vt 0.758618 0.384284
vt 0.758618 0.377282
vt 0.765593 0.378610
vt 0.767001 0.385588
vt 0.379818 0.826175
vt 0.379828 0.831454
vt 0.367913 0.824834
vt 0.151344 0.375478
vt 0.181976 0.376798
vt 0.152680 0.378129
vt 0.135368 0.376798
vt 0.135368 0.374135
vt 0.154011 0.372803
vt 0.180644 0.374135
vt 0.821507 0.551249
vt 0.822861 0.551244
vt 0.822832 0.571124
vt 0.804287 0.569797
vt 0.802933 0.551253
vt 0.801637 0.547273
vt 0.820212 0.548594
vt 0.590921 0.454789
vt 0.587073 0.435347
vt 0.589870 0.434981
vt 0.595124 0.454282
vt 0.594076 0.457273
vt 0.591276 0.457622
vt 0.592676 0.434665
vt 0.216067 0.461444
vt 0.214753 0.443075
vt 0.235745 0.444387
vt 0.235747 0.464068
vt 0.217394 0.464058
vt 0.265921 0.444387
vt 0.263297 0.441763
vt 0.285601 0.441763
vt 0.285603 0.462756
vt 0.264627 0.464058
vt 0.821507 0.597623
vt 0.822861 0.597618
vt 0.822832 0.620148
vt 0.802962 0.617496
vt 0.804287 0.597622
vt 0.801579 0.597633
vt 0.801579 0.569808
vt 0.311848 0.573234
vt 0.313249 0.566324
vt 0.320121 0.564928
vt 0.387966 0.964287
vt 0.393169 0.966649
vt 0.261875 0.375466
vt 0.260548 0.378118
vt 0.231251 0.376786
vt 0.260543 0.372803
vt 0.140868 0.823443
vt 0.140887 0.814168
vt 0.147498 0.807551
vt 0.154099 0.803591
vt 0.090451 0.678914
vt 0.073335 0.676293
vt 0.090441 0.643398
vt 0.122462 0.753735
vt 0.122462 0.786337
vt 0.119897 0.762772
vt 0.256553 0.371460
vt 0.232587 0.366122
vt 0.256557 0.366122
vt 0.986144 0.453326
vt 0.980668 0.452362
vt 0.979327 0.433482
vt 0.986144 0.434318
vt 0.821478 0.624128
vt 0.203282 0.372803
vt 0.201951 0.375466
vt 0.790840 0.391450
vt 0.789314 0.369005
vt 0.790664 0.368909
vt 0.810471 0.387490
vt 0.792453 0.395317
vt 0.207282 0.371460
vt 0.203287 0.378118
vt 0.363027 0.464058
vt 0.342019 0.462756
vt 0.361698 0.444387
vt 0.391876 0.464068
vt 0.314483 0.462746
vt 0.314467 0.461444
vt 0.012466 0.605581
vt 0.015039 0.614566
vt 0.012466 0.638093
vt 0.057534 0.643398
vt 0.057544 0.678914
vt 0.661944 0.866867
vt 0.655888 0.859776
vt 0.656592 0.850584
vt 0.667621 0.844860
vt 0.134041 0.372791
vt 0.787583 0.342582
vt 0.787583 0.322682
vt 0.805981 0.340030
vt 0.807830 0.367767
vt 0.133205 0.870717
vt 0.129230 0.868980
vt 0.131664 0.858189
vt 0.541145 0.818138
vt 0.529492 0.813137
vt 0.530220 0.809107
vt 0.497809 0.968424
vt 0.504889 0.972696
vt 0.443773 0.590693
vt 0.434753 0.594209
vt 0.434417 0.590196
vt 0.442228 0.588138
vt 0.448423 0.118228
vt 0.451177 0.121744
vt 0.448423 0.131056
vt 0.442587 0.577454
vt 0.429919 0.733703
vt 0.440435 0.733703
vt 0.440435 0.745517
vt 0.432575 0.745516
vt 0.241952 0.741220
vt 0.244579 0.729096
vt 0.251370 0.741220
vt 0.433103 0.575654
vt 0.431534 0.573150
vt 0.440658 0.570990
vt 0.431062 0.567851
vt 0.438768 0.564438
vt 0.614506 0.377718
vt 0.618794 0.380497
vt 0.613263 0.404260
vt 0.410244 0.461444
vt 0.391874 0.444387
vt 0.412866 0.443075
vt 0.415521 0.443056
vt 0.509713 0.609313
vt 0.514955 0.589964
vt 0.513892 0.609824
vt 0.510776 0.612312
vt 0.408947 0.464058
vt 0.342018 0.441763
vt 0.364322 0.441763
vt 0.517780 0.590334
vt 0.788698 0.319960
vt 0.807125 0.317402
vt 0.131382 0.374111
vt 0.913238 0.399096
vt 0.914583 0.384162
vt 0.946918 0.384204
vt 0.456120 0.854819
vt 0.451808 0.843539
vt 0.100976 0.639438
vt 0.613263 0.503553
vt 0.614692 0.482570
vt 0.617550 0.503536
vt 0.618794 0.527340
vt 0.614506 0.534350
vt 0.920693 0.094267
vt 0.919694 0.079565
vt 0.910552 0.384216
vt 0.748651 0.367696
vt 0.874020 0.329014
vt 0.878153 0.324914
vt 0.896046 0.324902
vt 0.629460 0.659294
vt 0.621489 0.660618
vt 0.621491 0.655315
vt 0.788995 0.778174
vt 0.787582 0.769887
vt 0.793105 0.776829
vt 0.793150 0.790634
vt 0.798661 0.783752
vt 0.801477 0.772666
vt 0.955604 0.791695
vt 0.964728 0.785795
vt 0.961280 0.792152
vt 0.995710 0.315624
vt 0.998520 0.321441
vt 0.990490 0.321441
vt 0.285601 0.439139
vt 0.314481 0.441753
vt 0.073334 0.639438
vt 0.047008 0.639438
vt 0.057542 0.635478
vt 0.090450 0.635478
vt 0.207286 0.366122
vt 0.934581 0.594435
vt 0.934581 0.619572
vt 0.931877 0.620906
vt 0.914712 0.594439
vt 0.931877 0.569310
vt 0.934581 0.570622
vt 0.617550 0.404242
vt 0.614692 0.425231
vt 0.861619 0.276815
vt 0.863070 0.264241
vt 0.872898 0.258723
vt 0.198238 0.814266
vt 0.199607 0.799224
vt 0.980773 0.532443
vt 0.973945 0.552155
vt 0.973945 0.533254
vt 0.956106 0.450689
vt 0.962511 0.454661
vt 0.956106 0.474810
vt 0.812111 0.390006
vt 0.810528 0.367576
vt 0.815956 0.388429
vt 0.078037 0.357308
vt 0.081642 0.355129
vt 0.081642 0.367387
vt 0.613086 0.137502
vt 0.613086 0.126481
vt 0.614460 0.131997
vt 0.986144 0.532859
vt 0.982266 0.548735
vt 0.979402 0.551221
vt 0.342017 0.439139
vt 0.946902 0.272245
vt 0.946896 0.257251
vt 0.949612 0.257313
vt 0.946875 0.250340
vt 0.910420 0.861525
vt 0.904340 0.851704
vt 0.907162 0.848462
vt 0.916030 0.855131
vt 0.808680 0.339840
vt 0.712029 0.518885
vt 0.708025 0.516198
vt 0.500636 0.988293
vt 0.503492 0.982586
vt 0.979267 0.168335
vt 0.976517 0.162801
vt 0.986143 0.162770
vt 0.986144 0.169729
vt 0.845088 0.215235
vt 0.843490 0.199152
vt 0.853791 0.207605
vt 0.839915 0.189960
vt 0.968399 0.732420
vt 0.969923 0.726282
vt 0.977550 0.736923
vt 0.806098 0.321444
vt 0.305539 0.873256
vt 0.303933 0.860022
vt 0.152162 0.724395
vt 0.170468 0.714566
vt 0.302258 0.841455
vt 0.306364 0.849338
vt 0.335484 0.848618
vt 0.900186 0.625367
vt 0.900199 0.663188
vt 0.888448 0.625370
vt 0.866275 0.621464
vt 0.900190 0.622747
vt 0.865782 0.004391
vt 0.867087 0.001780
vt 0.894521 0.001779
vt 0.867103 0.046173
vt 0.865782 0.042257
vt 0.865782 0.064454
vt 0.868409 0.063147
vt 0.894505 0.064454
vt 0.075196 0.962271
vt 0.046360 0.961412
vt 0.072662 0.959587
vt 0.075022 0.924223
vt 0.900206 0.685360
vt 0.862387 0.685360
vt 0.866295 0.682761
vt 0.861071 0.661896
vt 0.858478 0.684045
vt 0.859754 0.624074
vt 0.627121 0.531548
vt 0.628643 0.525931
vt 0.649553 0.532937
vt 0.134044 0.606812
vt 0.155197 0.603535
vt 0.154075 0.608874
vt 0.947083 0.671132
vt 0.951769 0.647996
vt 0.951769 0.672469
vt 0.406096 0.487201
vt 0.410356 0.489113
vt 0.406096 0.500592
vt 0.132883 0.610825
vt 0.154246 0.614177
vt 0.133015 0.614802
vt 0.082155 0.759010
vt 0.088087 0.769137
vt 0.082155 0.771298
vt 0.867113 0.618757
vt 0.869720 0.558553
vt 0.869739 0.617432
vt 0.895909 0.618734
vt 0.036368 0.959993
vt 0.007401 0.960363
vt 0.033766 0.957286
vt 0.036524 0.953427
vt 0.184555 0.940203
vt 0.180366 0.941393
vt 0.180652 0.934503
vt 0.184768 0.934684
vt 0.958214 0.751503
vt 0.953454 0.756259
vt 0.954232 0.750964
vt 0.956331 0.726778
vt 0.184768 0.965010
vt 0.180466 0.968957
vt 0.921805 0.972067
vt 0.917567 0.972168
vt 0.915006 0.949023
vt 0.924265 0.947133
vt 0.933101 0.968041
vt 0.922314 0.977550
vt 0.958214 0.722921
vt 0.950052 0.723159
vt 0.951752 0.720652
vt 0.171632 0.988293
vt 0.173445 0.981666
vt 0.177643 0.982264
vt 0.912357 0.945735
vt 0.919044 0.940510
vt 0.177889 0.964700
vt 0.167812 0.887496
vt 0.167827 0.880717
vt 0.184311 0.880678
vt 0.185671 0.887455
vt 0.462784 0.878404
vt 0.466922 0.882530
vt 0.034923 0.921779
vt 0.007514 0.955112
vt 0.008671 0.919605
vt 0.036352 0.919188
vt 0.500403 0.781596
vt 0.500514 0.788131
vt 0.483503 0.787101
vt 0.466421 0.782160
vt 0.500345 0.777651
vt 0.505574 0.777563
vt 0.509558 0.781429
vt 0.509669 0.787965
vt 0.748011 0.793010
vt 0.747689 0.786375
vt 0.774163 0.783759
vt 0.783773 0.789942
vt 0.763983 0.793565
vt 0.761697 0.619329
vt 0.777384 0.620603
vt 0.762990 0.623220
vt 0.505796 0.790634
vt 0.776070 0.623205
vt 0.763052 0.662486
vt 0.865830 0.145268
vt 0.865830 0.186916
vt 0.863263 0.169044
vt 0.934581 0.490869
vt 0.934581 0.515631
vt 0.932039 0.496864
vt 0.120729 0.636783
vt 0.616183 0.471364
vt 0.620408 0.490938
vt 0.628828 0.500722
vt 0.625939 0.513326
vt 0.977785 0.449847
vt 0.973948 0.433879
vt 0.221292 0.597273
vt 0.219945 0.591897
vt 0.221292 0.586508
vt 0.345902 0.320792
vt 0.342291 0.330863
vt 0.342291 0.318626
vt 0.801491 0.620174
vt 0.797546 0.618843
vt 0.213132 0.333012
vt 0.213132 0.310380
vt 0.219143 0.329293
vt 0.063083 0.973146
vt 0.064454 0.988245
vt 0.872619 0.324418
vt 0.862838 0.318753
vt 0.801480 0.924923
vt 0.810003 0.933468
vt 0.602582 0.458101
vt 0.606757 0.458068
vt 0.605379 0.476282
vt 0.602592 0.495878
vt 0.465053 0.701095
vt 0.500369 0.701804
vt 0.465497 0.727238
vt 0.431088 0.702978
vt 0.602592 0.421757
vt 0.605379 0.441319
vt 0.863038 0.288118
vt 0.855990 0.295028
vt 0.854612 0.288017
vt 0.861644 0.282488
vt 0.625939 0.394453
vt 0.628828 0.407022
vt 0.620408 0.416817
vt 0.616183 0.436402
vt 0.027272 0.636783
vt 0.904503 0.756529
vt 0.904016 0.794321
vt 0.895415 0.758028
vt 0.865407 0.756070
vt 0.731519 0.970731
vt 0.730264 0.931354
vt 0.734086 0.968014
vt 0.760426 0.971105
vt 0.877709 0.378740
vt 0.906607 0.378727
vt 0.880351 0.380051
vt 0.880344 0.439134
vt 0.877709 0.416815
vt 0.899286 0.816571
vt 0.904503 0.816436
vt 0.437888 0.101203
vt 0.440435 0.095633
vt 0.440435 0.135353
vt 0.866762 0.818564
vt 0.865399 0.815999
vt 0.867582 0.796410
vt 0.919542 0.853726
vt 0.679207 0.112286
vt 0.864531 0.775620
vt 0.861400 0.751962
vt 0.862717 0.732309
vt 0.864028 0.750636
vt 0.890212 0.751945
vt 0.759086 0.929104
vt 0.733003 0.933887
vt 0.861404 0.691727
vt 0.862704 0.689125
vt 0.890206 0.689108
vt 0.864023 0.691727
vt 0.153505 0.634106
vt 0.133561 0.633366
vt 0.156313 0.639333
vt 0.571813 0.543413
vt 0.584410 0.539233
vt 0.917129 0.150416
vt 0.916386 0.139477
vt 0.920499 0.139737
vt 0.008786 0.916970
vt 0.000854 0.918028
vt 0.000926 0.916708
vt 0.902354 0.003085
vt 0.901065 0.046172
vt 0.894521 0.044867
vt 0.894521 0.061842
vt 0.901049 0.063147
vt 0.715438 0.436272
vt 0.940302 0.953931
vt 0.947472 0.956849
vt 0.946037 0.962531
vt 0.940300 0.962463
vt 0.467232 0.811179
vt 0.461056 0.818698
vt 0.452747 0.807018
vt 0.189802 0.882018
vt 0.501412 0.763239
vt 0.504779 0.730494
vt 0.748775 0.782334
vt 0.747781 0.734498
vt 0.752304 0.772852
vt 0.773857 0.778455
vt 0.964339 0.423761
vt 0.968957 0.394715
vt 0.968957 0.425396
vt 0.601193 0.500073
vt 0.504295 0.701726
vt 0.501146 0.747554
vt 0.587207 0.508465
vt 0.590034 0.501522
vt 0.747689 0.705239
vt 0.758514 0.708703
vt 0.073681 0.925510
vt 0.046487 0.957495
vt 0.047505 0.923418
vt 0.040913 0.924533
vt 0.047623 0.919486
vt 0.073820 0.920236
vt 0.966970 0.792686
vt 0.998418 0.351820
vt 0.990490 0.350156
vt 0.998418 0.344908
vt 0.053473 0.964876
vt 0.060336 0.967606
vt 0.620439 0.453172
vt 0.627492 0.436379
vt 0.627492 0.471342
vt 0.584993 0.885167
vt 0.584993 0.826344
vt 0.586530 0.846449
vt 0.433830 0.787943
vt 0.466536 0.788685
vt 0.428649 0.790634
vt 0.428534 0.784110
vt 0.433741 0.782714
vt 0.954587 0.930093
vt 0.951265 0.921147
vt 0.956840 0.917544
vt 0.824124 0.459650
vt 0.831455 0.457656
vt 0.829179 0.472311
vt 0.824770 0.473510
vt 0.737879 0.653121
vt 0.547858 0.677393
vt 0.547858 0.687508
vt 0.546228 0.678614
vt 0.267059 0.903277
vt 0.268558 0.901768
vt 0.268558 0.934581
vt 0.428936 0.730484
vt 0.503445 0.729221
vt 0.433678 0.778781
vt 0.428450 0.778870
vt 0.432131 0.764414
vt 0.466362 0.778216
vt 0.498443 0.309253
vt 0.497798 0.323112
vt 0.493388 0.321916
vt 0.491112 0.307264
vt 0.316045 0.920105
vt 0.322055 0.923172
vt 0.096681 0.791381
vt 0.092768 0.820713
vt 0.092687 0.791381
vt 0.601193 0.417561
vt 0.967564 0.449633
vt 0.961984 0.450757
vt 0.963479 0.443672
vt 0.973200 0.448541
vt 0.793876 0.221743
vt 0.794931 0.227039
vt 0.780657 0.223741
vt 0.780921 0.218492
vt 0.790395 0.212395
vt 0.794847 0.174586
vt 0.427655 0.731801
vt 0.724732 0.089202
vt 0.732673 0.090498
vt 0.732662 0.097140
vt 0.869812 0.821375
vt 0.876573 0.822721
vt 0.871143 0.833603
vt 0.864446 0.833603
vt 0.864446 0.822736
vt 0.012567 0.389232
vt 0.016797 0.393448
vt 0.010453 0.395584
vt 0.004937 0.390943
vt 0.106786 0.859966
vt 0.794931 0.145743
vt 0.784265 0.149176
vt 0.590034 0.416213
vt 0.587207 0.409171
vt 0.793306 0.233516
vt 0.780287 0.231574
vt 0.763344 0.229441
vt 0.769147 0.217921
vt 0.115323 0.856655
vt 0.147636 0.887376
vt 0.147819 0.880572
vt 0.953487 0.348802
vt 0.960374 0.350482
vt 0.954707 0.353015
vt 0.946504 0.349853
vt 0.946678 0.345686
vt 0.923890 0.085485
vt 0.925179 0.076067
vt 0.927756 0.083129
vt 0.930284 0.090235
vt 0.960558 0.346291
vt 0.971390 0.353677
vt 0.971627 0.348109
vt 0.696102 0.962619
vt 0.694111 0.967910
vt 0.689976 0.967436
vt 0.694498 0.940351
vt 0.973253 0.375981
vt 0.966346 0.374349
vt 0.965771 0.354845
vt 0.958012 0.374000
vt 0.958831 0.354543
vt 0.964486 0.799228
vt 0.970399 0.795828
vt 0.975495 0.798338
vt 0.388323 0.844278
vt 0.392443 0.844247
vt 0.296666 0.761619
vt 0.902632 0.628726
vt 0.908072 0.628743
vt 0.838402 0.175323
vt 0.852853 0.171192
vt 0.844561 0.182820
vt 0.977550 0.709501
vt 0.977548 0.718580
vt 0.971449 0.718654
vt 0.969925 0.712607
vt 0.738416 0.113139
vt 0.896128 0.435187
vt 0.906633 0.440435
vt 0.853309 0.909224
vt 0.879324 0.905688
vt 0.879405 0.908284
vt 0.411909 0.382410
vt 0.414653 0.354980
vt 0.414653 0.382426
vt 0.053312 0.338324
vt 0.055860 0.339711
vt 0.053312 0.375981
vt 0.880630 0.943540
vt 0.853309 0.947121
vt 0.853335 0.910500
vt 0.885980 0.909363
vt 0.887205 0.944618
vt 0.880776 0.947472
vt 0.890210 0.731000
vt 0.886281 0.713981
vt 0.892846 0.723112
vt 0.896756 0.731000
vt 0.896757 0.750636
vt 0.000296 0.600270
vt 0.006804 0.597656
vt 0.009401 0.601569
vt 0.511316 0.235289
vt 0.511287 0.244786
vt 0.507190 0.243436
vt 0.493664 0.239362
vt 0.478782 0.235289
vt 0.729771 0.387113
vt 0.728875 0.418864
vt 0.727051 0.389700
vt 0.721833 0.386889
vt 0.000295 0.592466
vt 0.009400 0.592465
vt 0.565885 0.182619
vt 0.556624 0.182616
vt 0.563224 0.178659
vt 0.726180 0.943175
vt 0.722206 0.941862
vt 0.726149 0.936604
vt 0.006798 0.585962
vt 0.009402 0.571643
vt 0.028911 0.592463
vt 0.031513 0.597666
vt 0.051022 0.593762
vt 0.049723 0.601566
vt 0.006796 0.562550
vt 0.009396 0.549544
vt 0.030207 0.548241
vt 0.051018 0.548240
vt 0.091339 0.548237
vt 0.174590 0.571630
vt 0.091344 0.593759
vt 0.039759 0.962511
vt 0.039894 0.958611
vt 0.971289 0.512932
vt 0.467724 0.971474
vt 0.470513 0.981265
vt 0.460742 0.971454
vt 0.282579 0.952536
vt 0.393059 0.973901
vt 0.558043 0.983996
vt 0.555328 0.977158
vt 0.558063 0.975772
vt 0.573043 0.981251
vt 0.297998 0.950601
vt 0.933558 0.973556
vt 0.937236 0.968001
vt 0.434499 0.842024
vt 0.433643 0.836461
vt 0.438286 0.838617
vt 0.437636 0.853034
vt 0.433643 0.855088
vt 0.755138 0.003221
vt 0.760556 0.000511
vt 0.757876 0.005977
vt 0.994685 0.590908
vt 0.997420 0.595714
vt 0.990490 0.595714
vt 0.751207 0.748959
vt 0.756516 0.750035
vt 0.510260 0.744761
vt 0.505431 0.768379
vt 0.502471 0.748850
vt 0.138247 0.857735
vt 0.134286 0.848493
vt 0.135596 0.836628
vt 0.154071 0.843247
vt 0.885414 0.562491
vt 0.895909 0.588624
vt 0.539264 0.855407
vt 0.536821 0.885167
vt 0.536821 0.851419
vt 0.094312 0.163523
vt 0.094345 0.167621
vt 0.087449 0.166258
vt 0.000854 0.957527
vt 0.758460 0.735309
vt 0.040558 0.545710
vt 0.040558 0.533936
vt 0.043514 0.541313
vt 0.049401 0.542687
vt 0.066602 0.624905
vt 0.064972 0.633796
vt 0.064972 0.623686
vt 0.898057 0.290042
vt 0.896566 0.288518
vt 0.898057 0.244375
vt 0.429251 0.748772
vt 0.063239 0.864587
vt 0.080994 0.863509
vt 0.081612 0.874467
vt 0.088087 0.867181
vt 0.976364 0.801721
vt 0.983996 0.803403
vt 0.978482 0.808060
vt 0.972126 0.805936
vt 0.316900 0.690299
vt 0.322269 0.691684
vt 0.322269 0.702547
vt 0.315568 0.702511
vt 0.310135 0.691632
vt 0.621519 0.667246
vt 0.895889 0.555930
vt 0.000029 0.404952
vt 0.004297 0.393915
vt 0.004297 0.406059
vt 0.895909 0.256275
vt 0.891941 0.257816
vt 0.891941 0.229423
vt 0.064454 0.968979
vt 0.969583 0.811001
vt 0.974664 0.813567
vt 0.974232 0.825010
vt 0.983996 0.824517
vt 0.661726 0.499519
vt 0.661726 0.517779
vt 0.651279 0.506112
vt 0.654939 0.498798
vt 0.182749 0.524225
vt 0.182749 0.515001
vt 0.186916 0.521719
vt 0.858615 0.318686
vt 0.860054 0.308908
vt 0.197690 0.861223
vt 0.200538 0.859789
vt 0.201955 0.886738
vt 0.197690 0.886763
vt 0.536590 0.594400
vt 0.552155 0.617745
vt 0.536590 0.642390
vt 0.067926 0.543036
vt 0.116051 0.543032
vt 0.057516 0.543048
vt 0.680435 0.234182
vt 0.681850 0.222786
vt 0.696102 0.231320
vt 0.975001 0.448708
vt 0.776159 0.696460
vt 0.789210 0.662456
vt 0.789238 0.696444
vt 0.776172 0.700399
vt 0.763084 0.700399
vt 0.019336 0.398517
vt 0.014736 0.412505
vt 0.014279 0.401076
vt 0.198238 0.795072
vt 0.202341 0.793705
vt 0.287723 0.627155
vt 0.287894 0.631648
vt 0.285219 0.620501
vt 0.287894 0.619500
vt 0.209180 0.790987
vt 0.197995 0.913835
vt 0.200860 0.915245
vt 0.985061 0.547609
vt 0.629500 0.736923
vt 0.613851 0.734066
vt 0.628086 0.725540
vt 0.126453 0.543043
vt 0.132961 0.548233
vt 0.051563 0.368085
vt 0.051563 0.380278
vt 0.047519 0.377562
vt 0.330500 0.511334
vt 0.333493 0.500558
vt 0.335160 0.511334
vt 0.146095 0.451177
vt 0.141921 0.448716
vt 0.146095 0.441972
vt 0.200096 0.574735
vt 0.206902 0.574007
vt 0.210549 0.581316
vt 0.200096 0.592976
vt 0.004937 0.412093
vt 0.760355 0.967155
vt 0.767001 0.969567
vt 0.012949 0.164613
vt 0.019845 0.167192
vt 0.013003 0.168764
vt 0.930842 0.213066
vt 0.934581 0.209028
vt 0.934581 0.242776
vt 0.906651 0.408923
vt 0.759243 0.933034
vt 0.767001 0.930161
vt 0.471360 0.584382
vt 0.471360 0.570424
vt 0.476959 0.574655
vt 0.023633 0.606863
vt 0.018136 0.616609
vt 0.016739 0.606863
vt 0.947472 0.646857
vt 0.947472 0.656402
vt 0.941931 0.653751
vt 0.675183 0.849429
vt 0.976337 0.792399
vt 0.973789 0.789021
vt 0.979714 0.785607
vt 0.981847 0.791947
vt 0.427798 0.590831
vt 0.582075 0.992590
vt 0.582075 0.977980
vt 0.595124 0.990087
vt 0.659578 0.768998
vt 0.658304 0.782040
vt 0.651781 0.782040
vt 0.651780 0.770298
vt 0.594286 0.980866
vt 0.053449 0.519927
vt 0.053449 0.510536
vt 0.058815 0.511878
vt 0.060157 0.519928
vt 0.554287 0.975010
vt 0.551546 0.981847
vt 0.551571 0.973621
vt 0.551584 0.964067
vt 0.221088 0.952848
vt 0.411463 0.572363
vt 0.409685 0.567149
vt 0.627121 0.376314
vt 0.649553 0.374906
vt 0.628643 0.381885
vt 0.898057 0.751962
vt 0.979268 0.153158
vt 0.887315 0.947260
vt 0.896752 0.690418
vt 0.894145 0.711347
vt 0.998629 0.336204
vt 0.998629 0.339613
vt 0.990490 0.336783
vt 0.533857 0.949104
vt 0.536586 0.955898
vt 0.533867 0.958599
vt 0.377180 0.777177
vt 0.371884 0.786443
vt 0.363922 0.782504
vt 0.153772 0.548232
vt 0.174583 0.549531
vt 0.177186 0.562537
vt 0.177188 0.585949
vt 0.174588 0.592452
vt 0.155077 0.592454
vt 0.132966 0.593756
vt 0.183693 0.592451
vt 0.177194 0.597643
vt 0.958214 0.045118
vt 0.948889 0.045117
vt 0.951538 0.041130
vt 0.955534 0.027808
vt 0.958214 0.014476
vt 0.373652 0.693884
vt 0.404149 0.693021
vt 0.397604 0.695843
vt 0.376464 0.699095
vt 0.373878 0.701839
vt 0.183694 0.600255
vt 0.152472 0.597668
vt 0.174589 0.601557
vt 0.153773 0.601570
vt 0.134267 0.601560
vt 0.405701 0.700939
vt 0.511334 0.426470
vt 0.478800 0.426470
vt 0.493681 0.422408
vt 0.507207 0.418346
vt 0.511303 0.416984
vt 0.723807 0.410792
vt 0.722948 0.441220
vt 0.720974 0.417317
vt 0.559260 0.165427
vt 0.556633 0.152186
vt 0.550006 0.798336
vt 0.536321 0.799228
vt 0.545986 0.795474
vt 0.550006 0.758828
vt 0.943464 0.438300
vt 0.947472 0.476999
vt 0.940936 0.439899
vt 0.561890 0.164114
vt 0.565874 0.165430
vt 0.466361 0.819232
vt 0.947472 0.969698
vt 0.940302 0.971064
vt 0.722206 0.935289
vt 0.013717 0.471284
vt 0.013761 0.464671
vt 0.016380 0.468672
vt 0.016231 0.491156
vt 0.013559 0.495090
vt 0.722206 0.911627
vt 0.726149 0.912942
vt 0.722221 0.898481
vt 0.014794 0.508324
vt 0.020130 0.501794
vt 0.024053 0.508417
vt 0.021390 0.511013
vt 0.684697 0.168722
vt 0.684682 0.175811
vt 0.680435 0.170167
vt 0.726180 0.899795
vt 0.113456 0.601561
vt 0.511291 0.286819
vt 0.511297 0.353257
vt 0.507171 0.351913
vt 0.507165 0.288186
vt 0.507192 0.266486
vt 0.504511 0.265124
vt 0.504509 0.244786
vt 0.294339 0.700399
vt 0.293013 0.697774
vt 0.293007 0.687308
vt 0.493665 0.244786
vt 0.687554 0.178691
vt 0.687565 0.192935
vt 0.684696 0.192904
vt 0.680443 0.192941
vt 0.454541 0.857371
vt 0.447409 0.847166
vt 0.633022 0.514708
vt 0.649677 0.525921
vt 0.728066 0.500125
vt 0.732392 0.500358
vt 0.728066 0.526373
vt 0.940719 0.750387
vt 0.940153 0.725819
vt 0.944534 0.733260
vt 0.684711 0.211421
vt 0.687583 0.215726
vt 0.047102 0.545673
vt 0.680461 0.215732
vt 0.962021 0.524403
vt 0.960687 0.500877
vt 0.967623 0.500858
vt 0.968957 0.524383
vt 0.035998 0.519324
vt 0.036694 0.510265
vt 0.040821 0.511624
vt 0.040821 0.522076
vt 0.957867 0.528522
vt 0.953715 0.524383
vt 0.952385 0.500846
vt 0.946806 0.524330
vt 0.946861 0.500797
vt 0.951024 0.496653
vt 0.959321 0.496697
vt 0.951044 0.488347
vt 0.959350 0.488367
vt 0.967646 0.496669
vt 0.472861 0.158986
vt 0.472861 0.147433
vt 0.476959 0.150140
vt 0.622521 0.362737
vt 0.629500 0.369692
vt 0.625534 0.371684
vt 0.971198 0.310811
vt 0.972004 0.302146
vt 0.974015 0.310585
vt 0.977480 0.318975
vt 0.618574 0.354759
vt 0.622539 0.352767
vt 0.626522 0.360729
vt 0.955319 0.980627
vt 0.951241 0.981693
vt 0.951926 0.972915
vt 0.957288 0.971528
vt 0.960363 0.977886
vt 0.958956 0.983996
vt 0.991263 0.556124
vt 0.990490 0.550520
vt 0.996844 0.555402
vt 0.997095 0.631405
vt 0.990490 0.632294
vt 0.991726 0.626047
vt 0.997127 0.626047
vt 0.977320 0.296112
vt 0.981847 0.300050
vt 0.977673 0.301744
vt 0.997539 0.550520
vt 0.511299 0.374952
vt 0.845004 0.966765
vt 0.850805 0.967557
vt 0.850323 0.978299
vt 0.552971 0.423148
vt 0.554157 0.410468
vt 0.557390 0.414217
vt 0.557402 0.425360
vt 0.556590 0.429693
vt 0.844159 0.958774
vt 0.848838 0.960405
vt 0.947022 0.661726
vt 0.799228 0.981847
vt 0.795157 0.980473
vt 0.791026 0.972260
vt 0.799228 0.964057
vt 0.042969 0.732626
vt 0.042248 0.715730
vt 0.042969 0.699968
vt 0.996195 0.775246
vt 0.990490 0.775246
vt 0.993944 0.769938
vt 0.998913 0.245839
vt 0.996719 0.250569
vt 0.990490 0.245839
vt 0.993003 0.010434
vt 0.999954 0.013993
vt 0.990490 0.013993
vt 0.471801 0.043631
vt 0.474810 0.044678
vt 0.471801 0.053712
vt 0.784318 0.175387
vt 0.772470 0.176140
vt 0.136850 0.545666
vt 0.625229 0.714122
vt 0.622360 0.718355
vt 0.622378 0.695591
vt 0.625243 0.695626
vt 0.629492 0.695596
vt 0.629474 0.718360
vt 0.507205 0.395296
vt 0.509946 0.395290
vt 0.504523 0.396646
vt 0.507173 0.373607
vt 0.120983 0.452156
vt 0.142146 0.452296
vt 0.142129 0.454973
vt 0.120967 0.454833
vt 0.058802 0.454421
vt 0.058819 0.451744
vt 0.963510 0.342241
vt 0.953676 0.344600
vt 0.952520 0.338986
vt 0.962306 0.337992
vt 0.973254 0.342600
vt 0.499162 0.874086
vt 0.493714 0.868535
vt 0.499202 0.864395
vt 0.514343 0.867134
vt 0.249959 0.729093
vt 0.625257 0.678553
vt 0.622389 0.681363
vt 0.178785 0.512056
vt 0.176158 0.509426
vt 0.185416 0.509455
vt 0.625242 0.671406
vt 0.629500 0.672815
vt 0.649677 0.381875
vt 0.633022 0.393038
vt 0.934914 0.622647
vt 0.938878 0.621299
vt 0.938859 0.627907
vt 0.934914 0.629222
vt 0.187028 0.465820
vt 0.186984 0.472432
vt 0.184357 0.469786
vt 0.183061 0.465825
vt 0.947541 0.038465
vt 0.948873 0.027807
vt 0.180171 0.502855
vt 0.184208 0.492269
vt 0.186826 0.496238
vt 0.934924 0.666023
vt 0.934914 0.652891
vt 0.938859 0.651576
vt 0.938878 0.664692
vt 0.977549 0.727733
vt 0.839237 0.183284
vt 0.841733 0.793660
vt 0.845665 0.792341
vt 0.850981 0.801587
vt 0.990490 0.595762
vt 0.997359 0.595762
vt 0.996693 0.601332
vt 0.887730 0.833602
vt 0.887759 0.826809
vt 0.895909 0.826811
vt 0.895880 0.833604
vt 0.640242 0.373832
vt 0.631887 0.372430
vt 0.640198 0.366838
vt 0.998097 0.065693
vt 0.990490 0.061067
vt 0.999619 0.061067
vt 0.950954 0.528481
vt 0.915220 0.072540
vt 0.912984 0.069027
vt 0.924800 0.067426
vt 0.633115 0.483923
vt 0.634482 0.503508
vt 0.176438 0.975612
vt 0.189065 0.980476
vt 0.516495 0.852521
vt 0.523446 0.845483
vt 0.524876 0.849643
vt 0.522694 0.858299
vt 0.058442 0.508645
vt 0.037280 0.508505
vt 0.039952 0.504571
vt 0.065091 0.503415
vt 0.072959 0.514128
vt 0.979792 0.311618
vt 0.625479 0.339834
vt 0.627504 0.345792
vt 0.620525 0.338837
vt 0.369536 0.383655
vt 0.365416 0.384709
vt 0.368744 0.376299
vt 0.628492 0.334837
vt 0.629500 0.341802
vt 0.854612 0.280979
vt 0.757282 0.091209
vt 0.757282 0.080267
vt 0.762680 0.085769
vt 0.764853 0.094532
vt 0.214437 0.582474
vt 0.217895 0.589785
vt 0.213750 0.592856
vt 0.788056 0.981609
vt 0.779378 0.986144
vt 0.784157 0.980971
vt 0.788486 0.972725
vt 0.213723 0.576069
vt 0.218721 0.574839
vt 0.221292 0.580350
vt 0.123960 0.750962
vt 0.128908 0.749632
vt 0.126660 0.756259
vt 0.852469 0.962855
vt 0.854362 0.956234
vt 0.134629 0.681019
vt 0.133770 0.675348
vt 0.138468 0.677576
vt 0.140478 0.681638
vt 0.135285 0.685270
vt 0.125365 0.746993
vt 0.128908 0.740799
vt 0.124459 0.740811
vt 0.126613 0.734172
vt 0.854725 0.974966
vt 0.860285 0.977680
vt 0.858633 0.982379
vt 0.851877 0.952938
vt 0.727400 0.959663
vt 0.728329 0.970478
vt 0.723795 0.965995
vt 0.722881 0.955167
vt 0.728329 0.952408
vt 0.859873 0.952065
vt 0.965337 0.457844
vt 0.957510 0.447772
vt 0.227877 0.750887
vt 0.227886 0.744361
vt 0.231788 0.748263
vt 0.690380 0.438220
vt 0.686129 0.435300
vt 0.694653 0.435411
vt 0.634482 0.404214
vt 0.633115 0.423787
vt 0.127188 0.514487
vt 0.120645 0.503863
vt 0.128546 0.509222
vt 0.135192 0.503880
vt 0.141769 0.509198
vt 0.082183 0.624204
vt 0.079933 0.629500
vt 0.074810 0.624209
vt 0.071753 0.616584
vt 0.076579 0.610225
vt 0.085733 0.610981
vt 0.087518 0.619116
vt 0.087558 0.626444
vt 0.689017 0.939720
vt 0.071530 0.626978
vt 0.066950 0.622913
vt 0.092384 0.620084
vt 0.092367 0.612726
vt 0.618757 0.589804
vt 0.611866 0.590827
vt 0.617229 0.567893
vt 0.951083 0.373674
vt 0.953411 0.351485
vt 0.930284 0.072970
vt 0.351807 0.978776
vt 0.350430 0.985074
vt 0.348264 0.976679
vt 0.999601 0.082631
vt 0.997203 0.086056
vt 0.990490 0.082631
vt 0.349701 0.970397
vt 0.355624 0.976309
vt 0.357851 0.984721
vt 0.352282 0.986144
vt 0.395417 0.803686
vt 0.399614 0.804287
vt 0.390339 0.809970
vt 0.386514 0.806614
vt 0.389905 0.802880
vt 0.394876 0.797969
vt 0.399614 0.794438
vt 0.573059 0.971677
vt 0.837723 0.838582
vt 0.841686 0.829334
vt 0.843039 0.834617
vt 0.829797 0.843866
vt 0.578866 0.509947
vt 0.761053 0.704585
vt 0.769353 0.710831
vt 0.900182 0.327681
vt 0.900206 0.318201
vt 0.114223 0.779333
vt 0.751857 0.735628
vt 0.753636 0.744853
vt 0.484734 0.644539
vt 0.484734 0.634117
vt 0.491998 0.643576
vt 0.049415 0.533930
vt 0.943170 0.673288
vt 0.940555 0.671979
vt 0.991831 0.636339
vt 0.990490 0.633678
vt 0.997171 0.632342
vt 0.997171 0.637687
vt 0.602203 0.795679
vt 0.596908 0.793902
vt 0.770483 0.736054
vt 0.467502 0.362622
vt 0.468365 0.366934
vt 0.467502 0.373832
vt 0.954963 0.967826
vt 0.951241 0.964497
vt 0.625554 0.355738
vt 0.319396 0.521481
vt 0.322269 0.530035
vt 0.316575 0.530006
vt 0.315166 0.520034
vt 0.958263 0.964118
vt 0.933558 0.848140
vt 0.934581 0.859385
vt 0.930691 0.850836
vt 0.926886 0.839488
vt 0.981847 0.320121
vt 0.578352 0.738248
vt 0.576027 0.741980
vt 0.570897 0.733634
vt 0.575877 0.733099
vt 0.693263 0.544452
vt 0.693953 0.550006
vt 0.689596 0.549101
vt 0.688905 0.543546
vt 0.693953 0.538657
vt 0.585102 0.739845
vt 0.582609 0.745517
vt 0.588679 0.744074
vt 0.218186 0.597465
vt 0.221292 0.601570
vt 0.214050 0.600526
vt 0.854521 0.983775
vt 0.991695 0.689910
vt 0.996107 0.690512
vt 0.996767 0.695595
vt 0.990490 0.695595
vt 0.557414 0.403119
vt 0.562897 0.402455
vt 0.210591 0.593215
vt 0.715233 0.080468
vt 0.713473 0.074914
vt 0.718515 0.075143
vt 0.776589 0.984699
vt 0.768870 0.983415
vt 0.776399 0.979691
vt 0.212140 0.584662
vt 0.560477 0.416628
vt 0.562897 0.424711
vt 0.725232 0.975402
vt 0.720714 0.970906
vt 0.940569 0.572734
vt 0.936575 0.572609
vt 0.214877 0.753466
vt 0.214877 0.749564
vt 0.223983 0.754767
vt 0.231788 0.757369
vt 0.667413 0.675463
vt 0.649930 0.675492
vt 0.667365 0.666103
vt 0.672777 0.666075
vt 0.714355 0.668757
vt 0.005728 0.804861
vt 0.912184 0.758604
vt 0.911891 0.753078
vt 0.004131 0.799547
vt 0.051513 0.804059
vt 0.578866 0.407856
vt 0.584410 0.378404
vt 0.394938 0.788118
vt 0.988293 0.388334
vt 0.987957 0.398185
vt 0.984794 0.391954
vt 0.393019 0.792049
vt 0.387816 0.788491
vt 0.388590 0.782978
vt 0.398562 0.783004
vt 0.346239 0.986137
vt 0.344467 0.979150
vt 0.344467 0.967274
vt 0.576079 0.379902
vt 0.570504 0.374341
vt 0.646214 0.685360
vt 0.646214 0.665661
vt 0.648836 0.669714
vt 0.571873 0.372893
vt 0.375875 0.806268
vt 0.383818 0.811564
vt 0.370561 0.802329
vt 0.371903 0.797001
vt 0.536562 0.979084
vt 0.536583 0.969506
vt 0.202734 0.953165
vt 0.428100 0.694981
vt 0.428242 0.700301
vt 0.455756 0.426470
vt 0.476059 0.423764
vt 0.567194 0.176014
vt 0.282532 0.697772
vt 0.282542 0.687316
vt 0.619464 0.925936
vt 0.620906 0.914372
vt 0.620906 0.930284
vt 0.017730 0.464729
vt 0.459643 0.792787
vt 0.452243 0.798828
vt 0.443527 0.874282
vt 0.442219 0.867348
vt 0.447654 0.871521
vt 0.697226 0.177944
vt 0.558056 0.954004
vt 0.573054 0.958073
vt 0.558067 0.962145
vt 0.555336 0.963518
vt 0.036317 0.454271
vt 0.037570 0.464861
vt 0.016477 0.454140
vt 0.714690 0.013863
vt 0.709173 0.013866
vt 0.713274 0.009764
vt 0.721493 0.009762
vt 0.721526 0.013862
vt 0.717427 0.037105
vt 0.710558 0.037107
vt 0.895891 0.820000
vt 0.887730 0.818634
vt 0.713244 0.049415
vt 0.713260 0.041211
vt 0.720113 0.049412
vt 0.257295 0.990441
vt 0.250310 0.990441
vt 0.246938 0.984902
vt 0.262112 0.985383
vt 0.320841 0.534298
vt 0.315166 0.537116
vt 0.915641 0.840478
vt 0.908816 0.836024
vt 0.913098 0.834778
vt 0.919975 0.837833
vt 0.925350 0.843635
vt 0.863361 0.983996
vt 0.863867 0.973247
vt 0.867979 0.971851
vt 0.354361 0.391775
vt 0.360350 0.381656
vt 0.357433 0.395317
vt 0.364625 0.377352
vt 0.358742 0.375603
vt 0.361820 0.370496
vt 0.708014 0.624453
vt 0.708993 0.631648
vt 0.704298 0.629278
vt 0.703138 0.620687
vt 0.707066 0.617351
vt 0.574456 0.727077
vt 0.580670 0.723718
vt 0.579255 0.728493
vt 0.783177 0.974832
vt 0.685420 0.549638
vt 0.684380 0.541281
vt 0.338410 0.702547
vt 0.334182 0.700313
vt 0.339457 0.696557
vt 0.783327 0.967883
vt 0.692104 0.973201
vt 0.682380 0.973461
vt 0.683149 0.966649
vt 0.504525 0.416984
vt 0.164614 0.455122
vt 0.184454 0.455254
vt 0.163221 0.465694
vt 0.551576 0.951846
vt 0.554303 0.961367
vt 0.551583 0.959989
vt 0.976807 0.611939
vt 0.518486 0.869882
vt 0.519928 0.862935
vt 0.846002 0.157054
vt 0.853373 0.163061
vt 0.493681 0.416984
vt 0.476058 0.416984
vt 0.825792 0.444850
vt 0.825792 0.427587
vt 0.836417 0.444851
vt 0.825792 0.455474
vt 0.940304 0.979699
vt 0.460250 0.826755
vt 0.447511 0.832260
vt 0.447377 0.820042
vt 0.101039 0.467927
vt 0.037420 0.487328
vt 0.221292 0.526444
vt 0.219903 0.530670
vt 0.219903 0.508142
vt 0.734774 0.422700
vt 0.734774 0.440435
vt 0.730874 0.439532
vt 0.259964 0.919866
vt 0.259964 0.936730
vt 0.256073 0.928946
vt 0.058008 0.400871
vt 0.053205 0.410356
vt 0.053205 0.400170
vt 0.970445 0.077345
vt 0.972107 0.071979
vt 0.979201 0.071204
vt 0.020200 0.491198
vt 0.644587 0.790657
vt 0.587443 0.862741
vt 0.590209 0.862724
vt 0.591593 0.868272
vt 0.029346 0.508500
vt 0.502740 0.365239
vt 0.492693 0.360379
vt 0.497263 0.358562
vt 0.893516 0.578189
vt 0.900206 0.576125
vt 0.900206 0.590827
vt 0.203293 0.916556
vt 0.204104 0.931958
vt 0.203293 0.936730
vt 0.078413 0.488923
vt 0.163072 0.488161
vt 0.122061 0.489212
vt 0.720128 0.041208
vt 0.725613 0.037105
vt 0.494146 0.131056
vt 0.488135 0.128332
vt 0.490787 0.122379
vt 0.726915 0.041210
vt 0.708457 0.490247
vt 0.698792 0.501438
vt 0.697265 0.493806
vt 0.703116 0.489991
vt 0.214278 0.539235
vt 0.208885 0.539224
vt 0.208886 0.531104
vt 0.215629 0.531114
vt 0.188008 0.508297
vt 0.196117 0.505414
vt 0.189051 0.513847
vt 0.713290 0.494572
vt 0.703879 0.507036
vt 0.713290 0.501187
vt 0.710492 0.507037
vt 0.714624 0.001562
vt 0.721476 0.001560
vt 0.966286 0.488347
vt 0.190275 0.520802
vt 0.197408 0.512354
vt 0.198881 0.520699
vt 0.191218 0.526373
vt 0.255368 0.974304
vt 0.249106 0.975990
vt 0.631880 0.364063
vt 0.631939 0.358522
vt 0.640242 0.359894
vt 0.262112 0.978398
vt 0.725532 0.049415
vt 0.305055 0.815060
vt 0.296881 0.816416
vt 0.296923 0.808225
vt 0.305082 0.805505
vt 0.202105 0.531161
vt 0.202129 0.527059
vt 0.202113 0.539264
vt 0.068751 0.356645
vt 0.063039 0.346716
vt 0.068751 0.342397
vt 0.208877 0.504061
vt 0.202105 0.504102
vt 0.210203 0.500042
vt 0.216970 0.504070
vt 0.208901 0.527019
vt 0.216995 0.527028
vt 0.831455 0.474810
vt 0.308817 0.917720
vt 0.311527 0.921059
vt 0.308817 0.934581
vt 0.489850 0.988293
vt 0.475541 0.984380
vt 0.484680 0.967462
vt 0.638093 0.081811
vt 0.635136 0.103684
vt 0.630412 0.073226
vt 0.738901 0.710364
vt 0.737514 0.701078
vt 0.128590 0.502593
vt 0.479107 0.090952
vt 0.478677 0.098829
vt 0.478677 0.087084
vt 0.865830 0.555304
vt 0.865830 0.610163
vt 0.861077 0.595230
vt 0.797280 0.769914
vt 0.805673 0.769887
vt 0.268203 0.750887
vt 0.264309 0.748263
vt 0.268211 0.744361
vt 0.971105 0.789239
vt 0.990490 0.104631
vt 0.999350 0.108487
vt 0.990490 0.110365
vt 0.843859 0.935700
vt 0.848643 0.940848
vt 0.843781 0.944189
vt 0.837862 0.937418
vt 0.836558 0.928702
vt 0.857312 0.303355
vt 0.480126 0.300839
vt 0.478727 0.307230
vt 0.474252 0.303515
vt 0.476320 0.293987
vt 0.481256 0.292498
vt 0.997642 0.550472
vt 0.990490 0.550472
vt 0.994051 0.546873
vt 0.775562 0.540527
vt 0.775595 0.544634
vt 0.771455 0.544635
vt 0.771438 0.540528
vt 0.771504 0.526831
vt 0.774275 0.526829
vt 0.597273 0.805085
vt 0.591137 0.818847
vt 0.594398 0.801162
vt 0.589430 0.810822
vt 0.587162 0.820350
vt 0.084731 0.834688
vt 0.087485 0.825064
vt 0.090217 0.829190
vt 0.087455 0.844310
vt 0.083326 0.844346
vt 0.990490 0.864118
vt 0.993085 0.860227
vt 0.995679 0.864118
vt 0.908800 0.311527
vt 0.903203 0.311397
vt 0.904667 0.308598
vt 0.907497 0.307247
vt 0.767363 0.540526
vt 0.597089 0.861800
vt 0.592987 0.860632
vt 0.775595 0.483012
vt 0.772824 0.483014
vt 0.774226 0.478904
vt 0.597273 0.865830
vt 0.088804 0.781283
vt 0.083326 0.784025
vt 0.084664 0.778597
vt 0.979699 0.870083
vt 0.975355 0.874424
vt 0.976782 0.865791
vt 0.092893 0.778576
vt 0.097034 0.784002
vt 0.090176 0.785392
vt 0.932721 0.834096
vt 0.928677 0.829744
vt 0.934581 0.820154
vt 0.326566 0.929262
vt 0.818449 0.966779
vt 0.814148 0.958906
vt 0.819920 0.958434
vt 0.824216 0.966341
vt 0.788705 0.926343
vt 0.794388 0.923535
vt 0.139933 0.687508
vt 0.930452 0.818601
vt 0.925077 0.812800
vt 0.930708 0.811605
vt 0.121010 0.747017
vt 0.121822 0.735523
vt 0.859910 0.958951
vt 0.867905 0.958079
vt 0.863830 0.966361
vt 0.720470 0.083790
vt 0.724032 0.081604
vt 0.996407 0.744134
vt 0.992594 0.747639
vt 0.990490 0.744134
vt 0.853868 0.960082
vt 0.160313 0.505369
vt 0.126759 0.764313
vt 0.126759 0.784189
vt 0.125964 0.779478
vt 0.693953 0.491921
vt 0.687084 0.504889
vt 0.687084 0.489799
vt 0.559991 0.494146
vt 0.565427 0.487528
vt 0.569867 0.489353
vt 0.170869 0.509438
vt 0.162932 0.509338
vt 0.772402 0.050696
vt 0.770995 0.059997
vt 0.471153 0.164654
vt 0.479107 0.155781
vt 0.474206 0.187271
vt 0.834333 0.474810
vt 0.839503 0.453980
vt 0.848643 0.470897
vt 0.530670 0.775909
vt 0.530670 0.792783
vt 0.527962 0.779229
vt 0.491112 0.324418
vt 0.598640 0.823746
vt 0.595880 0.824851
vt 0.595330 0.815454
vt 0.599421 0.814447
vt 0.938878 0.929430
vt 0.935701 0.938866
vt 0.934573 0.933338
vt 0.934874 0.926506
vt 0.937814 0.922535
vt 0.599421 0.830471
vt 0.382040 0.789066
vt 0.381731 0.781970
vt 0.389288 0.778839
vt 0.595341 0.831455
vt 0.259686 0.579201
vt 0.258165 0.574639
vt 0.262716 0.576107
vt 0.264261 0.582233
vt 0.920308 0.781003
vt 0.924221 0.778962
vt 0.922537 0.786234
vt 0.918624 0.788275
vt 0.923601 0.793065
vt 0.997854 0.506864
vt 0.990490 0.506864
vt 0.995554 0.502907
vt 0.408208 0.425396
vt 0.404619 0.421512
vt 0.407144 0.417576
vt 0.930859 0.794786
vt 0.930138 0.799069
vt 0.921481 0.797634
vt 0.114548 0.756085
vt 0.116017 0.736766
vt 0.116017 0.760556
vt 0.180240 0.492259
vt 0.973254 0.902354
vt 0.964488 0.896218
vt 0.971606 0.896990
vt 0.689350 0.193474
vt 0.693953 0.195015
vt 0.689350 0.204104
vt 0.711141 0.883018
vt 0.707250 0.873937
vt 0.711141 0.866154
vt 0.191611 0.770750
vt 0.195510 0.787582
vt 0.191611 0.788486
vt 0.986144 0.153143
vt 0.845364 0.190852
vt 0.858209 0.184178
vt 0.858075 0.196360
vt 0.563217 0.153531
vt 0.565880 0.148230
vt 0.282532 0.670309
vt 0.292997 0.670302
vt 0.849660 0.814798
vt 0.841718 0.818763
vt 0.575773 0.951284
vt 0.575788 0.960775
vt 0.997961 0.214381
vt 0.990490 0.211142
vt 0.999056 0.211142
vt 0.475008 0.390461
vt 0.479107 0.387725
vt 0.479107 0.393169
vt 0.100978 0.840049
vt 0.096536 0.837956
vt 0.100377 0.836041
vt 0.966401 0.848643
vt 0.963674 0.844534
vt 0.967743 0.844522
vt 0.973245 0.845921
vt 0.475023 0.383618
vt 0.691832 0.184384
vt 0.482986 0.361028
vt 0.486429 0.357642
vt 0.482955 0.334865
vt 0.487717 0.331759
vt 0.494531 0.338710
vt 0.558070 0.966221
vt 0.393169 0.955108
vt 0.194516 0.948861
vt 0.197958 0.958214
vt 0.188076 0.945899
vt 0.198211 0.924084
vt 0.199807 0.934183
vt 0.199807 0.954450
vt 0.994898 0.093585
vt 0.990490 0.086105
vt 0.999390 0.086105
vt 0.903269 0.452826
vt 0.889633 0.444567
vt 0.906081 0.444550
vt 0.908800 0.452790
vt 0.126053 0.828273
vt 0.125923 0.835208
vt 0.119145 0.843374
vt 0.462833 0.868723
vt 0.468365 0.872837
vt 0.428103 0.895479
vt 0.431841 0.895709
vt 0.416999 0.908800
vt 0.413389 0.906702
vt 0.423409 0.896108
vt 0.417000 0.878874
vt 0.420738 0.879104
vt 0.621476 0.762704
vt 0.610840 0.757400
vt 0.621482 0.742817
vt 0.659578 0.563891
vt 0.645194 0.563891
vt 0.208138 0.430077
vt 0.209475 0.443464
vt 0.180027 0.434090
vt 0.188308 0.483522
vt 0.216154 0.483475
vt 0.216158 0.494146
vt 0.945664 0.715701
vt 0.000667 0.436752
vt 0.003392 0.430077
vt 0.010026 0.434072
vt 0.007336 0.438083
vt 0.171632 0.970170
vt 0.630412 0.109572
vt 0.736147 0.737271
vt 0.733498 0.702416
vt 0.736157 0.685048
vt 0.956720 0.572677
vt 0.968499 0.572677
vt 0.968499 0.608015
vt 0.956720 0.608015
vt 0.113869 0.908602
vt 0.113869 0.946129
vt 0.111028 0.943361
vt 0.111028 0.911393
vt 0.111089 0.907212
vt 0.552893 0.743368
vt 0.550882 0.741132
vt 0.562897 0.734374
vt 0.078976 0.919777
vt 0.077601 0.917021
vt 0.080390 0.915626
vt 0.085939 0.923943
vt 0.081755 0.926732
vt 0.081755 0.944861
vt 0.078976 0.951850
vt 0.971105 0.575290
vt 0.971105 0.605393
vt 0.085939 0.947649
vt 0.080390 0.956066
vt 0.077601 0.954672
vt 0.098552 0.922505
vt 0.840049 0.986144
vt 0.827382 0.975516
vt 0.840049 0.969081
vt 0.550882 0.723235
vt 0.560886 0.732138
vt 0.830869 0.968957
vt 0.828201 0.959880
vt 0.835098 0.961116
vt 0.840364 0.963538
vt 0.810027 0.926498
vt 0.767347 0.481644
vt 0.768732 0.485752
vt 0.761886 0.485751
vt 0.759147 0.483013
vt 0.972502 0.867214
vt 0.973947 0.858570
vt 0.718480 0.066973
vt 0.713473 0.066761
vt 0.716117 0.060283
vt 0.720419 0.059305
vt 0.724032 0.065298
vt 0.699846 0.628488
vt 0.787886 0.964640
vt 0.779338 0.962228
vt 0.703647 0.613485
vt 0.981847 0.953810
vt 0.979879 0.956066
vt 0.969819 0.947180
vt 0.971787 0.944924
vt 0.981847 0.936014
vt 0.511334 0.137923
vt 0.511334 0.154689
vt 0.498885 0.148357
vt 0.111089 0.947519
vt 0.098552 0.932235
vt 0.769635 0.075937
vt 0.767010 0.058669
vt 0.769619 0.024140
vt 0.479107 0.193362
vt 0.732785 0.192287
vt 0.743372 0.186956
vt 0.868771 0.902180
vt 0.879269 0.904367
vt 0.868917 0.906112
vt 0.689656 0.923839
vt 0.685600 0.922275
vt 0.689656 0.894841
vt 0.000790 0.104764
vt 0.012303 0.133222
vt 0.001334 0.133509
vt 0.936357 0.844346
vt 0.936357 0.814849
vt 0.950319 0.843756
vt 0.969519 0.682450
vt 0.983996 0.681575
vt 0.704696 0.435481
vt 0.504681 0.128482
vt 0.509186 0.120599
vt 0.509186 0.131056
vt 0.732667 0.085211
vt 0.670566 0.440804
vt 0.669478 0.448938
vt 0.665221 0.449029
vt 0.665011 0.440509
vt 0.667714 0.427178
vt 0.672469 0.430062
vt 0.938513 0.907506
vt 0.933922 0.918245
vt 0.934335 0.908681
vt 0.936050 0.900548
vt 0.672469 0.448421
vt 0.932349 0.892159
vt 0.938878 0.899308
vt 0.928043 0.896067
vt 0.924279 0.889045
vt 0.842592 0.408208
vt 0.840417 0.400405
vt 0.846494 0.407147
vt 0.997375 0.487127
vt 0.997932 0.491737
vt 0.990490 0.491737
vt 0.990490 0.391354
vt 0.998300 0.387347
vt 0.998300 0.392221
vt 0.932380 0.920914
vt 0.929473 0.924886
vt 0.925645 0.919230
vt 0.929855 0.916688
vt 0.264261 0.571559
vt 0.818697 0.411458
vt 0.818972 0.418950
vt 0.814168 0.411088
vt 0.816426 0.401622
vt 0.821308 0.403461
vt 0.822626 0.409128
vt 0.822861 0.416532
vt 0.920096 0.761383
vt 0.916620 0.766126
vt 0.916708 0.757733
vt 0.923150 0.753900
vt 0.925147 0.757817
vt 0.924840 0.764859
vt 0.926123 0.773041
vt 0.930641 0.775185
vt 0.928958 0.782457
vt 0.665116 0.810301
vt 0.656729 0.816237
vt 0.495153 0.860210
vt 0.313807 0.774183
vt 0.310123 0.767233
vt 0.315710 0.766163
vt 0.331705 0.775277
vt 0.984934 0.399059
vt 0.988293 0.403911
vt 0.388510 0.984614
vt 0.388447 0.980147
vt 0.392511 0.983267
vt 0.393433 0.990441
vt 0.977549 0.400566
vt 0.978568 0.395084
vt 0.990490 0.138240
vt 0.999093 0.138240
vt 0.994570 0.145760
vt 0.951769 0.787698
vt 0.946539 0.793302
vt 0.946539 0.772997
vt 0.948118 0.762877
vt 0.958214 0.784716
vt 0.948280 0.797080
vt 0.568055 0.467859
vt 0.574787 0.460976
vt 0.579570 0.464047
vt 0.576174 0.486623
vt 0.579649 0.489971
vt 0.618116 0.687051
vt 0.426717 0.578947
vt 0.425286 0.592374
vt 0.350680 0.702547
vt 0.352132 0.688731
vt 0.361734 0.698436
vt 0.363090 0.702547
vt 0.986144 0.259964
vt 0.974172 0.254670
vt 0.986144 0.243994
vt 0.410631 0.577747
vt 0.116017 0.506070
vt 0.116017 0.512919
vt 0.111923 0.510183
vt 0.631648 0.309644
vt 0.627784 0.311527
vt 0.627317 0.307429
vt 0.627757 0.299172
vt 0.631648 0.297376
vt 0.364389 0.431698
vt 0.367719 0.420017
vt 0.369951 0.431848
vt 0.370131 0.436138
vt 0.965666 0.032198
vt 0.961034 0.034375
vt 0.961634 0.030146
vt 0.966675 0.006298
vt 0.968957 0.029778
vt 0.674033 0.420047
vt 0.676568 0.417148
vt 0.679562 0.421099
vt 0.111934 0.515631
vt 0.373832 0.413317
vt 0.373832 0.432989
vt 0.425622 0.596387
vt 0.413611 0.610810
vt 0.412898 0.602870
vt 0.990490 0.576979
vt 0.996922 0.574819
vt 0.997677 0.576979
vt 0.367922 0.759950
vt 0.362608 0.769250
vt 0.358655 0.766568
vt 0.388350 0.834805
vt 0.923181 0.628700
vt 0.921855 0.620431
vt 0.925987 0.620412
vt 0.925958 0.628674
vt 0.836415 0.455458
vt 0.973254 0.833601
vt 0.088045 0.152804
vt 0.088045 0.140545
vt 0.091933 0.142339
vt 0.092384 0.150592
vt 0.091940 0.154689
vt 0.650269 0.103162
vt 0.647723 0.107423
vt 0.644800 0.103445
vt 0.643059 0.095316
vt 0.645172 0.081529
vt 0.650643 0.081279
vt 0.093497 0.835626
vt 0.095808 0.813376
vt 0.653133 0.105805
vt 0.949620 0.080979
vt 0.941584 0.084128
vt 0.937355 0.065918
vt 0.942192 0.062515
vt 0.970445 0.051843
vt 0.979699 0.066473
vt 0.441905 0.834410
vt 0.441905 0.820849
vt 0.992526 0.557173
vt 0.996563 0.561217
vt 0.990490 0.561217
vt 0.486000 0.191213
vt 0.481425 0.190940
vt 0.481425 0.168260
vt 0.486011 0.168567
vt 0.489850 0.188730
vt 0.997565 0.556173
vt 0.902689 0.138710
vt 0.898354 0.142619
vt 0.898988 0.131817
vt 0.904540 0.130723
vt 0.502260 0.361001
vt 0.500137 0.364667
vt 0.497725 0.362806
vt 0.494234 0.340035
vt 0.417594 0.639545
vt 0.417349 0.618444
vt 0.421923 0.618131
vt 0.423247 0.641061
vt 0.419302 0.644539
vt 0.933167 0.086190
vt 0.933167 0.063139
vt 0.937390 0.065972
vt 0.938217 0.087209
vt 0.934816 0.090235
vt 0.434852 0.910156
vt 0.434684 0.930069
vt 0.431849 0.909363
vt 0.434487 0.893138
vt 0.438595 0.892276
vt 0.263526 0.596334
vt 0.247015 0.578759
vt 0.266449 0.594991
vt 0.264357 0.617732
vt 0.440435 0.930284
vt 0.976866 0.227313
vt 0.981847 0.237456
vt 0.976155 0.238479
vt 0.972171 0.235409
vt 0.275665 0.620906
vt 0.267297 0.616390
vt 0.287229 0.616959
vt 0.973473 0.215868
vt 0.977737 0.214751
vt 0.981847 0.216426
vt 0.223440 0.528951
vt 0.223010 0.532819
vt 0.223010 0.521074
vt 0.079643 0.503591
vt 0.071672 0.508845
vt 0.071716 0.502216
vt 0.732626 0.522244
vt 0.999580 0.078090
vt 0.996530 0.082582
vt 0.990490 0.078090
vt 0.102493 0.312451
vt 0.094296 0.313817
vt 0.094312 0.305618
vt 0.105275 0.283756
vt 0.850791 0.910786
vt 0.850791 0.938878
vt 0.843864 0.918483
vt 0.944000 0.718293
vt 0.084753 0.856377
vt 0.621518 0.672549
vt 0.610879 0.677851
vt 0.606902 0.677849
vt 0.612238 0.669895
vt 0.638004 0.670606
vt 0.643232 0.670606
vt 0.644539 0.681063
vt 0.636685 0.678444
vt 0.804774 0.782735
vt 0.805086 0.773587
vt 0.812119 0.784189
vt 0.734828 0.754639
vt 0.736147 0.762704
vt 0.729473 0.754638
vt 0.734770 0.745369
vt 0.740144 0.745336
vt 0.812119 0.768758
vt 0.598995 0.675473
vt 0.593645 0.666075
vt 0.598963 0.666103
vt 0.791891 0.396694
vt 0.801042 0.399309
vt 0.791892 0.418919
vt 0.281220 0.754767
vt 0.281221 0.776880
vt 0.272114 0.754767
vt 0.116730 0.970523
vt 0.114864 0.979236
vt 0.110199 0.975489
vt 0.112224 0.968164
vt 0.114090 0.959451
vt 0.120314 0.964429
vt 0.120160 0.975787
vt 0.729473 0.685031
vt 0.928157 0.303900
vt 0.934961 0.302539
vt 0.929537 0.310736
vt 0.913097 0.907920
vt 0.910428 0.914558
vt 0.907806 0.907929
vt 0.098609 0.625949
vt 0.102137 0.630430
vt 0.095876 0.631648
vt 0.979699 0.934581
vt 0.973930 0.932597
vt 0.978750 0.929714
vt 0.094613 0.625391
vt 0.097605 0.617666
vt 0.102241 0.621324
vt 0.106475 0.980119
vt 0.109746 0.983996
vt 0.224303 0.579175
vt 0.224983 0.574864
vt 0.229821 0.578212
vt 0.229113 0.582598
vt 0.997005 0.661168
vt 0.993713 0.664422
vt 0.990490 0.661168
vt 0.104060 0.519928
vt 0.104046 0.514038
vt 0.109251 0.516744
vt 0.736137 0.666341
vt 0.742869 0.667613
vt 0.894498 0.910577
vt 0.893170 0.918548
vt 0.085929 0.915560
vt 0.561335 0.723694
vt 0.202722 0.454150
vt 0.189301 0.455474
vt 0.414169 0.879621
vt 0.049356 0.363100
vt 0.044412 0.382426
vt 0.038580 0.381951
vt 0.044873 0.363094
vt 0.047985 0.344492
vt 0.431300 0.837900
vt 0.431300 0.818174
vt 0.436138 0.818566
vt 0.417462 0.857369
vt 0.051563 0.347167
vt 0.050671 0.340871
vt 0.414984 0.852527
vt 0.420691 0.851015
vt 0.422074 0.858590
vt 0.930418 0.859231
vt 0.926221 0.857679
vt 0.926460 0.850682
vt 0.633115 0.453156
vt 0.143628 0.251606
vt 0.143628 0.281116
vt 0.140830 0.272690
vt 0.140830 0.229127
vt 0.143628 0.220691
vt 0.905025 0.293242
vt 0.902227 0.293143
vt 0.908800 0.251301
vt 0.855027 0.973026
vt 0.920214 0.830837
vt 0.927381 0.825495
vt 0.914736 0.829233
vt 0.341606 0.433989
vt 0.336507 0.430398
vt 0.340897 0.427265
vt 0.863855 0.966353
vt 0.585301 0.727074
vt 0.330240 0.696572
vt 0.329699 0.690373
vt 0.333432 0.695590
vt 0.329232 0.702547
vt 0.725641 0.946979
vt 0.906853 0.813534
vt 0.915504 0.806844
vt 0.915384 0.811042
vt 0.906648 0.820530
vt 0.970631 0.027930
vt 0.970002 0.019586
vt 0.978313 0.018948
vt 0.476662 0.685360
vt 0.476662 0.673195
vt 0.479107 0.678061
vt 0.060364 0.007130
vt 0.064454 0.000183
vt 0.064454 0.010742
vt 0.959781 0.821238
vt 0.960363 0.835237
vt 0.971266 0.936504
vt 0.894498 0.949104
vt 0.889231 0.949121
vt 0.893170 0.941133
vt 0.910428 0.945113
vt 0.907806 0.951769
vt 0.769603 0.094532
vt 0.718860 0.962825
vt 0.923865 0.808551
vt 0.919480 0.813994
vt 0.913097 0.951760
vt 0.928157 0.348808
vt 0.929537 0.342035
vt 0.934961 0.350168
vt 0.763010 0.075936
vt 0.844009 0.491899
vt 0.836893 0.502740
vt 0.836893 0.487253
vt 0.979729 0.134608
vt 0.981184 0.145457
vt 0.976097 0.143425
vt 0.974674 0.132586
vt 0.983996 0.127520
vt 0.342347 0.692554
vt 0.350199 0.689944
vt 0.343665 0.700399
vt 0.844346 0.501170
vt 0.332230 0.767173
vt 0.335160 0.764650
vt 0.928790 0.939915
vt 0.923262 0.941027
vt 0.923420 0.936928
vt 0.927694 0.934386
vt 0.921124 0.750057
vt 0.929140 0.747401
vt 0.929788 0.751474
vt 0.682066 0.940298
vt 0.679689 0.937261
vt 0.067185 0.612504
vt 0.140955 0.879026
vt 0.148007 0.873798
vt 0.158860 0.880870
vt 0.081428 0.603835
vt 0.088560 0.606866
vt 0.610496 0.566181
vt 0.605154 0.589082
vt 0.605154 0.564493
vt 0.972936 0.782240
vt 0.968705 0.778007
vt 0.973789 0.776287
vt 0.528158 0.797540
vt 0.522505 0.797873
vt 0.520707 0.784937
vt 0.525760 0.780293
vt 0.292575 0.772486
vt 0.287143 0.788784
vt 0.283084 0.783350
vt 0.287159 0.771127
vt 0.292575 0.817306
vt 0.289875 0.821380
vt 0.284443 0.810515
vt 0.287143 0.803724
vt 0.536453 0.752876
vt 0.528525 0.765405
vt 0.527088 0.758119
vt 0.534513 0.748298
vt 0.545244 0.743291
vt 0.406197 0.844242
vt 0.404849 0.836144
vt 0.410356 0.837548
vt 0.410330 0.848397
vt 0.337309 0.537116
vt 0.332472 0.537116
vt 0.334511 0.526407
vt 0.135601 0.873559
vt 0.141143 0.872252
vt 0.863682 0.185017
vt 0.863682 0.198538
vt 0.858193 0.211255
vt 0.413729 0.670726
vt 0.416265 0.669131
vt 0.913070 0.247631
vt 0.914435 0.257217
vt 0.674033 0.395453
vt 0.679484 0.395142
vt 0.682969 0.408607
vt 0.682055 0.416854
vt 0.964024 0.891490
vt 0.973254 0.876842
vt 0.707364 0.968992
vt 0.712501 0.950296
vt 0.717537 0.953023
vt 0.715466 0.971105
vt 0.668172 0.895167
vt 0.662971 0.913097
vt 0.662971 0.888735
vt 0.997077 0.424513
vt 0.998060 0.430952
vt 0.990490 0.430952
vt 0.710664 0.941068
vt 0.994528 0.274287
vt 0.994528 0.268909
vt 0.998557 0.271610
vt 0.703922 0.971048
vt 0.700238 0.968658
vt 0.708453 0.949192
vt 0.708331 0.970896
vt 0.990490 0.270265
vt 0.993179 0.266232
vt 0.957272 0.272855
vt 0.953119 0.272502
vt 0.960363 0.250791
vt 0.579318 0.488712
vt 0.573567 0.468061
vt 0.577466 0.467256
vt 0.584553 0.487605
vt 0.998557 0.266233
vt 0.576698 0.786331
vt 0.572607 0.764202
vt 0.576724 0.764187
vt 0.582233 0.786337
vt 0.649024 0.075854
vt 0.653133 0.075715
vt 0.097704 0.807643
vt 0.100978 0.811282
vt 0.942938 0.052891
vt 0.998591 0.308362
vt 0.990490 0.306603
vt 0.998591 0.303850
vt 0.489751 0.341822
vt 0.489911 0.328069
vt 0.423247 0.607993
vt 0.994591 0.259059
vt 0.990490 0.257666
vt 0.993252 0.253611
vt 0.998703 0.253611
vt 0.998681 0.257690
vt 0.290164 0.612769
vt 0.271655 0.612240
vt 0.512336 0.842197
vt 0.512336 0.824507
vt 0.517770 0.825885
vt 0.517780 0.840837
vt 0.109572 0.509472
vt 0.104046 0.508132
vt 0.996328 0.750696
vt 0.990490 0.752579
vt 0.990490 0.747688
vt 0.223334 0.590714
vt 0.228157 0.594100
vt 0.223334 0.599147
vt 0.108485 0.960087
vt 0.229744 0.603718
vt 0.237981 0.602377
vt 0.299410 0.702547
vt 0.300711 0.694726
vt 0.305929 0.702544
vt 0.106475 0.954591
vt 0.113476 0.953812
vt 0.990490 0.110414
vt 0.999413 0.110414
vt 0.995047 0.114880
vt 0.310135 0.702495
vt 0.588679 0.773554
vt 0.584825 0.786337
vt 0.584825 0.770899
vt 0.094353 0.935020
vt 0.335817 0.423775
vt 0.341606 0.421148
vt 0.859441 0.962793
vt 0.864650 0.960565
vt 0.867979 0.964954
vt 0.899363 0.295876
vt 0.903203 0.251171
vt 0.090184 0.841586
vt 0.912296 0.819335
vt 0.910590 0.827680
vt 0.973314 0.013200
vt 0.979699 0.013201
vt 0.821788 0.931767
vt 0.829418 0.928846
vt 0.826583 0.936831
vt 0.818948 0.939784
vt 0.814148 0.934754
vt 0.764835 0.081406
vt 0.723573 0.075381
vt 0.917944 0.816742
vt 0.914975 0.822236
vt 0.997769 0.535263
vt 0.990490 0.533953
vt 0.997769 0.531997
vt 0.993427 0.760737
vt 0.990490 0.757824
vt 0.996379 0.757824
vt 0.143947 0.675348
vt 0.876573 0.833588
vt 0.348892 0.700399
vt 0.387508 0.368663
vt 0.379445 0.369564
vt 0.379737 0.364230
vt 0.387885 0.362000
vt 0.393169 0.363635
vt 0.392815 0.370308
vt 0.385917 0.373940
vt 0.931840 0.903089
vt 0.971105 0.241520
vt 0.969389 0.258049
vt 0.967167 0.244481
vt 0.997612 0.561266
vt 0.997612 0.565305
vt 0.990490 0.562198
vt 0.998245 0.408669
vt 0.994317 0.412531
vt 0.990490 0.408669
vt 0.926108 0.791328
vt 0.966062 0.270706
vt 0.964174 0.262531
vt 0.971105 0.263487
vt 0.931953 0.931844
vt 0.997624 0.546824
vt 0.990490 0.543292
vt 0.997624 0.542349
vt 0.399676 0.423305
vt 0.402858 0.416537
vt 0.380090 0.357556
vt 0.374801 0.357285
vt 0.000790 0.376701
vt 0.006146 0.371127
vt 0.006284 0.376540
vt 0.005054 0.383399
vt 0.387011 0.353935
vt 0.979520 0.389592
vt 0.679842 0.085939
vt 0.674861 0.082201
vt 0.681063 0.079108
vt 0.021552 0.412505
vt 0.017668 0.409916
vt 0.022390 0.406384
vt 0.027930 0.404021
vt 0.027930 0.411306
vt 0.674861 0.075973
vt 0.680539 0.074672
vt 0.426406 0.672469
vt 0.422319 0.667020
vt 0.427769 0.665627
vt 0.431841 0.667017
vt 0.354562 0.966180
vt 0.349407 0.963079
vt 0.639435 0.962511
vt 0.644942 0.956853
vt 0.645947 0.960742
vt 0.380863 0.807183
vt 0.374980 0.799285
vt 0.379051 0.799892
vt 0.358793 0.971065
vt 0.954717 0.251750
vt 0.953971 0.243385
vt 0.959831 0.239625
vt 0.575317 0.754477
vt 0.582233 0.757253
vt 0.580909 0.765595
vt 0.575788 0.977117
vt 0.849660 0.834616
vt 0.445932 0.807690
vt 0.969133 0.825366
vt 0.963674 0.819884
vt 0.914270 0.582670
vt 0.912686 0.576337
vt 0.919542 0.576337
vt 0.913401 0.592976
vt 0.131655 0.839235
vt 0.134286 0.826049
vt 0.769596 0.717474
vt 0.777520 0.743692
vt 0.780394 0.775476
vt 0.998383 0.358980
vt 0.995595 0.365747
vt 0.990490 0.358980
vt 0.523601 0.859385
vt 0.529398 0.853207
vt 0.983996 0.029614
vt 0.982646 0.037643
vt 0.974656 0.029582
vt 0.930987 0.946152
vt 0.938878 0.940510
vt 0.966190 0.924839
vt 0.961298 0.914235
vt 0.966150 0.909378
vt 0.971990 0.924849
vt 0.970996 0.916157
vt 0.608896 0.667554
vt 0.603308 0.672469
vt 0.602052 0.665659
vt 0.605805 0.661288
vt 0.610163 0.658818
vt 0.434302 0.670269
vt 0.439389 0.657776
vt 0.442583 0.667465
vt 0.442583 0.676766
vt 0.738815 0.737288
vt 0.952814 0.909909
vt 0.959443 0.901721
vt 0.966808 0.900929
vt 0.475570 0.967462
vt 0.502522 0.386262
vt 0.502740 0.395317
vt 0.498276 0.394712
vt 0.498276 0.384181
vt 0.410663 0.582326
vt 0.414653 0.580976
vt 0.410663 0.591658
vt 0.090235 0.509002
vt 0.090235 0.518151
vt 0.082405 0.522076
vt 0.082405 0.505086
vt 0.994536 0.405785
vt 0.998299 0.408621
vt 0.990490 0.408621
vt 0.979097 0.008074
vt 0.973875 0.005473
vt 0.979045 0.001639
vt 0.334913 0.575788
vt 0.334913 0.569261
vt 0.339457 0.573178
vt 0.990490 0.808629
vt 0.990490 0.804161
vt 0.996038 0.807573
vt 0.787125 0.606742
vt 0.787783 0.612312
vt 0.783310 0.608189
vt 0.781204 0.598740
vt 0.785020 0.597280
vt 0.770102 0.458364
vt 0.761870 0.467951
vt 0.767330 0.455627
vt 0.790634 0.608295
vt 0.991682 0.868453
vt 0.995566 0.864166
vt 0.995539 0.869209
vt 0.764624 0.452887
vt 0.757762 0.466581
vt 0.474810 0.056519
vt 0.474810 0.070899
vt 0.470657 0.069036
vt 0.470368 0.057538
vt 0.990490 0.864166
vt 0.569860 0.432047
vt 0.558237 0.439553
vt 0.557081 0.436721
vt 0.566007 0.427624
vt 0.571491 0.427981
vt 0.537183 0.443658
vt 0.536072 0.439413
vt 0.555859 0.433845
vt 0.996064 0.808678
vt 0.993457 0.812571
vt 0.990490 0.808678
vt 0.332377 0.692383
vt 0.338877 0.690373
vt 0.052536 0.605176
vt 0.059628 0.606600
vt 0.059914 0.612506
vt 0.051682 0.609430
vt 0.044016 0.603535
vt 0.154689 0.545047
vt 0.150221 0.545710
vt 0.150437 0.536659
vt 0.154689 0.534533
vt 0.625203 0.582233
vt 0.619644 0.573324
vt 0.625203 0.563018
vt 0.902457 0.923858
vt 0.824635 0.947851
vt 0.816998 0.950822
vt 0.313059 0.903684
vt 0.320260 0.913290
vt 0.304344 0.904496
vt 0.848614 0.453980
vt 0.976902 0.152541
vt 0.974389 0.151535
vt 0.666023 0.253475
vt 0.657741 0.259964
vt 0.657741 0.250664
vt 0.660941 0.240980
vt 0.525210 0.946617
vt 0.530670 0.947473
vt 0.526852 0.953806
vt 0.520089 0.952743
vt 0.519314 0.940144
vt 0.526323 0.939858
vt 0.374437 0.363953
vt 0.372823 0.369220
vt 0.354214 0.366860
vt 0.355997 0.358936
vt 0.372095 0.358488
vt 0.997233 0.623810
vt 0.990490 0.625998
vt 0.990490 0.621498
vt 0.392211 0.356899
vt 0.006510 0.388872
vt 0.011950 0.385978
vt 0.925167 0.984561
vt 0.925139 0.977901
vt 0.932162 0.979700
vt 0.929747 0.989636
vt 0.384563 0.800697
vt 0.381033 0.795958
vt 0.393386 0.976983
vt 0.397466 0.975604
vt 0.396121 0.980550
vt 0.414653 0.866755
vt 0.412016 0.876573
vt 0.412016 0.859159
vt 0.998372 0.382290
vt 0.998372 0.387298
vt 0.990490 0.386270
vt 0.960434 0.009671
vt 0.961210 0.004042
vt 0.859666 0.171897
vt 0.361284 0.815583
vt 0.363932 0.802345
vt 0.798929 0.569808
vt 0.947284 0.055914
vt 0.947874 0.080376
vt 0.996994 0.646795
vt 0.993073 0.651968
vt 0.990490 0.646795
vt 0.990490 0.509751
vt 0.997752 0.510223
vt 0.990490 0.515024
vt 0.479801 0.330080
vt 0.728329 0.013864
vt 0.631648 0.950979
vt 0.631648 0.974700
vt 0.626071 0.951240
vt 0.487015 0.119374
vt 0.934315 0.947814
vt 0.595373 0.105612
vt 0.599421 0.085120
vt 0.599421 0.111720
vt 0.998973 0.204524
vt 0.990490 0.204524
vt 0.995523 0.199006
vt 0.323504 0.844922
vt 0.945324 0.233911
vt 0.942424 0.247073
vt 0.942424 0.229515
vt 0.339453 0.847177
vt 0.576079 0.537934
vt 0.606524 0.845318
vt 0.633459 0.847251
vt 0.606331 0.854706
vt 0.599634 0.851905
vt 0.789149 0.623189
vt 0.798311 0.620578
vt 0.186286 0.514740
vt 0.631779 0.475520
vt 0.631779 0.432166
vt 0.634637 0.454531
vt 0.637433 0.481102
vt 0.637371 0.500693
vt 0.140781 0.203815
vt 0.145021 0.201013
vt 0.905969 0.252618
vt 0.997073 0.491786
vt 0.997974 0.494967
vt 0.990490 0.494967
vt 0.997448 0.604159
vt 0.990490 0.604159
vt 0.991922 0.601381
vt 0.996113 0.584116
vt 0.990490 0.585522
vt 0.990521 0.581297
vt 0.997550 0.581297
vt 0.414653 0.592976
vt 0.142571 0.441714
vt 0.649862 0.393028
vt 0.645730 0.400008
vt 0.637371 0.406994
vt 0.145021 0.300785
vt 0.140781 0.297965
vt 0.637433 0.426561
vt 0.002843 0.029873
vt 0.007520 0.000944
vt 0.007465 0.026826
vt 0.002843 0.060320
vt 0.637433 0.454531
vt 0.762712 0.215020
vt 0.765539 0.183688
vt 0.773346 0.157842
vt 0.798396 0.699049
vt 0.802303 0.683351
vt 0.735541 0.536633
vt 0.736339 0.520473
vt 0.742788 0.526202
vt 0.152541 0.794406
vt 0.147043 0.805673
vt 0.147043 0.790946
vt 0.757995 0.231788
vt 0.752615 0.234182
vt 0.760402 0.208368
vt 0.057396 0.858381
vt 0.058008 0.885275
vt 0.050733 0.861177
vt 0.050510 0.851790
vt 0.578916 0.414930
vt 0.397466 0.984589
vt 0.423673 0.662935
vt 0.533857 0.974945
vt 0.235730 0.441772
vt 0.213410 0.440469
vt 0.237026 0.439157
vt 0.079493 0.511485
vt 0.079493 0.522076
vt 0.073409 0.521419
vt 0.191213 0.873987
vt 0.184331 0.873930
vt 0.906651 0.126257
vt 0.899786 0.129003
vt 0.901156 0.120699
vt 0.906648 0.113818
vt 0.192568 0.926171
vt 0.198065 0.917830
vt 0.042144 0.604888
vt 0.047266 0.610926
vt 0.042144 0.618757
vt 0.934196 0.058044
vt 0.942891 0.045135
vt 0.649862 0.514697
vt 0.645730 0.507693
vt 0.998111 0.440846
vt 0.990490 0.440846
vt 0.997871 0.436390
vt 0.466968 0.449029
vt 0.462810 0.448664
vt 0.468365 0.442423
vt 0.656884 0.516091
vt 0.653933 0.524511
vt 0.251402 0.576033
vt 0.269377 0.592225
vt 0.371848 0.372394
vt 0.375981 0.393644
vt 0.371848 0.395317
vt 0.782742 0.768710
vt 0.790634 0.794931
vt 0.785213 0.792533
vt 0.296881 0.801402
vt 0.239127 0.960890
vt 0.236289 0.952078
vt 0.242179 0.955076
vt 0.242776 0.964039
vt 0.236289 0.968957
vt 0.279916 0.783396
vt 0.281218 0.823720
vt 0.248697 0.823720
vt 0.216175 0.783396
vt 0.282523 0.825010
vt 0.279958 0.674617
vt 0.279958 0.625903
vt 0.281449 0.627472
vt 0.791909 0.467291
vt 0.794522 0.438529
vt 0.807596 0.467290
vt 0.829144 0.551232
vt 0.844917 0.551231
vt 0.830449 0.553845
vt 0.829135 0.585390
vt 0.051015 0.000245
vt 0.053712 0.035909
vt 0.050976 0.036015
vt 0.921690 0.481781
vt 0.921690 0.522076
vt 0.920214 0.483405
vt 0.834293 0.949558
vt 0.840698 0.953586
vt 0.778265 0.579436
vt 0.757762 0.487122
vt 0.755007 0.485753
vt 0.474252 0.285018
vt 0.818564 0.124611
vt 0.810296 0.119240
vt 0.813791 0.116429
vt 0.334038 0.432616
vt 0.333004 0.422681
vt 0.910453 0.831878
vt 0.214875 0.823720
vt 0.277152 0.681063
vt 0.275666 0.633802
vt 0.277152 0.632211
vt 0.213579 0.825010
vt 0.214878 0.776880
vt 0.000669 0.873440
vt 0.002148 0.875025
vt 0.000669 0.915245
vt 0.053712 0.073048
vt 0.829144 0.620893
vt 0.830449 0.618248
vt 0.844917 0.620891
vt 0.472635 0.644539
vt 0.456952 0.644532
vt 0.470031 0.615786
vt 0.472662 0.596168
vt 0.354361 0.371321
vt 0.354496 0.383784
vt 0.349773 0.388872
vt 0.348778 0.383430
vt 0.350474 0.377502
vt 0.354496 0.376778
vt 0.807453 0.110671
vt 0.339865 0.417350
vt 0.854509 0.963087
vt 0.854182 0.958138
vt 0.860249 0.957000
vt 0.524485 0.960363
vt 0.517737 0.959301
vt 0.514514 0.953250
vt 0.938878 0.986413
vt 0.935925 0.992590
vt 0.938568 0.977901
vt 0.038672 0.369536
vt 0.031393 0.366664
vt 0.038450 0.363082
vt 0.110598 0.849294
vt 0.743268 0.107669
vt 0.732669 0.102427
vt 0.747234 0.107664
vt 0.749899 0.118219
vt 0.919542 0.514726
vt 0.918169 0.525607
vt 0.914059 0.514710
vt 0.116173 0.848443
vt 0.919926 0.894319
vt 0.915940 0.892762
vt 0.842221 0.391460
vt 0.845637 0.398973
vt 0.010181 0.368330
vt 0.014519 0.377726
vt 0.653933 0.383262
vt 0.656884 0.391624
vt 0.019490 0.522076
vt 0.018071 0.515485
vt 0.023633 0.521719
vt 0.998000 0.448174
vt 0.997766 0.452583
vt 0.990490 0.448174
vt 0.719735 0.945055
vt 0.709807 0.933557
vt 0.586530 0.076525
vt 0.586530 0.090235
vt 0.581469 0.082497
vt 0.948352 0.756603
vt 0.953774 0.764956
vt 0.391858 0.441772
vt 0.390531 0.439157
vt 0.414147 0.440469
vt 0.592143 0.430415
vt 0.587771 0.429555
vt 0.592330 0.420490
vt 0.210817 0.439139
vt 0.214736 0.429964
vt 0.595124 0.431499
vt 0.996743 0.725114
vt 0.994184 0.727332
vt 0.990490 0.725114
vt 0.797605 0.597632
vt 0.796309 0.571127
vt 0.796368 0.545941
vt 0.854912 0.798946
vt 0.858891 0.808194
vt 0.858907 0.817441
vt 0.852302 0.847827
vt 0.857586 0.833295
vt 0.858891 0.842543
vt 0.853592 0.853114
vt 0.883312 0.133205
vt 0.881936 0.126257
vt 0.886053 0.120699
vt 0.121547 0.789032
vt 0.120128 0.796203
vt 0.209974 0.768309
vt 0.213023 0.775068
vt 0.208030 0.786302
vt 0.070272 0.520771
vt 0.075624 0.511548
vt 0.070237 0.526077
vt 0.049092 0.523275
vt 0.007520 0.118165
vt 0.002843 0.089245
vt 0.007465 0.092287
vt 0.672749 0.136322
vt 0.676766 0.159087
vt 0.670131 0.137650
vt 0.665880 0.504889
vt 0.663502 0.501822
vt 0.665738 0.495236
vt 0.670320 0.491692
vt 0.670320 0.502723
vt 0.991567 0.435832
vt 0.994913 0.906780
vt 0.992715 0.908979
vt 0.990490 0.906780
vt 0.515276 0.758406
vt 0.517194 0.753935
vt 0.519293 0.757649
vt 0.518420 0.760556
vt 0.550743 0.668748
vt 0.550711 0.666084
vt 0.593565 0.680501
vt 0.769531 0.553018
vt 0.778913 0.542205
vt 0.781576 0.544868
vt 0.776206 0.554303
vt 0.594887 0.784057
vt 0.602030 0.779196
vt 0.647479 0.788131
vt 0.801074 0.421532
vt 0.807594 0.399308
vt 0.808902 0.420225
vt 0.808902 0.438528
vt 0.094345 0.278291
vt 0.085680 0.030146
vt 0.088490 0.002047
vt 0.089905 0.028717
vt 0.089905 0.056816
vt 0.085680 0.072294
vt 0.094345 0.237302
vt 0.091310 0.084915
vt 0.085680 0.107418
vt 0.318270 0.494131
vt 0.285116 0.494131
vt 0.319595 0.483490
vt 0.384575 0.483475
vt 0.397466 0.355217
vt 0.397466 0.429693
vt 0.393729 0.406495
vt 0.606886 0.732207
vt 0.602886 0.757397
vt 0.600210 0.732208
vt 0.602864 0.722928
vt 0.813230 0.923214
vt 0.817339 0.913571
vt 0.818710 0.919069
vt 0.815972 0.925987
vt 0.875435 0.314120
vt 0.878177 0.316809
vt 0.533727 0.842880
vt 0.526956 0.834044
vt 0.532233 0.831766
vt 0.539264 0.838652
vt 0.538237 0.846448
vt 0.145223 0.438102
vt 0.075617 0.432740
vt 0.145224 0.432748
vt 0.356641 0.161748
vt 0.346039 0.205178
vt 0.346164 0.163057
vt 0.346156 0.127713
vt 0.356645 0.093648
vt 0.075616 0.438095
vt 0.346158 0.093662
vt 0.355338 0.026856
vt 0.089905 0.115824
vt 0.085680 0.143947
vt 0.250637 0.494131
vt 0.250635 0.483490
vt 0.844908 0.553844
vt 0.520936 0.842161
vt 0.505196 0.855944
vt 0.354020 0.007228
vt 0.346161 0.029491
vt 0.346162 0.007227
vt 0.353993 0.000729
vt 0.523926 0.834622
vt 0.237081 0.596863
vt 0.244632 0.599852
vt 0.299410 0.688239
vt 0.304625 0.688236
vt 0.307230 0.696027
vt 0.259964 0.598341
vt 0.256899 0.623054
vt 0.256899 0.597993
vt 0.346087 0.393169
vt 0.343443 0.393033
vt 0.343253 0.371612
vt 0.348526 0.373242
vt 0.507037 0.604457
vt 0.505478 0.627351
vt 0.505478 0.578523
vt 0.516752 0.813831
vt 0.514567 0.815513
vt 0.937744 0.552554
vt 0.937716 0.532651
vt 0.945658 0.533975
vt 0.945687 0.552553
vt 0.945658 0.569715
vt 0.937716 0.571040
vt 0.340463 0.374143
vt 0.247305 0.571639
vt 0.253115 0.568954
vt 0.043047 0.345811
vt 0.038580 0.336859
vt 0.042168 0.339572
vt 0.729473 0.745268
vt 0.721441 0.754638
vt 0.721441 0.694400
vt 0.958214 0.188313
vt 0.958214 0.229864
vt 0.944696 0.188335
vt 0.722760 0.757349
vt 0.990490 0.466327
vt 0.998009 0.465470
vt 0.998009 0.470112
vt 0.349508 0.429292
vt 0.349976 0.435126
vt 0.345302 0.431137
vt 0.344669 0.423881
vt 0.348827 0.422071
vt 0.353747 0.427423
vt 0.354496 0.436138
vt 0.600810 0.658818
vt 0.236331 0.741220
vt 0.230257 0.741220
vt 0.232686 0.736361
vt 0.992728 0.782632
vt 0.996129 0.787845
vt 0.990490 0.787845
vt 0.972934 0.195805
vt 0.980136 0.194310
vt 0.975314 0.199807
vt 0.227818 0.736998
vt 0.229057 0.731444
vt 0.235131 0.731444
vt 0.974836 0.193639
vt 0.976508 0.187251
vt 0.100366 0.611893
vt 0.094613 0.609076
vt 0.097138 0.605275
vt 0.233476 0.574822
vt 0.241487 0.580540
vt 0.236004 0.581409
vt 0.105275 0.613488
vt 0.937702 0.310736
vt 0.413389 0.848670
vt 0.434516 0.886019
vt 0.437091 0.878405
vt 0.440435 0.880534
vt 0.831209 0.934802
vt 0.979699 0.857125
vt 0.307230 0.567653
vt 0.307050 0.573348
vt 0.300139 0.568873
vt 0.298803 0.564561
vt 0.101133 0.782648
vt 0.103897 0.790831
vt 0.972115 0.019000
vt 0.970755 0.008704
vt 0.443246 0.990441
vt 0.447406 0.985830
vt 0.452377 0.988615
vt 0.775589 0.966601
vt 0.768870 0.971454
vt 0.771280 0.962885
vt 0.848166 0.966158
vt 0.614703 0.083800
vt 0.615349 0.076725
vt 0.618505 0.082658
vt 0.618757 0.088087
vt 0.844633 0.970577
vt 0.843474 0.964530
vt 0.378246 0.496434
vt 0.375433 0.499266
vt 0.375433 0.486673
vt 0.379636 0.488050
vt 0.382426 0.495052
vt 0.381004 0.502091
vt 0.376815 0.504889
vt 0.818564 0.096095
vt 0.815513 0.100810
vt 0.813165 0.099250
vt 0.810366 0.095802
vt 0.990490 0.712209
vt 0.996190 0.707798
vt 0.996784 0.712209
vt 0.763010 0.016169
vt 0.755042 0.066639
vt 0.755042 0.006872
vt 0.763010 0.006872
vt 0.969335 0.127520
vt 0.992097 0.049002
vt 0.999724 0.052094
vt 0.990490 0.052094
vt 0.831455 0.530086
vt 0.828706 0.532819
vt 0.828706 0.484920
vt 0.831455 0.487661
vt 0.944696 0.229886
vt 0.343775 0.362281
vt 0.313091 0.360599
vt 0.314644 0.356671
vt 0.334755 0.356446
vt 0.345423 0.357030
vt 0.350455 0.362651
vt 0.314071 0.367346
vt 0.215342 0.479966
vt 0.188935 0.478595
vt 0.215338 0.470726
vt 0.282667 0.470679
vt 0.282672 0.481256
vt 0.246047 0.363622
vt 0.246338 0.358288
vt 0.176700 0.359831
vt 0.176991 0.354497
vt 0.003471 0.240064
vt 0.002053 0.169016
vt 0.014394 0.238446
vt 0.004281 0.279653
vt 0.425041 0.724283
vt 0.425396 0.761984
vt 0.425041 0.790634
vt 0.316991 0.470663
vt 0.306428 0.466708
vt 0.351314 0.466687
vt 0.352637 0.470663
vt 0.351322 0.481224
vt 0.142245 0.353935
vt 0.385649 0.481256
vt 0.373759 0.470637
vt 0.940116 0.801573
vt 0.379038 0.466675
vt 0.893760 0.169729
vt 0.889803 0.164456
vt 0.893760 0.137062
vt 0.530670 0.921132
vt 0.523858 0.920064
vt 0.997616 0.527361
vt 0.990490 0.531948
vt 0.990490 0.525323
vt 0.741918 0.099773
vt 0.053712 0.794315
vt 0.046743 0.789283
vt 0.298636 0.894640
vt 0.292079 0.895909
vt 0.286863 0.886591
vt 0.289493 0.883961
vt 0.760502 0.110210
vt 0.015212 0.279436
vt 0.015039 0.028544
vt 0.015039 0.071286
vt 0.010774 0.055589
vt 0.010774 0.027095
vt 0.012190 0.000050
vt 0.015776 0.306727
vt 0.004900 0.309677
vt 0.747298 0.161855
vt 0.751303 0.186947
vt 0.887104 0.904094
vt 0.907753 0.753285
vt 0.913097 0.750232
vt 0.001309 0.796955
vt 0.463493 0.598810
vt 0.455655 0.615780
vt 0.455662 0.597484
vt 0.456976 0.576574
vt 0.463520 0.576561
vt 0.731183 0.448892
vt 0.749813 0.448951
vt 0.731183 0.470513
vt 0.015950 0.314908
vt 0.018628 0.312121
vt 0.999141 0.122562
vt 0.997738 0.124965
vt 0.990490 0.120640
vt 0.547858 0.443932
vt 0.547858 0.451969
vt 0.541149 0.446629
vt 0.017471 0.321678
vt 0.009418 0.330073
vt 0.963742 0.255654
vt 0.963062 0.244755
vt 0.676058 0.968589
vt 0.675305 0.975402
vt 0.663875 0.949182
vt 0.662952 0.956393
vt 0.657664 0.952133
vt 0.654146 0.922366
vt 0.675305 0.939515
vt 0.931785 0.755391
vt 0.998949 0.245790
vt 0.991934 0.245790
vt 0.996127 0.241564
vt 0.964001 0.237809
vt 0.968104 0.237519
vt 0.936551 0.795311
vt 0.934532 0.791450
vt 0.939808 0.789216
vt 0.943175 0.792922
vt 0.938548 0.799228
vt 0.025227 0.400549
vt 0.020847 0.402033
vt 0.429119 0.661554
vt 0.425037 0.658827
vt 0.431841 0.658816
vt 0.383078 0.792021
vt 0.160433 0.874160
vt 0.930284 0.242193
vt 0.917989 0.244925
vt 0.917987 0.238029
vt 0.930281 0.229817
vt 0.650269 0.847434
vt 0.811321 0.339664
vt 0.812290 0.315737
vt 0.814021 0.340816
vt 0.814490 0.367312
vt 0.150936 0.523951
vt 0.177380 0.525465
vt 0.152233 0.527943
vt 0.129756 0.526471
vt 0.129791 0.521165
vt 0.355988 0.801021
vt 0.354665 0.785135
vt 0.354674 0.775851
vt 0.410195 0.431294
vt 0.412834 0.429973
vt 0.416802 0.439139
vt 0.509713 0.586455
vt 0.512667 0.585383
vt 0.996762 0.721377
vt 0.990490 0.721377
vt 0.994199 0.719165
vt 0.511158 0.575235
vt 0.517073 0.584527
vt 0.987701 0.083035
vt 0.981853 0.085939
vt 0.984221 0.078836
vt 0.988293 0.075340
vt 0.624680 0.975061
vt 0.199807 0.526274
vt 0.263297 0.439139
vt 0.238353 0.435212
vt 0.049039 0.531211
vt 0.023901 0.532415
vt 0.047743 0.527250
vt 0.071524 0.531360
vt 0.447724 0.864585
vt 0.886056 0.072728
vt 0.901158 0.076797
vt 0.886053 0.080883
vt 0.479027 0.010742
vt 0.474413 0.001308
vt 0.479107 0.001308
vt 0.467055 0.864526
vt 0.980549 0.184879
vt 0.983996 0.189910
vt 0.981511 0.199465
vt 0.342227 0.117235
vt 0.342232 0.036038
vt 0.537509 0.829488
vt 0.505196 0.796408
vt 0.507975 0.790804
vt 0.003165 0.899996
vt 0.006610 0.853821
vt 0.013707 0.899881
vt 0.003165 0.907922
vt 0.449709 0.972064
vt 0.454721 0.974879
vt 0.451900 0.979856
vt 0.448227 0.977406
vt 0.443246 0.974613
vt 0.443720 0.040821
vt 0.443949 0.036136
vt 0.449029 0.037633
vt 0.386812 0.519991
vt 0.389471 0.511237
vt 0.392161 0.517863
vt 0.390816 0.526096
vt 0.386253 0.526373
vt 0.395317 0.525846
vt 0.716874 0.053347
vt 0.721175 0.052368
vt 0.338148 0.565987
vt 0.046206 0.336439
vt 0.755501 0.538617
vt 0.759317 0.537144
vt 0.767212 0.561792
vt 0.763396 0.563240
vt 0.489396 0.433448
vt 0.515431 0.438022
vt 0.489239 0.436229
vt 0.483990 0.431700
vt 0.485605 0.427624
vt 0.314481 0.439129
vt 0.100631 0.530230
vt 0.100675 0.523617
vt 0.128398 0.531737
vt 0.810939 0.107874
vt 0.335654 0.415749
vt 0.937702 0.342035
vt 0.943175 0.310783
vt 0.943175 0.342082
vt 0.124562 0.511872
vt 0.128590 0.502609
vt 0.858061 0.619576
vt 0.858071 0.620906
vt 0.443883 0.643219
vt 0.009636 0.341004
vt 0.019228 0.342180
vt 0.019419 0.351744
vt 0.007112 0.352006
vt 0.037991 0.755936
vt 0.047135 0.755787
vt 0.046073 0.771480
vt 0.005568 0.770838
vt 0.009253 0.756404
vt 0.020019 0.381803
vt 0.017068 0.370927
vt 0.917955 0.936674
vt 0.919543 0.931272
vt 0.975617 0.956269
vt 0.977550 0.961968
vt 0.973340 0.962746
vt 0.969695 0.959522
vt 0.399676 0.411213
vt 0.405306 0.412625
vt 0.066950 0.608152
vt 0.072784 0.604350
vt 0.364322 0.439139
vt 0.150883 0.531886
vt 0.176006 0.533423
vt 0.389234 0.435212
vt 0.639677 0.952671
vt 0.647839 0.951886
vt 0.361785 0.688749
vt 0.769150 0.528955
vt 0.759637 0.530670
vt 0.758323 0.517257
vt 0.769150 0.515584
vt 0.689506 0.479551
vt 0.689506 0.466390
vt 0.702547 0.478273
vt 0.698880 0.481256
vt 0.406049 0.615491
vt 0.406911 0.595393
vt 0.412305 0.596250
vt 0.217330 0.431294
vt 0.002723 0.534967
vt 0.000096 0.532320
vt 0.005387 0.532371
vt 0.219984 0.428651
vt 0.476042 0.238007
vt 0.476042 0.244786
vt 0.731896 0.766953
vt 0.731894 0.773648
vt 0.717168 0.766949
vt 0.731885 0.764271
vt 0.474686 0.235295
vt 0.156562 0.647287
vt 0.144371 0.641013
vt 0.164635 0.651032
vt 0.165243 0.672250
vt 0.640242 0.846020
vt 0.638345 0.871527
vt 0.638808 0.850021
vt 0.157989 0.651228
vt 0.634587 0.858005
vt 0.570504 0.543561
vt 0.906651 0.076831
vt 0.906649 0.086375
vt 0.901155 0.086342
vt 0.820668 0.438528
vt 0.820669 0.465982
vt 0.013678 0.913097
vt 0.015039 0.906468
vt 0.045966 0.683939
vt 0.040836 0.690551
vt 0.008169 0.689781
vt 0.008030 0.681939
vt 0.045891 0.680016
vt 0.057723 0.683747
vt 0.973234 0.049662
vt 0.973274 0.037612
vt 0.982611 0.048355
vt 0.983996 0.053712
vt 0.013213 0.855067
vt 0.038341 0.697130
vt 0.039064 0.741545
vt 0.019469 0.741864
vt 0.850791 0.246434
vt 0.850791 0.305082
vt 0.848189 0.242513
vt 0.850791 0.234704
vt 0.721441 0.682353
vt 0.342224 0.004623
vt 0.346125 0.000744
vt 0.235296 0.585795
vt 0.241253 0.587618
vt 0.239157 0.592269
vt 0.654873 0.668172
vt 0.654873 0.660144
vt 0.659578 0.665325
vt 0.774449 0.580871
vt 0.708993 0.609926
vt 0.673699 0.989156
vt 0.668322 0.992590
vt 0.669022 0.985315
vt 0.675820 0.981773
vt 0.678944 0.984373
vt 0.996892 0.678406
vt 0.990490 0.678406
vt 0.994276 0.673337
vt 0.588679 0.722468
vt 0.681063 0.976974
vt 0.416540 0.206995
vt 0.421099 0.212833
vt 0.416775 0.212639
vt 0.454690 0.974856
vt 0.444108 0.982048
vt 0.457623 0.979978
vt 0.807740 0.102449
vt 0.618757 0.074326
vt 0.949620 0.569699
vt 0.949602 0.573640
vt 0.188930 0.470659
vt 0.192892 0.466744
vt 0.755042 0.078592
vt 0.805175 0.246433
vt 0.805175 0.234703
vt 0.807786 0.242512
vt 0.805175 0.305080
vt 0.990490 0.382242
vt 0.998167 0.377508
vt 0.998420 0.382242
vt 0.926599 0.898736
vt 0.921134 0.898481
vt 0.914240 0.899530
vt 0.514406 0.860191
vt 0.911159 0.192984
vt 0.926188 0.188935
vt 0.926185 0.197049
vt 0.911156 0.202480
vt 0.905693 0.202513
vt 0.905696 0.193017
vt 0.952854 0.026485
vt 0.951522 0.015827
vt 0.971105 0.234182
vt 0.960501 0.234182
vt 0.971105 0.199766
vt 0.032227 0.336797
vt 0.028639 0.371482
vt 0.025695 0.373874
vt 0.029691 0.335198
vt 0.836417 0.427587
vt 0.828448 0.426243
vt 0.836418 0.422291
vt 0.839076 0.422323
vt 0.948873 0.010488
vt 0.952839 0.005179
vt 0.955534 0.013153
vt 0.032227 0.375898
vt 0.027960 0.378129
vt 0.109924 0.836391
vt 0.106577 0.834321
vt 0.111720 0.831745
vt 0.769223 0.329178
vt 0.773276 0.327643
vt 0.773229 0.365782
vt 0.769223 0.368678
vt 0.782894 0.369536
vt 0.777255 0.364298
vt 0.309379 0.591595
vt 0.307898 0.597273
vt 0.306544 0.590193
vt 0.309379 0.570460
vt 0.424001 0.691133
vt 0.545939 0.757327
vt 0.334850 0.819191
vt 0.333032 0.814526
vt 0.338111 0.817106
vt 0.945223 0.481256
vt 0.940936 0.479024
vt 0.944526 0.474605
vt 0.525347 0.433900
vt 0.514912 0.433989
vt 0.514672 0.400106
vt 0.525107 0.400017
vt 0.886643 0.548617
vt 0.886643 0.511611
vt 0.890912 0.550006
vt 0.559264 0.150874
vt 0.514672 0.396148
vt 0.526373 0.394795
vt 0.886643 0.505901
vt 0.890912 0.510154
vt 0.334547 0.807752
vt 0.341606 0.807919
vt 0.341606 0.820713
vt 0.922475 0.690263
vt 0.923839 0.701131
vt 0.919738 0.697030
vt 0.919741 0.688896
vt 0.886908 0.444561
vt 0.885499 0.452816
vt 0.921057 0.130305
vt 0.922474 0.746282
vt 0.906073 0.747665
vt 0.918372 0.739399
vt 0.923839 0.736665
vt 0.208467 0.735373
vt 0.206763 0.728605
vt 0.900605 0.695713
vt 0.903339 0.688896
vt 0.904703 0.697030
vt 0.900603 0.707964
vt 0.213148 0.747544
vt 0.079207 0.855343
vt 0.062818 0.856339
vt 0.818713 0.867060
vt 0.835159 0.867060
vt 0.833786 0.875217
vt 0.814599 0.877958
vt 0.813232 0.867077
vt 0.894694 0.316798
vt 0.832418 0.925987
vt 0.833786 0.917699
vt 0.837900 0.924634
vt 0.022630 0.524439
vt 0.023928 0.528447
vt 0.005413 0.528388
vt 0.788449 0.553885
vt 0.789774 0.549910
vt 0.199807 0.501885
vt 0.612312 0.414987
vt 0.612312 0.425396
vt 0.608859 0.416926
vt 0.617968 0.979699
vt 0.614934 0.975652
vt 0.981853 0.071141
vt 0.065528 0.682309
vt 0.971946 0.029574
vt 0.416540 0.216995
vt 0.498443 0.232315
vt 0.492696 0.234182
vt 0.493854 0.226162
vt 0.498443 0.222731
vt 0.032605 0.533904
vt 0.036524 0.545710
vt 0.026063 0.544366
vt 0.026063 0.533893
vt 0.998481 0.377460
vt 0.991349 0.377460
vt 0.994897 0.373900
vt 0.491998 0.919542
vt 0.487926 0.917970
vt 0.489449 0.889035
vt 0.768510 0.109096
vt 0.771298 0.139222
vt 0.768543 0.161135
vt 0.764418 0.159766
vt 0.764418 0.109095
vt 0.771200 0.096773
vt 0.234450 0.572697
vt 0.181772 0.571191
vt 0.181928 0.566919
vt 0.234589 0.568425
vt 0.970002 0.000325
vt 0.057641 0.616476
vt 0.061617 0.618714
vt 0.056225 0.623514
vt 0.129924 0.541322
vt 0.126676 0.533661
vt 0.130692 0.535702
vt 0.133134 0.538909
vt 0.135353 0.543561
vt 0.773309 0.574041
vt 0.777476 0.581228
vt 0.773177 0.581404
vt 0.769975 0.576773
vt 0.757794 0.493967
vt 0.756442 0.507660
vt 0.752317 0.507660
vt 0.753670 0.491229
vt 0.298577 0.573104
vt 0.281549 0.571191
vt 0.281706 0.566920
vt 0.483870 0.916363
vt 0.990490 0.374455
vt 0.467421 0.430550
vt 0.469973 0.433488
vt 0.467136 0.434688
vt 0.439738 0.430030
vt 0.485326 0.888793
vt 0.487864 0.866820
vt 0.417651 0.428500
vt 0.418762 0.432745
vt 0.415970 0.432532
vt 0.996098 0.804112
vt 0.991727 0.804112
vt 0.994807 0.800198
vt 0.491998 0.867038
vt 0.771598 0.584912
vt 0.099768 0.792237
vt 0.102525 0.807286
vt 0.442583 0.961702
vt 0.439451 0.973159
vt 0.436182 0.973828
vt 0.433430 0.966957
vt 0.935910 0.754720
vt 0.936741 0.760237
vt 0.997785 0.519414
vt 0.991960 0.519414
vt 0.996315 0.515073
vt 0.990490 0.241568
vt 0.898981 0.522867
vt 0.897613 0.514711
vt 0.132515 0.849976
vt 0.894871 0.521547
vt 0.522628 0.804861
vt 0.288549 0.764334
vt 0.923255 0.315071
vt 0.925987 0.321887
vt 0.921886 0.323204
vt 0.906855 0.315071
vt 0.905390 0.620467
vt 0.639435 0.924795
vt 0.647268 0.922735
vt 0.692925 0.923839
vt 0.692925 0.895009
vt 0.698250 0.898040
vt 0.874424 0.385416
vt 0.874424 0.414653
vt 0.868384 0.387343
vt 0.975477 0.242704
vt 0.983432 0.240040
vt 0.407046 0.582034
vt 0.403908 0.577027
vt 0.404748 0.571625
vt 0.760171 0.512076
vt 0.490632 0.016611
vt 0.481026 0.019336
vt 0.483766 0.005612
vt 0.491998 0.004261
vt 0.701373 0.466543
vt 0.920520 0.373832
vt 0.904120 0.372449
vt 0.908218 0.365567
vt 0.921885 0.365567
vt 0.925987 0.372483
vt 0.176032 0.529455
vt 0.194526 0.533625
vt 0.407601 0.428651
vt 0.902755 0.316437
vt 0.906852 0.323204
vt 0.902752 0.327304
vt 0.359970 0.820861
vt 0.354674 0.810270
vt 0.646367 0.404386
vt 0.650984 0.416327
vt 0.646367 0.416802
vt 0.960501 0.199767
vt 0.947472 0.911929
vt 0.947468 0.948257
vt 0.943274 0.949620
vt 0.943279 0.910498
vt 0.947472 0.906324
vt 0.344496 0.527401
vt 0.350199 0.528058
vt 0.344496 0.539264
vt 0.940486 0.907737
vt 0.103141 0.825131
vt 0.110224 0.824975
vt 0.103141 0.837900
vt 0.588307 0.422430
vt 0.001444 0.528346
vt 0.948256 0.374658
vt 0.914564 0.377278
vt 0.637567 0.905266
vt 0.603894 0.903181
vt 0.637663 0.901211
vt 0.160913 0.705557
vt 0.162122 0.701540
vt 0.163636 0.706802
vt 0.640242 0.906651
vt 0.168612 0.696039
vt 0.167715 0.710665
vt 0.088638 0.135102
vt 0.060157 0.374951
vt 0.055767 0.380278
vt 0.055767 0.365958
vt 0.647066 0.532878
vt 0.658128 0.527308
vt 0.653933 0.535699
vt 0.640015 0.088651
vt 0.612145 0.952062
vt 0.617471 0.947572
vt 0.619106 0.951634
vt 0.607977 0.976130
vt 0.606581 0.952457
vt 0.973899 0.909376
vt 0.972907 0.904557
vt 0.979699 0.907449
vt 0.345552 0.417986
vt 0.135353 0.533439
vt 0.998888 0.189225
vt 0.994710 0.186447
vt 0.997501 0.182216
vt 0.049029 0.522076
vt 0.044919 0.515955
vt 0.049415 0.514704
vt 0.443720 0.030069
vt 0.064454 0.611943
vt 0.500761 0.315116
vt 0.504889 0.315102
vt 0.502152 0.341215
vt 0.498034 0.341205
vt 0.350199 0.240176
vt 0.347361 0.266947
vt 0.347365 0.240211
vt 0.345961 0.210661
vt 0.498013 0.286221
vt 0.500756 0.284858
vt 0.515163 0.442172
vt 0.487558 0.440262
vt 0.481008 0.434247
vt 0.672564 0.977825
vt 0.668322 0.978302
vt 0.822861 0.397260
vt 0.816583 0.395777
vt 0.489008 0.414653
vt 0.483384 0.413667
vt 0.489849 0.407605
vt 0.914158 0.929652
vt 0.973358 0.981847
vt 0.968191 0.979759
vt 0.968191 0.960625
vt 0.994676 0.736330
vt 0.990490 0.731425
vt 0.996403 0.731425
vt 0.442583 0.978646
vt 0.437080 0.981847
vt 0.431066 0.975610
vt 0.018699 0.383162
vt 0.652407 0.837034
vt 0.648709 0.834094
vt 0.652055 0.825113
vt 0.930282 0.206595
vt 0.928914 0.216124
vt 0.924817 0.205212
vt 0.930284 0.197082
vt 0.376156 0.791016
vt 0.654127 0.960020
vt 0.819128 0.319267
vt 0.820713 0.323142
vt 0.194552 0.529642
vt 0.964486 0.773760
vt 0.685360 0.401663
vt 0.647066 0.374847
vt 0.653933 0.372074
vt 0.658128 0.380465
vt 0.661660 0.705749
vt 0.666023 0.696734
vt 0.666023 0.711141
vt 0.631032 0.291932
vt 0.199807 0.534967
vt 0.198519 0.529652
vt 0.516611 0.577365
vt 0.541967 0.793973
vt 0.557892 0.157517
vt 0.535040 0.797820
vt 0.536353 0.759720
vt 0.539136 0.757093
vt 0.171661 0.710550
vt 0.494146 0.112862
vt 0.881933 0.113818
vt 0.883305 0.100055
vt 0.887425 0.111055
vt 0.670101 0.188541
vt 0.676766 0.216668
vt 0.670131 0.238082
vt 0.663407 0.239426
vt 0.663378 0.188546
vt 0.663407 0.136315
vt 0.943146 0.302570
vt 0.842971 0.230794
vt 0.812995 0.230794
vt 0.732626 0.476574
vt 0.732626 0.491998
vt 0.728768 0.479271
vt 0.094353 0.919731
vt 0.090215 0.928064
vt 0.446222 0.426271
vt 0.438393 0.427544
vt 0.461919 0.410554
vt 0.547240 0.377290
vt 0.556452 0.399017
vt 0.547240 0.425396
vt 0.504889 0.286207
vt 0.504878 0.283482
vt 0.755023 0.463842
vt 0.093670 0.134878
vt 0.091028 0.112579
vt 0.097870 0.134679
vt 0.095302 0.164248
vt 0.298569 0.831180
vt 0.298604 0.859381
vt 0.294576 0.859386
vt 0.298636 0.884896
vt 0.096779 0.190821
vt 0.100978 0.190622
vt 0.099964 0.197659
vt 0.298613 0.891612
vt 0.294576 0.884903
vt 0.179046 0.566838
vt 0.181975 0.564072
vt 0.990490 0.800168
vt 0.502169 0.348051
vt 0.344576 0.273929
vt 0.341753 0.266910
vt 0.343153 0.240192
vt 0.044919 0.510628
vt 0.995066 0.813913
vt 0.995956 0.818075
vt 0.990490 0.818075
vt 0.990519 0.812619
vt 0.044016 0.625541
vt 0.048564 0.624926
vt 0.049122 0.629499
vt 0.444773 0.023634
vt 0.447943 0.028768
vt 0.058483 0.626972
vt 0.993320 0.180839
vt 0.990490 0.189225
vt 0.047995 0.620421
vt 0.469671 0.437615
vt 0.418539 0.435481
vt 0.231789 0.565496
vt 0.513887 0.939291
vt 0.517078 0.918998
vt 0.038672 0.346833
vt 0.036095 0.360483
vt 0.009104 0.747260
vt 0.943146 0.350199
vt 0.991531 0.453126
vt 0.031978 0.504889
vt 0.027529 0.502691
vt 0.027529 0.491520
vt 0.032154 0.495121
vt 0.034375 0.501789
vt 0.672749 0.239432
vt 0.846494 0.391691
vt 0.494936 0.000193
vt 0.499179 0.000177
vt 0.494931 0.007198
vt 0.936638 0.750418
vt 0.943175 0.756422
vt 0.911158 0.244908
vt 0.911157 0.236663
vt 0.917985 0.227052
vt 0.905694 0.242192
vt 0.905692 0.229816
vt 0.911155 0.227051
vt 0.470513 0.225279
vt 0.468409 0.232034
vt 0.468409 0.222439
vt 0.891536 0.713949
vt 0.715680 0.666084
vt 0.674102 0.660719
vt 0.715679 0.660719
vt 0.719735 0.664724
vt 0.737603 0.646341
vt 0.733563 0.648836
vt 0.716750 0.631061
vt 0.718236 0.625777
vt 0.739071 0.642355
vt 0.996103 0.789682
vt 0.996103 0.794874
vt 0.990490 0.791648
vt 0.407863 0.679214
vt 0.712130 0.104370
vt 0.708122 0.112298
vt 0.691058 0.108333
vt 0.709484 0.101749
vt 0.992751 0.719116
vt 0.990490 0.716525
vt 0.996819 0.716525
vt 0.406190 0.675355
vt 0.410136 0.675030
vt 0.407493 0.660625
vt 0.780079 0.327409
vt 0.782875 0.330071
vt 0.209287 0.753205
vt 0.213772 0.761275
vt 0.122851 0.810900
vt 0.126694 0.801898
vt 0.127834 0.815506
vt 0.837898 0.886180
vt 0.837897 0.899867
vt 0.833784 0.894353
vt 0.833785 0.883406
vt 0.837899 0.873896
vt 0.927092 0.070954
vt 0.930284 0.067439
vt 0.603995 0.899115
vt 0.608767 0.866861
vt 0.604394 0.881583
vt 0.599050 0.878801
vt 0.354496 0.420082
vt 0.013031 0.447439
vt 0.015941 0.442316
vt 0.017188 0.448568
vt 0.013031 0.453326
vt 0.243506 0.592963
vt 0.246735 0.586750
vt 0.249222 0.593450
vt 0.756425 0.533678
vt 0.752334 0.535047
vt 0.753687 0.533678
vt 0.093984 0.090002
vt 0.092506 0.063413
vt 0.095307 0.063291
vt 0.096785 0.089880
vt 0.499390 0.264196
vt 0.341753 0.188128
vt 0.341760 0.210624
vt 0.098025 0.112224
vt 0.095228 0.112379
vt 0.100978 0.089614
vt 0.253237 0.564682
vt 0.281753 0.564072
vt 0.100898 0.163954
vt 0.991869 0.569481
vt 0.997526 0.569481
vt 0.994832 0.574483
vt 0.990490 0.574770
vt 0.484123 0.387265
vt 0.489849 0.389597
vt 0.485816 0.391260
vt 0.481685 0.391612
vt 0.939146 0.766931
vt 0.939794 0.771004
vt 0.934095 0.770497
vt 0.051342 0.888083
vt 0.048317 0.873329
vt 0.022503 0.864457
vt 0.023594 0.853705
vt 0.916165 0.847874
vt 0.416802 0.894906
vt 0.412532 0.900206
vt 0.412532 0.883267
vt 0.352026 0.798356
vt 0.648836 0.768902
vt 0.608397 0.765908
vt 0.821521 0.544869
vt 0.820194 0.540863
vt 0.532740 0.734576
vt 0.533303 0.730361
vt 0.535403 0.734075
vt 0.822861 0.544846
vt 0.822861 0.488925
vt 0.524971 0.678489
vt 0.539784 0.720922
vt 0.542253 0.734161
vt 0.537720 0.739121
vt 0.550710 0.660719
vt 0.546719 0.664724
vt 0.523713 0.759562
vt 0.548231 0.643158
vt 0.550929 0.639125
vt 0.588389 0.648571
vt 0.592288 0.660719
vt 0.593738 0.645898
vt 0.597621 0.659397
vt 0.906648 0.100072
vt 0.901155 0.111039
vt 0.901155 0.097309
vt 0.887425 0.089088
vt 0.881933 0.090478
vt 0.881935 0.080916
vt 0.064162 0.620737
vt 0.395317 0.518149
vt 0.688103 0.398958
vt 0.692969 0.397640
vt 0.692109 0.404663
vt 0.687238 0.405997
vt 0.990490 0.787894
vt 0.996291 0.787894
vt 0.992810 0.789634
vt 0.105275 0.807267
vt 0.281736 0.564072
vt 0.715389 0.908945
vt 0.715389 0.889982
vt 0.719735 0.908654
vt 0.718930 0.936472
vt 0.716002 0.936730
vt 0.762124 0.563697
vt 0.755501 0.538579
vt 0.994592 0.779302
vt 0.996233 0.782583
vt 0.992131 0.782583
vt 0.990490 0.779302
vt 0.759317 0.537119
vt 0.916334 0.911954
vt 0.920513 0.910778
vt 0.668705 0.659397
vt 0.672870 0.645898
vt 0.678251 0.648571
vt 0.990490 0.515073
vt 0.991850 0.736419
vt 0.996414 0.736379
vt 0.996414 0.741002
vt 0.990490 0.740524
vt 0.916781 0.903756
vt 0.912683 0.903565
vt 0.905691 0.216140
vt 0.911155 0.213391
vt 0.720908 0.625839
vt 0.719704 0.621791
vt 0.247417 0.886590
vt 0.248737 0.882634
vt 0.000342 0.777779
vt 0.040684 0.775885
vt 0.577847 0.890544
vt 0.538318 0.890328
vt 0.576583 0.889161
vt 0.579215 0.889280
vt 0.577744 0.825982
vt 0.581588 0.828768
vt 0.578905 0.829965
vt 0.543375 0.828556
vt 0.543530 0.824640
vt 0.904703 0.739399
vt 0.900606 0.746315
vt 0.900604 0.735315
vt 0.904702 0.729799
vt 0.833784 0.908057
vt 0.837898 0.913604
vt 0.580085 0.633796
vt 0.572381 0.631253
vt 0.573243 0.624410
vt 0.605866 0.175626
vt 0.605866 0.186916
vt 0.603103 0.183350
vt 0.091466 0.313822
vt 0.090181 0.320649
vt 0.084684 0.313819
vt 0.990490 0.284843
vt 0.994540 0.278056
vt 0.998591 0.284843
vt 0.571543 0.633796
vt 0.091564 0.311084
vt 0.084733 0.305619
vt 0.091564 0.279659
vt 0.039759 0.919252
vt 0.538266 0.824418
vt 0.674617 0.131056
vt 0.669798 0.127352
vt 0.674617 0.119745
vt 0.593558 0.758723
vt 0.818709 0.890242
vt 0.542396 0.695947
vt 0.543561 0.683094
vt 0.543561 0.706844
vt 0.604231 0.688456
vt 0.091564 0.194949
vt 0.091547 0.225008
vt 0.084716 0.203148
vt 0.084716 0.167624
vt 0.342225 0.161763
vt 0.342224 0.189265
vt 0.461919 0.383107
vt 0.459310 0.383096
vt 0.461919 0.338670
vt 0.972934 0.180123
vt 0.974764 0.175790
vt 0.659578 0.657297
vt 0.949620 0.533959
vt 0.949602 0.529956
vt 0.456691 0.223656
vt 0.460612 0.226270
vt 0.459310 0.256319
vt 0.421402 0.223655
vt 0.438380 0.218461
vt 0.089816 0.951769
vt 0.416174 0.410553
vt 0.418792 0.402700
vt 0.459310 0.402701
vt 0.224577 0.466746
vt 0.416174 0.257636
vt 0.417481 0.226269
vt 0.418792 0.256318
vt 0.416174 0.338669
vt 0.005270 0.752549
vt 0.001319 0.751303
vt 0.000320 0.689905
vt 0.010774 0.091207
vt 0.015039 0.143947
vt 0.016773 0.219211
vt 0.023314 0.204029
vt 0.024187 0.247751
vt 0.017455 0.253369
vt 0.018000 0.280696
vt 0.024942 0.286025
vt 0.025351 0.306520
vt 0.239680 0.827012
vt 0.244925 0.826791
vt 0.239832 0.830915
vt 0.204269 0.828402
vt 0.898982 0.565351
vt 0.894874 0.572286
vt 0.894871 0.561256
vt 0.898980 0.555708
vt 0.915428 0.561222
vt 0.914058 0.566721
vt 0.900356 0.573640
vt 0.925985 0.361484
vt 0.921884 0.355969
vt 0.925985 0.347802
vt 0.283084 0.796933
vt 0.022867 0.880605
vt 0.018773 0.877975
vt 0.018279 0.856471
vt 0.784189 0.368163
vt 0.159604 0.618004
vt 0.162131 0.612620
vt 0.759991 0.573015
vt 0.762704 0.567579
vt 0.762704 0.586530
vt 0.757288 0.583838
vt 0.745517 0.156838
vt 0.738889 0.146462
vt 0.745517 0.138036
vt 0.161351 0.631223
vt 0.165672 0.641712
vt 0.446880 0.178889
vt 0.441980 0.186916
vt 0.441980 0.175280
vt 0.921104 0.706564
vt 0.904702 0.706565
vt 0.888797 0.100039
vt 0.919542 0.570865
vt 0.916802 0.573639
vt 0.541145 0.453326
vt 0.990490 0.061018
vt 0.995159 0.055422
vt 0.999579 0.061018
vt 0.996624 0.448125
vt 0.990490 0.440894
vt 0.997998 0.440894
vt 0.999005 0.180790
vt 0.990490 0.180790
vt 0.992774 0.175807
vt 0.995473 0.174561
vt 0.020195 0.321641
vt 0.025670 0.321515
vt 0.025869 0.332480
vt 0.020576 0.340769
vt 0.941280 0.762324
vt 0.494931 0.012891
vt 0.500590 0.011460
vt 0.923450 0.216107
vt 0.920898 0.104432
vt 0.927689 0.112718
vt 0.934489 0.141452
vt 0.930914 0.012884
vt 0.932433 0.054052
vt 0.929382 0.055423
vt 0.927842 0.015717
vt 0.916362 0.006502
vt 0.916553 0.002097
vt 0.966612 0.272887
vt 0.979699 0.266489
vt 0.977164 0.284750
vt 0.966690 0.278729
vt 0.926310 0.102881
vt 0.938539 0.140288
vt 0.931726 0.111553
vt 0.951769 0.153168
vt 0.947167 0.184270
vt 0.934009 0.151570
vt 0.949249 0.148427
vt 0.941027 0.143947
vt 0.932390 0.093797
vt 0.941027 0.098601
vt 0.925985 0.334137
vt 0.921884 0.332737
vt 0.931332 0.148298
vt 0.736224 0.557065
vt 0.719913 0.568555
vt 0.728239 0.556830
vt 0.736478 0.549048
vt 0.739071 0.551771
vt 0.160649 0.607354
vt 0.655053 0.535752
vt 0.655177 0.530135
vt 0.659341 0.532938
vt 0.164479 0.603262
vt 0.938732 0.050085
vt 0.815836 0.073048
vt 0.809186 0.072292
vt 0.813661 0.066631
vt 0.948261 0.050737
vt 0.156838 0.359770
vt 0.156838 0.369536
vt 0.151417 0.368698
vt 0.150262 0.357507
vt 0.126759 0.941269
vt 0.121770 0.947472
vt 0.121770 0.932039
vt 0.480854 0.354496
vt 0.480854 0.344934
vt 0.483404 0.348917
vt 0.328715 0.907702
vt 0.328050 0.915259
vt 0.324751 0.914369
vt 0.462810 0.438618
vt 0.127834 0.793398
vt 0.900603 0.721631
vt 0.904702 0.717482
vt 0.084716 0.246869
vt 0.091564 0.252334
vt 0.084733 0.285125
vt 0.076487 0.281028
vt 0.076487 0.238673
vt 0.076487 0.313819
vt 0.360942 0.195051
vt 0.358088 0.257331
vt 0.358292 0.194929
vt 0.358835 0.185636
vt 0.005373 0.680667
vt 0.982346 0.180588
vt 0.696102 0.414862
vt 0.689023 0.413951
vt 0.468565 0.968957
vt 0.471400 0.942989
vt 0.472662 0.968957
vt 0.048452 0.757068
vt 0.412505 0.467870
vt 0.411172 0.482562
vt 0.409970 0.466308
vt 0.786337 0.926697
vt 0.783482 0.928136
vt 0.783475 0.918199
vt 0.786337 0.882631
vt 0.005599 0.773447
vt 0.033086 0.281711
vt 0.033741 0.314503
vt 0.025543 0.314666
vt 0.990490 0.128811
vt 0.000320 0.770915
vt 0.784937 0.876907
vt 0.783493 0.882630
vt 0.779258 0.878309
vt 0.355823 0.277152
vt 0.350614 0.275579
vt 0.355439 0.257210
vt 0.253359 0.729312
vt 0.258759 0.738255
vt 0.253359 0.739071
vt 0.023633 0.511660
vt 0.116467 0.925454
vt 0.120314 0.931944
vt 0.117120 0.932796
vt 0.429693 0.038672
vt 0.427144 0.033045
vt 0.429693 0.029068
vt 0.944779 0.980124
vt 0.949620 0.971162
vt 0.949620 0.986144
vt 0.259964 0.727068
vt 0.940811 0.092812
vt 0.468365 0.404197
vt 0.466636 0.410356
vt 0.466636 0.360816
vt 0.923839 0.846581
vt 0.923839 0.885167
vt 0.921108 0.884978
vt 0.931332 0.193362
vt 0.898980 0.531057
vt 0.914056 0.537892
vt 0.898980 0.542004
vt 0.894870 0.533831
vt 0.521867 0.771151
vt 0.894870 0.547519
vt 0.520707 0.762482
vt 0.921883 0.343653
vt 0.400442 0.567989
vt 0.404299 0.566274
vt 0.352026 0.786442
vt 0.902752 0.362834
vt 0.902751 0.351869
vt 0.906850 0.355968
vt 0.893760 0.507341
vt 0.995988 0.470161
vt 0.997951 0.475034
vt 0.990490 0.475034
vt 0.634232 0.874154
vt 0.599835 0.904403
vt 0.090149 0.341145
vt 0.090165 0.380767
vt 0.087416 0.383501
vt 0.084684 0.356175
vt 0.084700 0.339778
vt 0.084733 0.331579
vt 0.061134 0.684482
vt 0.069227 0.682204
vt 0.080847 0.689411
vt 0.001381 0.341606
vt 0.001381 0.318632
vt 0.004297 0.339888
vt 0.632221 0.354679
vt 0.634874 0.352049
vt 0.654551 0.361236
vt 0.061426 0.332949
vt 0.818709 0.903945
vt 0.600203 0.700390
vt 0.600200 0.713648
vt 0.593558 0.703040
vt 0.692556 0.421099
vt 0.687238 0.419332
vt 0.461919 0.257637
vt 0.771887 0.854936
vt 0.773447 0.827464
vt 0.773447 0.880870
vt 0.827336 0.303766
vt 0.416174 0.383106
vt 0.351494 0.257023
vt 0.354347 0.194742
vt 0.753936 0.161798
vt 0.751281 0.152549
vt 0.753923 0.143277
vt 0.760556 0.163096
vt 0.753947 0.171050
vt 0.979699 0.294339
vt 0.760556 0.186937
vt 0.284583 0.629393
vt 0.285746 0.642237
vt 0.284583 0.653133
vt 0.753907 0.130060
vt 0.760529 0.132680
vt 0.914056 0.551596
vt 0.026032 0.340678
vt 0.734762 0.386200
vt 0.727235 0.383533
vt 0.730602 0.381903
vt 0.752014 0.317469
vt 0.759191 0.317186
vt 0.741543 0.382954
vt 0.732367 0.400886
vt 0.405719 0.483404
vt 0.405719 0.468590
vt 0.500592 0.007233
vt 0.901665 0.847660
vt 0.057235 0.910875
vt 0.053070 0.905584
vt 0.019411 0.907659
vt 0.053150 0.909651
vt 0.019495 0.911713
vt 0.414584 0.665289
vt 0.016838 0.913097
vt 0.779237 0.926677
vt 0.779232 0.902520
vt 0.990490 0.495016
vt 0.997856 0.495016
vt 0.995891 0.499782
vt 0.655177 0.377698
vt 0.203344 0.871782
vt 0.201749 0.831128
vt 0.204422 0.832320
vt 0.206736 0.891319
vt 0.204116 0.891453
vt 0.407979 0.636600
vt 0.402697 0.637081
vt 0.016838 0.852470
vt 0.715898 0.639125
vt 0.681011 0.639134
vt 0.715945 0.635072
vt 0.718612 0.637765
vt 0.718565 0.643158
vt 0.733826 0.548953
vt 0.926502 0.053850
vt 0.920673 0.058009
vt 0.916432 0.053449
vt 0.705267 0.939596
vt 0.953119 0.236389
vt 0.719090 0.437123
vt 0.719816 0.458328
vt 0.556624 0.132351
vt 0.556646 0.111173
vt 0.560615 0.112497
vt 0.565906 0.112500
vt 0.565897 0.142929
vt 0.861534 0.830653
vt 0.861533 0.818763
vt 0.923838 0.713398
vt 0.923838 0.725699
vt 0.919737 0.717482
vt 0.811500 0.399308
vt 0.820713 0.387538
vt 0.598962 0.655373
vt 0.599056 0.645927
vt 0.612374 0.655373
vt 0.425002 0.863682
vt 0.425002 0.850527
vt 0.428948 0.854474
vt 0.444732 0.863682
vt 0.811500 0.418919
vt 0.820653 0.467291
vt 0.852940 0.546540
vt 0.851621 0.547858
vt 0.851637 0.545221
vt 0.858061 0.552544
vt 0.859385 0.553874
vt 0.453065 0.576556
vt 0.453058 0.596159
vt 0.425002 0.796594
vt 0.444732 0.796594
vt 0.428948 0.805802
vt 0.425002 0.809749
vt 0.667364 0.655373
vt 0.653952 0.655373
vt 0.667458 0.645927
vt 0.443883 0.564856
vt 0.756097 0.216027
vt 0.719095 0.541173
vt 0.738047 0.539443
vt 0.722831 0.546753
vt 0.722299 0.557526
vt 0.572674 0.457301
vt 0.575507 0.451223
vt 0.580790 0.456962
vt 0.728240 0.441354
vt 0.730086 0.422870
vt 0.509871 0.009358
vt 0.526373 0.000811
vt 0.514589 0.009921
vt 0.494525 0.017312
vt 0.727754 0.458552
vt 0.625779 0.590827
vt 0.632758 0.561255
vt 0.631225 0.590755
vt 0.540831 0.381690
vt 0.535514 0.381689
vt 0.535514 0.339028
vt 0.539498 0.317698
vt 0.741220 0.773632
vt 0.739862 0.837900
vt 0.734560 0.774983
vt 0.283837 0.665075
vt 0.290363 0.668986
vt 0.919737 0.729799
vt 0.582233 0.845925
vt 0.574699 0.836389
vt 0.483856 0.324037
vt 0.487090 0.321945
vt 0.807703 0.067023
vt 0.351637 0.195946
vt 0.350614 0.190576
vt 0.354890 0.185450
vt 0.083318 0.382134
vt 0.085225 0.681632
vt 0.110439 0.682829
vt 0.112794 0.688267
vt 0.076487 0.193585
vt 0.076487 0.166259
vt 0.076487 0.132102
vt 0.084684 0.102043
vt 0.538266 0.891612
vt 0.547684 0.886710
vt 0.390406 0.421099
vt 0.390406 0.381446
vt 0.393169 0.421087
vt 0.731879 0.824527
vt 0.715810 0.833895
vt 0.723834 0.825859
vt 0.723852 0.804441
vt 0.859347 0.162268
vt 0.861534 0.144111
vt 0.861534 0.165432
vt 0.760556 0.652373
vt 0.760556 0.672469
vt 0.744885 0.665240
vt 0.758407 0.305727
vt 0.743903 0.317972
vt 0.743903 0.296211
vt 0.754131 0.299480
vt 0.831455 0.835669
vt 0.829579 0.841259
vt 0.824410 0.833764
vt 0.830454 0.829886
vt 0.823939 0.547858
vt 0.829227 0.545221
vt 0.443893 0.615775
vt 0.823939 0.477987
vt 0.851622 0.477987
vt 0.851637 0.480623
vt 0.829228 0.480623
vt 0.849635 0.409100
vt 0.850650 0.403310
vt 0.856713 0.407133
vt 0.851502 0.414653
vt 0.519928 0.677967
vt 0.515648 0.684210
vt 0.505420 0.687508
vt 0.505420 0.665743
vt 0.781793 0.029013
vt 0.790634 0.047266
vt 0.773381 0.047266
vt 0.891612 0.931499
vt 0.889418 0.934581
vt 0.889418 0.913332
vt 0.838574 0.322636
vt 0.846494 0.309328
vt 0.841239 0.371793
vt 0.838594 0.373127
vt 0.830610 0.342570
vt 0.830590 0.321307
vt 0.822626 0.313342
vt 0.208614 0.838723
vt 0.213037 0.884504
vt 0.235538 0.888875
vt 0.244925 0.893760
vt 0.469909 0.414653
vt 0.469898 0.375018
vt 0.472662 0.375018
vt 0.244876 0.892481
vt 0.205477 0.892697
vt 0.022605 0.168504
vt 0.021315 0.102887
vt 0.030113 0.132783
vt 0.030795 0.166941
vt 0.031341 0.194267
vt 0.916391 0.013791
vt 0.904895 0.052995
vt 0.904855 0.013337
vt 0.029251 0.087625
vt 0.040019 0.079210
vt 0.029449 0.100008
vt 0.018521 0.097389
vt 0.779236 0.886877
vt 0.774990 0.885418
vt 0.906850 0.343653
vt 0.578651 0.453313
vt 0.582639 0.459316
vt 0.905484 0.332737
vt 0.902751 0.339570
vt 0.139184 0.734370
vt 0.141799 0.731758
vt 0.141799 0.767001
vt 0.620392 0.074924
vt 0.627351 0.109768
vt 0.622881 0.107283
vt 0.945324 0.102993
vt 0.945324 0.133378
vt 0.941360 0.136020
vt 0.941360 0.101671
vt 0.956851 0.005169
vt 0.931213 0.486041
vt 0.949620 0.486041
vt 0.941728 0.487357
vt 0.937785 0.488663
vt 0.977551 0.500480
vt 0.976217 0.507037
vt 0.969709 0.505715
vt 0.973629 0.480860
vt 0.977551 0.479550
vt 0.445253 0.691858
vt 0.328715 0.928136
vt 0.659711 0.518882
vt 0.663875 0.521685
vt 0.659433 0.537116
vt 0.304824 0.838752
vt 0.334027 0.842013
vt 0.570261 0.882324
vt 0.897617 0.067426
vt 0.642793 0.904503
vt 0.642793 0.885936
vt 0.648836 0.888116
vt 0.417210 0.939473
vt 0.411796 0.923693
vt 0.425555 0.936285
vt 0.421140 0.943068
vt 0.411796 0.945324
vt 0.859385 0.797080
vt 0.854470 0.788962
vt 0.858512 0.786472
vt 0.824788 0.555238
vt 0.827158 0.566883
vt 0.824788 0.623054
vt 0.803525 0.621849
vt 0.593565 0.733533
vt 0.242776 0.355171
vt 0.236950 0.356645
vt 0.236950 0.346538
vt 0.242776 0.346507
vt 0.029513 0.102724
vt 0.659433 0.370694
vt 0.663875 0.386030
vt 0.659711 0.388821
vt 0.116467 0.945324
vt 0.481026 0.000094
vt 0.403895 0.606351
vt 0.400195 0.580010
vt 0.397177 0.576324
vt 0.675067 0.389915
vt 0.968957 0.000843
vt 0.964658 0.000229
vt 0.144883 0.932646
vt 0.150392 0.931785
vt 0.150392 0.949620
vt 0.945315 0.137364
vt 0.945324 0.143947
vt 0.620392 0.111720
vt 0.993067 0.657179
vt 0.990490 0.652017
vt 0.996980 0.652017
vt 0.990490 0.453175
vt 0.997972 0.453175
vt 0.997668 0.458632
vt 0.990490 0.339662
vt 0.998505 0.339662
vt 0.991345 0.344859
vt 0.700238 0.936776
vt 0.715807 0.804434
vt 0.221292 0.010511
vt 0.219947 0.047349
vt 0.218632 0.007886
vt 0.715807 0.764262
vt 0.221263 0.076288
vt 0.214658 0.048669
vt 0.659302 0.136332
vt 0.659302 0.188557
vt 0.655286 0.167131
vt 0.655316 0.136326
vt 0.655375 0.122924
vt 0.076487 0.102043
vt 0.059994 0.129375
vt 0.059994 0.099316
vt 0.076503 0.099310
vt 0.059994 0.282400
vt 0.059994 0.238678
vt 0.612484 0.645917
vt 0.624571 0.651273
vt 0.414526 0.838687
vt 0.422371 0.843950
vt 0.214658 0.123649
vt 0.221263 0.124959
vt 0.214658 0.152588
vt 0.212057 0.152583
vt 0.514185 0.273703
vt 0.515551 0.244373
vt 0.516884 0.273702
vt 0.514185 0.320364
vt 0.214658 0.077609
vt 0.516884 0.320363
vt 0.515551 0.349692
vt 0.212057 0.048664
vt 0.511334 0.026218
vt 0.510647 0.034375
vt 0.510647 0.024175
vt 0.623214 0.652624
vt 0.643332 0.652624
vt 0.676766 0.894078
vt 0.676766 0.915245
vt 0.671154 0.903949
vt 0.671216 0.896882
vt 0.990490 0.358931
vt 0.992461 0.351869
vt 0.998394 0.358931
vt 0.354496 0.343580
vt 0.353632 0.356645
vt 0.350464 0.349581
vt 0.347193 0.342528
vt 0.349610 0.333721
vt 0.354496 0.319002
vt 0.105275 0.950189
vt 0.095776 0.973254
vt 0.095776 0.937995
vt 0.659302 0.239442
vt 0.655375 0.252816
vt 0.655316 0.239436
vt 0.655286 0.208643
vt 0.654061 0.645917
vt 0.642007 0.651273
vt 0.651426 0.639182
vt 0.279300 0.682055
vt 0.279300 0.700399
vt 0.276182 0.694712
vt 0.671216 0.912404
vt 0.345060 0.331077
vt 0.822626 0.342569
vt 0.823981 0.379777
vt 0.219947 0.153899
vt 0.221292 0.190725
vt 0.218632 0.193362
vt 0.049567 0.282648
vt 0.049210 0.333229
vt 0.054077 0.301643
vt 0.054786 0.337167
vt 0.654551 0.270698
vt 0.659885 0.266745
vt 0.655863 0.278571
vt 0.634903 0.285124
vt 0.632221 0.282510
vt 0.032241 0.239355
vt 0.047767 0.192471
vt 0.048694 0.238926
vt 0.838596 0.379771
vt 0.838586 0.382424
vt 0.822630 0.382426
vt 0.680139 0.928136
vt 0.680139 0.892741
vt 0.683211 0.915788
vt 0.400911 0.617240
vt 0.445479 0.699814
vt 0.424321 0.703099
vt 0.699545 0.217418
vt 0.702547 0.221871
vt 0.699545 0.238479
vt 0.453069 0.115704
vt 0.455474 0.133724
vt 0.453069 0.135353
vt 0.743799 0.974720
vt 0.758407 0.974720
vt 0.755646 0.990441
vt 0.749046 0.989841
vt 0.530295 0.388351
vt 0.515551 0.391020
vt 0.531612 0.381686
vt 0.518853 0.015194
vt 0.498742 0.022622
vt 0.168738 0.611098
vt 0.168504 0.603141
vt 0.199219 0.610203
vt 0.192690 0.614377
vt 0.166171 0.615156
vt 0.177574 0.641364
vt 0.169930 0.652206
vt 0.560749 0.476650
vt 0.558528 0.485553
vt 0.558528 0.458516
vt 0.083350 0.081547
vt 0.075088 0.085650
vt 0.734774 0.154689
vt 0.726463 0.148429
vt 0.734774 0.107315
vt 0.776228 0.481016
vt 0.820176 0.474337
vt 0.821503 0.479674
vt 0.777582 0.488947
vt 0.600208 0.741489
vt 0.762401 0.323973
vt 0.769150 0.324950
vt 0.736923 0.612312
vt 0.730068 0.610321
vt 0.732279 0.590197
vt 0.735410 0.592653
vt 0.711317 0.797550
vt 0.695423 0.797088
vt 0.709655 0.729945
vt 0.715438 0.730119
vt 0.097868 0.224202
vt 0.100978 0.236373
vt 0.097868 0.242776
vt 0.094015 0.691369
vt 0.109870 0.693452
vt 0.095044 0.698072
vt 0.784265 0.765171
vt 0.782798 0.758345
vt 0.798189 0.766241
vt 0.722033 0.599050
vt 0.722856 0.582868
vt 0.769150 0.412505
vt 0.519928 0.594782
vt 0.519928 0.631648
vt 0.515130 0.625596
vt 0.106107 0.773131
vt 0.076431 0.753090
vt 0.105141 0.765100
vt 0.112348 0.754792
vt 0.112794 0.773447
vt 0.128908 0.846494
vt 0.125438 0.844173
vt 0.128908 0.831661
vt 0.745410 0.527686
vt 0.754110 0.541615
vt 0.745772 0.468348
vt 0.751154 0.468626
vt 0.747984 0.530525
vt 0.289493 0.861609
vt 0.286868 0.882635
vt 0.286868 0.836616
vt 0.290808 0.831369
vt 0.566261 0.750993
vt 0.571491 0.752405
vt 0.566261 0.814267
vt 0.535514 0.212378
vt 0.539498 0.276370
vt 0.535514 0.255039
vt 0.531547 0.212377
vt 0.829777 0.420947
vt 0.825793 0.418291
vt 0.828447 0.411619
vt 0.836418 0.416979
vt 0.605752 0.170446
vt 0.603054 0.148833
vt 0.609823 0.150157
vt 0.612533 0.171830
vt 0.530295 0.205708
vt 0.531612 0.212374
vt 0.515551 0.203045
vt 0.990441 0.910470
vt 0.985279 0.925379
vt 0.978763 0.925987
vt 0.975999 0.910470
vt 0.212057 0.007885
vt 0.518233 0.380354
vt 0.846494 0.909653
vt 0.842261 0.917394
vt 0.841239 0.909470
vt 0.841394 0.905510
vt 0.842508 0.875323
vt 0.846494 0.874156
vt 0.682382 0.424171
vt 0.718066 0.426487
vt 0.716631 0.430418
vt 0.683555 0.429500
vt 0.678263 0.429367
vt 0.674480 0.422577
vt 0.478939 0.314721
vt 0.475976 0.322345
vt 0.675393 0.437214
vt 0.677554 0.454503
vt 0.674683 0.462350
vt 0.484255 0.289653
vt 0.490771 0.297929
vt 0.488174 0.316680
vt 0.807310 0.061083
vt 0.816416 0.063465
vt 0.193362 0.908800
vt 0.191863 0.904279
vt 0.193362 0.868218
vt 0.932158 0.718026
vt 0.932885 0.681361
vt 0.938173 0.684347
vt 0.936399 0.715515
vt 0.938878 0.719735
vt 0.519262 0.669970
vt 0.515276 0.670719
vt 0.515591 0.665181
vt 0.530563 0.671961
vt 0.531091 0.674601
vt 0.820194 0.490268
vt 0.781581 0.494261
vt 0.170547 0.672094
vt 0.068751 0.785333
vt 0.068751 0.820713
vt 0.065678 0.808370
vt 0.174509 0.671978
vt 0.428905 0.926723
vt 0.430697 0.924747
vt 0.431841 0.929397
vt 0.419153 0.919595
vt 0.655863 0.358612
vt 0.659885 0.366468
vt 0.538794 0.433411
vt 0.536123 0.433989
vt 0.534661 0.427251
vt 0.538382 0.425065
vt 0.543561 0.429601
vt 0.963808 0.940289
vt 0.968957 0.942016
vt 0.966404 0.957750
vt 0.962448 0.957436
vt 0.961170 0.940080
vt 0.709083 0.909886
vt 0.713229 0.891918
vt 0.713290 0.909875
vt 0.706319 0.926471
vt 0.699410 0.926471
vt 0.705029 0.908486
vt 0.120284 0.192013
vt 0.124611 0.193445
vt 0.120284 0.210549
vt 0.706319 0.891918
vt 0.124582 0.209131
vt 0.814344 0.049415
vt 0.810608 0.047286
vt 0.815657 0.042775
vt 0.699410 0.891917
vt 0.699349 0.886400
vt 0.706319 0.886389
vt 0.961170 0.973254
vt 0.966539 0.972348
vt 0.592014 0.113869
vt 0.586674 0.112016
vt 0.591089 0.108231
vt 0.595124 0.110006
vt 0.710526 0.926460
vt 0.239673 0.918450
vt 0.236868 0.918484
vt 0.239684 0.901514
vt 0.245365 0.901563
vt 0.245365 0.917103
vt 0.249603 0.934056
vt 0.241096 0.934007
vt 0.736562 0.542064
vt 0.672469 0.471588
vt 0.660052 0.464449
vt 0.661914 0.460685
vt 0.093598 0.519928
vt 0.093598 0.506610
vt 0.099509 0.519299
vt 0.680537 0.105701
vt 0.680537 0.100441
vt 0.705523 0.093868
vt 0.713298 0.567029
vt 0.711933 0.613605
vt 0.862280 0.895442
vt 0.862281 0.849672
vt 0.864896 0.854887
vt 0.774731 0.141799
vt 0.774731 0.094008
vt 0.777744 0.140199
vt 0.864895 0.894103
vt 0.864896 0.898057
vt 0.470516 0.868040
vt 0.472662 0.870219
vt 0.470516 0.885167
vt 0.904855 0.055919
vt 0.583534 0.444076
vt 0.576990 0.445460
vt 0.571806 0.427413
vt 0.578274 0.419209
vt 0.424085 0.647341
vt 0.441406 0.649489
vt 0.416214 0.650201
vt 0.586530 0.451627
vt 0.942972 0.522837
vt 0.944300 0.530670
vt 0.937702 0.526784
vt 0.937720 0.521514
vt 0.000829 0.584382
vt 0.000829 0.547753
vt 0.002148 0.582975
vt 0.518233 0.213709
vt 0.212057 0.193361
vt 0.720695 0.106371
vt 0.716794 0.144906
vt 0.379800 0.895909
vt 0.344342 0.895893
vt 0.379799 0.891938
vt 0.382426 0.893283
vt 0.652727 0.124257
vt 0.073048 0.760556
vt 0.070619 0.760528
vt 0.073048 0.734165
vt 0.958214 0.698966
vt 0.958214 0.717586
vt 0.953050 0.712643
vt 0.538589 0.702547
vt 0.535837 0.684924
vt 0.541413 0.684924
vt 0.965262 0.058380
vt 0.964671 0.070899
vt 0.953212 0.066421
vt 0.957381 0.056284
vt 0.963356 0.039494
vt 0.968957 0.039627
vt 0.968836 0.060779
vt 0.713081 0.207783
vt 0.732797 0.200841
vt 0.715193 0.212960
vt 0.703800 0.210481
vt 0.968957 0.070691
vt 0.736468 0.207186
vt 0.727200 0.219519
vt 0.716765 0.223764
vt 0.703824 0.220131
vt 0.728182 0.226272
vt 0.556811 0.391020
vt 0.556811 0.379806
vt 0.560749 0.390046
vt 0.996976 0.657228
vt 0.995679 0.661119
vt 0.990490 0.657228
vt 0.717747 0.230516
vt 0.706341 0.228023
vt 0.853367 0.783614
vt 0.857607 0.777227
vt 0.671646 0.392219
vt 0.669003 0.401246
vt 0.667680 0.391655
vt 0.664682 0.384512
vt 0.739022 0.467991
vt 0.747441 0.461680
vt 0.754110 0.463378
vt 0.092461 0.752519
vt 0.956066 0.639380
vt 0.941161 0.646687
vt 0.949496 0.625608
vt 0.954282 0.620528
vt 0.781750 0.702211
vt 0.798361 0.700493
vt 0.799460 0.759364
vt 0.067533 0.772419
vt 0.068590 0.777743
vt 0.052715 0.777015
vt 0.053097 0.769089
vt 0.055575 0.716128
vt 0.070899 0.700960
vt 0.814693 0.760422
vt 0.814740 0.764535
vt 0.615213 0.639182
vt 0.589730 0.639182
vt 0.615212 0.631135
vt 0.655257 0.188562
vt 0.648592 0.211320
vt 0.648563 0.187222
vt 0.648592 0.164452
vt 0.396456 0.568402
vt 0.387942 0.577147
vt 0.387349 0.570528
vt 0.655700 0.267484
vt 0.646358 0.264799
vt 0.652904 0.260811
vt 0.652727 0.251471
vt 0.070620 0.787865
vt 0.073048 0.814238
vt 0.070620 0.814267
vt 0.395222 0.553685
vt 0.844257 0.863559
vt 0.938878 0.672135
vt 0.927563 0.679664
vt 0.052197 0.543561
vt 0.052197 0.532927
vt 0.055860 0.536054
vt 0.728649 0.426754
vt 0.721811 0.434536
vt 0.190459 0.672837
vt 0.192876 0.709927
vt 0.173127 0.715817
vt 0.996819 0.716477
vt 0.990490 0.716477
vt 0.992752 0.713884
vt 0.199685 0.716364
vt 0.555622 0.101735
vt 0.555607 0.075442
vt 0.556922 0.093854
vt 0.576601 0.095199
vt 0.576616 0.105711
vt 0.430568 0.901147
vt 0.716997 0.225158
vt 0.728944 0.231645
vt 0.717367 0.237451
vt 0.180471 0.371684
vt 0.172912 0.370736
vt 0.177614 0.366058
vt 0.712970 0.235397
vt 0.982705 0.972632
vt 0.983996 0.988293
vt 0.977341 0.988065
vt 0.977341 0.972204
vt 0.553118 0.747571
vt 0.558471 0.747791
vt 0.554192 0.752996
vt 0.048984 0.771518
vt 0.535878 0.419966
vt 0.542270 0.417202
vt 0.245365 0.895913
vt 0.252389 0.893020
vt 0.745264 0.554618
vt 0.344284 0.521216
vt 0.338484 0.532819
vt 0.336131 0.517327
vt 0.344462 0.509583
vt 0.349997 0.508309
vt 0.348464 0.520270
vt 0.356645 0.530011
vt 0.655128 0.461064
vt 0.653535 0.471588
vt 0.645886 0.689224
vt 0.653738 0.678359
vt 0.653915 0.685049
vt 0.651323 0.691805
vt 0.647385 0.699930
vt 0.655293 0.450342
vt 0.392026 0.607397
vt 0.388060 0.637063
vt 0.382895 0.609575
vt 0.373785 0.582412
vt 0.370898 0.609317
vt 0.367655 0.588311
vt 0.366814 0.579068
vt 0.398744 0.637423
vt 0.381699 0.654949
vt 0.967702 0.163283
vt 0.961272 0.160424
vt 0.961272 0.127699
vt 0.968957 0.131918
vt 0.868292 0.416980
vt 0.872276 0.418307
vt 0.814122 0.685554
vt 0.809277 0.691805
vt 0.808826 0.688080
vt 0.023439 0.626277
vt 0.025782 0.631648
vt 0.021461 0.638093
vt 0.016832 0.625912
vt 0.025782 0.607855
vt 0.809972 0.682298
vt 0.825436 0.670955
vt 0.449278 0.646629
vt 0.416355 0.655522
vt 0.412368 0.655651
vt 0.412115 0.647746
vt 0.958871 0.234030
vt 0.490187 0.077741
vt 0.494146 0.082145
vt 0.490187 0.088087
vt 0.889464 0.186843
vt 0.881474 0.193362
vt 0.880148 0.189380
vt 0.889453 0.181476
vt 0.638552 0.565317
vt 0.636903 0.583950
vt 0.635689 0.589093
vt 0.531547 0.381688
vt 0.531547 0.345693
vt 0.589809 0.639134
vt 0.585816 0.636433
vt 0.341717 0.830268
vt 0.345655 0.832862
vt 0.346967 0.842007
vt 0.826687 0.774330
vt 0.832758 0.761248
vt 0.835752 0.782040
vt 0.827220 0.781296
vt 0.817485 0.782040
vt 0.530230 0.339026
vt 0.520899 0.348359
vt 0.520899 0.321695
vt 0.531563 0.320362
vt 0.569087 0.529688
vt 0.554439 0.543561
vt 0.560937 0.529455
vt 0.562333 0.518315
vt 0.569343 0.523633
vt 0.332092 0.967080
vt 0.334475 0.961463
vt 0.338993 0.968957
vt 0.561043 0.497995
vt 0.332092 0.936103
vt 0.338216 0.955379
vt 0.348051 0.960762
vt 0.662404 0.400309
vt 0.647196 0.760257
vt 0.648283 0.750868
vt 0.655078 0.756113
vt 0.661849 0.760017
vt 0.661885 0.765391
vt 0.645886 0.767001
vt 0.892307 0.311485
vt 0.895909 0.295839
vt 0.895909 0.313676
vt 0.967704 0.197659
vt 0.963460 0.197146
vt 0.970629 0.191582
vt 0.255224 0.936831
vt 0.252389 0.942465
vt 0.245365 0.939707
vt 0.693754 0.730953
vt 0.678139 0.795198
vt 0.679299 0.732004
vt 0.941319 0.628146
vt 0.941161 0.611507
vt 0.945221 0.610241
vt 0.662250 0.448645
vt 0.659065 0.442818
vt 0.663201 0.442063
vt 0.858357 0.729837
vt 0.859385 0.736468
vt 0.855489 0.734965
vt 0.358793 0.760577
vt 0.352044 0.759371
vt 0.358225 0.754554
vt 0.351041 0.769150
vt 0.022903 0.453326
vt 0.021043 0.441920
vt 0.027930 0.441920
vt 0.586530 0.501269
vt 0.581300 0.500248
vt 0.585670 0.491599
vt 0.581300 0.507037
vt 0.952734 0.708993
vt 0.945167 0.704843
vt 0.958214 0.692000
vt 0.100978 0.505843
vt 0.051711 0.713263
vt 0.051400 0.692055
vt 0.056952 0.687024
vt 0.820265 0.655281
vt 0.808406 0.653256
vt 0.820000 0.646683
vt 0.825010 0.650063
vt 0.530230 0.255037
vt 0.531547 0.248372
vt 0.676909 0.639182
vt 0.651425 0.631135
vt 0.682257 0.631144
vt 0.035767 0.004151
vt 0.043976 0.002553
vt 0.035932 0.010931
vt 0.026212 0.004324
vt 0.634043 0.120227
vt 0.655700 0.108131
vt 0.635293 0.129617
vt 0.623274 0.126932
vt 0.618066 0.117530
vt 0.627527 0.112157
vt 0.203041 0.604782
vt 0.196223 0.599675
vt 0.205325 0.595429
vt 0.211058 0.607201
vt 0.204655 0.614024
vt 0.185077 0.670341
vt 0.186911 0.642416
vt 0.189048 0.668895
vt 0.644576 0.187216
vt 0.635204 0.163112
vt 0.635264 0.138997
vt 0.781581 0.540862
vt 0.778913 0.519570
vt 0.097214 0.064344
vt 0.090148 0.009314
vt 0.101286 0.043344
vt 0.055847 0.301530
vt 0.055847 0.281036
vt 0.059994 0.192224
vt 0.055847 0.218186
vt 0.055847 0.189494
vt 0.059994 0.167631
vt 0.055847 0.166267
vt 0.065492 0.078820
vt 0.064125 0.073355
vt 0.344341 0.890625
vt 0.858467 0.757505
vt 0.854342 0.761262
vt 0.854571 0.756002
vt 0.666196 0.420996
vt 0.635264 0.236750
vt 0.635204 0.212658
vt 0.968516 0.569614
vt 0.968516 0.563962
vt 0.972730 0.566779
vt 0.267449 0.588679
vt 0.267854 0.583719
vt 0.272855 0.584124
vt 0.847891 0.758362
vt 0.847997 0.755716
vt 0.654039 0.697132
vt 0.045912 0.099561
vt 0.993277 0.611039
vt 0.990490 0.609646
vt 0.997457 0.609646
vt 0.248737 0.832671
vt 0.246111 0.830030
vt 0.994017 0.920836
vt 0.990490 0.920836
vt 0.991917 0.917971
vt 0.053668 0.281148
vt 0.047276 0.167877
vt 0.046512 0.129620
vt 0.051376 0.166377
vt 0.051840 0.189605
vt 0.041276 0.073717
vt 0.045203 0.064037
vt 0.049958 0.095329
vt 0.050613 0.128121
vt 0.632734 0.258147
vt 0.633984 0.250130
vt 0.385062 0.677276
vt 0.405358 0.680740
vt 0.379069 0.684461
vt 0.363934 0.679197
vt 0.683518 0.430823
vt 0.802715 0.063773
vt 0.793321 0.047689
vt 0.806788 0.070665
vt 0.648836 0.590827
vt 0.572536 0.801377
vt 0.572536 0.782244
vt 0.575788 0.795446
vt 0.520899 0.296365
vt 0.520899 0.272368
vt 0.523581 0.288366
vt 0.171165 0.837880
vt 0.174025 0.846494
vt 0.163920 0.845039
vt 0.158161 0.836415
vt 0.163920 0.829237
vt 0.174025 0.827819
vt 0.523581 0.305697
vt 0.689707 0.886393
vt 0.689768 0.882235
vt 0.530546 0.421153
vt 0.532516 0.410893
vt 0.592905 0.102841
vt 0.586196 0.100865
vt 0.589521 0.094240
vt 0.595124 0.093364
vt 0.699471 0.934752
vt 0.689768 0.936139
vt 0.520899 0.245705
vt 0.852940 0.479305
vt 0.859385 0.618277
vt 0.849001 0.512263
vt 0.847683 0.491169
vt 0.842410 0.483259
vt 0.944011 0.667675
vt 0.950160 0.689874
vt 0.685736 0.093903
vt 0.696272 0.087319
vt 0.697618 0.074150
vt 0.709469 0.075456
vt 0.711543 0.626912
vt 0.246111 0.886567
vt 0.615254 0.150216
vt 0.615254 0.170535
vt 0.612533 0.177248
vt 0.487701 0.262112
vt 0.482718 0.260624
vt 0.487701 0.248541
vt 0.027930 0.008825
vt 0.027930 0.034375
vt 0.026030 0.025356
vt 0.425554 0.876276
vt 0.431841 0.871930
vt 0.431841 0.891612
vt 0.968957 0.560749
vt 0.963203 0.555417
vt 0.968957 0.527792
vt 0.473408 0.655235
vt 0.446889 0.655985
vt 0.426963 0.655222
vt 0.471934 0.911052
vt 0.471932 0.891076
vt 0.478588 0.895096
vt 0.481256 0.913771
vt 0.479896 0.920273
vt 0.471932 0.921690
vt 0.880149 0.180089
vt 0.888124 0.161537
vt 0.821034 0.665875
vt 0.823361 0.669327
vt 0.819175 0.666123
vt 0.543561 0.195082
vt 0.543561 0.234182
vt 0.539468 0.232942
vt 0.535613 0.199405
vt 0.644539 0.732626
vt 0.636575 0.732537
vt 0.637917 0.728652
vt 0.637915 0.708759
vt 0.644539 0.703463
vt 0.684019 0.459965
vt 0.931034 0.713884
vt 0.411133 0.392471
vt 0.411118 0.425396
vt 0.409761 0.392471
vt 0.412505 0.388307
vt 0.382426 0.847323
vt 0.379799 0.852559
vt 0.379799 0.835473
vt 0.544635 0.732345
vt 0.798373 0.043178
vt 0.802054 0.044130
vt 0.810991 0.062035
vt 0.409761 0.385529
vt 0.963148 0.766285
vt 0.957991 0.771298
vt 0.959373 0.761947
vt 0.966019 0.759684
vt 0.968957 0.770261
vt 0.878558 0.191044
vt 0.878517 0.197920
vt 0.871782 0.189610
vt 0.822391 0.842197
vt 0.815556 0.837448
vt 0.172912 0.361318
vt 0.176174 0.547858
vt 0.169452 0.542848
vt 0.176174 0.535254
vt 0.841444 0.785775
vt 0.846850 0.782012
vt 0.847710 0.762290
vt 0.816233 0.827497
vt 0.816864 0.818967
vt 0.827093 0.816802
vt 0.831455 0.815670
vt 0.842410 0.542584
vt 0.847683 0.534674
vt 0.861491 0.062631
vt 0.861444 0.070878
vt 0.857278 0.070859
vt 0.857325 0.062611
vt 0.857342 0.054315
vt 0.861523 0.039096
vt 0.413598 0.427544
vt 0.413598 0.416406
vt 0.419576 0.424140
vt 0.779374 0.119397
vt 0.786337 0.122181
vt 0.780737 0.127704
vt 0.527596 0.297697
vt 0.532913 0.296365
vt 0.538229 0.317696
vt 0.543561 0.297699
vt 0.885167 0.210366
vt 0.885167 0.230972
vt 0.879673 0.214454
vt 0.882563 0.206202
vt 0.108775 0.612019
vt 0.114579 0.616414
vt 0.105907 0.619248
vt 0.990490 0.399808
vt 0.993598 0.392270
vt 0.998111 0.399808
vt 0.116017 0.625128
vt 0.105907 0.630851
vt 0.552716 0.535409
vt 0.556155 0.522253
vt 0.250986 0.898688
vt 0.252389 0.918449
vt 0.077345 0.731583
vt 0.077345 0.749813
vt 0.074845 0.748334
vt 0.661481 0.588679
vt 0.661481 0.568775
vt 0.664470 0.566997
vt 0.666023 0.586772
vt 0.807704 0.041212
vt 0.812461 0.038003
vt 0.538229 0.276368
vt 0.531563 0.273702
vt 0.990490 0.266184
vt 0.993311 0.259108
vt 0.998609 0.266184
vt 0.663080 0.491998
vt 0.660213 0.484764
vt 0.668883 0.487602
vt 0.513483 0.103126
vt 0.506795 0.103126
vt 0.506809 0.089878
vt 0.884915 0.252999
vt 0.871150 0.255667
vt 0.869708 0.251550
vt 0.880839 0.244723
vt 0.869903 0.239150
vt 0.857551 0.240446
vt 0.870073 0.230876
vt 0.876917 0.230923
vt 0.871367 0.224031
vt 0.857656 0.222568
vt 0.871401 0.213035
vt 0.388872 0.920941
vt 0.380906 0.918812
vt 0.383637 0.904096
vt 0.861465 0.037612
vt 0.854559 0.045968
vt 0.847619 0.039002
vt 0.857344 0.030731
vt 0.857369 0.025222
vt 0.380906 0.932433
vt 0.847678 0.028001
vt 0.847689 0.016917
vt 0.857367 0.016893
vt 0.861533 0.016913
vt 0.857335 0.008515
vt 0.847667 0.008556
vt 0.847624 0.001548
vt 0.854031 0.390162
vt 0.864299 0.392235
vt 0.849635 0.389029
vt 0.861502 0.008535
vt 0.081997 0.725009
vt 0.088501 0.739071
vt 0.073873 0.725252
vt 0.080611 0.713924
vt 0.086792 0.717859
vt 0.090235 0.730969
vt 0.779374 0.137502
vt 0.786317 0.134683
vt 0.803525 0.074062
vt 0.796427 0.075196
vt 0.800339 0.063725
vt 0.135377 0.934723
vt 0.132320 0.956066
vt 0.129881 0.945708
vt 0.127437 0.935276
vt 0.119507 0.920664
vt 0.122557 0.914524
vt 0.808406 0.646044
vt 0.808406 0.624407
vt 0.139650 0.941456
vt 0.642836 0.750431
vt 0.644539 0.762704
vt 0.635776 0.762704
vt 0.117062 0.953031
vt 0.864925 0.400770
vt 0.867254 0.393486
vt 0.867979 0.403454
vt 0.865623 0.410794
vt 0.819811 0.638112
vt 0.073638 0.719241
vt 0.081928 0.693718
vt 0.086103 0.695546
vt 0.664524 0.676812
vt 0.657982 0.687660
vt 0.676407 0.095293
vt 0.673776 0.091347
vt 0.683013 0.091329
vt 0.944011 0.696936
vt 0.368510 0.568230
vt 0.393375 0.563273
vt 0.362372 0.574147
vt 0.358938 0.565039
vt 0.373223 0.561078
vt 0.615242 0.144738
vt 0.828448 0.391700
vt 0.825792 0.386388
vt 0.835091 0.389092
vt 0.833763 0.385108
vt 0.870948 0.385092
vt 0.436138 0.601439
vt 0.436138 0.638093
vt 0.430700 0.637913
vt 0.430608 0.603949
vt 0.969705 0.478247
vt 0.974904 0.478263
vt 0.549620 0.637765
vt 0.550976 0.635072
vt 0.990490 0.475083
vt 0.997961 0.475083
vt 0.993281 0.479764
vt 0.990490 0.834395
vt 0.995938 0.834395
vt 0.993686 0.837929
vt 0.017188 0.520559
vt 0.014255 0.524225
vt 0.014255 0.511502
vt 0.999976 0.022006
vt 0.992508 0.024816
vt 0.990490 0.022006
vt 0.974119 0.563944
vt 0.982558 0.562517
vt 0.983996 0.566764
vt 0.848915 0.734679
vt 0.840050 0.756688
vt 0.839653 0.735593
vt 0.459771 0.029928
vt 0.457606 0.033689
vt 0.451063 0.024948
vt 0.992665 0.278007
vt 0.990490 0.274336
vt 0.998751 0.274336
vt 0.451063 0.036524
vt 0.999401 0.078042
vt 0.992682 0.075348
vt 0.999401 0.069613
vt 0.999288 0.120591
vt 0.990490 0.120591
vt 0.994147 0.114929
vt 0.995030 0.458681
vt 0.997905 0.465422
vt 0.990490 0.465422
vt 0.998134 0.435783
vt 0.990490 0.435783
vt 0.997161 0.431001
vt 0.351041 0.754616
vt 0.871494 0.207522
vt 0.868767 0.208875
vt 0.868907 0.200607
vt 0.871665 0.199248
vt 0.414653 0.640242
vt 0.411615 0.639341
vt 0.414653 0.628612
vt 0.640951 0.459771
vt 0.640951 0.446603
vt 0.646687 0.451122
vt 0.140064 0.971710
vt 0.152541 0.974480
vt 0.149767 0.978589
vt 0.142836 0.978590
vt 0.140064 0.984152
vt 0.796427 0.062838
vt 0.670320 0.478887
vt 0.660213 0.473158
vt 0.665992 0.470214
vt 0.274828 0.597871
vt 0.281449 0.602008
vt 0.274828 0.610163
vt 0.666023 0.687519
vt 0.188617 0.581680
vt 0.192696 0.587723
vt 0.186910 0.593137
vt 0.184069 0.579865
vt 0.187200 0.575018
vt 0.193362 0.577864
vt 0.503598 0.026084
vt 0.726856 0.236118
vt 0.738077 0.237276
vt 0.728957 0.241280
vt 0.776427 0.928447
vt 0.782040 0.932342
vt 0.776427 0.937103
vt 0.841771 0.777855
vt 0.817432 0.811860
vt 0.997914 0.502858
vt 0.990490 0.502858
vt 0.991988 0.499831
vt 0.425815 0.959471
vt 0.427544 0.968714
vt 0.422221 0.957896
vt 0.847609 0.070899
vt 0.844842 0.066741
vt 0.847646 0.062636
vt 0.846265 0.058478
vt 0.847656 0.051552
vt 0.844871 0.045976
vt 0.534967 0.620906
vt 0.533550 0.616344
vt 0.534967 0.597470
vt 0.877753 0.467560
vt 0.883018 0.443380
vt 0.881860 0.465882
vt 0.883018 0.481256
vt 0.006445 0.338075
vt 0.004832 0.352188
vt 0.001448 0.356669
vt 0.981133 0.586530
vt 0.981170 0.572416
vt 0.976907 0.583709
vt 0.673825 0.241346
vt 0.676766 0.229705
vt 0.676766 0.242776
vt 0.267449 0.574314
vt 0.270557 0.574198
vt 0.397137 0.950025
vt 0.404704 0.948966
vt 0.398700 0.956334
vt 0.835135 0.524225
vt 0.838497 0.518249
vt 0.844415 0.521573
vt 0.777743 0.616609
vt 0.768589 0.614008
vt 0.774443 0.610762
vt 0.940644 0.858866
vt 0.944969 0.862767
vt 0.935436 0.862886
vt 0.844883 0.033507
vt 0.846299 0.021072
vt 0.844892 0.012710
vt 0.990490 0.071608
vt 0.180471 0.524225
vt 0.175772 0.522698
vt 0.180471 0.513647
vt 0.731697 0.669887
vt 0.734774 0.681063
vt 0.726738 0.681063
vt 0.997029 0.153753
vt 0.990490 0.145809
vt 0.999017 0.145809
vt 0.990490 0.166674
vt 0.996220 0.160882
vt 0.999091 0.166674
vt 0.198789 0.640740
vt 0.200755 0.661917
vt 0.192838 0.663477
vt 0.574002 0.079399
vt 0.567442 0.074128
vt 0.576632 0.074138
vt 0.973891 0.384402
vt 0.971011 0.378635
vt 0.979678 0.383058
vt 0.971011 0.401762
vt 0.567234 0.186742
vt 0.571491 0.164162
vt 0.571491 0.189065
vt 0.584349 0.631144
vt 0.580309 0.627130
vt 0.615165 0.627140
vt 0.813213 0.830147
vt 0.813941 0.820196
vt 0.111687 0.633796
vt 0.073048 0.986090
vt 0.067325 0.986144
vt 0.067325 0.970358
vt 0.552716 0.503874
vt 0.556830 0.499859
vt 0.658597 0.729239
vt 0.658266 0.710473
vt 0.792783 0.584559
vt 0.792783 0.603718
vt 0.787285 0.596867
vt 0.948535 0.247617
vt 0.949717 0.234892
vt 0.951769 0.240199
vt 0.951769 0.251370
vt 0.303920 0.908999
vt 0.307230 0.912599
vt 0.303920 0.926768
vt 0.662983 0.746583
vt 0.661696 0.747940
vt 0.998662 0.288379
vt 0.998652 0.290446
vt 0.990490 0.288379
vt 0.781633 0.939700
vt 0.777687 0.945324
vt 0.664435 0.754608
vt 0.538146 0.411073
vt 0.538037 0.404108
vt 0.259473 0.890227
vt 0.266527 0.890210
vt 0.263691 0.895845
vt 0.258060 0.897291
vt 0.816168 0.033216
vt 0.810360 0.034848
vt 0.808770 0.029024
vt 0.814855 0.026077
vt 0.689768 0.891910
vt 0.682920 0.889134
vt 0.689768 0.926464
vt 0.689707 0.932004
vt 0.682920 0.929216
vt 0.962924 0.187589
vt 0.964255 0.180452
vt 0.970367 0.183384
vt 0.588770 0.087267
vt 0.594513 0.085032
vt 0.681508 0.934750
vt 0.651377 0.627140
vt 0.660710 0.697021
vt 0.763465 0.343573
vt 0.767001 0.354887
vt 0.762641 0.353955
vt 0.757064 0.345218
vt 0.760032 0.338315
vt 0.766587 0.329161
vt 0.038719 0.013609
vt 0.043019 0.023075
vt 0.040840 0.051856
vt 0.898899 0.835272
vt 0.900206 0.871872
vt 0.897591 0.874504
vt 0.864896 0.837871
vt 0.681042 0.636433
vt 0.717587 0.837230
vt 0.717586 0.885167
vt 0.714583 0.883524
vt 0.367980 0.872257
vt 0.367980 0.849933
vt 0.214091 0.709304
vt 0.228840 0.715508
vt 0.556922 0.046510
vt 0.558221 0.064931
vt 0.256637 0.918465
vt 0.995087 0.897147
vt 0.990490 0.897147
vt 0.990490 0.892550
vt 0.994172 0.894368
vt 0.635808 0.967065
vt 0.640242 0.965588
vt 0.638633 0.973003
vt 0.634233 0.972997
vt 0.152541 0.984150
vt 0.146996 0.988293
vt 0.417188 0.414362
vt 0.421099 0.418501
vt 0.635808 0.980369
vt 0.640242 0.981847
vt 0.259473 0.945324
vt 0.263691 0.939639
vt 0.266527 0.945306
vt 0.684312 0.084763
vt 0.945498 0.678874
vt 0.507816 0.701599
vt 0.515486 0.707648
vt 0.508089 0.712461
vt 0.487701 0.194335
vt 0.483585 0.202834
vt 0.480651 0.198583
vt 0.360428 0.582361
vt 0.876666 0.874503
vt 0.900205 0.892796
vt 0.900206 0.898042
vt 0.862282 0.836595
vt 0.346968 0.872257
vt 0.365352 0.843320
vt 0.631107 0.713290
vt 0.631107 0.678435
vt 0.640242 0.682557
vt 0.960363 0.955152
vt 0.949928 0.962511
vt 0.949928 0.922190
vt 0.618509 0.275003
vt 0.618509 0.262963
vt 0.623054 0.271727
vt 0.123731 0.719473
vt 0.118233 0.719735
vt 0.145458 0.712926
vt 0.148244 0.703673
vt 0.115013 0.713685
vt 0.116649 0.700612
vt 0.142211 0.692911
vt 0.147602 0.696912
vt 0.071934 0.974279
vt 0.077389 0.969919
vt 0.074501 0.981847
vt 0.917394 0.483562
vt 0.917394 0.491025
vt 0.910865 0.486724
vt 0.914724 0.511334
vt 0.344341 0.869615
vt 0.965799 0.742497
vt 0.960029 0.738523
vt 0.534981 0.647915
vt 0.541798 0.644822
vt 0.537999 0.653379
vt 0.787230 0.557429
vt 0.790634 0.563126
vt 0.785177 0.563893
vt 0.781965 0.556813
vt 0.966656 0.736259
vt 0.968957 0.742928
vt 0.731813 0.571352
vt 0.727384 0.566246
vt 0.997806 0.479812
vt 0.997766 0.487078
vt 0.992747 0.483171
vt 0.731143 0.565729
vt 0.736797 0.573589
vt 0.838162 0.769778
vt 0.545710 0.380235
vt 0.545710 0.393169
vt 0.543563 0.389818
vt 0.045862 0.707590
vt 0.047266 0.697618
vt 0.047266 0.713290
vt 0.048179 0.441059
vt 0.053712 0.441059
vt 0.049770 0.451177
vt 0.636543 0.187216
vt 0.627201 0.187209
vt 0.680785 0.727672
vt 0.676494 0.726140
vt 0.943929 0.606124
vt 0.949987 0.605163
vt 0.876666 0.852272
vt 0.360942 0.288359
vt 0.360942 0.311573
vt 0.356815 0.285678
vt 0.702138 0.562897
vt 0.698561 0.557923
vt 0.713145 0.557225
vt 0.948168 0.133952
vt 0.958214 0.126725
vt 0.958214 0.165432
vt 0.885820 0.845702
vt 0.897590 0.844379
vt 0.604977 0.692036
vt 0.608015 0.704063
vt 0.604977 0.715438
vt 0.428116 0.054672
vt 0.429693 0.078991
vt 0.428116 0.092384
vt 0.176174 0.950787
vt 0.176174 0.963931
vt 0.166309 0.966808
vt 0.170381 0.949430
vt 0.171477 0.940462
vt 0.349968 0.318486
vt 0.339033 0.314405
vt 0.339033 0.288459
vt 0.349968 0.281615
vt 0.880148 0.160150
vt 0.880153 0.132278
vt 0.882804 0.152187
vt 0.884131 0.158824
vt 0.494632 0.026250
vt 0.476314 0.034247
vt 0.456750 0.036891
vt 0.726559 0.500886
vt 0.724287 0.487598
vt 0.325785 0.955737
vt 0.328310 0.966808
vt 0.317441 0.963464
vt 0.316638 0.953542
vt 0.323673 0.946270
vt 0.330863 0.946117
vt 0.330863 0.958981
vt 0.055847 0.128011
vt 0.055847 0.095220
vt 0.059994 0.063792
vt 0.064125 0.051494
vt 0.055847 0.000945
vt 0.061360 0.022803
vt 0.055847 0.063795
vt 0.107814 0.371335
vt 0.106449 0.302755
vt 0.119964 0.305366
vt 0.121388 0.376927
vt 0.568174 0.616438
vt 0.584269 0.620462
vt 0.753253 0.392715
vt 0.752059 0.374586
vt 0.756259 0.374308
vt 0.756259 0.395317
vt 0.990490 0.852274
vt 0.995741 0.851252
vt 0.995741 0.855405
vt 0.006445 0.358793
vt 0.713516 0.985069
vt 0.708821 0.988293
vt 0.709538 0.982151
vt 0.717586 0.976251
vt 0.356356 0.342367
vt 0.360942 0.349524
vt 0.355671 0.350199
vt 0.360942 0.339723
vt 0.993762 0.509702
vt 0.990490 0.506912
vt 0.997887 0.506912
vt 0.553118 0.812119
vt 0.555174 0.794722
vt 0.299563 0.597273
vt 0.299563 0.579091
vt 0.302351 0.584692
vt 0.305082 0.587507
vt 0.998859 0.228722
vt 0.998859 0.235130
vt 0.990490 0.231246
vt 0.813538 0.700187
vt 0.818890 0.691865
vt 0.823112 0.693138
vt 0.823098 0.765726
vt 0.990490 0.903733
vt 0.995015 0.903733
vt 0.993524 0.906731
vt 0.996487 0.741050
vt 0.994997 0.744085
vt 0.990490 0.741050
vt 0.450519 0.690382
vt 0.473136 0.692397
vt 0.474584 0.696320
vt 0.306483 0.934581
vt 0.194108 0.582693
vt 0.197659 0.575219
vt 0.197659 0.595042
vt 0.195590 0.597273
vt 0.670685 0.947092
vt 0.670653 0.961830
vt 0.665953 0.949525
vt 0.994553 0.292503
vt 0.990490 0.287566
vt 0.998701 0.284892
vt 0.998701 0.288331
vt 0.990490 0.069564
vt 0.997171 0.065741
vt 0.999658 0.069564
vt 0.100066 0.983812
vt 0.092551 0.981961
vt 0.095915 0.977239
vt 0.105275 0.983996
vt 0.464068 0.423247
vt 0.460451 0.419979
vt 0.464068 0.411576
vt 0.708821 0.972174
vt 0.046049 0.411855
vt 0.048757 0.400683
vt 0.051563 0.412505
vt 0.812538 0.089861
vt 0.812270 0.082368
vt 0.816922 0.088193
vt 0.816291 0.094532
vt 0.040706 0.412505
vt 0.043414 0.401333
vt 0.812119 0.979980
vt 0.809669 0.981847
vt 0.804774 0.979413
vt 0.803544 0.975749
vt 0.809658 0.972651
vt 0.382426 0.968873
vt 0.376668 0.971105
vt 0.376668 0.954537
vt 0.360228 0.532819
vt 0.360228 0.519132
vt 0.363090 0.531735
vt 0.734295 0.158441
vt 0.736923 0.159278
vt 0.733427 0.169711
vt 0.729083 0.169729
vt 0.729083 0.156728
vt 0.804754 0.970246
vt 0.820713 0.083294
vt 0.820713 0.092878
vt 0.857237 0.144200
vt 0.857237 0.165432
vt 0.855490 0.158903
vt 0.983996 0.201989
vt 0.983996 0.216995
vt 0.978208 0.203623
vt 0.978412 0.075589
vt 0.981847 0.079438
vt 0.978688 0.088555
vt 0.973053 0.079194
vt 0.048984 0.686604
vt 0.338325 0.508120
vt 0.349064 0.498354
vt 0.356645 0.493673
vt 0.704358 0.548565
vt 0.713290 0.547105
vt 0.781536 0.859385
vt 0.782916 0.823374
vt 0.790634 0.858042
vt 0.563437 0.474810
vt 0.563437 0.439193
vt 0.569010 0.437587
vt 0.573640 0.441082
vt 0.163334 0.962076
vt 0.160394 0.957274
vt 0.163126 0.945654
vt 0.085938 0.978935
vt 0.085016 0.967342
vt 0.543831 0.574943
vt 0.552155 0.568906
vt 0.552155 0.605866
vt 0.116269 0.345773
vt 0.116901 0.377055
vt 0.116968 0.305464
vt 0.961994 0.256964
vt 0.964660 0.292191
vt 0.955539 0.292191
vt 0.200835 0.771298
vt 0.194968 0.767752
vt 0.200145 0.764428
vt 0.204104 0.762670
vt 0.905943 0.576046
vt 0.908800 0.584432
vt 0.904599 0.580241
vt 0.666503 0.361209
vt 0.670438 0.380892
vt 0.096041 0.004671
vt 0.112419 0.001258
vt 0.109572 0.008811
vt 0.560936 0.753271
vt 0.560684 0.758640
vt 0.365503 0.540960
vt 0.371684 0.544392
vt 0.364927 0.546729
vt 0.103176 0.977115
vt 0.105275 0.964328
vt 0.468962 0.134159
vt 0.470513 0.144892
vt 0.468962 0.174025
vt 0.371684 0.554303
vt 0.006445 0.362968
vt 0.002110 0.371684
vt 0.002110 0.360775
vt 0.608068 0.489849
vt 0.608068 0.464874
vt 0.612312 0.487532
vt 0.686265 0.627130
vt 0.682177 0.620462
vt 0.698272 0.616438
vt 0.136695 0.370386
vt 0.123200 0.375981
vt 0.138051 0.301806
vt 0.048076 0.001053
vt 0.049331 0.063904
vt 0.696842 0.550312
vt 0.697214 0.538939
vt 0.705698 0.540210
vt 0.995138 0.027504
vt 0.999805 0.030653
vt 0.990490 0.030653
vt 0.383962 0.636138
vt 0.380377 0.640425
vt 0.378207 0.631319
vt 0.360579 0.656853
vt 0.365972 0.643066
vt 0.101731 0.065707
vt 0.114860 0.048937
vt 0.115186 0.065336
vt 0.116225 0.117516
vt 0.103096 0.134287
vt 0.104223 0.190940
vt 0.103719 0.165595
vt 0.117263 0.169697
vt 0.117679 0.190569
vt 0.105054 0.232684
vt 0.105766 0.268465
vt 0.118569 0.235295
vt 0.119252 0.269585
vt 0.860432 0.212963
vt 0.967074 0.880870
vt 0.962029 0.872756
vt 0.971224 0.877362
vt 0.608385 0.180436
vt 0.614460 0.179578
vt 0.614027 0.185185
vt 0.608385 0.189065
vt 0.931525 0.882214
vt 0.929815 0.873589
vt 0.844842 0.002914
vt 0.936702 0.893144
vt 0.930520 0.886018
vt 0.944525 0.899356
vt 0.757064 0.358793
vt 0.565046 0.545709
vt 0.558330 0.543781
vt 0.565046 0.535730
vt 0.687508 0.846494
vt 0.683212 0.832110
vt 0.687508 0.829616
vt 0.554078 0.577936
vt 0.554078 0.565916
vt 0.558600 0.571854
vt 0.090235 0.699569
vt 0.196539 0.993533
vt 0.189938 0.994738
vt 0.192955 0.988690
vt 0.074535 0.765068
vt 0.075670 0.758285
vt 0.079493 0.768764
vt 0.074535 0.771298
vt 0.725767 0.073672
vt 0.729396 0.068738
vt 0.728024 0.076832
vt 0.117062 0.922457
vt 0.745517 0.751519
vt 0.745517 0.767001
vt 0.739854 0.766969
vt 0.958214 0.899010
vt 0.950538 0.902354
vt 0.958214 0.869098
vt 0.869813 0.145124
vt 0.874424 0.160170
vt 0.869813 0.178322
vt 0.819988 0.433989
vt 0.813331 0.421652
vt 0.822861 0.421652
vt 0.972365 0.337004
vt 0.972365 0.325038
vt 0.975507 0.330326
vt 0.979699 0.331386
vt 0.978648 0.341606
vt 0.729913 0.666428
vt 0.722368 0.674617
vt 0.723834 0.662757
vt 0.726514 0.655765
vt 0.730477 0.655600
vt 0.903759 0.424433
vt 0.905923 0.415166
vt 0.908962 0.421690
vt 0.910948 0.429930
vt 0.903759 0.436138
vt 0.052440 0.219664
vt 0.141412 0.131847
vt 0.140763 0.164646
vt 0.128005 0.132969
vt 0.128330 0.116569
vt 0.142738 0.064758
vt 0.139437 0.231735
vt 0.138729 0.267516
vt 0.126001 0.234348
vt 0.126885 0.189622
vt 0.140262 0.189991
vt 0.124615 0.304419
vt 0.125323 0.268638
vt 0.689681 0.072862
vt 0.041031 0.451177
vt 0.041031 0.440858
vt 0.045118 0.442912
vt 0.689727 0.070203
vt 0.706823 0.064944
vt 0.681508 0.883611
vt 0.674629 0.890515
vt 0.673247 0.884986
vt 0.532122 0.402610
vt 0.531728 0.394326
vt 0.536303 0.396098
vt 0.665953 0.977550
vt 0.562897 0.769490
vt 0.733253 0.251720
vt 0.686436 0.453326
vt 0.686436 0.438744
vt 0.691805 0.451747
vt 0.763808 0.983140
vt 0.765868 0.984737
vt 0.759816 0.988293
vt 0.997252 0.619196
vt 0.990490 0.621450
vt 0.990490 0.616941
vt 0.996821 0.620544
vt 0.990490 0.900203
vt 0.990508 0.898681
vt 0.995001 0.900203
vt 0.763112 0.977654
vt 0.767001 0.979018
vt 0.857668 0.230808
vt 0.854924 0.234911
vt 0.847983 0.230761
vt 0.854965 0.228035
vt 0.524225 0.571430
vt 0.518971 0.582233
vt 0.518839 0.571430
vt 0.860213 0.250095
vt 0.864375 0.254234
vt 0.854781 0.254170
vt 0.853369 0.250048
vt 0.589511 0.079047
vt 0.593901 0.076701
vt 0.673247 0.933362
vt 0.674629 0.927833
vt 0.812119 0.964583
vt 0.152755 0.677956
vt 0.156415 0.668553
vt 0.161135 0.670380
vt 0.158252 0.680951
vt 0.161135 0.687484
vt 0.157399 0.691805
vt 0.315137 0.515631
vt 0.315137 0.502401
vt 0.322269 0.504600
vt 0.648836 0.434596
vt 0.640620 0.442583
vt 0.643973 0.436122
vt 0.640620 0.424283
vt 0.644624 0.423857
vt 0.809048 0.961563
vt 0.371493 0.630582
vt 0.476038 0.633839
vt 0.479107 0.638459
vt 0.476038 0.644539
vt 0.207735 0.673656
vt 0.736125 0.223785
vt 0.740593 0.225925
vt 0.427544 0.978674
vt 0.415523 0.983481
vt 0.395431 0.970601
vt 0.835135 0.503552
vt 0.846494 0.506127
vt 0.406765 0.983996
vt 0.974707 0.361767
vt 0.974682 0.344676
vt 0.980389 0.346029
vt 0.986144 0.363090
vt 0.777743 0.596305
vt 0.766544 0.598842
vt 0.502740 0.414653
vt 0.491374 0.414350
vt 0.501139 0.397135
vt 0.973053 0.100978
vt 0.973337 0.092212
vt 0.980223 0.099997
vt 0.439945 0.602681
vt 0.446880 0.604212
vt 0.439945 0.616609
vt 0.936730 0.006220
vt 0.933068 0.021485
vt 0.933068 0.003836
vt 0.936312 0.001256
vt 0.225356 0.513483
vt 0.219492 0.502753
vt 0.225589 0.502753
vt 0.839371 0.659578
vt 0.845893 0.651307
vt 0.849774 0.658089
vt 0.354769 0.505766
vt 0.358793 0.515763
vt 0.354769 0.517780
vt 0.249914 0.601570
vt 0.253393 0.593041
vt 0.255667 0.596586
vt 0.554124 0.625929
vt 0.553380 0.618277
vt 0.560382 0.620461
vt 0.552975 0.633796
vt 0.507764 0.962005
vt 0.515631 0.961145
vt 0.515211 0.965747
vt 0.507764 0.977550
vt 0.114622 0.037010
vt 0.362579 0.036074
vt 0.358423 0.010062
vt 0.369507 0.003210
vt 0.370876 0.034701
vt 0.362579 0.047027
vt 0.116551 0.133916
vt 0.362579 0.125070
vt 0.362579 0.110009
vt 0.370876 0.110005
vt 0.370876 0.125066
vt 0.362579 0.157930
vt 0.362579 0.177099
vt 0.370876 0.157926
vt 0.370876 0.177094
vt 0.362579 0.218174
vt 0.362579 0.249665
vt 0.370876 0.218170
vt 0.370876 0.251030
vt 0.362579 0.282525
vt 0.624524 0.152392
vt 0.621846 0.187208
vt 0.620537 0.143013
vt 0.995655 0.856903
vt 0.990490 0.860178
vt 0.990490 0.855454
vt 0.103126 0.223440
vt 0.097115 0.222244
vt 0.100651 0.219813
vt 0.556452 0.496295
vt 0.550630 0.496295
vt 0.552535 0.484619
vt 0.556440 0.484640
vt 0.910017 0.616234
vt 0.911171 0.607155
vt 0.916219 0.616609
vt 0.272158 0.894415
vt 0.275003 0.890209
vt 0.994061 0.311978
vt 0.990490 0.315575
vt 0.990490 0.308411
vt 0.997624 0.308433
vt 0.998454 0.312525
vt 0.272168 0.898669
vt 0.810316 0.021030
vt 0.806857 0.017586
vt 0.816416 0.018096
vt 0.621823 0.620462
vt 0.592284 0.608410
vt 0.633861 0.608410
vt 0.644623 0.620462
vt 0.743380 0.264118
vt 0.733301 0.251778
vt 0.744718 0.254286
vt 0.747665 0.274543
vt 0.079493 0.801377
vt 0.076386 0.790361
vt 0.079493 0.782697
vt 0.747261 0.281449
vt 0.738372 0.277226
vt 0.995037 0.897196
vt 0.995911 0.840772
vt 0.995279 0.843331
vt 0.990490 0.840772
vt 0.759816 0.973444
vt 0.764477 0.973764
vt 0.963627 0.853728
vt 0.977550 0.847269
vt 0.968157 0.856971
vt 0.963172 0.859415
vt 0.957304 0.860838
vt 0.944635 0.852095
vt 0.944071 0.847269
vt 0.491374 0.395618
vt 0.674098 0.608410
vt 0.968761 0.175389
vt 0.962653 0.172473
vt 0.972211 0.171936
vt 0.990490 0.333129
vt 0.991292 0.329032
vt 0.994881 0.332572
vt 0.272168 0.936813
vt 0.272158 0.941034
vt 0.998443 0.328997
vt 0.998443 0.336155
vt 0.275003 0.945306
vt 0.624524 0.223364
vt 0.623274 0.248790
vt 0.620537 0.232732
vt 0.618066 0.258135
vt 0.130364 0.013699
vt 0.143947 0.003632
vt 0.143181 0.042395
vt 0.129922 0.036062
vt 0.340496 0.015174
vt 0.340496 0.035657
vt 0.332253 0.034377
vt 0.333619 0.002968
vt 0.123200 0.000070
vt 0.132120 0.000311
vt 0.666503 0.265422
vt 0.670438 0.256238
vt 0.676997 0.248365
vt 0.677026 0.257545
vt 0.677026 0.379575
vt 0.129686 0.047989
vt 0.129362 0.064389
vt 0.340496 0.046582
vt 0.340496 0.061603
vt 0.332253 0.046667
vt 0.340496 0.109398
vt 0.340496 0.124419
vt 0.332253 0.109483
vt 0.332253 0.061688
vt 0.127298 0.168750
vt 0.340496 0.157193
vt 0.340496 0.176311
vt 0.332253 0.157278
vt 0.332253 0.124504
vt 0.340496 0.248687
vt 0.340496 0.281460
vt 0.332253 0.250137
vt 0.332253 0.217363
vt 0.340496 0.217278
vt 0.917394 0.607525
vt 0.910017 0.600499
vt 0.912858 0.596614
vt 0.507678 0.622871
vt 0.510281 0.614597
vt 0.513483 0.621934
vt 0.513483 0.633796
vt 0.508489 0.633625
vt 0.995871 0.128860
vt 0.999372 0.131089
vt 0.993642 0.132361
vt 0.990490 0.128860
vt 0.995394 0.828344
vt 0.996038 0.830955
vt 0.990490 0.830955
vt 0.995972 0.840723
vt 0.990490 0.839327
vt 0.995972 0.837978
vt 0.199492 0.619485
vt 0.578385 0.959836
vt 0.579785 0.954290
vt 0.586652 0.957060
vt 0.585258 0.961219
vt 0.579747 0.969462
vt 0.578352 0.981847
vt 0.539004 0.675608
vt 0.543237 0.676795
vt 0.540658 0.681063
vt 0.534981 0.678526
vt 0.789616 0.584425
vt 0.784001 0.586530
vt 0.785920 0.581373
vt 0.543561 0.653102
vt 0.811903 0.988293
vt 0.816259 0.980945
vt 0.820637 0.983851
vt 0.093986 0.212450
vt 0.098765 0.204145
vt 0.100358 0.211635
vt 0.986144 0.348882
vt 0.969728 0.860948
vt 0.961661 0.865995
vt 0.157029 0.659569
vt 0.854091 0.642131
vt 0.853881 0.653468
vt 0.849894 0.652355
vt 0.850101 0.641034
vt 0.380735 0.468790
vt 0.384575 0.466127
vt 0.384575 0.476959
vt 0.856764 0.319345
vt 0.859385 0.346944
vt 0.856764 0.382426
vt 0.077841 0.963079
vt 0.085938 0.953664
vt 0.363998 0.315382
vt 0.375048 0.305793
vt 0.370876 0.350979
vt 0.362579 0.348245
vt 0.575317 0.068878
vt 0.600303 0.072825
vt 0.457950 0.194149
vt 0.457950 0.170713
vt 0.465765 0.175916
vt 0.468365 0.194143
vt 0.465782 0.201955
vt 0.979699 0.377388
vt 0.811068 0.669423
vt 0.804605 0.674617
vt 0.813742 0.660162
vt 0.816416 0.664983
vt 0.811870 0.673685
vt 0.968720 0.035319
vt 0.903227 0.588633
vt 0.907392 0.591428
vt 0.904651 0.611010
vt 0.900440 0.612414
vt 0.706844 0.948401
vt 0.698055 0.966808
vt 0.703584 0.944299
vt 0.908800 0.613805
vt 0.903209 0.616609
vt 0.781965 0.580918
vt 0.783737 0.577083
vt 0.194968 0.740226
vt 0.198102 0.744013
vt 0.196740 0.757929
vt 0.992297 0.321490
vt 0.997989 0.322819
vt 0.998429 0.328948
vt 0.990490 0.328948
vt 0.305082 0.796625
vt 0.299293 0.799228
vt 0.298383 0.789308
vt 0.479447 0.226814
vt 0.484243 0.220580
vt 0.487190 0.225565
vt 0.487701 0.232034
vt 0.479239 0.232034
vt 0.976214 0.321488
vt 0.978647 0.323665
vt 0.722865 0.661830
vt 0.722368 0.650056
vt 0.728189 0.647838
vt 0.640565 0.703462
vt 0.592976 0.956065
vt 0.588838 0.956066
vt 0.590209 0.922963
vt 0.592976 0.920179
vt 0.718343 0.463582
vt 0.683907 0.463934
vt 0.792433 0.043570
vt 0.798000 0.037238
vt 0.635277 0.706169
vt 0.636592 0.700813
vt 0.342091 0.791890
vt 0.342504 0.803525
vt 0.337275 0.790966
vt 0.340207 0.783851
vt 0.345021 0.784795
vt 0.346898 0.792892
vt 0.026585 0.509461
vt 0.030261 0.512863
vt 0.025874 0.522076
vt 0.348051 0.802689
vt 0.034375 0.522076
vt 0.499462 0.032741
vt 0.501120 0.027401
vt 0.504207 0.030275
vt 0.193362 0.597273
vt 0.668172 0.123505
vt 0.666377 0.133205
vt 0.660289 0.130192
vt 0.662712 0.122315
vt 0.664522 0.112622
vt 0.990490 0.037504
vt 0.999597 0.040513
vt 0.990490 0.043619
vt 0.996739 0.706266
vt 0.990490 0.707749
vt 0.990490 0.701563
vt 0.078940 0.693603
vt 0.073828 0.693308
vt 0.076366 0.689882
vt 0.714112 0.481256
vt 0.710135 0.477263
vt 0.715436 0.475922
vt 0.781381 0.959021
vt 0.775436 0.960363
vt 0.779408 0.955751
vt 0.079493 0.697551
vt 0.073828 0.700399
vt 0.714112 0.475954
vt 0.711461 0.470652
vt 0.714112 0.466660
vt 0.737009 0.191938
vt 0.746266 0.189211
vt 0.746843 0.193248
vt 0.121388 0.001015
vt 0.676997 0.388765
vt 0.684926 0.392691
vt 0.377770 0.000469
vt 0.561436 0.608410
vt 0.598973 0.593665
vt 0.826059 0.702665
vt 0.827158 0.761536
vt 0.825908 0.771158
vt 0.819004 0.771298
vt 0.990490 0.487078
vt 0.170263 0.522076
vt 0.167011 0.519306
vt 0.174025 0.516300
vt 0.675065 0.802204
vt 0.667869 0.803525
vt 0.672339 0.796476
vt 0.736923 0.566945
vt 0.665077 0.799165
vt 0.673589 0.728993
vt 0.465746 0.148574
vt 0.459246 0.139464
vt 0.465733 0.129044
vt 0.669394 0.721700
vt 0.667374 0.593665
vt 0.704945 0.608410
vt 0.696842 0.523167
vt 0.700859 0.525152
vt 0.339091 0.285625
vt 0.325386 0.293903
vt 0.332253 0.282911
vt 0.705395 0.532854
vt 0.711129 0.542418
vt 0.771469 0.798620
vt 0.779892 0.794664
vt 0.779892 0.861534
vt 0.473182 0.647279
vt 0.493260 0.653346
vt 0.937784 0.373832
vt 0.939233 0.353528
vt 0.940688 0.371314
vt 0.587692 0.460690
vt 0.590428 0.460657
vt 0.587690 0.493540
vt 0.474311 0.687056
vt 0.469412 0.655381
vt 0.882807 0.136260
vt 0.994743 0.911264
vt 0.993707 0.914453
vt 0.990490 0.911264
vt 0.995987 0.831003
vt 0.995579 0.834346
vt 0.990490 0.831003
vt 0.155124 0.931974
vt 0.158986 0.930350
vt 0.156538 0.933182
vt 0.158986 0.964660
vt 0.580085 0.188858
vt 0.578706 0.223440
vt 0.574563 0.186054
vt 0.559261 0.109870
vt 0.564586 0.105884
vt 0.675334 0.486200
vt 0.674010 0.486147
vt 0.490610 0.266185
vt 0.492948 0.294245
vt 0.350785 0.947387
vt 0.354454 0.953917
vt 0.349318 0.952543
vt 0.990490 0.847429
vt 0.995838 0.847429
vt 0.991434 0.851204
vt 0.896177 0.198481
vt 0.900206 0.197753
vt 0.900206 0.221292
vt 0.331921 0.930912
vt 0.337783 0.929783
vt 0.359578 0.945708
vt 0.359032 0.952452
vt 0.776761 0.949471
vt 0.782040 0.950756
vt 0.770807 0.956397
vt 0.770807 0.933936
vt 0.771779 0.924295
vt 0.699096 0.948968
vt 0.698055 0.942623
vt 0.995240 0.701514
vt 0.990490 0.695644
vt 0.996756 0.695644
vt 0.998866 0.222403
vt 0.990495 0.226619
vt 0.990490 0.222403
vt 0.281166 0.950712
vt 0.275783 0.951769
vt 0.278765 0.946557
vt 0.286879 0.944404
vt 0.997701 0.525274
vt 0.990490 0.525274
vt 0.997496 0.519463
vt 0.996756 0.228673
vt 0.542397 0.391967
vt 0.543561 0.397339
vt 0.533523 0.389711
vt 0.541245 0.386642
vt 0.139555 0.539543
vt 0.142445 0.534534
vt 0.146647 0.540132
vt 0.140711 0.545709
vt 0.148244 0.534721
vt 0.803691 0.012841
vt 0.808725 0.008316
vt 0.809221 0.012524
vt 0.148244 0.544934
vt 0.444032 0.739965
vt 0.450023 0.745517
vt 0.442532 0.744732
vt 0.975402 0.167187
vt 0.969814 0.166877
vt 0.970355 0.162676
vt 0.442532 0.734535
vt 0.448291 0.734357
vt 0.451177 0.739360
vt 0.561102 0.628262
vt 0.561102 0.622758
vt 0.569343 0.624090
vt 0.568020 0.631007
vt 0.561154 0.633796
vt 0.734774 0.077966
vt 0.734774 0.069632
vt 0.617325 0.374249
vt 0.617325 0.366080
vt 0.621963 0.369376
vt 0.623054 0.375981
vt 0.994423 0.099030
vt 0.990490 0.093634
vt 0.999462 0.093634
vt 0.728207 0.083790
vt 0.201955 0.994700
vt 0.201955 0.985683
vt 0.999004 0.195027
vt 0.990490 0.195027
vt 0.992534 0.191151
vt 0.998510 0.189274
vt 0.967929 0.281436
vt 0.973254 0.284821
vt 0.967191 0.288449
vt 0.994601 0.052143
vt 0.999703 0.055373
vt 0.990490 0.055373
vt 0.403911 0.559818
vt 0.401781 0.565046
vt 0.401781 0.555365
vt 0.990490 0.643391
vt 0.993658 0.639141
vt 0.997127 0.643391
vt 0.855088 0.659578
vt 0.996614 0.731377
vt 0.990490 0.731377
vt 0.993042 0.727381
vt 0.014785 0.158660
vt 0.019336 0.152544
vt 0.019336 0.163283
vt 0.014785 0.147920
vt 0.375595 0.522076
vt 0.375595 0.512255
vt 0.378129 0.520301
vt 0.563805 0.616208
vt 0.565046 0.618981
vt 0.560460 0.611721
vt 0.993204 0.757775
vt 0.990490 0.752628
vt 0.996289 0.752628
vt 0.254865 0.593342
vt 0.249914 0.587724
vt 0.998102 0.418452
vt 0.993526 0.424464
vt 0.990490 0.418452
vt 0.552975 0.614426
vt 0.708154 0.046524
vt 0.704193 0.043902
vt 0.702894 0.017591
vt 0.350026 0.687085
vt 0.321007 0.689656
vt 0.323271 0.685490
vt 0.822180 0.660093
vt 0.479913 0.888418
vt 0.474597 0.868471
vt 0.481247 0.867142
vt 0.835109 0.643410
vt 0.828432 0.664938
vt 0.843201 0.648034
vt 0.570435 0.420857
vt 0.565715 0.398620
vt 0.511334 0.192506
vt 0.511334 0.232034
vt 0.504280 0.192707
vt 0.889441 0.156169
vt 0.888118 0.136260
vt 0.822189 0.660080
vt 0.834293 0.644465
vt 0.842159 0.647227
vt 0.829474 0.665746
vt 0.570421 0.420869
vt 0.571982 0.395928
vt 0.573304 0.395638
vt 0.563148 0.032227
vt 0.559302 0.009168
vt 0.567194 0.009168
vt 0.611178 0.144738
vt 0.609823 0.124420
vt 0.449147 0.678914
vt 0.449147 0.659016
vt 0.457113 0.677586
vt 0.997488 0.157294
vt 0.990490 0.153802
vt 0.999231 0.153802
vt 0.601735 0.976378
vt 0.597606 0.979122
vt 0.585239 0.972231
vt 0.604505 0.970846
vt 0.159020 0.988293
vt 0.154302 0.983159
vt 0.160276 0.981388
vt 0.165247 0.985138
vt 0.605866 0.981847
vt 0.049195 0.966434
vt 0.049415 0.980359
vt 0.043583 0.984065
vt 0.041042 0.964316
vt 0.999239 0.138191
vt 0.990490 0.135243
vt 0.999239 0.132410
vt 0.583865 0.974968
vt 0.165378 0.976666
vt 0.169729 0.976063
vt 0.044596 0.988293
vt 0.034982 0.987501
vt 0.720354 0.486147
vt 0.718434 0.507277
vt 0.716310 0.488665
vt 0.683272 0.486424
vt 0.683383 0.482424
vt 0.717782 0.483395
vt 0.914503 0.458007
vt 0.917200 0.460763
vt 0.914440 0.481256
vt 0.205107 0.629937
vt 0.199780 0.628766
vt 0.994282 0.250618
vt 0.998889 0.253562
vt 0.990490 0.253562
vt 0.992154 0.669336
vt 0.990490 0.664470
vt 0.996922 0.664470
vt 0.479107 0.365239
vt 0.474356 0.357648
vt 0.479107 0.354939
vt 0.208851 0.621864
vt 0.210434 0.631109
vt 0.211050 0.650997
vt 0.224996 0.674477
vt 0.560852 0.043889
vt 0.602918 0.064944
vt 0.747665 0.198694
vt 0.541447 0.637639
vt 0.545710 0.632721
vt 0.545710 0.650984
vt 0.697919 0.413091
vt 0.702547 0.398939
vt 0.702547 0.421099
vt 0.532819 0.194398
vt 0.532819 0.204104
vt 0.528315 0.203439
vt 0.804605 0.660536
vt 0.812998 0.655971
vt 0.435431 0.936890
vt 0.432724 0.935396
vt 0.436138 0.933032
vt 0.997609 0.568437
vt 0.994531 0.569421
vt 0.994543 0.565355
vt 0.137502 0.739846
vt 0.132493 0.741220
vt 0.133863 0.737157
vt 0.137495 0.735291
vt 0.432011 0.939229
vt 0.429301 0.937723
vt 0.427101 0.944288
vt 0.148244 0.369536
vt 0.142586 0.367595
vt 0.148238 0.364372
vt 0.992020 0.885448
vt 0.995178 0.890078
vt 0.990490 0.890078
vt 0.998456 0.299961
vt 0.996030 0.303801
vt 0.992565 0.300024
vt 0.994992 0.296152
vt 0.990490 0.302384
vt 0.990490 0.569432
vt 0.990490 0.565354
vt 0.990490 0.296498
vt 0.500376 0.141799
vt 0.500359 0.130787
vt 0.504466 0.139031
vt 0.429091 0.186951
vt 0.433197 0.183999
vt 0.434786 0.191004
vt 0.148652 0.522002
vt 0.148652 0.515951
vt 0.154674 0.516010
vt 0.154689 0.522076
vt 0.494859 0.139045
vt 0.496207 0.130780
vt 0.665077 0.721604
vt 0.012271 0.538577
vt 0.013723 0.534327
vt 0.016507 0.537168
vt 0.019323 0.542880
vt 0.012271 0.545710
vt 0.671317 0.070202
vt 0.669986 0.062320
vt 0.687082 0.062322
vt 0.675231 0.074166
vt 0.973254 0.293112
vt 0.970340 0.296488
vt 0.463418 0.236665
vt 0.466193 0.227671
vt 0.466216 0.238027
vt 0.463418 0.247073
vt 0.189945 0.985706
vt 0.197150 0.980285
vt 0.081642 0.056853
vt 0.081642 0.066602
vt 0.078744 0.062667
vt 0.118899 0.912748
vt 0.363335 0.599354
vt 0.359967 0.620979
vt 0.358173 0.601155
vt 0.358652 0.591792
vt 0.999381 0.099399
vt 0.990490 0.104582
vt 0.990490 0.099079
vt 0.991979 0.765520
vt 0.996260 0.769889
vt 0.990490 0.769889
vt 0.524225 0.714518
vt 0.522714 0.718647
vt 0.348933 0.645929
vt 0.352173 0.623002
vt 0.513948 0.736657
vt 0.521032 0.720916
vt 0.518732 0.735099
vt 0.515718 0.743368
vt 0.530670 0.981381
vt 0.524122 0.983996
vt 0.524633 0.977774
vt 0.529971 0.974440
vt 0.507816 0.735358
vt 0.512260 0.713991
vt 0.524081 0.721538
vt 0.522292 0.714794
vt 0.010742 0.538115
vt 0.008823 0.543715
vt 0.001371 0.538115
vt 0.643526 0.964343
vt 0.651723 0.962271
vt 0.649164 0.981862
vt 0.643308 0.978241
vt 0.006089 0.552155
vt 0.487909 0.698613
vt 0.494313 0.690470
vt 0.518406 0.697751
vt 0.603054 0.105486
vt 0.603054 0.074330
vt 0.605758 0.097328
vt 0.661726 0.965532
vt 0.657808 0.985273
vt 0.648153 0.986144
vt 0.225589 0.749813
vt 0.218336 0.748448
vt 0.221604 0.740720
vt 0.428384 0.200304
vt 0.428384 0.190263
vt 0.435369 0.195760
vt 0.436138 0.201955
vt 0.528522 0.732626
vt 0.523458 0.728203
vt 0.528522 0.714494
vt 0.461413 0.659942
vt 0.468365 0.678914
vt 0.459639 0.678914
vt 0.329981 0.929251
vt 0.122243 0.682166
vt 0.115013 0.699795
vt 0.118804 0.684629
vt 0.119045 0.676176
vt 0.125430 0.674235
vt 0.129799 0.684104
vt 0.363242 0.942566
vt 0.710135 0.466644
vt 0.715438 0.470652
vt 0.370876 0.047023
vt 0.377770 0.034698
vt 0.377770 0.047021
vt 0.370876 0.062084
vt 0.362579 0.062088
vt 0.377770 0.062081
vt 0.377770 0.110002
vt 0.377770 0.125063
vt 0.377770 0.157923
vt 0.377770 0.177092
vt 0.370876 0.283890
vt 0.377770 0.251027
vt 0.377770 0.283887
vt 0.783754 0.565007
vt 0.202059 0.756002
vt 0.511334 0.059238
vt 0.505831 0.060617
vt 0.504436 0.044103
vt 0.507150 0.039960
vt 0.428405 0.102717
vt 0.433573 0.083015
vt 0.432642 0.104018
vt 0.431641 0.120865
vt 0.511318 0.077115
vt 0.508590 0.075750
vt 0.504439 0.077118
vt 0.492075 0.092263
vt 0.137098 0.746992
vt 0.138213 0.762481
vt 0.132699 0.755444
vt 0.416588 0.589272
vt 0.421099 0.580271
vt 0.421099 0.590827
vt 0.612194 0.730477
vt 0.608161 0.730056
vt 0.612514 0.714077
vt 0.616609 0.714494
vt 0.614097 0.697825
vt 0.609955 0.698756
vt 0.608161 0.688997
vt 0.612395 0.688058
vt 0.500285 0.044095
vt 0.501633 0.034455
vt 0.002771 0.519928
vt 0.000133 0.510645
vt 0.006780 0.517274
vt 0.167011 0.512041
vt 0.171761 0.511070
vt 0.498966 0.092264
vt 0.503089 0.108768
vt 0.497577 0.115645
vt 0.136920 0.786309
vt 0.132714 0.782097
vt 0.501694 0.092254
vt 0.432082 0.136392
vt 0.437630 0.133472
vt 0.433819 0.151723
vt 0.430983 0.150389
vt 0.505839 0.106015
vt 0.291585 0.795360
vt 0.294339 0.795360
vt 0.294209 0.812119
vt 0.631849 0.071523
vt 0.627919 0.070198
vt 0.630550 0.066253
vt 0.635794 0.067578
vt 0.660796 0.071516
vt 0.658150 0.072840
vt 0.459213 0.113425
vt 0.601603 0.043902
vt 0.819162 0.976497
vt 0.824995 0.977960
vt 0.825010 0.983860
vt 0.103126 0.202924
vt 0.669163 0.882210
vt 0.667751 0.889127
vt 0.665078 0.883580
vt 0.535331 0.385143
vt 0.432544 0.158697
vt 0.429729 0.157395
vt 0.508606 0.112898
vt 0.028730 0.451177
vt 0.028957 0.446571
vt 0.036524 0.451177
vt 0.816416 0.011206
vt 0.505858 0.121154
vt 0.511334 0.114263
vt 0.429950 0.165835
vt 0.432742 0.165752
vt 0.433007 0.175609
vt 0.430225 0.175708
vt 0.501717 0.118399
vt 0.360021 0.433801
vt 0.356544 0.429253
vt 0.361484 0.430144
vt 0.363090 0.433989
vt 0.430943 0.944985
vt 0.435851 0.939914
vt 0.137502 0.730794
vt 0.132947 0.730801
vt 0.320121 0.983996
vt 0.316166 0.982572
vt 0.318106 0.977334
vt 0.431792 0.951071
vt 0.427595 0.952296
vt 0.437221 0.175524
vt 0.438835 0.185266
vt 0.503086 0.130777
vt 0.667751 0.929209
vt 0.962653 0.165586
vt 0.296420 0.772291
vt 0.305082 0.768420
vt 0.300504 0.775281
vt 0.295870 0.783528
vt 0.291683 0.783292
vt 0.649329 0.811058
vt 0.653645 0.800296
vt 0.653490 0.812119
vt 0.142586 0.357237
vt 0.147811 0.357257
vt 0.134040 0.808769
vt 0.139650 0.810176
vt 0.134067 0.815779
vt 0.129923 0.811555
vt 0.439340 0.085574
vt 0.443542 0.082728
vt 0.442269 0.093910
vt 0.131301 0.800336
vt 0.136880 0.801749
vt 0.566624 0.619993
vt 0.669163 0.938878
vt 0.665078 0.934720
vt 0.676103 0.936109
vt 0.994512 0.369793
vt 0.990490 0.365796
vt 0.998503 0.365796
vt 0.644494 0.412661
vt 0.325396 0.061739
vt 0.325396 0.046717
vt 0.325396 0.124555
vt 0.325396 0.109534
vt 0.332253 0.176396
vt 0.325396 0.176447
vt 0.325396 0.157329
vt 0.325396 0.282961
vt 0.325396 0.250188
vt 0.708953 0.601713
vt 0.332253 0.349824
vt 0.325396 0.351240
vt 0.340496 0.347008
vt 0.426639 0.637737
vt 0.993797 0.643440
vt 0.997104 0.646746
vt 0.990490 0.646746
vt 0.610238 0.429489
vt 0.614460 0.429040
vt 0.614460 0.466216
vt 0.610044 0.465328
vt 0.779677 0.021743
vt 0.787914 0.020005
vt 0.838711 0.451177
vt 0.838711 0.431724
vt 0.843900 0.447286
vt 0.475526 0.249156
vt 0.481256 0.248255
vt 0.481256 0.287894
vt 0.574563 0.223416
vt 0.673451 0.506007
vt 0.493488 0.246114
vt 0.502740 0.248067
vt 0.496944 0.268897
vt 0.343665 0.777973
vt 0.347958 0.777641
vt 0.993810 0.195076
vt 0.999094 0.198957
vt 0.990490 0.198957
vt 0.505747 0.030321
vt 0.617889 0.187197
vt 0.213031 0.302366
vt 0.214429 0.257288
vt 0.219909 0.298266
vt 0.221292 0.320121
vt 0.615359 0.125570
vt 0.210725 0.454737
vt 0.207413 0.461369
vt 0.206731 0.452782
vt 0.212698 0.450790
vt 0.667595 0.245212
vt 0.672215 0.242970
vt 0.672469 0.248098
vt 0.667595 0.253519
vt 0.212698 0.464068
vt 0.990490 0.292593
vt 0.995127 0.292552
vt 0.991660 0.296103
vt 0.704478 0.398382
vt 0.707107 0.397327
vt 0.709735 0.403950
vt 0.704478 0.406059
vt 0.998680 0.296103
vt 0.711141 0.395759
vt 0.645698 0.363101
vt 0.649916 0.368113
vt 0.643589 0.371684
vt 0.436138 0.959814
vt 0.430875 0.966808
vt 0.430011 0.960660
vt 0.320121 0.967673
vt 0.317006 0.968035
vt 0.643589 0.360596
vt 0.650984 0.362220
vt 0.008058 0.441685
vt 0.010742 0.444335
vt 0.004112 0.444337
vt 0.020825 0.534379
vt 0.023633 0.538661
vt 0.324011 0.303479
vt 0.317192 0.351257
vt 0.317173 0.303496
vt 0.323991 0.298051
vt 0.163414 0.927216
vt 0.599421 0.421055
vt 0.599421 0.433989
vt 0.594879 0.423520
vt 0.155799 0.974952
vt 0.155175 0.970633
vt 0.163638 0.970712
vt 0.348051 0.785044
vt 0.998908 0.211093
vt 0.992081 0.208358
vt 0.998338 0.204573
vt 0.928136 0.481256
vt 0.922642 0.478534
vt 0.926797 0.460757
vt 0.850904 0.905215
vt 0.850914 0.884222
vt 0.859385 0.885659
vt 0.859375 0.906651
vt 0.435855 0.120781
vt 0.435465 0.103983
vt 0.455474 0.146782
vt 0.454288 0.163545
vt 0.451288 0.146834
vt 0.442810 0.135773
vt 0.445566 0.134344
vt 0.655762 0.399543
vt 0.650042 0.399959
vt 0.653979 0.393538
vt 0.661726 0.397751
vt 0.660756 0.403265
vt 0.654747 0.405031
vt 0.647010 0.400825
vt 0.990490 0.369842
vt 0.998469 0.369842
vt 0.995805 0.373851
vt 0.615359 0.250106
vt 0.213031 0.210846
vt 0.221292 0.193086
vt 0.219909 0.214942
vt 0.436758 0.158613
vt 0.439581 0.158578
vt 0.438347 0.165618
vt 0.443664 0.092497
vt 0.446612 0.105021
vt 0.129998 0.789093
vt 0.452141 0.102161
vt 0.452246 0.109137
vt 0.446717 0.113394
vt 0.442479 0.112052
vt 0.440044 0.175490
vt 0.440278 0.185298
vt 0.647971 0.865830
vt 0.643198 0.856491
vt 0.648836 0.855364
vt 0.358716 0.423778
vt 0.363090 0.423401
vt 0.129752 0.735758
vt 0.421099 0.007376
vt 0.416328 0.010230
vt 0.416328 0.000708
vt 0.661726 0.792115
vt 0.658156 0.800040
vt 0.655470 0.793374
vt 0.655898 0.786137
vt 0.723123 0.643157
vt 0.421058 0.015039
vt 0.643198 0.849139
vt 0.440435 0.192287
vt 0.668671 0.058375
vt 0.522811 0.970066
vt 0.514375 0.973126
vt 0.519995 0.966666
vt 0.530670 0.959997
vt 0.423247 0.769150
vt 0.418274 0.754554
vt 0.423247 0.745805
vt 0.259842 0.738249
vt 0.268558 0.720076
vt 0.268558 0.739071
vt 0.517673 0.978438
vt 0.514311 0.981279
vt 0.031083 0.967668
vt 0.031083 0.984378
vt 0.971441 0.424416
vt 0.971638 0.406407
vt 0.974503 0.424222
vt 0.381588 0.937955
vt 0.383123 0.934369
vt 0.387928 0.935358
vt 0.388985 0.945324
vt 0.917176 0.478527
vt 0.665352 0.105252
vt 0.659715 0.105275
vt 0.665204 0.068600
vt 0.668024 0.068622
vt 0.668172 0.105275
vt 0.990490 0.204573
vt 0.658461 0.127774
vt 0.721883 0.872840
vt 0.719429 0.874424
vt 0.719429 0.839001
vt 0.437877 0.087118
vt 0.453136 0.180306
vt 0.448916 0.178964
vt 0.450068 0.163599
vt 0.440435 0.077227
vt 0.454687 0.190055
vt 0.450517 0.188710
vt 0.450870 0.116136
vt 0.439522 0.154440
vt 0.129950 0.818564
vt 0.151504 0.510657
vt 0.650289 0.790563
vt 0.649329 0.782978
vt 0.294041 0.791911
vt 0.354697 0.577490
vt 0.998853 0.241515
vt 0.990490 0.241515
vt 0.994683 0.235179
vt 0.355306 0.584075
vt 0.334050 0.584693
vt 0.316651 0.583595
vt 0.354240 0.572156
vt 0.358793 0.170374
vt 0.358793 0.182619
vt 0.354487 0.177088
vt 0.101259 0.915245
vt 0.097192 0.909528
vt 0.100114 0.904067
vt 0.477920 0.212777
vt 0.466569 0.221292
vt 0.470779 0.212775
vt 0.274369 0.974775
vt 0.268848 0.977541
vt 0.274344 0.956712
vt 0.277152 0.977550
vt 0.505591 0.229382
vt 0.502773 0.229516
vt 0.459771 0.657735
vt 0.401720 0.908749
vt 0.404661 0.897783
vt 0.408347 0.908083
vt 0.401980 0.911385
vt 0.470391 0.689854
vt 0.471641 0.687164
vt 0.277152 0.953910
vt 0.839381 0.640050
vt 0.855079 0.630557
vt 0.561299 0.377667
vt 0.569138 0.376019
vt 0.154302 0.967681
vt 0.977825 0.406043
vt 0.983996 0.416227
vt 0.977596 0.413485
vt 0.169105 0.971743
vt 0.843900 0.431723
vt 0.846494 0.427832
vt 0.846494 0.449879
vt 0.966808 0.730477
vt 0.961509 0.730477
vt 0.966808 0.696035
vt 0.010742 0.607067
vt 0.009382 0.641000
vt 0.008025 0.607035
vt 0.983996 0.124611
vt 0.981086 0.122094
vt 0.982533 0.104292
vt 0.681389 0.506231
vt 0.658461 0.112646
vt 0.659110 0.123555
vt 0.449175 0.194310
vt 0.439340 0.194436
vt 0.446281 0.188765
vt 0.662125 0.108408
vt 0.209958 0.616526
vt 0.232429 0.611882
vt 0.253753 0.616567
vt 0.251537 0.632560
vt 0.221010 0.630800
vt 0.214043 0.742406
vt 0.225589 0.731862
vt 0.436152 0.073156
vt 0.822064 0.970627
vt 0.284395 0.941589
vt 0.291267 0.938061
vt 0.001462 0.453620
vt 0.010742 0.515947
vt 0.010711 0.519927
vt 0.633149 0.063641
vt 0.030504 0.412505
vt 0.030861 0.407629
vt 0.038672 0.404802
vt 0.493750 0.193397
vt 0.493888 0.181705
vt 0.502740 0.190158
vt 0.495938 0.195510
vt 0.638409 0.064957
vt 0.660796 0.066255
vt 0.695878 0.629310
vt 0.696102 0.633796
vt 0.688515 0.633796
vt 0.690372 0.626949
vt 0.695063 0.623539
vt 0.311451 0.979385
vt 0.362223 0.417723
vt 0.000120 0.453621
vt 0.827158 0.693075
vt 0.924036 0.458040
vt 0.924067 0.434810
vt 0.926832 0.434795
vt 0.850904 0.857619
vt 0.855112 0.880020
vt 0.277256 0.930490
vt 0.281449 0.937353
vt 0.277256 0.945324
vt 0.272614 0.708166
vt 0.283275 0.705686
vt 0.280601 0.713566
vt 0.277907 0.746591
vt 0.269920 0.746503
vt 0.210855 0.601901
vt 0.249573 0.608725
vt 0.684926 0.383506
vt 0.684926 0.253604
vt 0.692797 0.386131
vt 0.692797 0.395316
vt 0.129923 0.758242
vt 0.441416 0.138583
vt 0.652346 0.434436
vt 0.079435 0.010017
vt 0.079493 0.037673
vt 0.076830 0.038996
vt 0.074195 0.010011
vt 0.078030 0.004763
vt 0.813325 0.972155
vt 0.630534 0.058371
vt 0.663411 0.043908
vt 0.638425 0.059687
vt 0.980781 0.063346
vt 0.978677 0.055692
vt 0.984247 0.061030
vt 0.983767 0.069390
vt 0.030504 0.401524
vt 0.037788 0.400532
vt 0.385564 0.704387
vt 0.406812 0.705686
vt 0.386886 0.710998
vt 0.303200 0.710998
vt 0.304535 0.704387
vt 0.653133 0.661819
vt 0.650330 0.670320
vt 0.650330 0.656139
vt 0.684897 0.244424
vt 0.325396 0.001654
vt 0.325396 0.034427
vt 0.317182 0.000321
vt 0.692797 0.241795
vt 0.417405 0.708166
vt 0.420024 0.746503
vt 0.412071 0.746591
vt 0.409451 0.713566
vt 0.341606 0.970328
vt 0.341606 0.986144
vt 0.337138 0.977648
vt 0.318706 0.649959
vt 0.508219 0.958214
vt 0.508219 0.923818
vt 0.510575 0.953382
vt 0.344868 0.644934
vt 0.348235 0.623310
vt 0.143947 0.305521
vt 0.143947 0.332248
vt 0.139368 0.331497
vt 0.475002 0.191460
vt 0.572386 0.032227
vt 0.572386 0.010202
vt 0.576835 0.021344
vt 0.580610 0.028176
vt 0.347633 0.602063
vt 0.343558 0.586441
vt 0.939586 0.240628
vt 0.936830 0.228212
vt 0.941019 0.218538
vt 0.392533 0.939422
vt 0.393110 0.933295
vt 0.397696 0.937357
vt 0.990490 0.611088
vt 0.997232 0.612079
vt 0.990490 0.616892
vt 0.558253 0.018883
vt 0.927007 0.513483
vt 0.927007 0.483987
vt 0.928136 0.502748
vt 0.560852 0.034683
vt 0.601603 0.036012
vt 0.386017 0.000467
vt 0.386017 0.034696
vt 0.386017 0.047019
vt 0.386017 0.062080
vt 0.386017 0.110001
vt 0.386017 0.125062
vt 0.377770 0.218167
vt 0.386017 0.177090
vt 0.386017 0.218165
vt 0.377770 0.352346
vt 0.386017 0.283886
vt 0.386017 0.352344
vt 0.377786 0.294840
vt 0.557396 0.601713
vt 0.554713 0.593665
vt 0.303182 0.728174
vt 0.813319 0.970627
vt 0.075512 0.002106
vt 0.067639 0.004735
vt 0.293088 0.930228
vt 0.296814 0.934418
vt 0.294993 0.942283
vt 0.034613 0.444145
vt 0.029793 0.440640
vt 0.995219 0.882312
vt 0.990490 0.885399
vt 0.990490 0.880715
vt 0.493750 0.177377
vt 0.499014 0.179854
vt 0.579378 0.185842
vt 0.579378 0.119266
vt 0.580684 0.153207
vt 0.581978 0.184532
vt 0.027930 0.992590
vt 0.025286 0.991267
vt 0.026586 0.985924
vt 0.668699 0.586968
vt 0.710293 0.593665
vt 0.092384 0.970043
vt 0.088200 0.971105
vt 0.088158 0.959241
vt 0.092384 0.958220
vt 0.988293 0.055813
vt 0.987279 0.067060
vt 0.575668 0.236320
vt 0.574199 0.226047
vt 0.580085 0.227534
vt 0.580085 0.236331
vt 0.317182 0.034461
vt 0.317182 0.109567
vt 0.317182 0.061772
vt 0.317182 0.157362
vt 0.317182 0.124589
vt 0.325396 0.217414
vt 0.317182 0.217448
vt 0.317182 0.176480
vt 0.317182 0.351274
vt 0.317182 0.282995
vt 0.725695 0.193742
vt 0.719469 0.201955
vt 0.719469 0.194865
vt 0.722240 0.189248
vt 0.976570 0.764853
vt 0.969290 0.761940
vt 0.978784 0.759378
vt 0.730477 0.195477
vt 0.729923 0.199436
vt 0.410356 0.942661
vt 0.405060 0.943175
vt 0.808826 0.621372
vt 0.994281 0.683567
vt 0.990490 0.678455
vt 0.996829 0.678455
vt 0.401762 0.932731
vt 0.395363 0.927909
vt 0.399390 0.923278
vt 0.472352 0.019375
vt 0.462367 0.020793
vt 0.466574 0.016543
vt 0.478108 0.013681
vt 0.472525 0.002280
vt 0.466777 0.000864
vt 0.924371 0.564648
vt 0.921933 0.558994
vt 0.928790 0.559358
vt 0.931229 0.565046
vt 0.642390 0.270786
vt 0.636860 0.275003
vt 0.636860 0.260527
vt 0.458011 0.016540
vt 0.461025 0.002292
vt 0.761136 0.274374
vt 0.761145 0.244179
vt 0.763744 0.274342
vt 0.763753 0.307195
vt 0.656488 0.435179
vt 0.651706 0.469833
vt 0.649209 0.467972
vt 0.765067 0.242835
vt 0.762459 0.238925
vt 0.770330 0.238909
vt 0.774262 0.242834
vt 0.401455 0.747978
vt 0.386868 0.728174
vt 0.470853 0.201386
vt 0.465069 0.204243
vt 0.329531 0.537116
vt 0.325537 0.531820
vt 0.330863 0.529124
vt 0.789698 0.918407
vt 0.790597 0.910063
vt 0.793974 0.917498
vt 0.580590 0.016429
vt 0.584382 0.023258
vt 0.219029 0.652090
vt 0.062305 0.350845
vt 0.062025 0.375981
vt 0.057724 0.351596
vt 0.057724 0.324881
vt 0.171968 0.493778
vt 0.165977 0.499823
vt 0.165934 0.493778
vt 0.214630 0.726539
vt 0.217094 0.721160
vt 0.223810 0.722287
vt 0.216088 0.730477
vt 0.176174 0.494358
vt 0.175593 0.498581
vt 0.168995 0.502823
vt 0.333201 0.921575
vt 0.339066 0.920416
vt 0.371123 0.929476
vt 0.369473 0.940125
vt 0.733227 0.927650
vt 0.729118 0.926612
vt 0.733822 0.918178
vt 0.741057 0.924346
vt 0.744079 0.928136
vt 0.168406 0.507037
vt 0.759710 0.921549
vt 0.751285 0.916792
vt 0.761631 0.911983
vt 0.773823 0.912364
vt 0.773213 0.921848
vt 0.762718 0.925349
vt 0.088533 0.954745
vt 0.988293 0.070899
vt 0.645547 0.464469
vt 0.644064 0.472724
vt 0.076830 0.066663
vt 0.075512 0.074568
vt 0.067639 0.071926
vt 0.774262 0.307194
vt 0.770330 0.311150
vt 0.763772 0.311166
vt 0.648216 0.473473
vt 0.646744 0.481734
vt 0.642334 0.482355
vt 0.074195 0.083790
vt 0.139645 0.356645
vt 0.317526 0.607413
vt 0.255484 0.674911
vt 0.496295 0.047138
vt 0.496295 0.081642
vt 0.493917 0.076794
vt 0.493145 0.048163
vt 0.495265 0.031955
vt 0.268673 0.673198
vt 0.255210 0.710753
vt 0.271051 0.708962
vt 0.256630 0.713365
vt 0.272582 0.751844
vt 0.254806 0.607245
vt 0.255048 0.613872
vt 0.775595 0.917609
vt 0.524898 0.914778
vt 0.525562 0.910225
vt 0.530888 0.915245
vt 0.641046 0.655714
vt 0.646687 0.655714
vt 0.645009 0.666023
vt 0.799228 0.316401
vt 0.774252 0.317686
vt 0.767657 0.317640
vt 0.649538 0.473685
vt 0.655217 0.481810
vt 0.763772 0.319047
vt 0.648248 0.489096
vt 0.655132 0.490323
vt 0.781136 0.476413
vt 0.774220 0.474541
vt 0.772892 0.468201
vt 0.777790 0.466557
vt 0.788486 0.476959
vt 0.708557 0.423247
vt 0.705402 0.415608
vt 0.713805 0.416954
vt 0.717586 0.420422
vt 0.661726 0.492900
vt 0.307321 0.685575
vt 0.305389 0.649822
vt 0.661726 0.982164
vt 0.981650 0.741564
vt 0.981847 0.759575
vt 0.975690 0.748640
vt 0.975463 0.741200
vt 0.511495 0.977879
vt 0.249042 0.722873
vt 0.251506 0.717494
vt 0.266122 0.719721
vt 0.250453 0.726815
vt 0.729118 0.891545
vt 0.731962 0.875101
vt 0.734805 0.877605
vt 0.734566 0.892480
vt 0.529168 0.905214
vt 0.525286 0.891131
vt 0.529371 0.880157
vt 0.341996 0.900430
vt 0.925057 0.552273
vt 0.929476 0.547032
vt 0.933133 0.555506
vt 0.596823 0.946368
vt 0.599300 0.941905
vt 0.604156 0.948687
vt 0.601506 0.951769
vt 0.329552 0.905102
vt 0.369661 0.915137
vt 0.380278 0.907110
vt 0.375147 0.934845
vt 0.386017 0.293470
vt 0.394232 0.352344
vt 0.394232 0.283886
vt 0.394232 0.000467
vt 0.394232 0.034696
vt 0.394232 0.047019
vt 0.394232 0.062080
vt 0.386017 0.157922
vt 0.394232 0.125062
vt 0.394232 0.157922
vt 0.386017 0.251025
vt 0.394232 0.218165
vt 0.394232 0.251026
vt 0.740223 0.913627
vt 0.801434 0.026088
vt 0.799004 0.016343
vt 0.803525 0.016665
vt 0.383056 0.556452
vt 0.375964 0.550777
vt 0.383894 0.552439
vt 0.392094 0.552828
vt 0.803525 0.034375
vt 0.798658 0.032651
vt 0.796919 0.025713
vt 0.156585 0.535024
vt 0.160684 0.544915
vt 0.156585 0.545709
vt 0.625137 0.333012
vt 0.620042 0.327745
vt 0.626087 0.327295
vt 0.631648 0.329707
vt 0.996082 0.798168
vt 0.990490 0.800119
vt 0.990490 0.794923
vt 0.497707 0.382426
vt 0.497728 0.376024
vt 0.502740 0.381758
vt 0.161135 0.536259
vt 0.345664 0.749306
vt 0.288545 0.747978
vt 0.717586 0.391741
vt 0.482125 0.117091
vt 0.480796 0.089503
vt 0.484913 0.088136
vt 0.486307 0.117062
vt 0.656860 0.496295
vt 0.692797 0.250980
vt 0.700668 0.241796
vt 0.700668 0.250981
vt 0.700668 0.386132
vt 0.317182 0.046751
vt 0.308988 0.046750
vt 0.308988 0.034460
vt 0.308988 0.124588
vt 0.308988 0.109567
vt 0.308988 0.176480
vt 0.308988 0.157362
vt 0.317182 0.250221
vt 0.308988 0.250221
vt 0.308988 0.217447
vt 0.711634 0.585618
vt 0.711634 0.593665
vt 0.699374 0.516448
vt 0.518373 0.963995
vt 0.969290 0.751384
vt 0.803666 0.918592
vt 0.802903 0.912863
vt 0.808571 0.912107
vt 0.810949 0.916564
vt 0.806127 0.921690
vt 0.093177 0.903843
vt 0.089187 0.899584
vt 0.093579 0.891397
vt 0.097543 0.897051
vt 0.090289 0.909326
vt 0.983996 0.426781
vt 0.976718 0.429693
vt 0.527850 0.664281
vt 0.531106 0.668172
vt 0.523986 0.667600
vt 0.081469 0.832439
vt 0.076577 0.835752
vt 0.076007 0.831844
vt 0.078275 0.828917
vt 0.081642 0.824429
vt 0.529708 0.655588
vt 0.532959 0.659446
vt 0.535754 0.659169
vt 0.526154 0.610807
vt 0.616707 0.321267
vt 0.624132 0.270784
vt 0.628398 0.271554
vt 0.621299 0.320572
vt 0.616707 0.330096
vt 0.756959 0.288310
vt 0.760556 0.291809
vt 0.752131 0.292131
vt 0.751306 0.288094
vt 0.753458 0.284842
vt 0.755572 0.281577
vt 0.759896 0.282080
vt 0.022251 0.080621
vt 0.019531 0.090235
vt 0.016796 0.080651
vt 0.019526 0.035579
vt 0.023633 0.034275
vt 0.373381 0.543353
vt 0.385447 0.498955
vt 0.377349 0.544168
vt 0.023633 0.087536
vt 0.932846 0.736583
vt 0.926150 0.738542
vt 0.928111 0.720008
vt 0.933346 0.725665
vt 0.935120 0.734500
vt 0.378129 0.431567
vt 0.375542 0.431841
vt 0.375542 0.406994
vt 0.188210 0.975402
vt 0.188210 0.949632
vt 0.197659 0.974814
vt 0.936730 0.747665
vt 0.460821 0.218453
vt 0.457833 0.205681
vt 0.457901 0.199981
vt 0.322870 0.525112
vt 0.597267 0.933422
vt 0.601514 0.933118
vt 0.615335 0.943468
vt 0.614188 0.947890
vt 0.289873 0.751962
vt 0.502112 0.373533
vt 0.497707 0.369773
vt 0.996688 0.412580
vt 0.998120 0.418403
vt 0.992997 0.416591
vt 0.990490 0.412580
vt 0.990490 0.405736
vt 0.991288 0.399857
vt 0.994720 0.402791
vt 0.998186 0.405736
vt 0.746944 0.287578
vt 0.745111 0.292191
vt 0.741009 0.286015
vt 0.744508 0.282481
vt 0.996247 0.760786
vt 0.992161 0.765471
vt 0.990490 0.760786
vt 0.990490 0.872283
vt 0.995570 0.869258
vt 0.995570 0.873340
vt 0.328199 0.521117
vt 0.790156 0.901541
vt 0.806721 0.903440
vt 0.380758 0.547659
vt 0.380265 0.543433
vt 0.514508 0.100978
vt 0.515870 0.096926
vt 0.518549 0.099630
vt 0.995827 0.843380
vt 0.995827 0.847380
vt 0.990490 0.846068
vt 0.386317 0.547477
vt 0.391883 0.547248
vt 0.990495 0.683615
vt 0.996758 0.683615
vt 0.994498 0.687303
vt 0.990490 0.689861
vt 0.990490 0.609597
vt 0.990526 0.604207
vt 0.995912 0.608287
vt 0.631304 0.272042
vt 0.285550 0.659851
vt 0.292256 0.612594
vt 0.290219 0.656150
vt 0.289592 0.661726
vt 0.990490 0.581248
vt 0.991939 0.577028
vt 0.997560 0.581248
vt 0.997263 0.604207
vt 0.631182 0.323732
vt 0.625696 0.321291
vt 0.630521 0.319170
vt 0.507785 0.447199
vt 0.510409 0.443683
vt 0.513483 0.447585
vt 0.508690 0.453326
vt 0.513108 0.453326
vt 0.523178 0.904748
vt 0.772930 0.900273
vt 0.766633 0.888631
vt 0.523178 0.878273
vt 0.531631 0.857771
vt 0.298636 0.905212
vt 0.290853 0.923423
vt 0.661726 0.078698
vt 0.654448 0.098829
vt 0.654448 0.075640
vt 0.085939 0.001121
vt 0.081104 0.010742
vt 0.081086 0.001121
vt 0.474790 0.085941
vt 0.470566 0.086651
vt 0.449819 0.052473
vt 0.311631 0.496541
vt 0.352358 0.491232
vt 0.349727 0.495182
vt 0.311631 0.500480
vt 0.228906 0.500480
vt 0.228906 0.496541
vt 0.799228 0.233653
vt 0.455401 0.002274
vt 0.919495 0.553372
vt 0.922542 0.548039
vt 0.072812 0.828323
vt 0.619669 0.321734
vt 0.487701 0.089494
vt 0.487701 0.064692
vt 0.781747 0.440894
vt 0.788486 0.415993
vt 0.784543 0.441671
vt 0.100473 0.893004
vt 0.103087 0.898636
vt 0.618757 0.931719
vt 0.599777 0.928936
vt 0.616911 0.926111
vt 0.392433 0.917175
vt 0.391656 0.911556
vt 0.398294 0.913307
vt 0.255407 0.627135
vt 0.258689 0.649602
vt 0.254048 0.672301
vt 0.222960 0.651977
vt 0.752029 0.891094
vt 0.752238 0.876241
vt 0.748086 0.285974
vt 0.450868 0.042942
vt 0.474111 0.041362
vt 0.453999 0.048789
vt 0.447414 0.050723
vt 0.429600 0.050963
vt 0.700668 0.395317
vt 0.707228 0.394006
vt 0.401061 0.000468
vt 0.401061 0.034697
vt 0.401061 0.047020
vt 0.394232 0.110001
vt 0.401061 0.062081
vt 0.401061 0.110002
vt 0.394232 0.177090
vt 0.401061 0.157923
vt 0.401061 0.177091
vt 0.401061 0.218166
vt 0.401061 0.251026
vt 0.394232 0.293470
vt 0.401061 0.352345
vt 0.554712 0.585618
vt 0.556053 0.578911
vt 0.597615 0.586968
vt 0.600282 0.592343
vt 0.273299 0.927677
vt 0.272306 0.922264
vt 0.581978 0.120567
vt 0.601570 0.119266
vt 0.601570 0.185841
vt 0.579378 0.076188
vt 0.228903 0.673037
vt 0.005304 0.992578
vt 0.001227 0.967230
vt 0.007953 0.985915
vt 0.930284 0.172944
vt 0.923351 0.176174
vt 0.923351 0.150574
vt 0.927629 0.150430
vt 0.710020 0.413520
vt 0.936730 0.722566
vt 0.319802 0.647163
vt 0.511334 0.924842
vt 0.312477 0.625196
vt 0.710292 0.578911
vt 0.308988 0.351273
vt 0.302170 0.351255
vt 0.308988 0.282994
vt 0.308988 0.303478
vt 0.308988 0.000321
vt 0.302170 0.000303
vt 0.707228 0.243109
vt 0.308988 0.061771
vt 0.302170 0.061754
vt 0.302170 0.046732
vt 0.302170 0.157344
vt 0.302170 0.124570
vt 0.302170 0.217429
vt 0.302170 0.176462
vt 0.615260 0.119090
vt 0.612550 0.097417
vt 0.668799 0.923839
vt 0.648711 0.916226
vt 0.650110 0.912444
vt 0.672469 0.918038
vt 0.410356 0.901193
vt 0.808589 0.899409
vt 0.810932 0.903883
vt 0.783384 0.014934
vt 0.816416 0.000224
vt 0.960193 0.696012
vt 0.390559 0.901585
vt 0.394446 0.900037
vt 0.452350 0.022217
vt 0.438105 0.017942
vt 0.450871 0.016539
vt 0.521976 0.611305
vt 0.521976 0.585860
vt 0.527861 0.600736
vt 0.625855 0.260757
vt 0.296488 0.613099
vt 0.077501 0.823669
vt 0.072812 0.782773
vt 0.513207 0.098254
vt 0.513165 0.052459
vt 0.518554 0.052458
vt 0.519928 0.096915
vt 0.007966 0.964619
vt 0.027930 0.964629
vt 0.668713 0.565498
vt 0.311994 0.590625
vt 0.483097 0.366038
vt 0.500592 0.365131
vt 0.495098 0.369010
vt 0.481628 0.371369
vt 0.935490 0.195096
vt 0.941027 0.195096
vt 0.022259 0.009646
vt 0.387789 0.474627
vt 0.391756 0.475442
vt 0.389413 0.499786
vt 0.748982 0.236535
vt 0.744958 0.237386
vt 0.742570 0.212556
vt 0.746632 0.211718
vt 0.751997 0.237333
vt 0.728329 0.153802
vt 0.716593 0.167580
vt 0.716593 0.147292
vt 0.534967 0.887961
vt 0.531355 0.865152
vt 0.583192 0.014968
vt 0.600304 0.014960
vt 0.664742 0.014966
vt 0.663411 0.036017
vt 0.455196 0.219858
vt 0.449446 0.219864
vt 0.450693 0.205680
vt 0.452183 0.199981
vt 0.927038 0.541378
vt 0.932143 0.523811
vt 0.934581 0.529465
vt 0.598654 0.914696
vt 0.353651 0.543810
vt 0.362842 0.545123
vt 0.362843 0.550376
vt 0.312945 0.551689
vt 0.315571 0.545123
vt 0.354968 0.539860
vt 0.768899 0.003362
vt 0.771692 0.000195
vt 0.919940 0.455301
vt 0.915825 0.455305
vt 0.917233 0.436167
vt 0.955898 0.530913
vt 0.962511 0.531153
vt 0.958454 0.533652
vt 0.921302 0.434826
vt 0.922710 0.427976
vt 0.974309 0.122615
vt 0.974309 0.103584
vt 0.001235 0.605676
vt 0.005308 0.642358
vt 0.001235 0.642390
vt 0.477228 0.414106
vt 0.473185 0.416802
vt 0.473185 0.393888
vt 0.481256 0.414116
vt 0.593165 0.496262
vt 0.589058 0.494893
vt 0.597273 0.459289
vt 0.597273 0.496295
vt 0.641010 0.917622
vt 0.615277 0.097507
vt 0.611178 0.090555
vt 0.616609 0.090614
vt 0.641902 0.915087
vt 0.644821 0.907562
vt 0.651093 0.909939
vt 0.855088 0.630544
vt 0.852761 0.627092
vt 0.186889 0.543810
vt 0.185580 0.539860
vt 0.224969 0.545123
vt 0.227595 0.551689
vt 0.177698 0.550376
vt 0.177697 0.545123
vt 0.559991 0.377943
vt 0.565729 0.398607
vt 0.004297 0.000978
vt 0.001549 0.021485
vt 0.001549 0.000626
vt 0.990490 0.828296
vt 0.991886 0.825515
vt 0.996031 0.828296
vt 0.496815 0.685092
vt 0.502231 0.688920
vt 0.518180 0.689795
vt 0.725700 0.531314
vt 0.717761 0.531090
vt 0.716887 0.515177
vt 0.713067 0.509773
vt 0.990490 0.822681
vt 0.996031 0.822681
vt 0.991877 0.825466
vt 0.914516 0.436153
vt 0.979811 0.104459
vt 0.133205 0.923839
vt 0.130430 0.922452
vt 0.133205 0.890523
vt 0.681165 0.514169
vt 0.449651 0.002280
vt 0.435398 0.006538
vt 0.920104 0.542401
vt 0.919495 0.528660
vt 0.925209 0.524801
vt 0.999813 0.000024
vt 0.995921 0.006777
vt 0.990490 0.000024
vt 0.999627 0.043668
vt 0.993633 0.048953
vt 0.990490 0.043668
vt 0.859354 0.850645
vt 0.855139 0.857637
vt 0.437929 0.204239
vt 0.438028 0.199954
vt 0.321539 0.519785
vt 0.324203 0.506465
vt 0.326868 0.515805
vt 0.493034 0.645391
vt 0.492883 0.640087
vt 0.495469 0.637344
vt 0.501215 0.653121
vt 0.360942 0.490112
vt 0.360942 0.513483
vt 0.359618 0.511732
vt 0.479924 0.395236
vt 0.953747 0.645058
vt 0.960363 0.644818
vt 0.957809 0.647554
vt 0.954932 0.679438
vt 0.479107 0.041682
vt 0.479107 0.081642
vt 0.476011 0.046331
vt 0.597629 0.565498
vt 0.560076 0.572205
vt 0.564115 0.565489
vt 0.570820 0.558783
vt 0.604351 0.561465
vt 0.820813 0.073868
vt 0.819529 0.067208
vt 0.839502 0.068539
vt 0.840786 0.073868
vt 0.272306 0.900986
vt 0.292177 0.902228
vt 0.694973 0.014978
vt 0.190844 0.495182
vt 0.188222 0.491232
vt 0.513351 0.160323
vt 0.526330 0.200057
vt 0.510351 0.163394
vt 0.496295 0.305082
vt 0.491971 0.302884
vt 0.496295 0.294284
vt 0.664742 0.009706
vt 0.696319 0.004439
vt 0.315576 0.542486
vt 0.968955 0.296988
vt 0.968957 0.336038
vt 0.961171 0.298272
vt 0.947935 0.430267
vt 0.955827 0.428935
vt 0.968957 0.430263
vt 0.954506 0.434207
vt 0.947935 0.465755
vt 0.955898 0.569343
vt 0.961325 0.565566
vt 0.708539 0.384821
vt 0.713787 0.390070
vt 0.407857 0.000471
vt 0.407857 0.034700
vt 0.407857 0.047023
vt 0.401061 0.125063
vt 0.407857 0.110004
vt 0.407857 0.125065
vt 0.407857 0.157925
vt 0.407857 0.177094
vt 0.401061 0.283887
vt 0.407857 0.251029
vt 0.407857 0.283889
vt 0.401061 0.293471
vt 0.407857 0.352348
vt 0.708539 0.252294
vt 0.302170 0.034442
vt 0.295371 0.034390
vt 0.295371 0.000251
vt 0.302170 0.109549
vt 0.295371 0.109497
vt 0.295371 0.061702
vt 0.295371 0.176410
vt 0.295371 0.157292
vt 0.302170 0.250203
vt 0.302170 0.282977
vt 0.295371 0.250151
vt 0.295371 0.217377
vt 0.302170 0.303460
vt 0.295371 0.351203
vt 0.295371 0.303408
vt 0.295371 0.282925
vt 0.947472 0.352811
vt 0.947472 0.371825
vt 0.941941 0.353690
vt 0.960363 0.683211
vt 0.664924 0.873477
vt 0.652077 0.907434
vt 0.657208 0.874867
vt 0.644806 0.865855
vt 0.948080 0.084169
vt 0.968957 0.084142
vt 0.955882 0.085470
vt 0.948078 0.123334
vt 0.224973 0.542486
vt 0.044668 0.745517
vt 0.044668 0.714307
vt 0.047266 0.744217
vt 0.810081 0.885504
vt 0.090016 0.873297
vt 0.092938 0.867835
vt 0.096501 0.885935
vt 0.103412 0.887553
vt 0.101217 0.869485
vt 0.105275 0.873786
vt 0.435201 0.215589
vt 0.400127 0.751962
vt 0.330863 0.499806
vt 0.792177 0.896118
vt 0.792565 0.879284
vt 0.485340 0.217197
vt 0.478541 0.221057
vt 0.485728 0.201109
vt 0.490887 0.210632
vt 0.498682 0.220200
vt 0.487936 0.221288
vt 0.951767 0.534056
vt 0.956066 0.535528
vt 0.951767 0.558600
vt 0.486852 0.378210
vt 0.481240 0.387456
vt 0.475021 0.367186
vt 0.311842 0.589375
vt 0.311265 0.582720
vt 0.596823 0.909077
vt 0.600852 0.905920
vt 0.616980 0.908921
vt 0.431262 0.002243
vt 0.425540 0.006510
vt 0.924142 0.519288
vt 0.931381 0.512829
vt 0.437054 0.803606
vt 0.440435 0.816416
vt 0.431105 0.809434
vt 0.381588 0.897797
vt 0.713787 0.247046
vt 0.720346 0.386134
vt 0.414653 0.000473
vt 0.407857 0.062083
vt 0.414653 0.047025
vt 0.414653 0.062086
vt 0.414653 0.110007
vt 0.414653 0.125068
vt 0.407857 0.218169
vt 0.414653 0.177097
vt 0.414653 0.218172
vt 0.407857 0.293473
vt 0.414653 0.350981
vt 0.414653 0.283892
vt 0.295371 0.046680
vt 0.288572 0.046629
vt 0.288572 0.034338
vt 0.295371 0.124518
vt 0.288572 0.124466
vt 0.288572 0.109445
vt 0.288572 0.217325
vt 0.288572 0.176358
vt 0.288572 0.303356
vt 0.288572 0.282873
vt 0.288572 0.250099
vt 0.820813 0.003292
vt 0.840786 0.003292
vt 0.839502 0.008616
vt 0.819529 0.009948
vt 0.662023 0.561465
vt 0.695553 0.558783
vt 0.702259 0.565489
vt 0.706268 0.572205
vt 0.269865 0.714306
vt 0.376622 0.900430
vt 0.414653 0.034703
vt 0.286820 0.316041
vt 0.286820 0.350199
vt 0.279985 0.348750
vt 0.279985 0.315959
vt 0.286820 0.303745
vt 0.286820 0.288715
vt 0.279985 0.303662
vt 0.279985 0.288633
vt 0.286820 0.240895
vt 0.414653 0.157928
vt 0.286820 0.193074
vt 0.286820 0.225866
vt 0.279985 0.225783
vt 0.279985 0.192992
vt 0.286820 0.173946
vt 0.414653 0.251032
vt 0.286820 0.100166
vt 0.286820 0.132957
vt 0.279985 0.132875
vt 0.279985 0.100084
vt 0.286820 0.067375
vt 0.414653 0.293476
vt 0.286820 0.000427
vt 0.286820 0.057811
vt 0.279985 0.000344
vt 0.279985 0.067293
vt 0.574857 0.182619
vt 0.568047 0.107316
vt 0.575788 0.107316
vt 0.288572 0.000199
vt 0.146081 0.350199
vt 0.146081 0.316042
vt 0.152910 0.348751
vt 0.720346 0.250983
vt 0.726876 0.257550
vt 0.726876 0.379579
vt 0.288572 0.061650
vt 0.146081 0.288716
vt 0.146081 0.240896
vt 0.152910 0.288634
vt 0.152910 0.303663
vt 0.146081 0.303745
vt 0.288572 0.157240
vt 0.146081 0.193075
vt 0.146081 0.173947
vt 0.152910 0.192993
vt 0.152910 0.225784
vt 0.146081 0.225866
vt 0.146081 0.100167
vt 0.146081 0.067376
vt 0.152910 0.100085
vt 0.152910 0.132876
vt 0.146081 0.132958
vt 0.288572 0.349786
vt 0.848060 0.309737
vt 0.855088 0.308339
vt 0.855088 0.378127
vt 0.848060 0.378129
vt 0.146081 0.000427
vt 0.152910 0.000345
vt 0.146081 0.046881
vt 0.525903 0.858743
vt 0.761762 0.491790
vt 0.767001 0.491790
vt 0.765723 0.504889
vt 0.579263 0.008383
vt 0.566066 0.005779
vt 0.572703 0.003112
vt 0.601619 0.004439
vt 0.600304 0.009700
vt 0.475901 0.218302
vt 0.428284 0.012219
vt 0.425203 0.030745
vt 0.431030 0.816416
vt 0.559039 0.448693
vt 0.561332 0.452836
vt 0.552121 0.451993
vt 0.741028 0.870352
vt 0.754620 0.872002
vt 0.926203 0.124878
vt 0.728298 0.867269
vt 0.718872 0.890535
vt 0.725253 0.867882
vt 0.732384 0.842567
vt 0.736382 0.843676
vt 0.732290 0.868410
vt 0.722878 0.891612
vt 0.482141 0.064721
vt 0.480796 0.039899
vt 0.484913 0.039909
vt 0.487652 0.064721
vt 0.896655 0.224963
vt 0.902354 0.247073
vt 0.892924 0.226401
vt 0.886783 0.203053
vt 0.890533 0.201618
vt 0.861168 0.353265
vt 0.860663 0.327965
vt 0.865446 0.354286
vt 0.865830 0.378129
vt 0.454213 0.743368
vt 0.456991 0.732881
vt 0.461863 0.737652
vt 0.461919 0.743368
vt 0.428097 0.209893
vt 0.425342 0.215560
vt 0.425051 0.191444
vt 0.472253 0.369793
vt 0.665438 0.508445
vt 0.664877 0.528273
vt 0.525532 0.004209
vt 0.545149 0.005515
vt 0.526831 0.006809
vt 0.526831 0.056503
vt 0.524215 0.098350
vt 0.364164 0.552979
vt 0.269618 0.554303
vt 0.668158 0.505858
vt 0.870127 0.365239
vt 0.867139 0.360810
vt 0.870127 0.326839
vt 0.269613 0.543810
vt 0.269613 0.528054
vt 0.545139 0.098348
vt 0.526831 0.138889
vt 0.525532 0.191213
vt 0.176393 0.552979
vt 0.228912 0.535921
vt 0.228907 0.522802
vt 0.311631 0.522802
vt 0.311636 0.535921
vt 0.502189 0.943313
vt 0.504889 0.964656
vt 0.502189 0.961990
vt 0.482179 0.961990
vt 0.482179 0.935309
vt 0.500855 0.931307
vt 0.504889 0.941977
vt 0.225812 0.902153
vt 0.229885 0.898300
vt 0.223500 0.936403
vt 0.216527 0.903218
vt 0.207370 0.900352
vt 0.500839 0.964659
vt 0.482179 0.921968
vt 0.503555 0.928637
vt 0.465683 0.947637
vt 0.468365 0.926302
vt 0.468365 0.948936
vt 0.464351 0.959620
vt 0.445711 0.955624
vt 0.445711 0.928996
vt 0.465683 0.928998
vt 0.464342 0.926351
vt 0.148116 0.965454
vt 0.129794 0.968957
vt 0.138713 0.965209
vt 0.142756 0.931198
vt 0.152541 0.968957
vt 0.467033 0.962250
vt 0.467005 0.968957
vt 0.445711 0.968938
vt 0.968950 0.440790
vt 0.955802 0.440809
vt 0.928782 0.440387
vt 0.932254 0.446658
vt 0.933084 0.474800
vt 0.954515 0.468365
vt 0.554299 0.457485
vt 0.555162 0.462846
vt 0.545952 0.461987
vt 0.545088 0.456657
vt 0.745517 0.446880
vt 0.732382 0.446880
vt 0.742878 0.444249
vt 0.744204 0.410102
vt 0.948127 0.337309
vt 0.948150 0.300857
vt 0.957271 0.315188
vt 0.503507 0.921969
vt 0.948127 0.296956
vt 0.959791 0.102436
vt 0.968933 0.088062
vt 0.968957 0.124611
vt 0.943170 0.038663
vt 0.947472 0.047266
vt 0.939200 0.038150
vt 0.943999 0.010520
vt 0.947472 0.004249
vt 0.431027 0.218411
vt 0.101422 0.863970
vt 0.094732 0.856847
vt 0.380168 0.539352
vt 0.382056 0.532806
vt 0.394310 0.544455
vt 0.416732 0.199926
vt 0.808213 0.876846
vt 0.495846 0.393169
vt 0.783022 0.875479
vt 0.804783 0.869435
vt 0.812119 0.880072
vt 0.220536 0.949620
vt 0.204673 0.949166
vt 0.219325 0.945620
vt 0.941027 0.473808
vt 0.937053 0.474288
vt 0.936559 0.438070
vt 0.270417 0.347318
vt 0.270417 0.315893
vt 0.279985 0.240813
vt 0.270417 0.288567
vt 0.270417 0.240747
vt 0.279985 0.173864
vt 0.270417 0.192926
vt 0.270417 0.173798
vt 0.279985 0.057729
vt 0.270417 0.001645
vt 0.580224 0.553408
vt 0.472759 0.238357
vt 0.470079 0.349628
vt 0.466029 0.294529
vt 0.467288 0.242245
vt 0.468881 0.095020
vt 0.475372 0.093160
vt 0.474256 0.099737
vt 0.842197 0.075196
vt 0.842197 0.037911
vt 0.486019 0.128079
vt 0.474192 0.134216
vt 0.454016 0.095235
vt 0.502546 0.159957
vt 0.507812 0.155736
vt 0.526373 0.203030
vt 0.493802 0.171979
vt 0.842197 0.001957
vt 0.501799 0.152867
vt 0.417373 0.751844
vt 0.152910 0.315960
vt 0.162472 0.315894
vt 0.162472 0.347318
vt 0.152910 0.240813
vt 0.162472 0.240747
vt 0.162472 0.288568
vt 0.152910 0.173865
vt 0.162472 0.173799
vt 0.162472 0.192927
vt 0.152910 0.046799
vt 0.162472 0.001645
vt 0.162472 0.046733
vt 0.152910 0.067294
vt 0.162472 0.067228
vt 0.162472 0.100019
vt 0.515349 0.636798
vt 0.517127 0.652671
vt 0.502731 0.661106
vt 0.939695 0.001932
vt 0.935228 0.037670
vt 0.526831 0.188582
vt 0.545149 0.140211
vt 0.545149 0.189904
vt 0.680716 0.530044
vt 0.664728 0.533565
vt 0.550380 0.005515
vt 0.550371 0.055193
vt 0.545149 0.055209
vt 0.990490 0.637735
vt 0.997323 0.637735
vt 0.993234 0.639092
vt 0.550371 0.098348
vt 0.550371 0.140195
vt 0.990490 0.713835
vt 0.993673 0.712258
vt 0.996882 0.713835
vt 0.064043 0.337710
vt 0.077345 0.337710
vt 0.074673 0.340366
vt 0.345902 0.333584
vt 0.344190 0.345902
vt 0.342805 0.333584
vt 0.995013 0.903685
vt 0.990490 0.903685
vt 0.991562 0.900252
vt 0.441716 0.952961
vt 0.441716 0.935652
vt 0.313060 0.602544
vt 0.308380 0.624271
vt 0.306449 0.603162
vt 0.785177 0.868671
vt 0.500592 0.196097
vt 0.491998 0.659548
vt 0.489545 0.683427
vt 0.484345 0.680501
vt 0.485289 0.660563
vt 0.262052 0.626939
vt 0.262660 0.648156
vt 0.994909 0.911215
vt 0.990490 0.911215
vt 0.992690 0.909028
vt 0.491998 0.042969
vt 0.489093 0.041781
vt 0.491998 0.031184
vt 0.206343 0.935959
vt 0.267925 0.646675
vt 0.271988 0.650538
vt 0.273929 0.673046
vt 0.640242 0.942828
vt 0.623115 0.941528
vt 0.634914 0.909159
vt 0.635728 0.951769
vt 0.637568 0.942633
vt 0.995243 0.890127
vt 0.992836 0.892501
vt 0.990490 0.890127
vt 0.089187 0.858081
vt 0.385142 0.527785
vt 0.394017 0.532465
vt 0.396196 0.537940
vt 0.990490 0.027455
vt 0.996396 0.024865
vt 0.999967 0.027455
vt 0.491998 0.687508
vt 0.481607 0.681673
vt 0.478193 0.669538
vt 0.839518 0.037912
vt 0.819545 0.037911
vt 0.270417 0.067227
vt 0.258117 0.067161
vt 0.258117 0.002945
vt 0.592310 0.548033
vt 0.633888 0.548033
vt 0.633872 0.553408
vt 0.686180 0.553408
vt 0.633857 0.560124
vt 0.689064 0.515652
vt 0.688690 0.528866
vt 0.687182 0.535522
vt 0.452220 0.097676
vt 0.179105 0.555057
vt 0.229992 0.558980
vt 0.179102 0.562897
vt 0.733601 0.532861
vt 0.734774 0.538190
vt 0.928782 0.483404
vt 0.464802 0.345473
vt 0.426309 0.165884
vt 0.422094 0.178666
vt 0.423447 0.151666
vt 0.426360 0.111843
vt 0.633180 0.004442
vt 0.672663 0.000482
vt 0.695035 0.000475
vt 0.702956 0.004402
vt 0.641010 0.875919
vt 0.653599 0.880688
vt 0.515981 0.660748
vt 0.522619 0.659150
vt 0.394801 0.476508
vt 0.401202 0.469726
vt 0.397545 0.479075
vt 0.396962 0.516190
vt 0.064043 0.380278
vt 0.076014 0.374957
vt 0.074684 0.378947
vt 0.980784 0.780344
vt 0.972968 0.766335
vt 0.986144 0.766335
vt 0.984578 0.782040
vt 0.204792 0.945218
vt 0.515577 0.110905
vt 0.514153 0.106991
vt 0.522076 0.108089
vt 0.522076 0.156838
vt 0.515423 0.154383
vt 0.511888 0.120231
vt 0.732095 0.370400
vt 0.732095 0.266741
vt 0.737342 0.358592
vt 0.258117 0.347252
vt 0.270417 0.303596
vt 0.258117 0.315827
vt 0.258117 0.303531
vt 0.270417 0.225717
vt 0.258117 0.240681
vt 0.258117 0.225652
vt 0.270417 0.132809
vt 0.258117 0.173732
vt 0.258117 0.132743
vt 0.270417 0.100018
vt 0.258117 0.099952
vt 0.586530 0.893392
vt 0.586530 0.947472
vt 0.574656 0.893328
vt 0.093391 0.373784
vt 0.093391 0.316659
vt 0.103126 0.316708
vt 0.103126 0.373832
vt 0.423524 0.070605
vt 0.426412 0.056381
vt 0.420673 0.111837
vt 0.417974 0.057776
vt 0.422222 0.043565
vt 0.537831 0.571491
vt 0.524786 0.568991
vt 0.547729 0.564326
vt 0.416732 0.033569
vt 0.162472 0.303597
vt 0.174767 0.303531
vt 0.174767 0.315828
vt 0.162472 0.225718
vt 0.174767 0.225652
vt 0.174767 0.240681
vt 0.162472 0.132810
vt 0.174767 0.132744
vt 0.174767 0.173733
vt 0.530621 0.562818
vt 0.558080 0.551914
vt 0.572895 0.549279
vt 0.573640 0.556052
vt 0.300123 0.650267
vt 0.299393 0.627717
vt 0.302978 0.623431
vt 0.421382 0.553389
vt 0.426076 0.560471
vt 0.412799 0.560699
vt 0.474888 0.563326
vt 0.474431 0.568654
vt 0.417874 0.164435
vt 0.479496 0.964659
vt 0.479527 0.957987
vt 0.491485 0.964660
vt 0.204673 0.901568
vt 0.443038 0.926349
vt 0.455012 0.926367
vt 0.364599 0.489374
vt 0.373832 0.487788
vt 0.367141 0.533101
vt 0.362919 0.523932
vt 0.623115 0.906941
vt 0.480089 0.657638
vt 0.267285 0.625459
vt 0.737342 0.278550
vt 0.741220 0.345482
vt 0.244452 0.344470
vt 0.258117 0.288501
vt 0.244452 0.303481
vt 0.244452 0.288452
vt 0.258117 0.192861
vt 0.244452 0.225602
vt 0.244452 0.192811
vt 0.244452 0.132694
vt 0.244452 0.099903
vt 0.574656 0.947408
vt 0.561463 0.947361
vt 0.561463 0.894600
vt 0.475571 0.555398
vt 0.174767 0.347253
vt 0.188429 0.344471
vt 0.741220 0.291683
vt 0.174767 0.288502
vt 0.188429 0.288452
vt 0.188429 0.303482
vt 0.174767 0.192861
vt 0.188429 0.192812
vt 0.188429 0.225603
vt 0.174767 0.099953
vt 0.174767 0.067162
vt 0.188429 0.099903
vt 0.188429 0.132694
vt 0.174767 0.002946
vt 0.674124 0.548033
vt 0.633919 0.543990
vt 0.660727 0.544000
vt 0.188429 0.004263
vt 0.301063 0.602287
vt 0.783022 0.862789
vt 0.795703 0.862772
vt 0.592444 0.000475
vt 0.542400 0.549234
vt 0.561166 0.546893
vt 0.550165 0.520720
vt 0.549320 0.545886
vt 0.540953 0.519893
vt 0.548148 0.497991
vt 0.244452 0.315778
vt 0.225321 0.343088
vt 0.225321 0.303465
vt 0.244452 0.240632
vt 0.225321 0.288436
vt 0.225321 0.240615
vt 0.244452 0.173683
vt 0.225321 0.192795
vt 0.225321 0.173667
vt 0.244452 0.067112
vt 0.225321 0.099887
vt 0.225321 0.067096
vt 0.244452 0.004262
vt 0.605738 0.544000
vt 0.215757 0.005629
vt 0.225321 0.006979
vt 0.130784 0.990441
vt 0.120477 0.988956
vt 0.139650 0.988956
vt 0.207558 0.006979
vt 0.188429 0.315778
vt 0.207558 0.303465
vt 0.207558 0.343088
vt 0.188429 0.240632
vt 0.207558 0.240615
vt 0.207558 0.288436
vt 0.188429 0.173683
vt 0.207558 0.173667
vt 0.207558 0.192795
vt 0.188429 0.067112
vt 0.207558 0.067096
vt 0.207558 0.099887
vt 0.409339 0.508565
vt 0.412587 0.486290
vt 0.418553 0.509328
vt 0.412103 0.537988
vt 0.405862 0.533503
vt 0.427037 0.533941
vt 0.549331 0.468924
vt 0.540253 0.497277
vt 0.528379 0.542689
vt 0.478755 0.518486
vt 0.745487 0.206320
vt 0.018163 0.009646
vt 0.016799 0.004187
vt 0.020883 0.004127
vt 0.525234 0.456238
vt 0.524781 0.461470
vt 0.461607 0.456017
vt 0.444950 0.449308
vt 0.888901 0.193675
vt 0.891123 0.195686
vt 0.861624 0.322214
vt 0.864853 0.327650
vt 0.422462 0.448693
vt 0.425617 0.458214
vt 0.417946 0.454916
vt 0.414336 0.450691
vt 0.301702 0.682042
vt 0.732383 0.404848
vt 0.742891 0.406161
vt 0.388872 0.383764
vt 0.386695 0.423686
vt 0.386104 0.386363
vt 0.382417 0.376912
vt 0.515870 0.028195
vt 0.513191 0.028186
vt 0.514552 0.020091
vt 0.518594 0.020090
vt 0.519928 0.028185
vt 0.296488 0.587668
vt 0.292149 0.588592
vt 0.292916 0.581609
vt 0.296034 0.579146
vt 0.570418 0.506604
vt 0.570418 0.498591
vt 0.575781 0.506600
vt 0.573106 0.530670
vt 0.526162 0.585413
vt 0.139942 0.797080
vt 0.139306 0.782160
vt 0.143505 0.782962
vt 0.143947 0.796553
vt 0.771298 0.885167
vt 0.766992 0.885167
vt 0.767133 0.869487
vt 0.533141 0.584672
vt 0.537322 0.584192
vt 0.532045 0.600272
vt 0.528952 0.610548
vt 0.475882 0.342821
vt 0.476959 0.352348
vt 0.471794 0.343245
vt 0.472856 0.327970
vt 0.476959 0.327534
vt 0.285022 0.601919
vt 0.281136 0.585933
vt 0.289204 0.602389
vt 0.289501 0.612305
vt 0.630140 0.261519
vt 0.406059 0.357357
vt 0.406059 0.406886
vt 0.400725 0.357388
vt 0.474192 0.955319
vt 0.478178 0.937977
vt 0.990490 0.914502
vt 0.994565 0.915790
vt 0.990490 0.917922
vt 0.479480 0.935310
vt 0.474192 0.935308
vt 0.385125 0.423689
vt 0.379685 0.427544
vt 0.380917 0.380886
vt 0.943950 0.600507
vt 0.953917 0.565254
vt 0.953917 0.603718
vt 0.025782 0.344345
vt 0.024236 0.356645
vt 0.022670 0.344345
vt 0.490829 0.172021
vt 0.471807 0.135458
vt 0.552996 0.140210
vt 0.550380 0.189903
vt 0.482190 0.032999
vt 0.486323 0.031622
vt 0.487685 0.039899
vt 0.365925 0.537116
vt 0.373832 0.535566
vt 0.519271 0.681820
vt 0.524622 0.682979
vt 0.525299 0.706844
vt 0.554303 0.189903
vt 0.520653 0.636648
vt 0.524631 0.636536
vt 0.124381 0.189060
vt 0.119133 0.189065
vt 0.119133 0.139479
vt 0.124381 0.096413
vt 0.125685 0.187755
vt 0.545329 0.374907
vt 0.545345 0.373602
vt 0.568818 0.373602
vt 0.568802 0.374907
vt 0.710959 0.537518
vt 0.400697 0.408208
vt 0.399359 0.406870
vt 0.709785 0.532173
vt 0.337309 0.990441
vt 0.319551 0.990441
vt 0.334577 0.987710
vt 0.222587 0.343055
vt 0.222587 0.303432
vt 0.225321 0.225586
vt 0.222587 0.240582
vt 0.222587 0.225553
vt 0.225321 0.132678
vt 0.222587 0.173634
vt 0.222587 0.132645
vt 0.542994 0.947345
vt 0.533760 0.947329
vt 0.533760 0.894568
vt 0.542994 0.894584
vt 0.222587 0.099854
vt 0.222587 0.067063
vt 0.210290 0.303432
vt 0.210290 0.343055
vt 0.207558 0.225586
vt 0.210290 0.225553
vt 0.210290 0.240582
vt 0.207558 0.132678
vt 0.210290 0.132645
vt 0.210290 0.173634
vt 0.574294 0.331714
vt 0.584382 0.328473
vt 0.584382 0.367387
vt 0.398516 0.516104
vt 0.402690 0.473644
vt 0.403911 0.519928
vt 0.443029 0.955657
vt 0.437731 0.955607
vt 0.437722 0.935652
vt 0.582141 0.188106
vt 0.586058 0.187997
vt 0.587409 0.236331
vt 0.582141 0.235155
vt 0.228687 0.562894
vt 0.271748 0.558977
vt 0.271748 0.562891
vt 0.119133 0.096418
vt 0.379685 0.378178
vt 0.688430 0.538190
vt 0.664616 0.537534
vt 0.519082 0.496760
vt 0.527821 0.472323
vt 0.222587 0.288403
vt 0.076189 0.398540
vt 0.061889 0.398540
vt 0.061889 0.385541
vt 0.076189 0.385541
vt 0.121687 0.398540
vt 0.222587 0.192762
vt 0.167185 0.398540
vt 0.135986 0.398540
vt 0.135986 0.385541
vt 0.167185 0.385541
vt 0.185384 0.398540
vt 0.224383 0.398540
vt 0.185384 0.385541
vt 0.224383 0.385541
vt 0.255582 0.398540
vt 0.222587 0.009678
vt 0.341378 0.398540
vt 0.286780 0.398540
vt 0.286780 0.385541
vt 0.333579 0.385541
vt 0.342680 0.394671
vt 0.123461 0.985985
vt 0.126393 0.981571
vt 0.136735 0.985985
vt 0.313505 0.562889
vt 0.312199 0.556365
vt 0.363090 0.562886
vt 0.119133 0.054662
vt 0.119133 0.005077
vt 0.124381 0.005072
vt 0.370752 0.413579
vt 0.333083 0.413579
vt 0.370753 0.400589
vt 0.375981 0.400608
vt 0.322283 0.987710
vt 0.324993 0.973933
vt 0.329096 0.983523
vt 0.210290 0.288403
vt 0.318795 0.413579
vt 0.273334 0.413579
vt 0.318797 0.400589
vt 0.333085 0.400589
vt 0.210290 0.192762
vt 0.227872 0.413579
vt 0.209687 0.413579
vt 0.227873 0.400589
vt 0.259047 0.400589
vt 0.259046 0.413579
vt 0.210290 0.099854
vt 0.210290 0.067063
vt 0.139547 0.413579
vt 0.108373 0.413579
vt 0.139548 0.400589
vt 0.170721 0.400589
vt 0.170720 0.413579
vt 0.136838 0.971173
vt 0.053819 0.413579
vt 0.061613 0.400589
vt 0.108374 0.400589
vt 0.210290 0.009678
vt 0.360480 0.558971
vt 0.363089 0.555057
vt 0.435872 0.477645
vt 0.480801 0.494781
vt 0.525299 0.660418
vt 0.403911 0.470970
vt 0.055860 0.840049
vt 0.055214 0.832294
vt 0.055860 0.824431
vt 0.482732 0.472409
vt 0.590971 0.325349
vt 0.571410 0.325348
vt 0.568818 0.322740
vt 0.593595 0.322740
vt 0.590987 0.373602
vt 0.589667 0.370994
vt 0.590971 0.240578
vt 0.589667 0.194932
vt 0.590987 0.192323
vt 0.593595 0.243186
vt 0.568818 0.243185
vt 0.571410 0.239274
vt 0.552996 0.055208
vt 0.554303 0.005515
vt 0.554303 0.098363
vt 0.331823 0.973933
vt 0.331829 0.971232
vt 0.018993 0.385572
vt 0.020293 0.382973
vt 0.024191 0.385541
vt 0.024191 0.398540
vt 0.028092 0.382957
vt 0.121687 0.385541
vt 0.219214 0.415463
vt 0.266193 0.415463
vt 0.266177 0.416806
vt 0.219198 0.416806
vt 0.204449 0.415463
vt 0.172235 0.415463
vt 0.204433 0.416806
vt 0.172219 0.416806
vt 0.153444 0.415463
vt 0.255582 0.385541
vt 0.080962 0.415463
vt 0.113176 0.415463
vt 0.113160 0.416806
vt 0.080946 0.416806
vt 0.048748 0.415463
vt 0.614460 0.282311
vt 0.614460 0.374906
vt 0.613156 0.324044
vt 0.568818 0.282310
vt 0.613156 0.241882
vt 0.614460 0.191019
vt 0.280958 0.427544
vt 0.266193 0.427544
vt 0.280942 0.426202
vt 0.315824 0.426203
vt 0.366873 0.398001
vt 0.273335 0.400589
vt 0.219214 0.427544
vt 0.204449 0.427544
vt 0.219198 0.426202
vt 0.266177 0.426202
vt 0.209689 0.400589
vt 0.153444 0.427544
vt 0.113176 0.427544
vt 0.153427 0.426202
vt 0.172219 0.426202
vt 0.172235 0.427544
vt 0.048748 0.427544
vt 0.000427 0.427544
vt 0.048732 0.426202
vt 0.080946 0.426202
vt 0.080962 0.427544
vt 0.546649 0.282310
vt 0.125685 0.006377
vt 0.545345 0.192323
vt 0.545329 0.191019
vt 0.568818 0.192323
vt 0.545329 0.282311
vt 0.568802 0.191019
vt 0.588679 0.234989
vt 0.611852 0.372298
vt 0.159389 0.511933
vt 0.163283 0.510973
vt 0.163283 0.522076
vt 0.157759 0.522031
vt 0.277202 0.595343
vt 0.277392 0.581257
vt 0.284552 0.580670
vt 0.285351 0.586427
vt 0.000427 0.415463
vt 0.048732 0.416806
vt 0.007122 0.416806
vt 0.007122 0.426202
vt 0.123564 0.971173
vt 0.611852 0.193627
vt 0.546784 0.593092
vt 0.542749 0.594917
vt 0.541050 0.579594
vt 0.671886 0.120314
vt 0.674087 0.106557
vt 0.676766 0.107254
vt 0.271658 0.594741
vt 0.994372 0.822632
vt 0.990490 0.818124
vt 0.995974 0.818124
vt 0.280942 0.416806
vt 0.280958 0.415463
vt 0.315824 0.416806
vt 0.153427 0.416806
vt 0.113160 0.426202
vt 0.374682 0.398010
vt 0.991809 0.021957
vt 0.990490 0.014042
vt 0.995767 0.015345
vt 0.998406 0.021957
vt 0.325000 0.971232
vt 0.204433 0.426202
vt 0.999725 0.014042
vt 0.649436 0.494130
vt 0.650984 0.498759
vt 0.649436 0.504889
vt 0.139898 0.776644
vt 0.528336 0.579542
vt 0.523992 0.578578
vt 0.529418 0.576581
vt 0.992967 0.880666
vt 0.990490 0.878236
vt 0.995386 0.878236
vt 0.994504 0.721426
vt 0.996674 0.725065
vt 0.990490 0.725065
vt 0.143947 0.776082
vt 0.388132 0.466404
vt 0.023619 0.001427
vt 0.332343 0.565519
vt 0.333012 0.568580
vt 0.326938 0.569874
vt 0.323266 0.567497
vt 0.517780 0.764295
vt 0.516937 0.774198
vt 0.514166 0.767290
vt 0.514735 0.760704
vt 0.392094 0.467251
vt 0.575788 0.499957
vt 0.573119 0.493346
vt 0.527408 0.571174
vt 0.533914 0.578923
vt 0.992449 0.669385
vt 0.996967 0.673288
vt 0.990490 0.673288
vt 0.994915 0.775295
vt 0.996235 0.779253
vt 0.993143 0.778814
vt 0.990490 0.775295
vt 0.534690 0.573190
vt 0.644539 0.571504
vt 0.644539 0.578605
vt 0.640257 0.571488
vt 0.671886 0.098792
vt 0.676252 0.098499
vt 0.510590 0.762367
vt 0.510590 0.770367
vt 0.742248 0.204194
vt 0.748667 0.201426
vt 0.733888 0.837224
vt 0.865830 0.321960
vt 0.981847 0.476959
vt 0.976770 0.475774
vt 0.979816 0.471529
vt 0.728936 0.834392
vt 0.731397 0.830756
vt 0.736923 0.836659
vt 0.885170 0.195113
vt 0.888745 0.189470
vt 0.894964 0.187073
vt 0.895139 0.191281
vt 0.985718 0.005039
vt 0.981157 0.004853
vt 0.984048 0.001293
vt 0.360942 0.328715
vt 0.357141 0.326741
vt 0.360942 0.323930
vt 0.328046 0.577936
vt 0.323266 0.576400
vt 0.988293 0.010578
vt 0.983205 0.011765
vt 0.977277 0.464813
vt 0.981847 0.464630
vt 0.974739 0.470331
vt 0.901324 0.196071
vt 0.902354 0.191377
vt 0.000511 0.317972
vt 0.000511 0.313182
vt 0.004297 0.316009
vt 0.978970 0.461063
vt 0.752410 0.199228
vt 0.756775 0.206746
vt 0.750597 0.203847
vt 0.510863 0.775050
vt 0.513671 0.782040
vt 0.760556 0.204560
vt 0.727406 0.829615
vt 0.722495 0.836838
vt 0.718872 0.834397
vt 0.736923 0.014255
vt 0.735314 0.021485
vt 0.730892 0.014392
vt 0.732485 0.007249
vt 0.736450 0.009650
vt 0.638831 0.577213
vt 0.283941 0.573542
vt 0.289344 0.575551
vt 0.360113 0.316481
vt 0.641688 0.584382
vt 0.287513 0.579601
vt 0.001425 0.305755
vt 0.986236 0.016011
vt 0.981157 0.017188
vt 0.735175 0.001922
vt 0.730892 0.000949
vt 0.997458 0.535312
vt 0.997509 0.542301
vt 0.990490 0.542301
vt 0.416548 0.951213
vt 0.929391 0.373832
vt 0.929391 0.350451
vt 0.936730 0.371241
vt 0.487350 0.592887
vt 0.755052 0.509030
vt 0.768319 0.559905
vt 0.712786 0.468652
vt 0.194844 0.589979
vt 0.669940 0.954380
vt 0.672469 0.959073
vt 0.283402 0.058795
vt 0.765677 0.566376
vt 0.938878 0.126759
vt 0.936133 0.110577
vt 0.937518 0.114370
vt 0.938878 0.109586
vt 0.393169 0.481618
vt 0.393169 0.509186
vt 0.392441 0.502256
vt 0.390240 0.509035
vt 0.097813 0.083147
vt 0.511508 0.967386
vt 0.935185 0.009211
vt 0.441544 0.606842
s 1
usemtl Material.002
f 1/1/1 2/2/2 3/3/3
f 1/1/1 3/3/3 4/4/4
f 1/1/1 4/4/4 5/5/5
f 1/1/1 5/5/5 6/6/6
f 1/1/1 6/6/6 7/7/7
f 1/1/1 7/7/7 8/8/8
f 1/1/1 8/8/8 10/9/9
f 1/1/1 10/9/9 2/2/2
f 9/10/10 2/2/2 10/9/9
f 9/11/10 10/12/9 11/13/11
f 9/11/10 11/13/11 12/14/12
f 9/11/10 12/14/12 13/15/13
f 9/11/10 13/15/13 258/16/14
f 9/10/10 258/17/14 14/18/15
f 9/10/10 14/18/15 2/2/2
f 3/3/3 2/2/2 14/18/15
f 3/3/3 14/18/15 15/19/16
f 3/3/3 15/19/16 151/20/17
f 3/3/3 151/20/17 16/21/18
f 3/3/3 16/21/18 4/4/4
f 17/22/19 18/23/20 19/24/21
f 17/22/19 19/24/21 20/25/22
f 17/22/19 20/25/22 21/26/23
f 17/22/19 21/26/23 143/27/24
f 17/22/19 143/27/24 22/28/25
f 17/29/19 22/30/25 23/31/26
f 17/22/19 23/32/26 18/23/20
f 23/31/26 22/30/25 24/33/27
f 23/31/26 24/33/27 25/34/28
f 23/31/26 25/34/28 26/35/29
f 23/32/26 26/36/29 27/37/30
f 23/32/26 27/37/30 18/23/20
f 28/38/31 18/23/20 27/37/30
f 28/38/31 27/37/30 29/39/32
f 28/38/31 29/39/32 230/40/33
f 28/38/31 230/40/33 210/41/34
f 28/38/31 210/41/34 30/42/35
f 28/38/31 30/42/35 19/24/21
f 28/38/31 19/24/21 18/23/20
f 31/43/36 21/26/23 20/25/22
f 31/43/36 20/25/22 32/44/37
f 31/43/36 32/44/37 33/45/38
f 31/43/36 33/45/38 34/46/39
f 31/43/36 34/46/39 35/47/40
f 31/43/36 35/47/40 21/26/23
f 35/47/40 34/46/39 36/48/41
f 35/47/40 36/48/41 144/49/42
f 35/47/40 144/49/42 143/27/24
f 35/47/40 143/27/24 21/26/23
f 16/21/18 151/20/17 37/50/43
f 16/51/18 37/52/43 207/53/44
f 16/51/18 207/53/44 38/54/45
f 16/21/18 38/55/45 5/5/5
f 16/21/18 5/5/5 4/4/4
f 44/56/46 39/57/47 40/58/48
f 44/56/46 40/58/48 41/59/49
f 44/56/46 41/59/49 42/60/50
f 44/56/46 42/60/50 43/61/51
f 44/56/46 43/61/51 45/62/52
f 44/63/46 45/64/52 37/65/43
f 44/63/46 37/65/43 46/66/53
f 44/56/46 46/67/53 39/57/47
f 47/68/54 39/57/47 46/67/53
f 47/68/54 46/67/53 157/69/55
f 47/68/54 157/69/55 48/70/56
f 47/68/54 48/70/56 49/71/57
f 47/68/54 49/71/57 50/72/58
f 47/68/54 50/72/58 39/57/47
f 40/58/48 39/57/47 50/72/58
f 40/58/48 50/72/58 167/73/59
f 40/58/48 167/73/59 54/74/60
f 40/58/48 54/74/60 41/59/49
f 30/42/35 210/41/34 51/75/61
f 30/76/35 51/77/61 52/78/62
f 30/76/35 52/78/62 32/79/37
f 30/42/35 32/44/37 20/25/22
f 30/42/35 20/25/22 19/24/21
f 53/80/63 41/59/49 54/74/60
f 53/81/63 54/82/60 55/83/64
f 53/81/63 55/83/64 56/84/65
f 53/81/63 56/84/65 57/85/66
f 53/80/63 57/86/66 41/59/49
f 57/85/66 56/84/65 58/87/67
f 57/85/66 58/87/67 59/88/68
f 57/86/66 59/89/68 60/90/69
f 57/86/66 60/90/69 42/60/50
f 57/86/66 42/60/50 41/59/49
f 61/91/70 62/92/71 99/93/72
f 61/91/70 99/93/72 63/94/73
f 61/91/70 63/94/73 64/95/74
f 61/91/70 64/95/74 65/96/75
f 61/91/70 65/96/75 170/97/76
f 61/91/70 170/97/76 66/98/77
f 61/91/70 66/98/77 62/92/71
f 67/99/78 62/92/71 68/100/79
f 67/99/78 68/100/79 69/101/80
f 67/99/78 69/101/80 100/102/81
f 67/99/78 100/102/81 99/93/72
f 67/99/78 99/93/72 62/92/71
f 70/103/82 62/92/71 66/98/77
f 70/104/82 66/105/77 71/106/83
f 70/104/82 71/106/83 72/107/84
f 70/104/82 72/107/84 73/108/85
f 70/103/82 73/109/85 74/110/86
f 70/103/82 74/110/86 68/100/79
f 70/103/82 68/100/79 62/92/71
f 75/111/87 76/112/88 77/113/89
f 75/111/87 77/113/89 89/114/90
f 75/111/87 89/114/90 78/115/91
f 75/111/87 78/115/91 91/116/92
f 75/111/87 91/116/92 79/117/93
f 75/111/87 79/117/93 80/118/94
f 81/119/95 77/113/89 76/112/88
f 81/119/95 76/112/88 82/120/96
f 81/119/95 82/120/96 83/121/97
f 81/119/95 83/121/97 180/122/98
f 81/119/95 180/122/98 84/123/99
f 81/119/95 84/123/99 77/113/89
f 86/124/100 77/113/89 84/123/99
f 86/124/100 84/123/99 85/125/101
f 86/124/100 85/125/101 87/126/102
f 86/127/100 87/128/102 88/129/103
f 86/127/100 88/129/103 89/130/90
f 86/124/100 89/114/90 77/113/89
f 90/131/104 91/132/92 78/133/91
f 90/134/104 78/115/91 92/135/105
f 90/136/104 92/137/105 93/138/106
f 90/136/104 93/138/106 94/139/107
f 90/134/104 94/140/107 95/141/108
f 90/134/104 95/141/108 96/142/109
f 90/134/104 96/142/109 91/116/92
f 79/117/93 91/116/92 96/142/109
f 79/117/93 96/142/109 97/143/110
f 79/117/93 97/143/110 122/144/111
f 79/117/93 122/144/111 119/145/112
f 79/117/93 119/145/112 80/118/94
f 98/146/113 99/147/72 100/148/81
f 98/146/113 100/148/81 101/149/114
f 98/150/113 101/151/114 102/152/115
f 98/153/113 102/154/115 103/155/116
f 98/150/113 103/156/116 104/157/117
f 98/146/113 104/158/117 105/159/118
f 98/146/113 105/159/118 99/147/72
f 105/159/118 104/158/117 106/160/119
f 105/161/118 106/162/119 107/163/120
f 105/161/118 107/163/120 63/94/73
f 105/161/118 63/94/73 99/93/72
f 108/164/121 109/165/122 110/166/123
f 108/164/121 110/166/123 111/167/124
f 108/164/121 111/167/124 112/168/125
f 108/164/121 112/168/125 113/169/126
f 108/164/121 113/169/126 190/170/127
f 108/164/121 190/170/127 103/155/116
f 108/164/121 103/155/116 109/165/122
f 102/152/115 101/151/114 188/171/128
f 102/152/115 188/171/128 114/172/129
f 102/154/115 114/173/129 115/174/130
f 102/154/115 115/174/130 109/165/122
f 102/154/115 109/165/122 103/155/116
f 110/166/123 109/165/122 115/174/130
f 110/166/123 115/174/130 116/175/131
f 110/166/123 116/175/131 117/176/132
f 110/166/123 117/176/132 131/177/133
f 110/166/123 131/177/133 111/167/124
f 118/178/134 82/120/96 80/118/94
f 118/178/134 80/118/94 119/145/112
f 118/179/134 119/180/112 120/181/135
f 118/179/134 120/181/135 121/182/136
f 118/179/134 121/182/136 198/183/137
f 118/178/134 198/184/137 83/121/97
f 118/178/134 83/121/97 82/120/96
f 122/144/111 97/143/110 123/185/138
f 122/186/111 123/187/138 124/188/139
f 122/186/111 124/188/139 125/189/140
f 122/186/111 125/189/140 120/181/135
f 122/186/111 120/181/135 119/180/112
f 126/190/141 111/167/124 127/191/142
f 126/192/141 127/193/142 128/194/143
f 126/192/141 128/194/143 129/195/144
f 126/192/141 129/195/144 246/196/145
f 126/192/141 246/196/145 130/197/146
f 126/190/141 130/198/146 112/168/125
f 126/190/141 112/168/125 111/167/124
f 131/199/133 117/200/132 132/201/147
f 131/199/133 132/201/147 127/193/142
f 131/177/133 127/191/142 111/167/124
f 133/202/148 8/203/8 7/204/7
f 133/202/148 7/204/7 134/205/149
f 133/202/148 134/205/149 135/206/150
f 133/202/148 135/206/150 136/207/151
f 133/202/148 136/207/151 11/13/11
f 133/202/148 11/13/11 8/203/8
f 11/13/11 10/12/9 8/203/8
f 139/208/152 6/6/6 5/5/5
f 139/208/152 5/5/5 137/209/153
f 139/208/152 137/209/153 138/210/154
f 139/208/152 138/210/154 309/211/155
f 139/212/152 309/213/155 140/214/156
f 139/212/152 140/214/156 7/204/7
f 139/208/152 7/7/7 6/6/6
f 141/215/157 14/18/15 258/17/14
f 141/215/157 258/17/14 257/216/158
f 141/215/157 257/216/158 294/217/159
f 141/215/157 294/217/159 153/218/160
f 141/215/157 153/218/160 15/19/16
f 141/215/157 15/19/16 14/18/15
f 142/219/161 143/220/24 144/221/42
f 142/219/161 144/221/42 225/222/162
f 142/219/161 225/222/162 145/223/163
f 142/219/161 145/223/163 146/224/164
f 142/219/161 146/224/164 22/30/25
f 142/219/161 22/30/25 143/220/24
f 26/35/29 25/34/28 147/225/165
f 26/35/29 147/225/165 385/226/166
f 26/35/29 385/226/166 148/227/167
f 26/36/29 148/228/167 29/39/32
f 26/36/29 29/39/32 27/37/30
f 38/54/45 207/53/44 209/229/168
f 38/54/45 209/229/168 149/230/169
f 38/55/45 149/231/169 137/209/153
f 38/55/45 137/209/153 5/5/5
f 150/232/170 46/66/53 37/65/43
f 150/233/170 37/52/43 151/234/17
f 150/233/170 151/234/17 152/235/171
f 150/232/170 152/236/171 46/66/53
f 152/235/171 151/234/17 153/237/160
f 152/235/171 153/237/160 154/238/172
f 152/235/171 154/238/172 155/239/173
f 152/236/171 155/240/173 156/241/174
f 152/236/171 156/241/174 157/242/55
f 152/236/171 157/242/55 46/66/53
f 159/243/175 34/46/39 33/45/38
f 159/243/175 33/45/38 158/244/176
f 159/245/175 158/246/176 160/247/177
f 159/245/175 160/247/177 161/248/178
f 159/245/175 161/248/178 36/249/41
f 159/243/175 36/48/41 34/46/39
f 162/250/179 43/61/51 42/60/50
f 162/250/179 42/60/50 60/90/69
f 162/250/179 60/90/69 163/251/180
f 162/250/179 163/251/180 164/252/181
f 162/250/179 164/252/181 208/253/182
f 162/250/179 208/253/182 45/62/52
f 162/250/179 45/62/52 43/61/51
f 165/254/183 32/79/37 52/78/62
f 165/254/183 52/78/62 166/255/184
f 165/254/183 166/255/184 158/256/176
f 165/254/183 158/256/176 33/257/38
f 165/254/183 33/257/38 32/79/37
f 167/73/59 50/72/58 49/71/57
f 167/73/59 49/71/57 267/258/185
f 167/259/59 267/260/185 168/261/186
f 167/259/59 168/261/186 55/83/64
f 167/259/59 55/83/64 54/82/60
f 169/262/187 170/263/76 65/264/75
f 169/262/187 65/264/75 171/265/188
f 169/262/187 171/265/188 172/266/189
f 169/262/187 172/266/189 173/267/190
f 169/262/187 173/267/190 71/106/83
f 169/262/187 71/106/83 170/263/76
f 71/106/83 66/105/77 170/263/76
f 174/268/191 64/95/74 63/94/73
f 174/268/191 63/94/73 107/163/120
f 174/268/191 107/163/120 240/269/192
f 174/268/191 240/269/192 217/270/193
f 174/268/191 217/270/193 175/271/194
f 174/268/191 175/271/194 65/96/75
f 174/268/191 65/96/75 64/95/74
f 176/272/195 68/100/79 74/110/86
f 176/272/195 74/110/86 271/273/196
f 176/272/195 271/273/196 177/274/197
f 176/272/195 177/274/197 187/275/198
f 176/272/195 187/275/198 69/101/80
f 176/272/195 69/101/80 68/100/79
f 92/135/105 78/115/91 89/114/90
f 92/137/105 89/130/90 88/129/103
f 92/137/105 88/129/103 178/276/199
f 92/137/105 178/276/199 179/277/200
f 92/137/105 179/277/200 93/138/106
f 180/122/98 83/121/97 181/278/201
f 180/279/98 181/280/201 182/281/202
f 180/279/98 182/281/202 85/282/101
f 180/122/98 85/125/101 84/123/99
f 183/283/203 96/142/109 95/141/108
f 183/284/203 95/285/108 184/286/204
f 183/284/203 184/286/204 185/287/205
f 183/283/203 185/288/205 123/185/138
f 183/283/203 123/185/138 97/143/110
f 183/283/203 97/143/110 96/142/109
f 187/289/198 177/290/197 186/291/206
f 187/292/198 186/293/206 188/294/128
f 187/292/198 188/294/128 100/148/81
f 187/275/198 100/102/81 69/101/80
f 188/294/128 101/149/114 100/148/81
f 190/170/127 113/169/126 189/295/207
f 190/170/127 189/295/207 369/296/208
f 190/297/127 369/298/208 104/157/117
f 190/297/127 104/157/117 103/156/116
f 189/295/207 113/169/126 112/168/125
f 189/295/207 112/168/125 130/198/146
f 189/295/207 130/198/146 248/299/209
f 189/295/207 248/299/209 191/300/210
f 189/295/207 191/300/210 369/296/208
f 192/301/211 115/174/130 193/302/212
f 192/301/211 193/302/212 194/303/213
f 192/301/211 194/303/213 249/304/214
f 192/301/211 249/304/214 117/176/132
f 192/301/211 117/176/132 116/175/131
f 192/301/211 116/175/131 115/174/130
f 114/172/129 188/171/128 195/305/215
f 114/172/129 195/305/215 196/306/216
f 114/173/129 196/307/216 193/302/212
f 114/173/129 193/302/212 115/174/130
f 198/183/137 121/182/136 197/308/217
f 198/183/137 197/308/217 199/309/218
f 198/310/137 199/311/218 181/280/201
f 198/184/137 181/278/201 83/121/97
f 132/201/147 117/200/132 200/312/219
f 132/201/147 200/312/219 201/313/220
f 132/201/147 201/313/220 202/314/221
f 132/201/147 202/314/221 128/194/143
f 132/201/147 128/194/143 127/193/142
f 134/205/149 7/204/7 140/214/156
f 134/205/149 140/214/156 203/315/222
f 134/205/149 203/315/222 204/316/223
f 134/205/149 204/316/223 205/317/224
f 134/205/149 205/317/224 135/206/150
f 146/224/164 145/223/163 206/318/225
f 146/224/164 206/318/225 261/319/226
f 146/224/164 261/319/226 24/33/27
f 146/224/164 24/33/27 22/30/25
f 153/218/160 151/20/17 15/19/16
f 207/320/44 37/65/43 45/64/52
f 207/320/44 45/64/52 208/321/182
f 207/320/44 208/321/182 209/322/168
f 51/77/61 210/323/34 229/324/227
f 51/77/61 229/324/227 211/325/228
f 51/77/61 211/325/228 212/326/229
f 51/77/61 212/326/229 213/327/230
f 51/77/61 213/327/230 214/328/231
f 51/77/61 214/328/231 52/78/62
f 166/255/184 52/78/62 214/328/231
f 166/255/184 214/328/231 635/329/232
f 166/255/184 635/329/232 215/330/233
f 166/255/184 215/330/233 216/331/234
f 166/255/184 216/331/234 337/332/235
f 166/255/184 337/332/235 158/256/176
f 175/333/194 217/334/193 352/335/236
f 175/333/194 352/335/236 218/336/237
f 175/333/194 218/336/237 171/265/188
f 175/333/194 171/265/188 65/264/75
f 219/337/238 120/181/135 125/189/140
f 219/337/238 125/189/140 444/338/239
f 219/337/238 444/338/239 220/339/240
f 219/337/238 220/339/240 221/340/241
f 219/337/238 221/340/241 121/182/136
f 219/337/238 121/182/136 120/181/135
f 222/341/242 144/49/42 36/48/41
f 222/342/242 36/249/41 161/248/178
f 222/342/242 161/248/178 223/343/243
f 222/342/242 223/343/243 224/344/244
f 222/342/242 224/344/244 225/345/162
f 222/342/242 225/345/162 144/346/42
f 226/347/245 29/348/32 148/349/167
f 226/347/245 148/349/167 227/350/246
f 226/347/245 227/350/246 228/351/247
f 226/347/245 228/351/247 229/352/227
f 226/347/245 229/352/227 230/353/33
f 226/347/245 230/353/33 29/348/32
f 149/230/169 209/229/168 302/354/248
f 149/230/169 302/354/248 231/355/249
f 149/356/169 231/357/249 232/358/250
f 149/356/169 232/358/250 138/359/154
f 149/231/169 138/210/154 137/209/153
f 229/360/227 210/41/34 230/40/33
f 59/88/68 58/87/67 233/361/251
f 59/88/68 233/361/251 234/362/252
f 59/363/68 234/364/252 163/365/180
f 59/89/68 163/251/180 60/90/69
f 235/366/253 56/84/65 55/83/64
f 235/366/253 55/83/64 236/367/254
f 235/366/253 236/367/254 521/368/255
f 235/366/253 521/368/255 237/369/256
f 235/366/253 237/369/256 238/370/257
f 235/366/253 238/370/257 56/84/65
f 238/370/257 237/369/256 345/371/258
f 238/370/257 345/371/258 239/372/259
f 238/370/257 239/372/259 58/87/67
f 238/370/257 58/87/67 56/84/65
f 240/269/192 107/163/120 106/162/119
f 240/373/192 106/374/119 282/375/260
f 240/373/192 282/375/260 241/376/261
f 240/373/192 241/376/261 242/377/262
f 240/373/192 242/377/262 217/378/193
f 94/139/107 93/138/106 243/379/263
f 94/380/107 243/381/263 244/382/264
f 94/380/107 244/382/264 184/286/204
f 94/380/107 184/286/204 95/285/108
f 246/196/145 129/195/144 245/383/265
f 246/196/145 245/383/265 247/384/266
f 246/385/145 247/386/266 248/387/209
f 246/385/145 248/387/209 130/388/146
f 249/389/214 194/390/213 250/391/267
f 249/389/214 250/391/267 251/392/268
f 249/393/214 251/394/268 200/312/219
f 249/393/214 200/312/219 117/200/132
f 252/395/269 11/13/11 136/207/151
f 252/395/269 136/207/151 253/396/270
f 252/395/269 253/396/270 415/397/271
f 252/395/269 415/397/271 254/398/272
f 252/395/269 254/398/272 12/14/12
f 252/395/269 12/14/12 11/13/11
f 13/15/13 12/14/12 255/399/273
f 13/400/13 255/401/273 256/402/274
f 13/400/13 256/402/274 257/403/158
f 13/400/13 257/403/158 258/404/14
f 261/319/226 206/318/225 259/405/275
f 261/319/226 259/405/275 260/406/276
f 261/407/226 260/408/276 262/409/277
f 261/319/226 262/410/277 25/34/28
f 261/319/226 25/34/28 24/33/27
f 263/411/278 48/70/56 157/69/55
f 263/412/278 157/413/55 156/414/174
f 263/412/278 156/414/174 264/415/279
f 263/412/278 264/415/279 265/416/280
f 263/411/278 265/417/280 48/70/56
f 265/416/280 264/415/279 266/418/281
f 265/416/280 266/418/281 267/419/185
f 265/417/280 267/258/185 49/71/57
f 265/417/280 49/71/57 48/70/56
f 168/261/186 267/260/185 389/420/282
f 168/261/186 389/420/282 574/421/283
f 168/261/186 574/421/283 578/422/284
f 168/261/186 578/422/284 236/367/254
f 168/261/186 236/367/254 55/83/64
f 268/423/285 71/106/83 173/267/190
f 268/423/285 173/267/190 648/424/286
f 268/423/285 648/424/286 651/425/287
f 268/423/285 651/425/287 422/426/288
f 268/423/285 422/426/288 72/107/84
f 268/423/285 72/107/84 71/106/83
f 73/108/85 72/107/84 269/427/289
f 73/428/85 269/429/289 270/430/290
f 73/428/85 270/430/290 271/431/196
f 73/109/85 271/273/196 74/110/86
f 178/276/199 88/129/103 87/128/102
f 178/276/199 87/128/102 278/432/291
f 178/276/199 278/432/291 272/433/292
f 178/276/199 272/433/292 273/434/293
f 178/276/199 273/434/293 274/435/294
f 178/276/199 274/435/294 179/277/200
f 275/436/295 85/282/101 182/281/202
f 275/436/295 182/281/202 276/437/296
f 275/436/295 276/437/296 277/438/297
f 275/436/295 277/438/297 278/439/291
f 275/436/295 278/439/291 87/440/102
f 275/436/295 87/440/102 85/282/101
f 279/441/298 104/157/117 369/298/208
f 279/441/298 369/298/208 280/442/299
f 279/441/298 280/442/299 281/443/300
f 279/444/298 281/445/300 282/446/260
f 279/444/298 282/446/260 106/160/119
f 279/444/298 106/160/119 104/158/117
f 196/447/216 195/448/215 283/449/301
f 196/447/216 283/449/301 194/390/213
f 196/307/216 194/303/213 193/302/212
f 199/309/218 197/308/217 284/450/302
f 199/311/218 284/451/302 285/452/303
f 199/311/218 285/452/303 276/437/296
f 199/311/218 276/437/296 182/281/202
f 199/311/218 182/281/202 181/280/201
f 221/340/241 220/339/240 286/453/304
f 221/340/241 286/453/304 287/454/305
f 221/340/241 287/454/305 197/308/217
f 221/340/241 197/308/217 121/182/136
f 124/188/139 123/187/138 288/455/306
f 124/188/139 288/455/306 489/456/307
f 124/188/139 489/456/307 289/457/308
f 124/188/139 289/457/308 444/338/239
f 124/188/139 444/338/239 125/189/140
f 290/458/309 128/194/143 202/314/221
f 290/458/309 202/314/221 291/459/310
f 290/458/309 291/459/310 436/460/311
f 290/458/309 436/460/311 292/461/312
f 290/458/309 292/461/312 293/462/313
f 290/458/309 293/462/313 129/195/144
f 290/458/309 129/195/144 128/194/143
f 154/238/172 153/237/160 294/463/159
f 154/464/172 294/465/159 295/466/314
f 154/464/172 295/466/314 296/467/315
f 154/464/172 296/467/315 297/468/316
f 154/238/172 297/469/316 155/239/173
f 298/470/317 208/321/182 164/471/181
f 298/472/317 164/473/181 299/474/318
f 298/472/317 299/474/318 300/475/319
f 298/472/317 300/475/319 301/476/320
f 298/470/317 301/477/320 302/478/248
f 298/470/317 302/478/248 209/322/168
f 298/470/317 209/322/168 208/321/182
f 303/479/321 123/187/138 185/480/205
f 303/481/321 185/287/205 304/482/322
f 303/481/321 304/482/322 305/483/323
f 303/481/321 305/483/323 306/484/324
f 303/479/321 306/485/324 307/486/325
f 303/479/321 307/486/325 288/455/306
f 303/479/321 288/455/306 123/187/138
f 308/487/326 140/214/156 309/213/155
f 308/488/326 309/489/155 310/490/327
f 308/488/326 310/490/327 311/491/328
f 308/488/326 311/491/328 546/492/329
f 308/488/326 546/492/329 203/493/222
f 308/487/326 203/315/222 140/214/156
f 312/494/330 318/495/331 313/496/332
f 312/494/330 313/496/332 314/497/333
f 312/498/330 314/499/333 315/500/334
f 312/498/330 315/500/334 316/501/335
f 312/502/330 316/503/335 317/504/336
f 312/502/330 317/504/336 318/505/331
f 323/506/337 318/507/331 319/508/338
f 323/506/337 319/508/338 320/509/339
f 323/506/337 320/509/339 321/510/340
f 323/511/337 321/512/340 322/513/341
f 323/511/337 322/513/341 314/514/333
f 323/515/337 314/497/333 313/496/332
f 323/515/337 313/496/332 318/495/331
f 324/516/342 318/505/331 317/504/336
f 324/516/342 317/504/336 325/517/343
f 324/516/342 325/517/343 326/518/344
f 324/519/342 326/520/344 327/521/339
f 324/519/342 327/521/339 319/508/338
f 324/519/342 319/508/338 318/507/331
f 310/490/327 309/489/155 138/359/154
f 310/490/327 138/359/154 232/358/250
f 310/490/327 232/358/250 311/491/328
f 329/522/345 25/34/28 262/410/277
f 329/522/345 262/410/277 328/523/346
f 329/522/345 328/523/346 330/524/347
f 329/525/345 330/526/347 331/527/348
f 329/522/345 331/528/348 332/529/349
f 329/522/345 332/529/349 147/225/165
f 329/522/345 147/225/165 25/34/28
f 333/530/350 164/473/181 163/365/180
f 333/530/350 163/365/180 234/364/252
f 333/530/350 234/364/252 334/531/351
f 333/530/350 334/531/351 300/475/319
f 333/530/350 300/475/319 299/474/318
f 333/530/350 299/474/318 164/473/181
f 228/351/247 227/350/246 335/532/352
f 228/351/247 335/532/352 336/533/353
f 228/351/247 336/533/353 503/534/354
f 228/351/247 503/534/354 211/535/228
f 228/351/247 211/535/228 229/352/227
f 337/332/235 216/331/234 338/536/355
f 337/537/235 338/538/355 339/539/356
f 337/537/235 339/539/356 340/540/357
f 337/537/235 340/540/357 160/247/177
f 337/537/235 160/247/177 158/246/176
f 341/541/358 314/499/333 342/542/359
f 341/541/358 342/542/359 343/543/360
f 341/541/358 343/543/360 315/500/334
f 341/541/358 315/500/334 314/499/333
f 322/513/341 321/512/340 779/544/361
f 322/513/341 779/544/361 344/545/362
f 322/546/341 344/547/362 342/542/359
f 322/546/341 342/542/359 314/499/333
f 239/548/259 345/549/258 715/550/363
f 239/548/259 715/550/363 346/551/364
f 239/372/259 346/552/364 233/361/251
f 239/372/259 233/361/251 58/87/67
f 347/553/365 171/265/188 218/336/237
f 347/553/365 218/336/237 348/554/366
f 347/555/365 348/556/366 717/557/367
f 347/555/365 717/557/367 349/558/368
f 347/553/365 349/559/368 172/266/189
f 347/553/365 172/266/189 171/265/188
f 242/377/262 241/376/261 350/560/369
f 242/377/262 350/560/369 351/561/370
f 242/377/262 351/561/370 352/562/236
f 242/377/262 352/562/236 217/378/193
f 353/563/371 354/564/372 366/565/373
f 353/563/371 366/565/373 355/566/374
f 353/567/371 355/568/374 356/569/375
f 353/567/371 356/569/375 357/570/376
f 353/567/371 357/570/376 358/571/377
f 353/572/371 358/573/377 359/574/378
f 353/563/371 359/575/378 354/564/372
f 360/576/379 354/577/372 359/578/378
f 360/579/379 359/574/378 358/573/377
f 360/579/379 358/573/377 361/580/380
f 360/576/379 361/581/380 362/582/381
f 360/576/379 362/582/381 363/583/339
f 360/576/379 363/583/339 354/577/372
f 364/584/382 354/577/372 363/583/339
f 364/584/382 363/583/339 365/585/383
f 364/584/382 365/585/383 366/586/373
f 364/584/382 366/586/373 354/577/372
f 244/382/264 243/381/263 367/587/384
f 244/382/264 367/587/384 368/588/385
f 244/382/264 368/588/385 305/483/323
f 244/382/264 305/483/323 304/482/322
f 244/382/264 304/482/322 184/286/204
f 184/286/204 304/482/322 185/287/205
f 373/589/386 369/590/208 191/591/210
f 373/589/386 191/591/210 370/592/387
f 373/589/386 370/592/387 371/593/388
f 373/589/386 371/593/388 372/594/389
f 373/595/386 372/596/389 280/442/299
f 373/595/386 280/442/299 369/298/208
f 370/592/387 191/591/210 248/387/209
f 370/592/387 248/387/209 247/386/266
f 370/592/387 247/386/266 374/597/390
f 370/592/387 374/597/390 371/593/388
f 375/598/391 355/599/374 366/600/373
f 375/598/391 366/600/373 365/601/383
f 375/598/391 365/601/383 376/602/392
f 375/598/391 376/602/392 377/603/393
f 375/604/391 377/605/393 378/606/394
f 375/604/391 378/606/394 355/568/374
f 379/607/395 355/568/374 378/606/394
f 379/607/395 378/606/394 380/608/396
f 379/607/395 380/608/396 356/569/375
f 379/607/395 356/569/375 355/568/374
f 254/398/272 415/397/271 381/609/397
f 254/398/272 381/609/397 499/610/398
f 254/398/272 499/610/398 255/399/273
f 254/398/272 255/399/273 12/14/12
f 343/543/360 342/542/359 344/547/362
f 343/543/360 344/547/362 382/611/399
f 343/543/360 382/611/399 316/501/335
f 343/543/360 316/501/335 315/500/334
f 327/521/339 326/520/344 321/510/340
f 327/521/339 321/510/340 320/509/339
f 327/521/339 320/509/339 319/508/338
f 295/466/314 294/465/159 257/403/158
f 295/466/314 257/403/158 256/402/274
f 295/466/314 256/402/274 383/612/400
f 295/466/314 383/612/400 296/467/315
f 385/226/166 147/225/165 332/529/349
f 385/226/166 332/529/349 384/613/401
f 385/614/166 384/615/401 335/532/352
f 385/614/166 335/532/352 227/350/246
f 385/614/166 227/350/246 148/349/167
f 223/343/243 161/248/178 160/247/177
f 223/343/243 160/247/177 340/540/357
f 223/343/243 340/540/357 386/616/402
f 223/343/243 386/616/402 224/344/244
f 266/418/281 264/415/279 387/617/403
f 266/418/281 387/617/403 388/618/404
f 266/418/281 388/618/404 389/619/282
f 266/418/281 389/619/282 267/419/185
f 390/620/405 271/431/196 270/430/290
f 390/620/405 270/430/290 391/621/406
f 390/620/405 391/621/406 392/622/407
f 390/620/405 392/622/407 186/291/206
f 390/620/405 186/291/206 177/290/197
f 390/620/405 177/290/197 271/431/196
f 393/623/408 93/138/106 179/277/200
f 393/623/408 179/277/200 274/435/294
f 393/623/408 274/435/294 394/624/409
f 393/623/408 394/624/409 722/625/410
f 393/623/408 722/625/410 395/626/411
f 393/623/408 395/626/411 396/627/412
f 393/623/408 396/627/412 93/138/106
f 396/627/412 395/626/411 397/628/413
f 396/627/412 397/628/413 758/629/414
f 396/627/412 758/629/414 367/630/384
f 396/627/412 367/630/384 243/379/263
f 396/627/412 243/379/263 93/138/106
f 398/631/173 188/294/128 186/293/206
f 398/631/173 186/293/206 399/632/415
f 398/631/173 399/632/415 400/633/416
f 398/634/173 400/635/416 601/636/417
f 398/634/173 601/636/417 195/305/215
f 398/634/173 195/305/215 188/171/128
f 283/449/301 195/448/215 401/637/418
f 283/449/301 401/637/418 402/638/419
f 283/449/301 402/638/419 250/391/267
f 283/449/301 250/391/267 194/390/213
f 293/462/313 292/461/312 403/639/420
f 293/462/313 403/639/420 496/640/421
f 293/462/313 496/640/421 245/383/265
f 293/462/313 245/383/265 129/195/144
f 404/641/422 200/312/219 251/394/268
f 404/641/422 251/394/268 405/642/423
f 404/641/422 405/642/423 406/643/424
f 404/641/422 406/643/424 407/644/425
f 404/641/422 407/644/425 201/313/220
f 404/641/422 201/313/220 200/312/219
f 409/645/426 136/207/151 135/206/150
f 409/645/426 135/206/150 408/646/427
f 409/647/426 408/648/427 410/649/428
f 409/650/426 410/651/428 411/652/429
f 409/650/426 411/652/429 412/653/430
f 409/645/426 412/654/430 136/207/151
f 253/396/270 136/207/151 412/654/430
f 253/655/270 412/653/430 413/656/431
f 253/655/270 413/656/431 414/657/432
f 253/658/270 414/659/432 415/660/271
f 416/661/433 225/222/162 224/662/244
f 416/661/433 224/662/244 666/663/434
f 416/661/433 666/663/434 417/664/435
f 416/661/433 417/664/435 418/665/436
f 416/661/433 418/665/436 419/666/437
f 416/661/433 419/666/437 145/223/163
f 416/661/433 145/223/163 225/222/162
f 213/327/230 212/326/229 420/667/438
f 213/327/230 420/667/438 640/668/439
f 213/327/230 640/668/439 633/669/440
f 213/327/230 633/669/440 635/329/232
f 213/327/230 635/329/232 214/328/231
f 421/670/441 72/107/84 422/426/288
f 421/671/441 422/672/288 423/673/442
f 421/671/441 423/673/442 424/674/443
f 421/675/441 424/676/443 425/677/444
f 421/678/441 425/679/444 1221/680/445
f 421/681/441 1221/682/445 426/683/446
f 421/681/441 426/683/446 391/621/406
f 421/681/441 391/621/406 269/429/289
f 421/670/441 269/427/289 72/107/84
f 380/608/396 378/606/394 377/605/393
f 380/608/396 377/605/393 427/684/447
f 380/608/396 427/684/447 357/570/376
f 380/608/396 357/570/376 356/569/375
f 287/454/305 286/453/304 428/685/448
f 287/454/305 428/685/448 429/686/449
f 287/454/305 429/686/449 616/687/450
f 287/454/305 616/687/450 284/450/302
f 287/454/305 284/450/302 197/308/217
f 430/688/451 202/314/221 201/313/220
f 430/688/451 201/313/220 407/644/425
f 430/689/451 407/690/425 431/691/452
f 430/692/451 431/693/452 432/694/453
f 430/692/451 432/694/453 433/695/454
f 430/688/451 433/696/454 202/314/221
f 291/459/310 202/314/221 433/696/454
f 291/697/310 433/695/454 434/698/455
f 291/697/310 434/698/455 435/699/456
f 291/700/310 435/701/456 436/702/311
f 408/646/427 135/206/150 205/317/224
f 408/646/427 205/317/224 701/703/457
f 408/646/427 701/703/457 437/704/458
f 408/648/427 437/705/458 438/706/459
f 408/648/427 438/706/459 410/649/428
f 439/707/460 444/708/239 289/709/308
f 439/710/460 289/457/308 492/711/461
f 439/710/460 492/711/461 440/712/462
f 439/710/460 440/712/462 441/713/463
f 439/710/460 441/713/463 444/338/239
f 441/713/463 440/712/462 442/714/464
f 441/713/463 442/714/464 443/715/465
f 441/713/463 443/715/465 220/339/240
f 441/716/463 220/717/240 444/718/239
f 419/666/437 418/665/436 445/719/466
f 419/666/437 445/719/466 446/720/467
f 419/666/437 446/720/467 206/318/225
f 419/666/437 206/318/225 145/223/163
f 448/721/468 206/722/225 446/723/467
f 448/721/468 446/723/467 445/724/466
f 448/721/468 445/724/466 447/725/469
f 448/726/468 447/727/469 449/728/470
f 448/726/468 449/728/470 259/405/275
f 448/726/468 259/405/275 206/318/225
f 450/729/471 234/362/252 233/361/251
f 450/729/471 233/361/251 346/552/364
f 450/729/471 346/552/364 451/730/472
f 450/729/471 451/730/472 452/731/473
f 450/732/471 452/733/473 334/531/351
f 450/732/471 334/531/351 234/364/252
f 455/734/474 453/735/475 465/736/476
f 455/737/474 465/738/476 454/739/477
f 455/740/474 454/741/477 456/742/478
f 455/743/474 456/744/478 457/745/479
f 455/734/474 457/746/479 458/747/480
f 455/734/474 458/747/480 459/748/481
f 455/734/474 459/748/481 453/735/475
f 461/749/482 453/735/475 459/748/481
f 461/749/482 459/748/481 460/750/483
f 461/749/482 460/750/483 462/751/484
f 461/752/482 462/753/484 463/754/485
f 461/749/482 463/755/485 464/756/486
f 461/749/482 464/756/486 453/735/475
f 464/756/486 463/755/485 511/757/487
f 464/756/486 511/757/487 454/758/477
f 464/759/486 454/760/477 465/761/476
f 464/756/486 465/736/476 453/735/475
f 460/750/483 459/748/481 458/747/480
f 460/750/483 458/747/480 469/762/488
f 460/750/483 469/762/488 466/763/489
f 460/750/483 466/763/489 462/751/484
f 457/745/479 456/744/478 467/764/490
f 457/745/479 467/764/490 468/765/491
f 457/745/479 468/765/491 585/766/492
f 457/745/479 585/766/492 469/767/488
f 457/746/479 469/762/488 458/747/480
f 470/768/493 471/769/494 472/770/495
f 470/768/493 472/770/495 473/771/496
f 470/768/493 473/771/496 474/772/497
f 470/768/493 474/772/497 475/773/498
f 470/768/493 475/773/498 471/769/494
f 476/774/499 477/775/500 478/776/501
f 476/774/499 478/776/501 479/777/502
f 476/774/499 479/777/502 473/771/496
f 476/774/499 473/771/496 472/770/495
f 476/774/499 472/770/495 480/778/503
f 476/774/499 480/778/503 477/775/500
f 482/779/504 173/267/190 172/266/189
f 482/779/504 172/266/189 349/559/368
f 482/780/504 349/781/368 481/782/505
f 482/783/504 481/784/505 483/785/506
f 482/783/504 483/785/506 648/786/286
f 482/779/504 648/424/286 173/267/190
f 484/787/507 352/562/236 351/561/370
f 484/787/507 351/561/370 485/788/508
f 484/789/507 485/790/508 852/791/509
f 484/789/507 852/791/509 348/554/366
f 484/789/507 348/554/366 218/336/237
f 484/789/507 218/336/237 352/335/236
f 350/560/369 241/376/261 282/375/260
f 350/560/369 282/375/260 488/792/510
f 350/560/369 488/792/510 486/793/511
f 350/560/369 486/793/511 351/561/370
f 281/443/300 280/442/299 725/794/512
f 281/443/300 725/794/512 487/795/513
f 281/445/300 487/796/513 488/797/510
f 281/445/300 488/797/510 282/446/260
f 489/456/307 288/455/306 307/486/325
f 489/456/307 307/486/325 490/798/514
f 489/799/307 490/800/514 491/801/515
f 489/799/307 491/801/515 492/802/461
f 489/799/307 492/802/461 289/803/308
f 493/804/516 220/805/240 443/806/465
f 493/804/516 443/806/465 494/807/517
f 493/808/516 494/809/517 286/453/304
f 493/808/516 286/453/304 220/339/240
f 495/810/518 247/386/266 245/811/265
f 495/812/518 245/383/265 496/640/421
f 495/810/518 496/813/421 742/814/519
f 495/810/518 742/814/519 374/597/390
f 495/810/518 374/597/390 247/386/266
f 411/652/429 410/651/428 558/815/520
f 411/652/429 558/815/520 497/816/521
f 411/652/429 497/816/521 498/817/522
f 411/652/429 498/817/522 413/656/431
f 411/652/429 413/656/431 412/653/430
f 383/612/400 256/402/274 255/401/273
f 383/612/400 255/401/273 499/818/398
f 383/612/400 499/818/398 500/819/523
f 383/612/400 500/819/523 296/467/315
f 501/820/524 232/358/250 231/357/249
f 501/820/524 231/357/249 747/821/525
f 501/820/524 747/821/525 502/822/526
f 501/820/524 502/822/526 311/491/328
f 501/820/524 311/491/328 232/358/250
f 212/326/229 211/325/228 503/823/354
f 212/326/229 503/823/354 750/824/527
f 212/326/229 750/824/527 504/825/528
f 212/326/229 504/825/528 420/667/438
f 505/826/529 463/754/485 462/753/484
f 505/826/529 462/753/484 466/827/489
f 505/826/529 466/827/489 506/828/530
f 505/829/529 506/830/530 507/831/531
f 505/826/529 507/832/531 508/833/532
f 505/826/529 508/833/532 509/834/533
f 505/826/529 509/834/533 463/754/485
f 511/835/487 463/754/485 509/834/533
f 511/835/487 509/834/533 510/836/534
f 511/835/487 510/836/534 512/837/535
f 511/838/487 512/839/535 638/840/536
f 511/757/487 638/841/536 454/758/477
f 514/842/537 471/769/494 475/773/498
f 514/842/537 475/773/498 513/843/538
f 514/844/537 513/845/538 515/846/539
f 514/844/537 515/846/539 516/847/540
f 514/842/537 516/848/540 517/849/541
f 514/842/537 517/849/541 471/769/494
f 517/849/541 516/848/540 518/850/542
f 517/849/541 518/850/542 519/851/543
f 517/849/541 519/851/543 520/852/544
f 517/849/541 520/852/544 472/770/495
f 517/849/541 472/770/495 471/769/494
f 520/852/544 519/851/543 521/853/255
f 520/852/544 521/853/255 522/854/545
f 520/852/544 522/854/545 480/778/503
f 520/852/544 480/778/503 472/770/495
f 522/855/545 521/856/255 636/857/546
f 522/855/545 636/857/546 675/858/547
f 522/859/545 675/860/547 524/861/548
f 522/854/545 524/862/548 477/775/500
f 522/854/545 477/775/500 480/778/503
f 523/863/549 477/775/500 524/862/548
f 523/864/549 524/865/548 525/866/550
f 523/864/549 525/866/550 526/867/551
f 523/864/549 526/867/551 527/868/552
f 523/863/549 527/869/552 478/776/501
f 523/863/549 478/776/501 477/775/500
f 529/870/553 475/773/498 474/772/497
f 529/870/553 474/772/497 528/871/554
f 529/872/553 528/873/554 530/874/555
f 529/875/553 530/876/555 531/877/556
f 529/875/553 531/877/556 475/878/498
f 531/877/556 530/876/555 532/879/557
f 531/877/556 532/879/557 533/880/558
f 531/877/556 533/880/558 513/845/538
f 531/877/556 513/845/538 475/878/498
f 534/881/559 478/776/501 527/869/552
f 534/882/559 527/868/552 535/883/560
f 534/882/559 535/883/560 686/884/561
f 534/881/559 686/885/561 479/777/502
f 534/881/559 479/777/502 478/776/501
f 536/886/562 473/771/496 479/777/502
f 536/886/562 479/777/502 686/885/561
f 536/886/562 686/885/561 648/786/286
f 536/886/562 648/786/286 483/785/506
f 536/886/562 483/785/506 528/871/554
f 536/886/562 528/871/554 473/771/496
f 528/871/554 474/772/497 473/771/496
f 537/887/563 538/888/564 539/889/565
f 537/890/563 539/891/565 540/892/566
f 537/890/563 540/892/566 541/893/567
f 537/887/563 541/894/567 542/895/568
f 537/887/563 542/895/568 538/888/564
f 402/638/419 401/637/418 543/896/569
f 402/638/419 543/896/569 405/897/423
f 402/638/419 405/897/423 251/392/268
f 402/638/419 251/392/268 250/391/267
f 434/698/455 433/695/454 432/694/453
f 434/698/455 432/694/453 609/898/570
f 434/698/455 609/898/570 544/899/571
f 434/698/455 544/899/571 545/900/572
f 434/698/455 545/900/572 435/699/456
f 547/901/573 203/315/222 546/902/329
f 547/903/573 546/492/329 502/822/526
f 547/903/573 502/822/526 548/904/574
f 547/901/573 548/905/574 549/906/575
f 547/901/573 549/906/575 204/316/223
f 547/901/573 204/316/223 203/315/222
f 498/817/522 497/816/521 550/907/576
f 498/908/522 550/909/576 551/910/577
f 498/817/522 551/911/577 704/912/578
f 498/817/522 704/912/578 414/657/432
f 498/817/522 414/657/432 413/656/431
f 260/406/276 259/405/275 449/728/470
f 260/406/276 449/728/470 552/913/579
f 260/406/276 552/913/579 328/523/346
f 260/406/276 328/523/346 262/410/277
f 553/914/580 554/915/581 555/916/582
f 553/914/580 555/916/582 623/917/583
f 553/914/580 623/917/583 665/918/584
f 553/914/580 665/918/584 556/919/585
f 553/914/580 556/919/585 557/920/586
f 553/914/580 557/920/586 554/915/581
f 550/907/576 497/816/521 558/815/520
f 550/909/576 558/921/520 559/922/587
f 550/909/576 559/922/587 668/923/588
f 550/909/576 668/923/588 796/924/589
f 550/909/576 796/924/589 560/925/590
f 550/909/576 560/925/590 551/910/577
f 561/926/591 156/241/174 155/240/173
f 561/926/591 155/240/173 562/927/592
f 561/926/591 562/927/592 563/928/593
f 561/929/591 563/930/593 564/931/594
f 561/929/591 564/931/594 387/617/403
f 561/929/591 387/617/403 156/414/174
f 387/617/403 264/415/279 156/414/174
f 566/932/595 554/915/581 557/920/586
f 566/932/595 557/920/586 556/919/585
f 566/933/595 556/934/585 565/935/596
f 566/933/595 565/935/596 567/936/597
f 566/937/595 567/938/597 568/939/598
f 566/937/595 568/939/598 554/940/581
f 572/941/599 554/940/581 568/939/598
f 572/941/599 568/939/598 569/942/600
f 572/943/599 569/944/600 570/945/601
f 572/943/599 570/945/601 571/946/602
f 572/943/599 571/946/602 555/947/582
f 572/948/599 555/916/582 554/915/581
f 574/949/283 389/619/282 388/618/404
f 574/949/283 388/618/404 573/950/603
f 574/949/283 573/950/603 1306/951/604
f 574/952/283 1306/953/604 575/954/605
f 574/952/283 575/954/605 576/955/606
f 574/956/283 576/957/606 577/958/607
f 574/956/283 577/958/607 578/959/284
f 579/960/608 456/744/478 454/961/477
f 579/960/608 454/961/477 639/962/609
f 579/960/608 639/962/609 580/963/610
f 579/960/608 580/963/610 581/964/611
f 579/960/608 581/964/611 582/965/612
f 579/960/608 582/965/612 456/744/478
f 582/965/612 581/964/611 583/966/613
f 582/965/612 583/966/613 467/764/490
f 582/965/612 467/764/490 456/744/478
f 584/967/614 469/762/488 585/968/492
f 584/967/614 585/968/492 586/969/615
f 584/967/614 586/969/615 587/970/616
f 584/967/614 587/970/616 588/971/617
f 584/967/614 588/971/617 466/763/489
f 584/967/614 466/763/489 469/762/488
f 391/621/406 270/430/290 269/429/289
f 590/972/618 538/973/564 542/974/568
f 590/975/618 542/976/568 589/977/619
f 590/978/618 589/979/619 591/980/620
f 590/978/618 591/980/620 592/981/621
f 590/978/618 592/981/621 593/982/622
f 590/983/618 593/984/622 595/985/623
f 590/983/618 595/985/623 538/986/564
f 595/985/623 593/984/622 594/987/624
f 595/985/623 594/987/624 596/988/625
f 595/989/623 596/990/625 539/889/565
f 595/989/623 539/889/565 538/888/564
f 540/892/566 539/891/565 596/991/625
f 540/892/566 596/991/625 597/992/626
f 540/892/566 597/992/626 598/993/627
f 540/892/566 598/993/627 541/893/567
f 392/622/407 391/621/406 599/994/628
f 392/622/407 599/994/628 600/995/629
f 392/622/407 600/995/629 399/996/415
f 392/622/407 399/996/415 186/291/206
f 601/636/417 400/635/416 602/997/630
f 601/998/417 602/999/630 603/1000/631
f 601/998/417 603/1000/631 401/637/418
f 601/998/417 401/637/418 195/448/215
f 604/1001/632 276/437/296 285/452/303
f 604/1001/632 285/452/303 605/1002/633
f 604/1001/632 605/1002/633 606/1003/634
f 604/1001/632 606/1003/634 607/1004/635
f 604/1001/632 607/1004/635 277/438/297
f 604/1001/632 277/438/297 276/437/296
f 608/1005/636 544/899/571 609/898/570
f 608/1006/636 609/1007/570 614/1008/637
f 608/1006/636 614/1008/637 811/1009/638
f 608/1006/636 811/1009/638 610/1010/639
f 608/1006/636 610/1010/639 694/1011/640
f 608/1006/636 694/1011/640 611/1012/641
f 608/1006/636 611/1012/641 545/1013/572
f 608/1005/636 545/900/572 544/899/571
f 431/1014/452 407/1015/425 826/1016/642
f 431/1017/452 826/1018/642 612/1019/643
f 431/1017/452 612/1019/643 613/1020/644
f 431/693/452 613/1021/644 609/898/570
f 431/693/452 609/898/570 432/694/453
f 614/1022/637 609/898/570 613/1021/644
f 614/1008/637 613/1023/644 612/1024/643
f 614/1008/637 612/1024/643 615/1025/645
f 614/1008/637 615/1025/645 812/1026/646
f 614/1008/637 812/1026/646 811/1009/638
f 605/1002/633 285/452/303 284/451/302
f 605/1002/633 284/451/302 616/1027/450
f 605/1002/633 616/1027/450 617/1028/647
f 605/1002/633 617/1028/647 606/1003/634
f 618/1029/648 555/947/582 571/946/602
f 618/1029/648 571/946/602 619/1030/649
f 618/1029/648 619/1030/649 620/1031/650
f 618/1032/648 620/1033/650 621/1034/651
f 618/1032/648 621/1034/651 622/1035/652
f 618/1032/648 622/1035/652 623/1036/583
f 618/1029/648 623/1037/583 555/947/582
f 624/1038/653 556/934/585 665/1039/584
f 624/1038/653 665/1039/584 625/1040/654
f 624/1038/653 625/1040/654 626/1041/655
f 624/1038/653 626/1041/655 565/935/596
f 624/1038/653 565/935/596 556/934/585
f 339/539/356 338/538/355 627/1042/656
f 339/539/356 627/1042/656 628/1043/657
f 339/539/356 628/1043/657 386/616/402
f 339/539/356 386/616/402 340/540/357
f 630/1044/658 635/329/232 629/1045/659
f 630/1046/658 629/1047/659 631/1048/660
f 630/1046/658 631/1048/660 512/1049/535
f 630/1050/658 512/837/535 632/1051/661
f 630/1044/658 632/1052/661 215/330/233
f 630/1044/658 215/330/233 635/329/232
f 633/1053/440 640/1054/439 634/1055/662
f 633/1053/440 634/1055/662 629/1047/659
f 633/1053/440 629/1047/659 635/1056/232
f 237/1057/256 521/853/255 519/851/543
f 237/1057/256 519/851/543 518/850/542
f 237/1058/256 518/1059/542 345/1060/258
f 636/1061/546 521/368/255 236/367/254
f 636/1061/546 236/367/254 637/1062/663
f 636/1061/546 637/1062/663 670/1063/664
f 636/857/546 670/1064/664 675/858/547
f 639/1065/609 454/1066/477 638/1067/536
f 639/1068/609 638/1069/536 634/1055/662
f 639/1068/609 634/1055/662 640/1054/439
f 639/962/609 640/1070/439 641/1071/665
f 639/962/609 641/1071/665 580/963/610
f 583/966/613 581/964/611 642/1072/666
f 583/966/613 642/1072/666 643/1073/667
f 583/966/613 643/1073/667 644/1074/668
f 583/966/613 644/1074/668 468/765/491
f 583/966/613 468/765/491 467/764/490
f 645/1075/669 466/1076/489 588/1077/617
f 645/1078/669 588/971/617 646/1079/670
f 645/1080/669 646/1081/670 647/1082/671
f 645/1080/669 647/1082/671 506/828/530
f 645/1080/669 506/828/530 466/827/489
f 651/1083/287 648/1084/286 686/884/561
f 651/1083/287 686/884/561 649/1085/672
f 651/1083/287 649/1085/672 650/1086/673
f 651/1087/287 650/1088/673 652/1089/674
f 651/1090/287 652/1091/674 422/672/288
f 654/1092/675 274/435/294 653/1093/676
f 654/1094/675 653/1095/676 587/970/616
f 654/1094/675 587/970/616 586/969/615
f 654/1094/675 586/969/615 394/1096/409
f 654/1094/675 394/1096/409 274/1097/294
f 273/434/293 272/433/292 655/1098/677
f 273/434/293 655/1098/677 656/1099/678
f 273/434/293 656/1099/678 657/1100/679
f 273/434/293 657/1100/679 653/1093/676
f 273/434/293 653/1093/676 274/435/294
f 658/1101/680 542/1102/568 541/1103/567
f 658/1101/680 541/1103/567 697/1104/681
f 658/1101/680 697/1104/681 659/1105/682
f 658/1101/680 659/1105/682 660/1106/683
f 658/1101/680 660/1106/683 661/1107/684
f 658/1101/680 661/1107/684 542/1102/568
f 661/1107/684 660/1106/683 662/1108/685
f 661/1109/684 662/1110/685 663/1111/686
f 661/1109/684 663/1111/686 591/980/620
f 661/1109/684 591/980/620 589/979/619
f 661/1109/684 589/979/619 542/1112/568
f 622/1035/652 621/1034/651 664/1113/687
f 622/1035/652 664/1113/687 625/1114/654
f 622/1035/652 625/1114/654 665/1115/584
f 622/1035/652 665/1115/584 623/1036/583
f 666/1116/434 224/344/244 386/616/402
f 666/1116/434 386/616/402 628/1043/657
f 666/1116/434 628/1043/657 667/1117/688
f 666/663/434 667/1118/688 417/664/435
f 559/1119/587 558/815/520 410/651/428
f 559/1120/587 410/649/428 438/706/459
f 559/1120/587 438/706/459 936/1121/689
f 559/1120/587 936/1121/689 668/1122/588
f 631/1048/660 629/1047/659 634/1055/662
f 631/1048/660 634/1055/662 638/1069/536
f 631/1048/660 638/1069/536 512/1049/535
f 578/959/284 577/958/607 669/1123/690
f 578/1124/284 669/1125/690 670/1126/664
f 578/422/284 670/1063/664 637/1062/663
f 578/422/284 637/1062/663 236/367/254
f 671/1127/691 509/834/533 508/833/532
f 671/1127/691 508/833/532 672/1128/692
f 671/1127/691 672/1128/692 673/1129/693
f 671/1127/691 673/1129/693 510/836/534
f 671/1127/691 510/836/534 509/834/533
f 675/1130/547 670/1131/664 669/1123/690
f 675/1130/547 669/1123/690 674/1132/694
f 675/1133/547 674/1134/694 676/1135/695
f 675/1136/547 676/1137/695 677/1138/696
f 675/1139/547 677/1140/696 678/1141/697
f 675/1139/547 678/1141/697 679/1142/698
f 675/1139/547 679/1142/698 525/866/550
f 675/1139/547 525/866/550 524/865/548
f 515/846/539 513/845/538 533/880/558
f 515/846/539 533/880/558 680/1143/699
f 515/846/539 680/1143/699 681/1144/700
f 515/846/539 681/1144/700 716/1145/701
f 515/1146/539 716/1147/701 516/1148/540
f 682/1149/702 527/868/552 526/867/551
f 682/1149/702 526/867/551 683/1150/703
f 682/1149/702 683/1150/703 684/1151/704
f 682/1149/702 684/1151/704 685/1152/705
f 682/1149/702 685/1152/705 649/1085/672
f 682/1149/702 649/1085/672 535/883/560
f 682/1149/702 535/883/560 527/868/552
f 528/871/554 483/785/506 481/784/505
f 528/1153/554 481/782/505 719/1154/706
f 528/873/554 719/1155/706 530/874/555
f 649/1156/672 686/1157/561 535/1158/560
f 594/987/624 593/984/622 687/1159/707
f 594/987/624 687/1159/707 688/1160/708
f 594/1161/624 688/1162/708 689/1163/709
f 594/1161/624 689/1163/709 597/992/626
f 594/1161/624 597/992/626 596/991/625
f 607/1004/635 606/1003/634 690/1164/710
f 607/1004/635 690/1164/710 691/1165/711
f 607/1004/635 691/1165/711 278/439/291
f 607/1004/635 278/439/291 277/438/297
f 691/1165/711 690/1164/710 692/1166/712
f 691/1167/711 692/1168/712 693/1169/713
f 691/1167/711 693/1169/713 272/433/292
f 691/1167/711 272/433/292 278/432/291
f 611/1170/641 694/1171/640 695/1172/714
f 611/1170/641 695/1172/714 696/1173/715
f 611/1170/641 696/1173/715 435/701/456
f 611/1174/641 435/699/456 545/900/572
f 697/1175/681 541/893/567 598/993/627
f 697/1175/681 598/993/627 689/1163/709
f 697/1175/681 689/1163/709 698/1176/716
f 697/1175/681 698/1176/716 699/1177/717
f 697/1104/681 699/1178/717 659/1105/682
f 701/703/457 205/317/224 204/316/223
f 701/703/457 204/316/223 549/906/575
f 701/703/457 549/906/575 700/1179/718
f 701/703/457 700/1179/718 702/1180/719
f 701/1181/457 702/1182/719 437/705/458
f 703/1183/720 414/659/432 704/1184/578
f 703/1185/720 704/1186/578 551/910/577
f 703/1185/720 551/910/577 705/1187/721
f 703/1183/720 705/1188/721 706/1189/722
f 703/1183/720 706/1189/722 707/1190/723
f 703/1183/720 707/1190/723 414/659/432
f 707/1190/723 706/1189/722 708/1191/724
f 707/1190/723 708/1191/724 709/1192/725
f 707/1190/723 709/1192/725 415/660/271
f 707/1190/723 415/660/271 414/659/432
f 567/936/597 565/935/596 626/1041/655
f 567/936/597 626/1041/655 710/1193/726
f 567/936/597 710/1193/726 711/1194/727
f 567/938/597 711/1195/727 712/1196/728
f 567/938/597 712/1196/728 569/942/600
f 567/938/597 569/942/600 568/939/598
f 716/1197/701 681/1198/700 713/1199/729
f 716/1200/701 713/1201/729 714/1202/730
f 716/1200/701 714/1202/730 715/1203/363
f 716/1204/701 715/550/363 345/549/258
f 716/1205/701 345/1060/258 518/1059/542
f 716/1205/701 518/1059/542 516/1206/540
f 719/1154/706 481/782/505 349/781/368
f 719/1207/706 349/558/368 717/557/367
f 719/1208/706 717/1209/367 845/1210/731
f 719/1208/706 845/1210/731 718/1211/732
f 719/1212/706 718/1213/732 720/1214/733
f 719/1215/706 720/1216/733 530/1217/555
f 646/1079/670 588/971/617 587/970/616
f 646/1079/670 587/970/616 653/1095/676
f 646/1081/670 653/1218/676 657/1219/679
f 646/1081/670 657/1219/679 721/1220/734
f 646/1081/670 721/1220/734 647/1082/671
f 722/1221/410 394/1096/409 586/969/615
f 722/1221/410 586/969/615 585/968/492
f 722/1222/410 585/766/492 723/1223/735
f 722/1222/410 723/1223/735 724/1224/736
f 722/625/410 724/1225/736 395/626/411
f 725/794/512 280/442/299 372/596/389
f 725/1226/512 372/594/389 726/1227/737
f 725/1226/512 726/1227/737 727/1228/738
f 725/794/512 727/1229/738 728/1230/739
f 725/794/512 728/1230/739 487/795/513
f 494/807/517 443/806/465 729/1231/740
f 494/807/517 729/1231/740 730/1232/741
f 494/809/517 730/1233/741 428/685/448
f 494/809/517 428/685/448 286/453/304
f 436/702/311 435/701/456 696/1173/715
f 436/702/311 696/1173/715 731/1234/742
f 436/460/311 731/1235/742 917/1236/743
f 436/460/311 917/1236/743 292/461/312
f 502/822/526 546/492/329 311/491/328
f 732/1237/744 551/910/577 560/925/590
f 732/1238/744 560/1239/590 828/1240/745
f 732/1238/744 828/1240/745 830/1241/746
f 732/1242/744 830/1243/746 733/1244/747
f 732/1237/744 733/1245/747 705/1187/721
f 732/1237/744 705/1187/721 551/910/577
f 734/1246/748 300/475/319 334/531/351
f 734/1246/748 334/531/351 735/1247/749
f 734/1246/748 735/1247/749 736/1248/750
f 734/1246/748 736/1248/750 801/1249/751
f 734/1246/748 801/1249/751 301/476/320
f 734/1246/748 301/476/320 300/475/319
f 452/731/473 451/730/472 737/1250/752
f 452/733/473 737/1251/752 735/1247/749
f 452/733/473 735/1247/749 334/531/351
f 738/1252/753 508/833/532 507/832/531
f 738/1252/753 507/832/531 647/1082/671
f 738/1252/753 647/1082/671 721/1220/734
f 738/1252/753 721/1220/734 1206/1253/754
f 738/1252/753 1206/1253/754 672/1128/692
f 738/1252/753 672/1128/692 508/833/532
f 506/828/530 647/1082/671 507/832/531
f 644/1074/668 643/1073/667 723/1223/735
f 644/1074/668 723/1223/735 585/766/492
f 644/1074/668 585/766/492 468/765/491
f 739/1254/755 351/561/370 486/793/511
f 739/1254/755 486/793/511 740/1255/756
f 739/1254/755 740/1255/756 741/1256/757
f 739/1254/755 741/1256/757 485/788/508
f 739/1254/755 485/788/508 351/561/370
f 742/1257/519 496/640/421 743/1258/758
f 742/814/519 743/1259/758 744/1260/759
f 742/814/519 744/1260/759 726/1227/737
f 742/814/519 726/1227/737 371/593/388
f 742/814/519 371/593/388 374/597/390
f 726/1227/737 372/594/389 371/593/388
f 745/1261/760 231/355/249 302/354/248
f 745/1261/760 302/354/248 800/1262/761
f 745/1261/760 800/1262/761 1861/1263/762
f 745/1261/760 1861/1263/762 746/1264/763
f 745/1265/760 746/1266/763 747/821/525
f 745/1261/760 747/1267/525 231/355/249
f 336/533/353 335/532/352 748/1268/764
f 336/533/353 748/1268/764 749/1269/765
f 336/533/353 749/1269/765 750/1270/527
f 336/533/353 750/1270/527 503/534/354
f 642/1072/666 581/964/611 580/963/610
f 642/1072/666 580/963/610 641/1071/665
f 642/1072/666 641/1071/665 751/1271/766
f 642/1072/666 751/1271/766 1294/1272/767
f 642/1072/666 1294/1272/767 752/1273/768
f 642/1072/666 752/1273/768 643/1073/667
f 679/1142/698 678/1141/697 753/1274/769
f 679/1142/698 753/1274/769 754/1275/770
f 679/1142/698 754/1275/770 683/1150/703
f 679/1142/698 683/1150/703 526/867/551
f 679/1142/698 526/867/551 525/866/550
f 755/1276/771 358/571/377 357/570/376
f 755/1276/771 357/570/376 427/684/447
f 755/1276/771 427/684/447 756/1277/772
f 755/1278/771 756/1279/772 361/580/380
f 755/1278/771 361/580/380 358/573/377
f 758/629/414 397/628/413 757/1280/773
f 758/1281/414 757/1282/773 759/1283/774
f 758/1281/414 759/1283/774 368/588/385
f 758/1281/414 368/588/385 367/587/384
f 689/1163/709 598/993/627 597/992/626
f 382/611/399 344/547/362 760/1284/775
f 382/611/399 760/1284/775 761/1285/776
f 382/1286/399 761/1287/776 325/517/343
f 382/1286/399 325/517/343 317/504/336
f 382/611/399 317/1288/336 316/501/335
f 330/524/347 328/523/346 552/913/579
f 330/524/347 552/913/579 762/1289/777
f 330/524/347 762/1289/777 763/1290/778
f 330/526/347 763/1291/778 331/527/348
f 764/1292/779 332/529/349 331/528/348
f 764/1292/779 331/528/348 765/1293/780
f 764/1292/779 765/1293/780 766/1294/781
f 764/1292/779 766/1294/781 384/613/401
f 764/1292/779 384/613/401 332/529/349
f 748/1268/764 335/532/352 384/615/401
f 748/1268/764 384/615/401 766/1295/781
f 748/1268/764 766/1295/781 767/1296/782
f 748/1268/764 767/1296/782 749/1269/765
f 562/1297/592 155/239/173 297/469/316
f 562/1297/592 297/469/316 768/1298/783
f 562/1297/592 768/1298/783 769/1299/784
f 562/1297/592 769/1299/784 770/1300/785
f 562/927/592 770/1301/785 771/1302/786
f 562/927/592 771/1302/786 563/928/593
f 564/931/594 563/930/593 772/1303/787
f 564/931/594 772/1303/787 573/950/603
f 564/931/594 573/950/603 388/618/404
f 564/931/594 388/618/404 387/617/403
f 773/1304/788 632/1051/661 512/837/535
f 773/1304/788 512/837/535 673/1129/693
f 773/1304/788 673/1129/693 672/1128/692
f 773/1304/788 672/1128/692 1302/1305/789
f 773/1304/788 1302/1305/789 774/1306/790
f 773/1304/788 774/1306/790 632/1051/661
f 774/1306/790 1302/1305/789 775/1307/791
f 774/1308/790 775/1309/791 215/330/233
f 774/1308/790 215/330/233 632/1052/661
f 751/1271/766 641/1071/665 640/1070/439
f 751/1310/766 640/668/439 420/667/438
f 751/1310/766 420/667/438 776/1311/792
f 751/1271/766 776/1312/792 1294/1272/767
f 777/1313/793 321/510/340 326/520/344
f 777/1313/793 326/520/344 1627/1314/794
f 777/1313/793 1627/1314/794 778/1315/795
f 777/1313/793 778/1315/795 779/1316/361
f 777/1313/793 779/1316/361 321/510/340
f 510/836/534 673/1129/693 512/837/535
f 780/1317/796 530/1318/555 720/1214/733
f 780/1317/796 720/1214/733 781/1319/797
f 780/1320/796 781/1321/797 782/1322/798
f 780/1320/796 782/1322/798 783/1323/799
f 780/1320/796 783/1323/799 532/879/557
f 780/1320/796 532/879/557 530/876/555
f 426/683/446 1221/682/445 784/1324/800
f 426/683/446 784/1324/800 785/1325/801
f 426/683/446 785/1325/801 599/994/628
f 426/683/446 599/994/628 391/621/406
f 656/1326/678 655/1327/677 1206/1253/754
f 656/1326/678 1206/1253/754 721/1220/734
f 656/1326/678 721/1220/734 657/1219/679
f 786/1328/802 305/483/323 368/588/385
f 786/1328/802 368/588/385 759/1283/774
f 786/1328/802 759/1283/774 787/1329/803
f 786/1328/802 787/1329/803 788/1330/804
f 786/1328/802 788/1330/804 306/484/324
f 786/1328/802 306/484/324 305/483/323
f 789/1331/805 307/486/325 306/485/324
f 789/1331/805 306/485/324 788/1332/804
f 789/1331/805 788/1332/804 790/1333/806
f 789/1331/805 790/1333/806 490/798/514
f 789/1331/805 490/798/514 307/486/325
f 442/714/464 440/712/462 791/1334/807
f 442/714/464 791/1334/807 1071/1335/808
f 442/714/464 1071/1335/808 729/1336/740
f 442/714/464 729/1336/740 443/715/465
f 491/801/515 490/800/514 792/1337/809
f 491/1338/515 792/1339/809 791/1334/807
f 491/1338/515 791/1334/807 440/712/462
f 491/1338/515 440/712/462 492/711/461
f 709/1192/725 708/1191/724 793/1340/810
f 709/1341/725 793/1342/810 794/1343/811
f 709/1341/725 794/1343/811 381/609/397
f 709/1341/725 381/609/397 415/397/271
f 795/1344/812 560/1239/590 796/1345/589
f 795/1346/812 796/1347/589 929/1348/813
f 795/1346/812 929/1348/813 797/1349/814
f 795/1344/812 797/1350/814 828/1240/745
f 795/1344/812 828/1240/745 560/1239/590
f 798/1351/815 296/467/315 500/819/523
f 798/1351/815 500/819/523 799/1352/816
f 798/1351/815 799/1352/816 768/1353/783
f 798/1354/815 768/1298/783 297/469/316
f 798/1351/815 297/468/316 296/467/315
f 800/1355/761 302/478/248 301/477/320
f 800/1355/761 301/477/320 801/1356/751
f 800/1355/761 801/1356/751 1538/1357/817
f 800/1355/761 1538/1357/817 802/1358/818
f 800/1262/761 802/1359/818 1861/1263/762
f 775/1307/791 1302/1305/789 803/1360/819
f 775/1309/791 803/1361/819 1653/1362/820
f 775/1309/791 1653/1362/820 804/1363/821
f 775/1309/791 804/1363/821 216/331/234
f 775/1309/791 216/331/234 215/330/233
f 783/1323/799 782/1322/798 805/1364/822
f 783/1323/799 805/1364/822 680/1143/699
f 783/1323/799 680/1143/699 533/880/558
f 783/1323/799 533/880/558 532/879/557
f 652/1091/674 650/1365/673 806/1366/823
f 652/1091/674 806/1366/823 891/1367/824
f 652/1091/674 891/1367/824 423/673/442
f 652/1091/674 423/673/442 422/672/288
f 807/1368/825 488/797/510 487/796/513
f 807/1369/825 487/1370/513 808/1371/826
f 807/1369/825 808/1371/826 740/1255/756
f 807/1369/825 740/1255/756 486/793/511
f 807/1368/825 486/1372/511 488/797/510
f 543/896/569 401/637/418 603/1000/631
f 543/896/569 603/1000/631 809/1373/827
f 543/896/569 809/1373/827 810/1374/828
f 543/896/569 810/1374/828 405/897/423
f 814/1375/829 811/1376/638 812/1377/646
f 814/1378/829 812/1379/646 813/1380/830
f 814/1381/829 813/1382/830 815/1383/831
f 814/1381/829 815/1383/831 816/1384/832
f 814/1375/829 816/1385/832 817/1386/833
f 814/1375/829 817/1386/833 811/1376/638
f 610/1387/639 811/1376/638 817/1386/833
f 610/1387/639 817/1386/833 818/1388/834
f 610/1389/639 818/1390/834 819/1391/835
f 610/1010/639 819/1392/835 694/1011/640
f 821/1393/836 363/583/339 362/582/381
f 821/1393/836 362/582/381 820/1394/837
f 821/1393/836 820/1394/837 822/1395/838
f 821/1396/836 822/1397/838 376/602/392
f 821/1396/836 376/602/392 365/601/383
f 821/1393/836 365/585/383 363/583/339
f 825/1398/839 407/644/425 406/643/424
f 825/1398/839 406/643/424 823/1399/840
f 825/1398/839 823/1399/840 824/1400/841
f 825/1401/839 824/1402/841 1575/1403/842
f 825/1404/839 1575/1405/842 826/1406/642
f 825/1407/839 826/1408/642 407/1409/425
f 827/1410/843 828/1411/745 797/1412/814
f 827/1410/843 797/1412/814 829/1413/844
f 827/1410/843 829/1413/844 976/1414/845
f 827/1410/843 976/1414/845 830/1415/746
f 827/1410/843 830/1415/746 828/1411/745
f 504/825/528 750/824/527 1118/1416/846
f 504/825/528 1118/1416/846 1753/1417/847
f 504/825/528 1753/1417/847 831/1418/848
f 504/825/528 831/1418/848 776/1311/792
f 504/825/528 776/1311/792 420/667/438
f 832/1419/849 346/551/364 715/550/363
f 832/1420/849 715/1421/363 714/1422/730
f 832/1420/849 714/1422/730 833/1423/850
f 832/1420/849 833/1423/850 834/1424/851
f 832/1425/849 834/1426/851 835/1427/852
f 832/1419/849 835/1428/852 939/1429/853
f 832/1419/849 939/1429/853 346/551/364
f 836/1430/854 346/551/364 939/1429/853
f 836/1431/854 939/1432/853 1911/1433/855
f 836/1431/854 1911/1433/855 837/1434/856
f 836/1435/854 837/1436/856 838/1437/857
f 836/1435/854 838/1437/857 451/1438/472
f 836/1435/854 451/1438/472 346/1439/364
f 839/1440/858 669/1123/690 577/958/607
f 839/1440/858 577/958/607 576/957/606
f 839/1441/858 576/1442/606 840/1443/859
f 839/1444/858 840/1445/859 885/1446/860
f 839/1444/858 885/1446/860 674/1134/694
f 839/1440/858 674/1132/694 669/1123/690
f 841/1447/861 717/557/367 348/556/366
f 841/1447/861 348/556/366 943/1448/862
f 841/1447/861 943/1448/862 842/1449/863
f 841/1450/861 842/1451/863 843/1452/864
f 841/1453/861 843/1454/864 844/1455/865
f 841/1453/861 844/1455/865 845/1456/731
f 841/1453/861 845/1456/731 717/1457/367
f 424/674/443 423/673/442 891/1367/824
f 424/1458/443 891/1459/824 846/1460/866
f 424/1461/443 846/1462/866 1215/1463/867
f 424/676/443 1215/1464/867 847/1465/868
f 424/676/443 847/1465/868 848/1466/869
f 424/676/443 848/1466/869 425/677/444
f 849/1467/870 348/556/366 850/1468/871
f 849/1469/870 850/1470/871 855/1471/872
f 849/1469/870 855/1471/872 851/1472/873
f 849/1469/870 851/1472/873 943/1473/862
f 849/1467/870 943/1448/862 348/556/366
f 852/1474/509 485/788/508 741/1256/757
f 852/1474/509 741/1256/757 853/1475/874
f 852/1476/509 853/1477/874 854/1478/875
f 852/1476/509 854/1478/875 855/1479/872
f 852/1476/509 855/1479/872 850/1480/871
f 852/1476/509 850/1480/871 348/1481/366
f 856/1482/876 395/626/411 724/1225/736
f 856/1483/876 724/1224/736 944/1484/877
f 856/1483/876 944/1484/877 1441/1485/878
f 856/1483/876 1441/1485/878 1336/1486/879
f 856/1482/876 1336/1487/879 857/1488/880
f 856/1482/876 857/1488/880 397/628/413
f 856/1482/876 397/628/413 395/626/411
f 858/1489/881 612/1019/643 826/1018/642
f 858/1489/881 826/1018/642 1575/1490/842
f 858/1489/881 1575/1490/842 859/1491/882
f 858/1492/881 859/1493/882 615/1025/645
f 858/1492/881 615/1025/645 612/1024/643
f 860/1494/883 449/728/470 447/727/469
f 860/1494/883 447/727/469 863/1495/884
f 860/1494/883 863/1495/884 1620/1496/885
f 860/1494/883 1620/1496/885 861/1497/886
f 860/1494/883 861/1497/886 762/1289/777
f 860/1494/883 762/1289/777 449/728/470
f 762/1289/777 552/913/579 449/728/470
f 437/705/458 702/1182/719 1736/1498/887
f 437/705/458 1736/1498/887 862/1499/888
f 437/705/458 862/1499/888 936/1121/689
f 437/705/458 936/1121/689 438/706/459
f 863/1500/884 447/725/469 445/724/466
f 863/1495/884 445/719/466 418/665/436
f 863/1495/884 418/665/436 864/1501/889
f 863/1495/884 864/1501/889 1620/1496/885
f 865/1502/890 866/1503/891 867/1504/892
f 865/1502/890 867/1504/892 868/1505/893
f 865/1502/890 868/1505/893 882/1506/894
f 865/1502/890 882/1506/894 869/1507/895
f 865/1502/890 869/1507/895 870/1508/896
f 865/1502/890 870/1508/896 871/1509/897
f 865/1502/890 871/1509/897 866/1503/891
f 872/1510/898 866/1503/891 871/1509/897
f 872/1510/898 871/1509/897 873/1511/899
f 872/1512/898 873/1513/899 1098/1514/900
f 872/1512/898 1098/1514/900 874/1515/901
f 872/1512/898 874/1515/901 875/1516/902
f 872/1510/898 875/1517/902 866/1503/891
f 875/1516/902 874/1515/901 876/1518/903
f 875/1519/902 876/1520/903 877/1521/904
f 875/1517/902 877/1522/904 867/1504/892
f 875/1517/902 867/1504/892 866/1503/891
f 877/1521/904 876/1520/903 878/1523/905
f 877/1521/904 878/1523/905 880/1524/906
f 877/1521/904 880/1524/906 868/1525/893
f 877/1521/904 868/1525/893 867/1526/892
f 880/1524/906 878/1523/905 879/1527/907
f 880/1524/906 879/1527/907 881/1528/908
f 880/1529/906 881/1530/908 986/1531/909
f 880/1529/906 986/1531/909 882/1506/894
f 880/1524/906 882/1532/894 868/1525/893
f 885/1446/860 840/1445/859 883/1533/910
f 885/1446/860 883/1533/910 884/1534/911
f 885/1535/860 884/1536/911 676/1137/695
f 885/1446/860 676/1135/695 674/1134/694
f 886/1537/912 806/1538/823 889/1539/913
f 886/1537/912 889/1539/913 888/1540/914
f 886/1541/912 888/1542/914 890/1543/915
f 886/1541/912 890/1543/915 887/1544/916
f 886/1537/912 887/1545/916 806/1538/823
f 650/1086/673 649/1085/672 888/1546/914
f 650/1547/673 888/1548/914 889/1549/913
f 650/1365/673 889/1550/913 806/1366/823
f 887/1545/916 890/1551/915 1323/1552/917
f 887/1545/916 1323/1552/917 846/1553/866
f 887/1545/916 846/1553/866 891/1554/824
f 887/1545/916 891/1554/824 806/1538/823
f 892/1555/918 899/1556/919 893/1557/920
f 892/1555/918 893/1557/920 913/1558/921
f 892/1555/918 913/1558/921 894/1559/922
f 892/1555/918 894/1559/922 895/1560/923
f 892/1555/918 895/1560/923 896/1561/924
f 892/1555/918 896/1561/924 897/1562/925
f 892/1555/918 897/1562/925 899/1556/919
f 898/1563/926 899/1564/919 897/1565/925
f 898/1566/926 897/1562/925 900/1567/927
f 898/1566/926 900/1567/927 901/1568/928
f 898/1569/926 901/1570/928 902/1571/929
f 898/1569/926 902/1571/929 903/1572/930
f 898/1569/926 903/1572/930 904/1573/931
f 898/1569/926 904/1573/931 899/1574/919
f 904/1573/931 903/1572/930 905/1575/932
f 904/1576/931 905/1577/932 906/1578/933
f 904/1576/931 906/1578/933 893/1579/920
f 904/1573/931 893/1580/920 899/1574/919
f 816/1384/832 815/1383/831 907/1581/934
f 816/1384/832 907/1581/934 908/1582/935
f 816/1384/832 908/1582/935 818/1583/834
f 816/1385/832 818/1388/834 817/1386/833
f 911/1584/936 616/687/450 429/686/449
f 911/1584/936 429/686/449 909/1585/937
f 911/1584/936 909/1585/937 910/1586/938
f 911/1587/936 910/1588/938 912/1589/939
f 911/1587/936 912/1589/939 617/1028/647
f 911/1587/936 617/1028/647 616/1027/450
f 913/1590/921 893/1579/920 906/1578/933
f 913/1590/921 906/1578/933 914/1591/940
f 913/1590/921 914/1591/940 946/1592/941
f 913/1590/921 946/1592/941 894/1593/922
f 731/1234/742 696/1173/715 695/1172/714
f 731/1234/742 695/1172/714 915/1594/942
f 731/1234/742 915/1594/942 916/1595/943
f 731/1234/742 916/1595/943 1355/1596/944
f 731/1234/742 1355/1596/944 917/1597/743
f 403/639/420 292/461/312 917/1236/743
f 403/639/420 917/1236/743 918/1598/945
f 403/639/420 918/1598/945 919/1599/946
f 403/639/420 919/1599/946 743/1258/758
f 403/639/420 743/1258/758 496/640/421
f 920/1600/947 499/610/398 381/609/397
f 920/1600/947 381/609/397 794/1343/811
f 920/1600/947 794/1343/811 921/1601/948
f 920/1600/947 921/1601/948 922/1602/949
f 920/1600/947 922/1602/949 499/610/398
f 922/1602/949 921/1601/948 923/1603/950
f 922/1604/949 923/1605/950 799/1352/816
f 922/1604/949 799/1352/816 500/819/523
f 922/1604/949 500/819/523 499/818/398
f 924/1606/951 925/1607/952 964/1608/953
f 924/1606/951 964/1608/953 926/1609/954
f 924/1606/951 926/1609/954 971/1610/955
f 924/1606/951 971/1610/955 973/1611/956
f 924/1606/951 973/1611/956 927/1612/957
f 924/1606/951 927/1612/957 925/1607/952
f 928/1613/958 797/1412/814 929/1614/813
f 928/1615/958 929/1348/813 930/1616/959
f 928/1613/958 930/1617/959 1283/1618/960
f 928/1613/958 1283/1618/960 829/1413/844
f 928/1613/958 829/1413/844 797/1412/814
f 931/1619/961 871/1509/897 870/1508/896
f 931/1619/961 870/1508/896 869/1507/895
f 931/1619/961 869/1507/895 932/1620/962
f 931/1619/961 932/1620/962 873/1511/899
f 931/1619/961 873/1511/899 871/1509/897
f 933/1621/963 796/924/589 668/923/588
f 933/1621/963 668/923/588 934/1622/964
f 933/1621/963 934/1622/964 935/1623/965
f 933/1624/963 935/1625/965 930/1626/959
f 933/1627/963 930/1616/959 929/1348/813
f 933/1627/963 929/1348/813 796/1347/589
f 934/1622/964 668/923/588 936/1628/689
f 934/1629/964 936/1121/689 862/1499/888
f 934/1629/964 862/1499/888 937/1630/966
f 934/1622/964 937/1631/966 1586/1632/967
f 934/1622/964 1586/1632/967 935/1623/965
f 938/1633/968 939/1634/853 835/1635/852
f 938/1633/968 835/1635/852 834/1424/851
f 938/1633/968 834/1424/851 1904/1636/969
f 938/1633/968 1904/1636/969 940/1637/970
f 938/1638/968 940/1639/970 1911/1433/855
f 938/1638/968 1911/1433/855 939/1432/853
f 942/1640/971 943/1473/862 851/1472/873
f 942/1640/971 851/1472/873 941/1641/972
f 942/1642/971 941/1643/972 1935/1644/973
f 942/1642/971 1935/1644/973 843/1454/864
f 942/1642/971 843/1454/864 842/1645/863
f 942/1642/971 842/1645/863 943/1646/862
f 944/1484/877 724/1224/736 723/1223/735
f 944/1484/877 723/1223/735 643/1073/667
f 944/1647/877 643/1648/667 752/1649/768
f 944/1484/877 752/1273/768 1440/1650/974
f 944/1484/877 1440/1650/974 1441/1485/878
f 945/1651/975 895/1560/923 894/1559/922
f 945/1652/975 894/1653/922 946/1654/941
f 945/1651/975 946/1655/941 1018/1656/976
f 945/1651/975 1018/1656/976 896/1561/924
f 945/1651/975 896/1561/924 895/1560/923
f 947/1657/977 694/1011/640 819/1392/835
f 947/1657/977 819/1392/835 948/1658/978
f 947/1657/977 948/1658/978 949/1659/979
f 947/1657/977 949/1659/979 1615/1660/980
f 947/1661/977 1615/1662/980 915/1594/942
f 947/1661/977 915/1594/942 695/1172/714
f 947/1657/977 695/1663/714 694/1011/640
f 952/1664/981 812/1026/646 615/1025/645
f 952/1664/981 615/1025/645 950/1665/982
f 952/1664/981 950/1665/982 951/1666/983
f 952/1667/981 951/1668/983 953/1669/984
f 952/1667/981 953/1669/984 1010/1670/985
f 952/1667/981 1010/1670/985 813/1380/830
f 952/1667/981 813/1380/830 812/1379/646
f 954/1671/986 405/642/423 810/1672/828
f 954/1671/986 810/1672/828 1847/1673/987
f 954/1671/986 1847/1673/987 823/1399/840
f 954/1671/986 823/1399/840 406/643/424
f 954/1671/986 406/643/424 405/642/423
f 955/1674/988 993/1675/989 956/1676/990
f 955/1674/988 956/1676/990 1023/1677/991
f 955/1674/988 1023/1677/991 957/1678/992
f 955/1674/988 957/1678/992 1003/1679/993
f 955/1674/988 1003/1679/993 958/1680/994
f 955/1674/988 958/1680/994 993/1675/989
f 959/1681/995 925/1682/952 927/1683/957
f 959/1681/995 927/1683/957 960/1684/996
f 959/1681/995 960/1684/996 961/1685/997
f 959/1681/995 961/1685/997 962/1686/998
f 959/1681/995 962/1686/998 963/1687/999
f 959/1681/995 963/1687/999 925/1682/952
f 963/1688/999 962/1689/998 2201/1690/1000
f 963/1688/999 2201/1690/1000 966/1691/1001
f 963/1688/999 966/1691/1001 964/1692/953
f 963/1688/999 964/1692/953 925/1693/952
f 966/1691/1001 2201/1690/1000 965/1694/1002
f 966/1695/1001 965/1696/1002 967/1697/1003
f 966/1695/1001 967/1697/1003 926/1698/954
f 966/1695/1001 926/1698/954 964/1699/953
f 968/1700/1004 926/1698/954 967/1697/1003
f 968/1700/1004 967/1697/1003 969/1701/1005
f 968/1700/1004 969/1701/1005 970/1702/1006
f 968/1700/1004 970/1702/1006 980/1703/1007
f 968/1700/1004 980/1703/1007 971/1704/955
f 968/1700/1004 971/1704/955 926/1698/954
f 972/1705/1008 927/1683/957 973/1706/956
f 972/1705/1008 973/1706/956 981/1707/1009
f 972/1705/1008 981/1707/1009 1143/1708/1010
f 972/1705/1008 1143/1708/1010 974/1709/1011
f 972/1705/1008 974/1709/1011 927/1683/957
f 974/1709/1011 1143/1708/1010 1142/1710/1012
f 974/1709/1011 1142/1710/1012 975/1711/1013
f 974/1709/1011 975/1711/1013 960/1684/996
f 974/1709/1011 960/1684/996 927/1683/957
f 733/1244/747 830/1243/746 976/1712/845
f 733/1244/747 976/1712/845 977/1713/1014
f 733/1244/747 977/1713/1014 978/1714/1015
f 733/1245/747 978/1715/1015 1285/1716/1016
f 733/1245/747 1285/1716/1016 705/1187/721
f 979/1717/1017 973/1611/956 971/1610/955
f 979/1717/1017 971/1610/955 980/1718/1007
f 979/1717/1017 980/1718/1007 996/1719/1018
f 979/1717/1017 996/1719/1018 981/1720/1009
f 979/1717/1017 981/1720/1009 973/1611/956
f 804/1363/821 1653/1362/820 982/1721/1019
f 804/1363/821 982/1721/1019 2208/1722/1020
f 804/1363/821 2208/1722/1020 983/1723/1021
f 804/1363/821 983/1723/1021 1115/1724/1022
f 804/1363/821 1115/1724/1022 338/536/355
f 804/1363/821 338/536/355 216/331/234
f 986/1531/909 881/1530/908 984/1725/1023
f 986/1531/909 984/1725/1023 1147/1726/1024
f 986/1531/909 1147/1726/1024 985/1727/1025
f 986/1531/909 985/1727/1025 869/1507/895
f 986/1728/909 869/1729/895 882/1730/894
f 988/1731/1026 981/1720/1009 996/1719/1018
f 988/1731/1026 996/1719/1018 1047/1732/1027
f 988/1731/1026 1047/1732/1027 987/1733/1028
f 988/1734/1026 987/1735/1028 1140/1736/1029
f 988/1734/1026 1140/1736/1029 1143/1737/1010
f 988/1738/1026 1143/1708/1010 981/1707/1009
f 990/1739/1030 989/1740/1031 958/1680/994
f 990/1741/1030 958/1742/994 991/1743/1032
f 990/1741/1030 991/1743/1032 1056/1744/1033
f 990/1741/1030 1056/1744/1033 992/1745/1034
f 990/1739/1030 992/1746/1034 996/1719/1018
f 990/1739/1030 996/1719/1018 989/1740/1031
f 993/1675/989 958/1680/994 989/1740/1031
f 993/1675/989 989/1740/1031 994/1747/1035
f 993/1748/989 994/1749/1035 995/1750/1036
f 993/1748/989 995/1750/1036 956/1751/990
f 996/1752/1018 980/1703/1007 997/1753/1037
f 996/1752/1018 997/1753/1037 994/1749/1035
f 996/1719/1018 994/1747/1035 989/1740/1031
f 900/1754/927 897/1755/925 896/1756/924
f 900/1567/927 896/1561/924 998/1757/1038
f 900/1567/927 998/1757/1038 1147/1726/1024
f 900/1567/927 1147/1726/1024 1150/1758/1039
f 900/1567/927 1150/1758/1039 901/1568/928
f 693/1169/713 692/1168/712 999/1759/1040
f 693/1169/713 999/1759/1040 1000/1760/1041
f 693/1169/713 1000/1760/1041 1001/1761/1042
f 693/1169/713 1001/1761/1042 1335/1762/1043
f 693/1169/713 1335/1762/1043 655/1098/677
f 693/1169/713 655/1098/677 272/433/292
f 1003/1679/993 957/1678/992 1002/1763/1044
f 1003/1764/993 1002/1765/1044 1004/1766/1045
f 1003/1764/993 1004/1766/1045 1005/1767/1046
f 1003/1764/993 1005/1767/1046 991/1743/1032
f 1003/1764/993 991/1743/1032 958/1742/994
f 1008/1768/1047 399/996/415 600/995/629
f 1008/1768/1047 600/995/629 1006/1769/1048
f 1008/1768/1047 1006/1769/1048 1007/1770/1049
f 1008/1771/1047 1007/1772/1049 1009/1773/1050
f 1008/1771/1047 1009/1773/1050 400/633/416
f 1008/1771/1047 400/633/416 399/632/415
f 1010/1774/985 953/1775/984 907/1581/934
f 1010/1774/985 907/1581/934 815/1383/831
f 1010/1774/985 815/1383/831 813/1382/830
f 1011/1776/1051 914/1591/940 906/1578/933
f 1011/1776/1051 906/1578/933 905/1577/932
f 1011/1776/1051 905/1577/932 1012/1777/1052
f 1011/1776/1051 1012/1777/1052 1341/1778/1053
f 1011/1776/1051 1341/1778/1053 1344/1779/1054
f 1011/1780/1051 1344/1781/1054 914/1782/940
f 1013/1783/1055 914/1591/940 1344/1779/1054
f 1013/1784/1055 1344/1785/1054 1343/1786/1056
f 1013/1784/1055 1343/1786/1056 1346/1787/1057
f 1013/1788/1055 1346/1789/1057 1014/1790/1058
f 1013/1783/1055 1014/1791/1058 1015/1792/1059
f 1013/1783/1055 1015/1792/1059 1016/1793/1060
f 1013/1783/1055 1016/1793/1060 914/1591/940
f 946/1592/941 914/1591/940 1016/1793/1060
f 946/1592/941 1016/1793/1060 1351/1794/1061
f 946/1592/941 1351/1794/1061 1017/1795/1062
f 946/1796/941 1017/1797/1062 1018/1798/976
f 1019/1799/1063 956/1751/990 1020/1800/1064
f 1019/1799/1063 1020/1800/1064 2358/1801/1065
f 1019/1799/1063 2358/1801/1065 1021/1802/1066
f 1019/1803/1063 1021/1804/1066 1022/1805/1067
f 1019/1803/1063 1022/1805/1067 1023/1806/991
f 1019/1799/1063 1023/1807/991 956/1751/990
f 995/1750/1036 994/1749/1035 1024/1808/1068
f 995/1750/1036 1024/1808/1068 1025/1809/1069
f 995/1750/1036 1025/1809/1069 1020/1800/1064
f 995/1750/1036 1020/1800/1064 956/1751/990
f 1022/1805/1067 1021/1804/1066 1026/1810/1070
f 1022/1811/1067 1026/1812/1070 1002/1765/1044
f 1022/1813/1067 1002/1763/1044 957/1678/992
f 1022/1813/1067 957/1678/992 1023/1677/991
f 619/1030/649 571/946/602 570/945/601
f 619/1030/649 570/945/601 1027/1814/1071
f 619/1030/649 1027/1814/1071 1028/1815/1072
f 619/1030/649 1028/1815/1072 1029/1816/1073
f 619/1030/649 1029/1816/1073 620/1031/650
f 864/1501/889 418/665/436 417/664/435
f 864/1501/889 417/664/435 1030/1817/1074
f 864/1501/889 1030/1817/1074 1031/1818/1075
f 864/1501/889 1031/1818/1075 1620/1496/885
f 932/1620/962 869/1507/895 985/1727/1025
f 932/1620/962 985/1727/1025 1032/1819/1076
f 932/1820/962 1032/1821/1076 1033/1822/1077
f 932/1820/962 1033/1822/1077 1034/1823/1078
f 932/1820/962 1034/1823/1078 873/1824/899
f 1027/1814/1071 570/945/601 569/944/600
f 1027/1825/1071 569/942/600 712/1196/728
f 1027/1825/1071 712/1196/728 1035/1826/1079
f 1027/1814/1071 1035/1827/1079 1028/1815/1072
f 737/1250/752 451/730/472 1036/1828/1080
f 737/1251/752 1036/1829/1080 1037/1830/1081
f 737/1251/752 1037/1830/1081 1038/1831/1082
f 737/1251/752 1038/1831/1082 736/1248/750
f 737/1251/752 736/1248/750 735/1247/749
f 1039/1832/1083 576/955/606 575/954/605
f 1039/1832/1083 575/954/605 1306/953/604
f 1039/1832/1083 1306/953/604 1040/1833/1084
f 1039/1832/1083 1040/1833/1084 1896/1834/1085
f 1039/1835/1083 1896/1836/1085 1041/1837/1086
f 1039/1835/1083 1041/1837/1086 576/1838/606
f 1042/1839/1087 576/1838/606 1041/1837/1086
f 1042/1839/1087 1041/1837/1086 1043/1840/1088
f 1042/1841/1087 1043/1842/1088 1044/1843/1089
f 1042/1841/1087 1044/1843/1089 840/1445/859
f 1042/1844/1087 840/1845/859 576/1846/606
f 970/1702/1006 969/1701/1005 2365/1847/1090
f 970/1702/1006 2365/1847/1090 1045/1848/1091
f 970/1702/1006 1045/1848/1091 997/1753/1037
f 970/1702/1006 997/1753/1037 980/1703/1007
f 1046/1849/1092 985/1727/1025 998/1757/1038
f 1046/1849/1092 998/1757/1038 1052/1850/1093
f 1046/1849/1092 1052/1850/1093 1156/1851/1094
f 1046/1849/1092 1156/1851/1094 1134/1852/1095
f 1046/1849/1092 1134/1852/1095 1032/1819/1076
f 1046/1849/1092 1032/1819/1076 985/1727/1025
f 1147/1726/1024 998/1757/1038 985/1727/1025
f 1047/1732/1027 996/1719/1018 992/1746/1034
f 1047/1732/1027 992/1746/1034 1048/1853/1096
f 1047/1854/1027 1048/1855/1096 1049/1856/1097
f 1047/1854/1027 1049/1856/1097 1050/1857/1098
f 1047/1854/1027 1050/1857/1098 1138/1858/1099
f 1047/1854/1027 1138/1858/1099 987/1859/1028
f 1018/1798/976 1017/1797/1062 1051/1860/1100
f 1018/1798/976 1051/1860/1100 1052/1861/1093
f 1018/1656/976 1052/1850/1093 998/1757/1038
f 1018/1656/976 998/1757/1038 896/1561/924
f 888/1546/914 649/1085/672 685/1152/705
f 888/1546/914 685/1152/705 1053/1862/1101
f 888/1546/914 1053/1862/1101 1327/1863/1102
f 888/1546/914 1327/1863/1102 1054/1864/1103
f 888/1542/914 1054/1865/1103 1055/1866/1104
f 888/1542/914 1055/1866/1104 890/1543/915
f 1057/1867/1105 992/1868/1034 1056/1869/1033
f 1057/1870/1105 1056/1871/1033 1058/1872/1106
f 1057/1873/1105 1058/1874/1106 1059/1875/1107
f 1057/1876/1105 1059/1877/1107 1511/1878/1108
f 1057/1879/1105 1511/1880/1108 1325/1881/1109
f 1057/1867/1105 1325/1882/1109 1049/1883/1097
f 1057/1867/1105 1049/1883/1097 1048/1884/1096
f 1057/1867/1105 1048/1884/1096 992/1868/1034
f 1024/1808/1068 994/1749/1035 997/1753/1037
f 1024/1808/1068 997/1753/1037 1045/1848/1091
f 1024/1808/1068 1045/1848/1091 2384/1885/1110
f 1024/1808/1068 2384/1885/1110 1025/1809/1069
f 1060/1886/1111 593/982/622 592/981/621
f 1060/1886/1111 592/981/621 663/1111/686
f 1060/1886/1111 663/1111/686 1061/1887/1112
f 1060/1886/1111 1061/1887/1112 1062/1888/1113
f 1060/1886/1111 1062/1888/1113 593/982/622
f 1062/1888/1113 1061/1887/1112 1063/1889/1114
f 1062/1890/1113 1063/1891/1114 2131/1892/1115
f 1062/1890/1113 2131/1892/1115 1064/1893/1116
f 1062/1890/1113 1064/1893/1116 687/1159/707
f 1062/1890/1113 687/1159/707 593/984/622
f 663/1111/686 592/981/621 591/980/620
f 1005/1767/1046 1004/1766/1045 1065/1894/1117
f 1005/1767/1046 1065/1894/1117 1058/1874/1106
f 1005/1767/1046 1058/1874/1106 1056/1744/1033
f 1005/1767/1046 1056/1744/1033 991/1743/1032
f 1066/1895/1118 818/1390/834 908/1896/935
f 1066/1897/1118 908/1582/935 1067/1898/1119
f 1066/1899/1118 1067/1900/1119 948/1901/978
f 1066/1899/1118 948/1901/978 819/1902/835
f 1066/1895/1118 819/1391/835 818/1390/834
f 1068/1903/1120 428/685/448 730/1233/741
f 1068/1903/1120 730/1233/741 1072/1904/1121
f 1068/1903/1120 1072/1904/1121 1069/1905/1122
f 1068/1903/1120 1069/1905/1122 909/1585/937
f 1068/1903/1120 909/1585/937 429/686/449
f 1068/1903/1120 429/686/449 428/685/448
f 1071/1335/808 791/1334/807 1070/1906/1123
f 1071/1907/808 1070/1908/1123 1072/1909/1121
f 1071/1335/808 1072/1904/1121 730/1233/741
f 1071/1335/808 730/1233/741 729/1336/740
f 1073/1910/1124 1002/1765/1044 1026/1812/1070
f 1073/1910/1124 1026/1812/1070 1065/1894/1117
f 1073/1910/1124 1065/1894/1117 1004/1766/1045
f 1073/1910/1124 1004/1766/1045 1002/1765/1044
f 1074/1911/1125 625/1040/654 1075/1912/1126
f 1074/1911/1125 1075/1912/1126 710/1193/726
f 1074/1911/1125 710/1193/726 626/1041/655
f 1074/1911/1125 626/1041/655 625/1040/654
f 1075/1913/1126 625/1114/654 664/1113/687
f 1075/1913/1126 664/1113/687 3131/1914/1127
f 1075/1912/1126 3131/1915/1127 1076/1916/1128
f 1075/1912/1126 1076/1916/1128 2104/1917/1129
f 1075/1912/1126 2104/1917/1129 710/1193/726
f 1077/1918/1130 1082/1919/1131 1078/1920/332
f 1077/1918/1130 1078/1920/332 1079/1921/1132
f 1077/1918/1130 1079/1921/1132 1080/1922/1133
f 1077/1923/1130 1080/1924/1133 1176/1925/1134
f 1077/1923/1130 1176/1925/1134 1081/1926/1135
f 1077/1923/1130 1081/1926/1135 1082/1927/1131
f 1086/1928/1136 1082/1927/1131 1081/1926/1135
f 1086/1928/1136 1081/1926/1135 1083/1929/1137
f 1086/1928/1136 1083/1929/1137 1084/1930/1138
f 1086/1931/1136 1084/1932/1138 1085/1933/1139
f 1086/1931/1136 1085/1933/1139 1087/1934/1140
f 1086/1935/1136 1087/1936/1140 1088/1937/1141
f 1086/1935/1136 1088/1937/1141 1082/1919/1131
f 1089/1938/1142 1082/1919/1131 1088/1937/1141
f 1089/1938/1142 1088/1937/1141 1087/1936/1140
f 1089/1938/1142 1087/1936/1140 1099/1939/1143
f 1089/1938/1142 1099/1939/1143 1090/1940/1144
f 1089/1938/1142 1090/1940/1144 1078/1920/332
f 1089/1938/1142 1078/1920/332 1082/1919/1131
f 1095/1941/1145 873/1824/899 1034/1823/1078
f 1095/1941/1145 1034/1823/1078 1091/1942/1146
f 1095/1941/1145 1091/1942/1146 1092/1943/1147
f 1095/1944/1145 1092/1945/1147 1093/1946/1148
f 1095/1947/1145 1093/1948/1148 1094/1949/1149
f 1095/1950/1145 1094/1951/1149 873/1952/899
f 1094/1953/1149 1093/1946/1148 1096/1954/1150
f 1094/1953/1149 1096/1954/1150 1097/1955/1151
f 1094/1953/1149 1097/1955/1151 1098/1514/900
f 1094/1956/1149 1098/1957/900 873/1958/899
f 1090/1959/1144 1099/1960/1143 1100/1961/1152
f 1090/1959/1144 1100/1961/1152 1298/1962/1153
f 1090/1963/1144 1298/1964/1153 1101/1965/1154
f 1090/1963/1144 1101/1965/1154 1079/1966/1132
f 1090/1940/1144 1079/1921/1132 1078/1920/332
f 1102/1967/1155 1107/1968/1156 1288/1969/1157
f 1102/1967/1155 1288/1969/1157 1103/1970/1158
f 1102/1971/1155 1103/1972/1158 1104/1973/1159
f 1102/1971/1155 1104/1973/1159 1105/1974/1160
f 1102/1967/1155 1105/1975/1160 1111/1976/1161
f 1102/1967/1155 1111/1976/1161 1107/1968/1156
f 1106/1977/1162 1107/1978/1156 1108/1979/1163
f 1106/1977/1162 1108/1979/1163 1109/1980/1164
f 1106/1977/1162 1109/1980/1164 1110/1981/1165
f 1106/1977/1162 1110/1981/1165 1288/1982/1157
f 1106/1977/1162 1288/1982/1157 1107/1978/1156
f 1111/1983/1161 1105/1974/1160 1112/1984/1166
f 1111/1983/1161 1112/1984/1166 1113/1985/1167
f 1111/1986/1161 1113/1987/1167 1114/1988/1168
f 1111/1989/1161 1114/1990/1168 1108/1979/1163
f 1111/1976/1161 1108/1991/1163 1107/1968/1156
f 1115/1992/1022 983/1993/1021 2141/1994/1169
f 1115/1992/1022 2141/1994/1169 1116/1995/1170
f 1115/1992/1022 1116/1995/1170 627/1042/656
f 1115/1992/1022 627/1042/656 338/538/355
f 749/1269/765 767/1296/782 1117/1996/1171
f 749/1269/765 1117/1996/1171 1118/1997/846
f 749/1269/765 1118/1997/846 750/1270/527
f 1119/1998/1172 1079/1966/1132 1101/1965/1154
f 1119/1998/1172 1101/1965/1154 1120/1999/1173
f 1119/1998/1172 1120/1999/1173 1121/2000/1174
f 1119/1998/1172 1121/2000/1174 1080/2001/1133
f 1119/1998/1172 1080/2001/1133 1079/1966/1132
f 1122/2002/1175 1123/2003/1176 1133/2004/1177
f 1122/2002/1175 1133/2004/1177 1124/2005/1178
f 1122/2002/1175 1124/2005/1178 1125/2006/1179
f 1122/2002/1175 1125/2006/1179 1187/2007/1180
f 1122/2002/1175 1187/2007/1180 1126/2008/1181
f 1122/2002/1175 1126/2008/1181 1123/2003/1176
f 1129/2009/1182 1123/2003/1176 1126/2008/1181
f 1129/2010/1182 1126/2011/1181 1127/2012/1183
f 1129/2010/1182 1127/2012/1183 1128/2013/1184
f 1129/2010/1182 1128/2013/1184 1130/2014/1185
f 1129/2015/1182 1130/2016/1185 1131/2017/1186
f 1129/2009/1182 1131/2018/1186 1123/2003/1176
f 1131/2017/1186 1130/2016/1185 1132/2019/1187
f 1131/2017/1186 1132/2019/1187 1202/2020/1188
f 1131/2021/1186 1202/2022/1188 1133/2023/1177
f 1131/2024/1186 1133/2025/1177 1123/2026/1176
f 1033/2027/1077 1032/1819/1076 1134/1852/1095
f 1033/1822/1077 1134/2028/1095 1135/2029/1189
f 1033/1822/1077 1135/2029/1189 1136/2030/1190
f 1033/1822/1077 1136/2030/1190 1137/2031/1191
f 1033/1822/1077 1137/2031/1191 1034/1823/1078
f 1140/1736/1029 987/1735/1028 1138/2032/1099
f 1140/1736/1029 1138/2032/1099 1315/2033/1192
f 1140/2034/1029 1315/2035/1192 1139/2036/1193
f 1140/2037/1029 1139/2038/1193 1141/2039/1194
f 1140/2040/1029 1141/2041/1194 1142/1710/1012
f 1140/2042/1029 1142/2043/1012 1143/2044/1010
f 677/1138/696 676/1137/695 884/1536/911
f 677/1138/696 884/1536/911 1144/2045/1195
f 677/1138/696 1144/2045/1195 1145/2046/1196
f 677/1140/696 1145/2047/1196 1312/2048/1197
f 677/1140/696 1312/2048/1197 678/1141/697
f 805/1364/822 782/1322/798 1777/2049/1198
f 805/1364/822 1777/2049/1198 1204/2050/1199
f 805/1364/822 1204/2050/1199 681/1144/700
f 805/1364/822 681/1144/700 680/1143/699
f 1146/2051/1200 1147/2052/1024 984/2053/1023
f 1146/2051/1200 984/2053/1023 1148/2054/1201
f 1146/2055/1200 1148/2056/1201 1303/2057/1202
f 1146/2055/1200 1303/2057/1202 1149/2058/1203
f 1146/2051/1200 1149/2059/1203 1150/2060/1039
f 1146/2051/1200 1150/2060/1039 1147/2052/1024
f 1151/2061/1204 683/1150/703 754/1275/770
f 1151/2061/1204 754/1275/770 1670/2062/1205
f 1151/2061/1204 1670/2062/1205 1997/2063/1206
f 1151/2061/1204 1997/2063/1206 1152/2064/1207
f 1151/2061/1204 1152/2064/1207 684/1151/704
f 1151/2061/1204 684/1151/704 683/1150/703
f 1051/1860/1100 1017/1797/1062 1153/2065/1208
f 1051/1860/1100 1153/2065/1208 1154/2066/1209
f 1051/1860/1100 1154/2066/1209 1155/2067/1210
f 1051/1860/1100 1155/2067/1210 1156/2068/1094
f 1051/2069/1100 1156/1851/1094 1052/1850/1093
f 1159/2070/1211 1157/2071/1212 1158/2072/332
f 1159/2070/1211 1158/2072/332 1165/2073/1213
f 1159/2074/1211 1165/2075/1213 1160/2076/1214
f 1159/2074/1211 1160/2076/1214 1331/2077/1215
f 1159/2078/1211 1331/2079/1215 1161/2080/1216
f 1159/2078/1211 1161/2080/1216 1254/2081/1217
f 1159/2078/1211 1254/2081/1217 1157/2082/1212
f 1162/2083/1218 1157/2071/1212 1254/2084/1217
f 1162/2085/1218 1254/2086/1217 1258/2087/1219
f 1162/2083/1218 1258/2088/1219 1170/2089/1220
f 1162/2083/1218 1170/2089/1220 1163/2090/1221
f 1162/2083/1218 1163/2090/1221 1158/2072/332
f 1162/2083/1218 1158/2072/332 1157/2071/1212
f 688/1160/708 687/1159/707 1064/1893/1116
f 688/1160/708 1064/1893/1116 1164/2091/1222
f 688/1162/708 1164/2092/1222 699/1177/717
f 688/1162/708 699/1177/717 698/1176/716
f 688/1162/708 698/1176/716 689/1163/709
f 1165/2073/1213 1158/2072/332 1163/2090/1221
f 1165/2073/1213 1163/2090/1221 1166/2093/1223
f 1165/2094/1213 1166/2095/1223 1167/2096/1224
f 1165/2094/1213 1167/2096/1224 1168/2097/1225
f 1165/2075/1213 1168/2098/1225 1169/2099/1226
f 1165/2075/1213 1169/2099/1226 1160/2076/1214
f 1170/2100/1220 1258/2101/1219 1261/2102/1227
f 1170/2100/1220 1261/2102/1227 1171/2103/1228
f 1170/2100/1220 1171/2103/1228 1166/2095/1223
f 1170/2089/1220 1166/2093/1223 1163/2090/1221
f 1097/1955/1151 1096/1954/1150 2751/2104/1229
f 1097/1955/1151 2751/2104/1229 1172/2105/1230
f 1097/1955/1151 1172/2105/1230 874/1515/901
f 1097/1955/1151 874/1515/901 1098/1514/900
f 876/1518/903 874/1515/901 1172/2105/1230
f 876/1518/903 1172/2105/1230 2751/2104/1229
f 876/1518/903 2751/2104/1229 1173/2106/1231
f 876/1520/903 1173/2107/1231 2411/2108/1232
f 876/1520/903 2411/2108/1232 878/1523/905
f 1174/2109/1233 502/822/526 747/821/525
f 1174/2109/1233 747/821/525 746/1266/763
f 1174/2109/1233 746/1266/763 1175/2110/1234
f 1174/2109/1233 1175/2110/1234 1475/2111/1235
f 1174/2109/1233 1475/2111/1235 548/904/574
f 1174/2109/1233 548/904/574 502/822/526
f 1176/2112/1134 1080/2001/1133 1121/2000/1174
f 1176/2112/1134 1121/2000/1174 1177/2113/1236
f 1176/2112/1134 1177/2113/1236 1178/2114/1237
f 1176/1925/1134 1178/2115/1237 2883/2116/1238
f 1176/1925/1134 2883/2116/1238 1179/2117/1239
f 1176/1925/1134 1179/2117/1239 1081/1926/1135
f 1180/2118/1240 1081/1926/1135 1179/2117/1239
f 1180/2118/1240 1179/2117/1239 2883/2116/1238
f 1180/2118/1240 2883/2116/1238 1282/2119/1241
f 1180/2118/1240 1282/2119/1241 1084/1930/1138
f 1180/2118/1240 1084/1930/1138 1083/1929/1137
f 1180/2118/1240 1083/1929/1137 1081/1926/1135
f 1181/2120/1242 331/527/348 763/1291/778
f 1181/2121/1242 763/2122/778 1182/2123/1243
f 1181/2121/1242 1182/2123/1243 1183/2124/1244
f 1181/2125/1242 1183/2126/1244 1184/2127/1245
f 1181/2125/1242 1184/2127/1245 765/1293/780
f 1181/2125/1242 765/1293/780 331/528/348
f 1116/1995/1170 2141/1994/1169 2140/2128/1246
f 1116/1995/1170 2140/2128/1246 667/1117/688
f 1116/1995/1170 667/1117/688 628/1043/657
f 1116/1995/1170 628/1043/657 627/1042/656
f 1187/2007/1180 1125/2006/1179 1185/2129/1247
f 1187/2007/1180 1185/2129/1247 1186/2130/1248
f 1187/2131/1180 1186/2132/1248 1293/2133/1249
f 1187/2131/1180 1293/2133/1249 1188/2134/1250
f 1187/2131/1180 1188/2134/1250 1127/2012/1183
f 1187/2135/1180 1127/2136/1183 1126/2137/1181
f 1148/2054/1201 984/2053/1023 881/1528/908
f 1148/2054/1201 881/1528/908 1189/2138/1251
f 1148/2056/1201 1189/2139/1251 1186/2130/1248
f 1148/2056/1201 1186/2130/1248 1190/2140/332
f 1148/2056/1201 1190/2140/332 1303/2057/1202
f 1189/2138/1251 881/1528/908 879/1527/907
f 1189/2138/1251 879/1527/907 1191/2141/1252
f 1189/2138/1251 1191/2141/1252 1192/2142/1253
f 1189/2143/1251 1192/2144/1253 1186/2132/1248
f 1193/2145/1254 1087/1934/1140 1085/1933/1139
f 1193/2145/1254 1085/1933/1139 1194/2146/1255
f 1193/2145/1254 1194/2146/1255 1195/2147/1256
f 1193/2145/1254 1195/2147/1256 1087/1934/1140
f 1195/2147/1256 1194/2146/1255 2693/2148/1257
f 1195/2147/1256 2693/2148/1257 1310/2149/1258
f 1195/2147/1256 1310/2149/1258 1099/2150/1143
f 1195/2147/1256 1099/2150/1143 1087/1934/1140
f 883/1533/910 840/1445/859 1044/1843/1089
f 883/1533/910 1044/1843/1089 1196/2151/1259
f 883/2152/910 1196/2153/1259 1197/2154/1260
f 883/2155/910 1197/2156/1260 884/1536/911
f 1198/2157/1261 1134/2028/1095 1156/2068/1094
f 1198/2157/1261 1156/2068/1094 1155/2067/1210
f 1198/2157/1261 1155/2067/1210 1199/2158/1262
f 1198/2157/1261 1199/2158/1262 1200/2159/1263
f 1198/2157/1261 1200/2159/1263 1135/2029/1189
f 1198/2157/1261 1135/2029/1189 1134/2028/1095
f 1201/2160/1264 1133/2161/1177 1202/2162/1188
f 1201/2163/1264 1202/2164/1188 1227/2165/1265
f 1201/2163/1264 1227/2165/1265 1216/2166/1266
f 1201/2163/1264 1216/2166/1266 1203/2167/1267
f 1201/2163/1264 1203/2167/1267 1124/2005/1178
f 1201/2163/1264 1124/2005/1178 1133/2004/1177
f 713/1199/729 681/1198/700 1204/2168/1199
f 713/1199/729 1204/2168/1199 1205/2169/1268
f 713/1199/729 1205/2169/1268 1659/2170/1269
f 713/2171/729 1659/2172/1269 1657/2173/1270
f 713/2171/729 1657/2173/1270 714/2174/730
f 1206/1253/754 655/1327/677 1337/2175/1271
f 1206/2176/754 1337/2177/1271 1211/2178/1272
f 1206/2179/754 1211/2180/1272 1149/2181/1203
f 1206/2182/754 1149/2058/1203 1303/2057/1202
f 1206/2182/754 1303/2057/1202 1302/2183/789
f 1206/1253/754 1302/1305/789 672/1128/692
f 1207/2184/1273 1124/2005/1178 1203/2167/1267
f 1207/2184/1273 1203/2167/1267 1208/2185/1274
f 1207/2184/1273 1208/2185/1274 1209/2186/1275
f 1207/2184/1273 1209/2186/1275 1210/2187/1276
f 1207/2184/1273 1210/2187/1276 1124/2005/1178
f 1210/2187/1276 1209/2186/1275 1185/2129/1247
f 1210/2187/1276 1185/2129/1247 1125/2006/1179
f 1210/2187/1276 1125/2006/1179 1124/2005/1178
f 718/2188/732 845/2189/731 1710/2190/1277
f 718/2188/732 1710/2190/1277 1708/2191/1278
f 718/1213/732 1708/2192/1278 1696/2193/1279
f 718/1213/732 1696/2193/1279 781/1319/797
f 718/1213/732 781/1319/797 720/1214/733
f 1149/2194/1203 1211/2195/1272 1212/2196/1280
f 1149/2059/1203 1212/2197/1280 901/1570/928
f 1149/2059/1203 901/1570/928 1150/2060/1039
f 1213/2198/1281 846/1553/866 1323/1552/917
f 1213/2198/1281 1323/1552/917 1214/2199/1282
f 1213/2198/1281 1214/2199/1282 1508/2200/1283
f 1213/2198/1281 1508/2200/1283 1215/2201/867
f 1213/2198/1281 1215/2201/867 846/1553/866
f 1208/2185/1274 1203/2167/1267 1216/2166/1266
f 1208/2202/1274 1216/2203/1266 1217/2204/1284
f 1208/2202/1274 1217/2204/1284 1218/2205/1285
f 1208/2202/1274 1218/2205/1285 1219/2206/1228
f 1208/2202/1274 1219/2206/1228 1211/2207/1272
f 1208/2185/1274 1211/2208/1272 1209/2186/1275
f 1221/680/445 425/679/444 848/2209/869
f 1221/680/445 848/2209/869 1220/2210/1286
f 1221/680/445 1220/2210/1286 1222/2211/1287
f 1221/2212/445 1222/2213/1287 1214/2214/1282
f 1221/2212/445 1214/2214/1282 1506/2215/1288
f 1221/2212/445 1506/2215/1288 1223/2216/1289
f 1221/2217/445 1223/2218/1289 1224/2219/1290
f 1221/2217/445 1224/2219/1290 2183/2220/1291
f 1221/682/445 2183/2221/1291 784/1324/800
f 1212/2222/1280 1211/2207/1272 1225/2223/1292
f 1212/2197/1280 1225/2224/1292 1226/2225/1293
f 1212/2197/1280 1226/2225/1293 902/1571/929
f 1212/2197/1280 902/1571/929 901/1570/928
f 1217/2204/1284 1216/2203/1266 1227/2226/1265
f 1217/2204/1284 1227/2226/1265 1320/2227/1294
f 1217/2204/1284 1320/2227/1294 1228/2228/1295
f 1217/2204/1284 1228/2228/1295 1229/2229/1296
f 1217/2204/1284 1229/2229/1296 1218/2205/1285
f 785/1325/801 784/1324/800 1230/2230/1297
f 785/1325/801 1230/2230/1297 1007/1770/1049
f 785/1325/801 1007/1770/1049 1006/1769/1048
f 785/1325/801 1006/1769/1048 600/995/629
f 785/1325/801 600/995/629 599/994/628
f 1231/2231/1298 690/1164/710 606/1003/634
f 1231/2231/1298 606/1003/634 617/1028/647
f 1231/2231/1298 617/1028/647 912/1589/939
f 1231/2231/1298 912/1589/939 1232/2232/1299
f 1231/2231/1298 1232/2232/1299 692/1166/712
f 1231/2231/1298 692/1166/712 690/1164/710
f 1237/2233/1300 1233/2234/1301 1234/2235/1302
f 1237/2233/1300 1234/2235/1302 1235/2236/1303
f 1237/2233/1300 1235/2236/1303 1236/2237/1304
f 1237/2238/1300 1236/2239/1304 1529/2240/1305
f 1237/2238/1300 1529/2240/1305 1238/2241/1306
f 1237/2233/1300 1238/2242/1306 1233/2234/1301
f 1239/2243/1307 1233/2234/1301 1238/2242/1306
f 1239/2243/1307 1238/2242/1306 1240/2244/1308
f 1239/2245/1307 1240/2246/1308 1241/2247/1309
f 1239/2245/1307 1241/2247/1309 1242/2248/1310
f 1239/2243/1307 1242/2249/1310 1515/2250/1311
f 1239/2243/1307 1515/2250/1311 1243/2251/1312
f 1239/2243/1307 1243/2251/1312 1233/2234/1301
f 1243/2251/1312 1515/2250/1311 1244/2252/1313
f 1243/2251/1312 1244/2252/1313 1245/2253/1314
f 1243/2254/1312 1245/2255/1314 1234/2256/1302
f 1243/2251/1312 1234/2235/1302 1233/2234/1301
f 744/1260/759 743/1259/758 1842/2257/1315
f 744/1260/759 1842/2257/1315 1246/2258/1316
f 744/1260/759 1246/2258/1316 727/1228/738
f 744/1260/759 727/1228/738 726/1227/737
f 602/997/630 400/635/416 1247/2259/1317
f 602/999/630 1247/2260/1317 1248/2261/1318
f 602/999/630 1248/2261/1318 809/1373/827
f 602/999/630 809/1373/827 603/1000/631
f 1250/2262/1319 490/798/514 790/1333/806
f 1250/2262/1319 790/1333/806 1249/2263/1320
f 1250/2262/1319 1249/2263/1320 1251/2264/1321
f 1250/2265/1319 1251/2266/1321 1252/2267/1322
f 1250/2265/1319 1252/2267/1322 792/2268/809
f 1250/2269/1319 792/1337/809 490/800/514
f 1254/2081/1217 1161/2080/1216 1253/2270/1323
f 1254/2081/1217 1253/2270/1323 1255/2271/1324
f 1254/2272/1217 1255/2273/1324 1256/2274/1325
f 1254/2275/1217 1256/2276/1325 1257/2277/1326
f 1254/2278/1217 1257/2279/1326 1258/2280/1219
f 1259/2281/1327 1258/2282/1219 1257/2283/1326
f 1259/2281/1327 1257/2283/1326 1256/2274/1325
f 1259/2281/1327 1256/2274/1325 2734/2284/1328
f 1259/2281/1327 2734/2284/1328 1260/2285/1329
f 1259/2281/1327 1260/2285/1329 1261/2286/1227
f 1259/2281/1327 1261/2286/1227 1258/2282/1219
f 1262/2287/1330 1166/2095/1223 1171/2103/1228
f 1262/2287/1330 1171/2103/1228 2615/2288/1331
f 1262/2287/1330 2615/2288/1331 1263/2289/1332
f 1262/2287/1330 1263/2289/1332 2849/2290/1333
f 1262/2287/1330 2849/2290/1333 1264/2291/1334
f 1262/2287/1330 1264/2291/1334 1168/2097/1225
f 1262/2287/1330 1168/2097/1225 1167/2096/1224
f 1262/2287/1330 1167/2096/1224 1166/2095/1223
f 1265/2292/1335 1266/2293/1336 1267/2294/1337
f 1265/2295/1335 1267/2296/1337 1399/2297/1338
f 1265/2295/1335 1399/2297/1338 1268/2298/1339
f 1265/2295/1335 1268/2298/1339 1269/2299/1340
f 1265/2300/1335 1269/2301/1340 1270/2302/1341
f 1265/2300/1335 1270/2302/1341 1271/2303/1342
f 1265/2292/1335 1271/2304/1342 1266/2293/1336
f 1272/2305/1343 1266/2293/1336 1271/2304/1342
f 1272/2306/1343 1271/2307/1342 1384/2308/1344
f 1272/2309/1343 1384/2310/1344 1273/2311/1345
f 1272/2305/1343 1273/2312/1345 1274/2313/1346
f 1272/2305/1343 1274/2313/1346 1275/2314/1347
f 1272/2305/1343 1275/2314/1347 1276/2315/1348
f 1272/2305/1343 1276/2315/1348 1266/2293/1336
f 1276/2315/1348 1275/2314/1347 1277/2316/1349
f 1276/2315/1348 1277/2316/1349 1392/2317/1350
f 1276/2315/1348 1392/2317/1350 1267/2294/1337
f 1276/2315/1348 1267/2294/1337 1266/2293/1336
f 1274/2313/1346 1273/2312/1345 1278/2318/1351
f 1274/2313/1346 1278/2318/1351 1391/2319/1352
f 1274/2313/1346 1391/2319/1352 1403/2320/1353
f 1274/2313/1346 1403/2320/1353 1411/2321/1354
f 1274/2313/1346 1411/2321/1354 1279/2322/1355
f 1274/2313/1346 1279/2322/1355 1280/2323/1356
f 1274/2313/1346 1280/2323/1356 1281/2324/1357
f 1274/2313/1346 1281/2324/1357 1277/2316/1349
f 1274/2313/1346 1277/2316/1349 1275/2314/1347
f 1084/1932/1138 1282/2325/1241 2690/2326/1358
f 1084/1932/1138 2690/2326/1358 1194/2146/1255
f 1084/1932/1138 1194/2146/1255 1085/1933/1139
f 977/2327/1014 976/1414/845 829/1413/844
f 977/2327/1014 829/1413/844 1283/1618/960
f 977/2328/1014 1283/2329/960 935/1625/965
f 977/2328/1014 935/1625/965 978/2330/1015
f 1284/2331/1359 706/1189/722 705/1188/721
f 1284/2332/1359 705/1187/721 1285/1716/1016
f 1284/2333/1359 1285/2334/1016 1286/2335/1360
f 1284/2333/1359 1286/2335/1360 1536/2336/1361
f 1284/2331/1359 1536/2337/1361 708/1191/724
f 1284/2331/1359 708/1191/724 706/1189/722
f 1287/2338/1362 1288/1982/1157 1110/1981/1165
f 1287/2338/1362 1110/1981/1165 1406/2339/1363
f 1287/2340/1362 1406/2341/1363 1407/2342/1364
f 1287/2340/1362 1407/2342/1364 1103/2343/1158
f 1287/2340/1362 1103/2343/1158 1288/2344/1157
f 1292/2345/1365 776/1312/792 1289/2346/1366
f 1292/2345/1365 1289/2346/1366 1290/2347/1367
f 1292/2348/1365 1290/2349/1367 1291/2350/1368
f 1292/2351/1365 1291/2352/1368 1293/2133/1249
f 1292/2353/1365 1293/2354/1249 1294/2355/767
f 1292/2345/1365 1294/1272/767 776/1312/792
f 831/1418/848 1753/1417/847 2674/2356/1369
f 831/1418/848 2674/2356/1369 1295/2357/1370
f 831/1418/848 1295/2357/1370 1296/2358/1371
f 831/1418/848 1296/2358/1371 1653/1362/820
f 831/1418/848 1653/1362/820 1289/2359/1366
f 831/1418/848 1289/2359/1366 776/1311/792
f 1298/1962/1153 1100/1961/1152 1309/2360/1372
f 1298/1962/1153 1309/2360/1372 1297/2361/1373
f 1298/2362/1153 1297/2363/1373 1299/2364/1374
f 1298/2365/1153 1299/2366/1374 2688/2367/1375
f 1298/1964/1153 2688/2368/1375 1120/1999/1173
f 1298/1964/1153 1120/1999/1173 1101/1965/1154
f 1186/2130/1248 1185/2129/1247 1190/2140/332
f 1186/2132/1248 1192/2144/1253 1300/2369/1376
f 1186/2370/1248 1300/2371/1376 1301/2372/1377
f 1186/2370/1248 1301/2372/1377 803/2373/819
f 1186/2374/1248 803/2375/819 1302/2376/789
f 1186/2377/1248 1302/2378/789 1303/2379/1202
f 1294/2355/767 1293/2354/1249 1185/2129/1247
f 1294/2355/767 1185/2129/1247 1209/2186/1275
f 1294/2355/767 1209/2186/1275 1440/2380/974
f 1294/1272/767 1440/1650/974 752/1273/768
f 772/1303/787 563/930/593 1752/2381/1378
f 772/1303/787 1752/2381/1378 1304/2382/1379
f 772/1303/787 1304/2382/1379 1305/2383/1380
f 772/1303/787 1305/2383/1380 573/950/603
f 1306/951/604 573/950/603 1305/2383/1380
f 1306/951/604 1305/2383/1380 1304/2382/1379
f 1306/951/604 1304/2382/1379 1887/2384/1381
f 1306/2385/604 1887/2386/1381 1890/2387/1382
f 1306/2385/604 1890/2387/1382 1307/2388/1383
f 1306/2389/604 1307/2390/1383 5041/2391/1384
f 1306/2389/604 5041/2391/1384 1196/2392/1259
f 1306/2389/604 1196/2392/1259 1308/2393/1385
f 1306/953/604 1308/2394/1385 1040/1833/1084
f 1309/2360/1372 1100/1961/1152 1099/1960/1143
f 1309/2360/1372 1099/1960/1143 1310/2395/1258
f 1309/2396/1372 1310/2397/1258 1758/2398/1386
f 1309/2399/1372 1758/2400/1386 1297/2401/1373
f 1144/2045/1195 884/1536/911 1197/2156/1260
f 1144/2045/1195 1197/2156/1260 1307/2402/1383
f 1144/2403/1195 1307/2388/1383 1890/2387/1382
f 1144/2403/1195 1890/2387/1382 1311/2404/1387
f 1144/2403/1195 1311/2404/1387 1145/2405/1196
f 1312/2406/1197 1145/2405/1196 1311/2404/1387
f 1312/2406/1197 1311/2404/1387 1890/2387/1382
f 1312/2407/1197 1890/2408/1382 1892/2409/1388
f 1312/2407/1197 1892/2409/1388 2052/2410/1389
f 1312/2411/1197 2052/2412/1389 1660/2413/1390
f 1312/2048/1197 1660/2414/1390 1667/2415/1391
f 1312/2048/1197 1667/2415/1391 678/1141/697
f 1316/2416/1392 1138/2417/1099 1050/2418/1098
f 1316/2416/1392 1050/2418/1098 1313/2419/1393
f 1316/2420/1392 1313/2421/1393 1324/2422/1394
f 1316/2423/1392 1324/2424/1394 1279/2322/1355
f 1316/2423/1392 1279/2322/1355 1411/2321/1354
f 1316/2423/1392 1411/2321/1354 1314/2425/1395
f 1316/2426/1392 1314/2427/1395 1315/2428/1192
f 1316/2429/1392 1315/2033/1192 1138/2032/1099
f 1317/2430/1396 1202/2020/1188 1132/2019/1187
f 1317/2430/1396 1132/2019/1187 1318/2431/1397
f 1317/2430/1396 1318/2431/1397 1319/2432/1398
f 1317/2430/1396 1319/2432/1398 1320/2433/1294
f 1317/2430/1396 1320/2433/1294 1227/2434/1265
f 1317/2430/1396 1227/2434/1265 1202/2020/1188
f 1055/2435/1104 1054/2436/1103 1321/2437/1399
f 1055/2435/1104 1321/2437/1399 1224/2219/1290
f 1055/2435/1104 1224/2219/1290 1223/2218/1289
f 1055/1866/1104 1223/2438/1289 1322/2439/1400
f 1055/1866/1104 1322/2439/1400 890/1543/915
f 1322/2440/1400 1223/2441/1289 1506/2442/1288
f 1322/2440/1400 1506/2442/1288 1323/2443/917
f 1322/2439/1400 1323/2444/917 890/1543/915
f 1324/2445/1394 1313/2419/1393 1050/2418/1098
f 1324/2445/1394 1050/2418/1098 1049/2446/1097
f 1324/2447/1394 1049/1883/1097 1325/1882/1109
f 1324/2448/1394 1325/2449/1109 1326/2450/1401
f 1324/2424/1394 1326/2451/1401 1448/2452/1402
f 1324/2424/1394 1448/2452/1402 1279/2322/1355
f 1327/2453/1102 1053/2454/1101 2083/2455/1403
f 1327/2456/1102 2083/2457/1403 1707/2458/1404
f 1327/2459/1102 1707/2460/1404 1328/2461/1405
f 1327/2462/1102 1328/2463/1405 1941/2464/1406
f 1327/2462/1102 1941/2464/1406 1224/2465/1290
f 1327/2466/1102 1224/2219/1290 1321/2437/1399
f 1327/2466/1102 1321/2437/1399 1054/2436/1103
f 1331/2077/1215 1160/2076/1214 1329/2467/1407
f 1331/2077/1215 1329/2467/1407 1330/2468/1408
f 1331/2469/1215 1330/2470/1408 1332/2471/1409
f 1331/2472/1215 1332/2473/1409 1790/2474/1410
f 1331/2079/1215 1790/2475/1410 1253/2270/1323
f 1331/2079/1215 1253/2270/1323 1161/2080/1216
f 1329/2467/1407 1160/2076/1214 1169/2099/1226
f 1329/2467/1407 1169/2099/1226 1333/2476/1411
f 1329/2467/1407 1333/2476/1411 1334/2477/1412
f 1329/2467/1407 1334/2477/1412 1330/2468/1408
f 1335/1762/1043 1001/1761/1042 857/1488/880
f 1335/1762/1043 857/1488/880 1336/1487/879
f 1335/2478/1043 1336/2479/879 1442/2480/1413
f 1335/2481/1043 1442/2482/1413 1438/2483/1414
f 1335/2484/1043 1438/2485/1414 1337/2486/1271
f 1335/1762/1043 1337/2487/1271 655/1098/677
f 1338/2488/1415 1234/2256/1302 1245/2255/1314
f 1338/2488/1415 1245/2255/1314 1524/2489/1416
f 1338/2488/1415 1524/2489/1416 1339/2490/1417
f 1338/2488/1415 1339/2490/1417 1235/2491/1303
f 1338/2488/1415 1235/2491/1303 1234/2256/1302
f 1341/1778/1053 1012/1777/1052 1340/2492/1418
f 1341/1778/1053 1340/2492/1418 1014/1791/1058
f 1341/2493/1053 1014/2494/1058 1342/2495/1419
f 1341/2496/1053 1342/2497/1419 1343/2498/1056
f 1341/2496/1053 1343/2498/1056 1344/2499/1054
f 1342/2495/1419 1014/2494/1058 1345/2500/1420
f 1342/2501/1419 1345/2502/1420 1346/2503/1057
f 1342/2501/1419 1346/2503/1057 1343/2504/1056
f 950/1665/982 615/1025/645 859/1493/882
f 950/2505/982 859/2506/882 1347/2507/1421
f 950/2505/982 1347/2507/1421 1348/2508/1422
f 950/1665/982 1348/2509/1422 949/1659/979
f 950/1665/982 949/1659/979 951/1666/983
f 1351/1794/1061 1016/1793/1060 1015/1792/1059
f 1351/1794/1061 1015/1792/1059 1349/2510/1423
f 1351/1794/1061 1349/2510/1423 1350/2511/1424
f 1351/2512/1061 1350/2513/1424 1352/2514/1425
f 1351/2512/1061 1352/2514/1425 1017/1797/1062
f 1168/2097/1225 1264/2291/1334 1334/2515/1412
f 1168/2098/1225 1334/2477/1412 1333/2476/1411
f 1168/2098/1225 1333/2476/1411 1169/2099/1226
f 1067/1898/1119 908/1582/935 907/1581/934
f 1067/1898/1119 907/1581/934 953/1775/984
f 1067/1900/1119 953/2516/984 948/1901/978
f 1261/2286/1227 1260/2285/1329 1353/2517/1426
f 1261/2102/1227 1353/2518/1426 1354/2519/1427
f 1261/2102/1227 1354/2519/1427 2615/2288/1331
f 1261/2102/1227 2615/2288/1331 1171/2103/1228
f 1355/2520/944 916/2521/943 1356/2522/1428
f 1355/2523/944 1356/2524/1428 1357/2525/1429
f 1355/2526/944 1357/2527/1429 1358/2528/1430
f 1355/2526/944 1358/2528/1430 918/1598/945
f 1355/2526/944 918/1598/945 917/1236/743
f 1280/2323/1356 1279/2322/1355 1448/2452/1402
f 1280/2323/1356 1448/2452/1402 1359/2529/1431
f 1280/2323/1356 1359/2529/1431 1360/2530/1432
f 1280/2323/1356 1360/2530/1432 1472/2531/1433
f 1280/2323/1356 1472/2531/1433 1464/2532/1434
f 1280/2323/1356 1464/2532/1434 1361/2533/1435
f 1280/2323/1356 1361/2533/1435 1362/2534/1436
f 1280/2323/1356 1362/2534/1436 1363/2535/1437
f 1280/2323/1356 1363/2535/1437 1281/2324/1357
f 1364/2536/1438 1365/2537/1439 1361/2533/1435
f 1364/2538/1438 1361/2539/1435 1465/2540/1440
f 1364/2538/1438 1465/2540/1440 2449/2541/1441
f 1364/2538/1438 2449/2541/1441 2455/2542/1442
f 1364/2543/1438 2455/2544/1442 1366/2545/1443
f 1364/2543/1438 1366/2545/1443 1367/2546/1444
f 1364/2543/1438 1367/2546/1444 1368/2547/1445
f 1364/2536/1438 1368/2548/1445 1365/2537/1439
f 1369/2549/1446 1365/2537/1439 1370/2550/1447
f 1369/2549/1446 1370/2550/1447 1371/2551/1448
f 1369/2549/1446 1371/2551/1448 1372/2552/1449
f 1369/2549/1446 1372/2552/1449 1363/2535/1437
f 1369/2549/1446 1363/2535/1437 1362/2534/1436
f 1369/2549/1446 1362/2534/1436 1361/2533/1435
f 1369/2549/1446 1361/2533/1435 1365/2537/1439
f 1368/2547/1445 1367/2546/1444 1373/2553/1450
f 1368/2554/1445 1373/2555/1450 1374/2556/1451
f 1368/2554/1445 1374/2556/1451 1375/2557/1452
f 1368/2554/1445 1375/2557/1452 1370/2558/1447
f 1368/2548/1445 1370/2550/1447 1365/2537/1439
f 1376/2559/1453 1271/2303/1342 1270/2302/1341
f 1376/2559/1453 1270/2302/1341 1269/2301/1340
f 1376/2559/1453 1269/2301/1340 1377/2560/1454
f 1376/2559/1453 1377/2560/1454 1378/2561/1455
f 1376/2559/1453 1378/2561/1455 1271/2303/1342
f 1381/2562/1456 1271/2307/1342 1378/2563/1455
f 1381/2564/1456 1378/2565/1455 1379/2566/1457
f 1381/2564/1456 1379/2566/1457 1380/2567/1458
f 1381/2568/1456 1380/2569/1458 2460/2570/1459
f 1381/2562/1456 2460/2571/1459 1382/2572/1460
f 1381/2562/1456 1382/2572/1460 1384/2308/1344
f 1381/2562/1456 1384/2308/1344 1271/2307/1342
f 1182/2573/1243 763/1290/778 762/1289/777
f 1182/2573/1243 762/1289/777 861/1497/886
f 1182/2123/1243 861/2574/886 1621/2575/1461
f 1182/2123/1243 1621/2575/1461 1183/2124/1244
f 1383/2576/1462 1273/2311/1345 1384/2310/1344
f 1383/2577/1462 1384/2578/1344 1385/2579/1463
f 1383/2577/1462 1385/2579/1463 1625/2580/1464
f 1383/2577/1462 1625/2580/1464 1386/2581/1465
f 1383/2576/1462 1386/2582/1465 1278/2583/1351
f 1383/2576/1462 1278/2583/1351 1273/2311/1345
f 1387/2584/1466 1278/2583/1351 1386/2582/1465
f 1387/2585/1466 1386/2581/1465 1625/2580/1464
f 1387/2585/1466 1625/2580/1464 1388/2586/1467
f 1387/2585/1466 1388/2586/1467 1389/2587/1468
f 1387/2585/1466 1389/2587/1468 1390/2588/1469
f 1387/2589/1466 1390/2590/1469 1391/2591/1352
f 1387/2584/1466 1391/2592/1352 1278/2583/1351
f 1392/2317/1350 1277/2316/1349 1281/2324/1357
f 1392/2317/1350 1281/2324/1357 1393/2593/1470
f 1392/2594/1350 1393/2595/1470 1394/2596/1471
f 1392/2594/1350 1394/2596/1471 1395/2597/1472
f 1392/2594/1350 1395/2597/1472 1396/2598/1473
f 1392/2594/1350 1396/2598/1473 1267/2296/1337
f 1399/2297/1338 1267/2296/1337 1396/2598/1473
f 1399/2297/1338 1396/2598/1473 1397/2599/1474
f 1399/2297/1338 1397/2599/1474 1398/2600/1475
f 1399/2601/1338 1398/2602/1475 1400/2603/1476
f 1399/2297/1338 1400/2604/1476 1268/2298/1339
f 1390/2590/1469 1389/2605/1468 1401/2606/1477
f 1390/2590/1469 1401/2606/1477 1402/2607/1478
f 1390/2590/1469 1402/2607/1478 1403/2608/1353
f 1390/2590/1469 1403/2608/1353 1391/2591/1352
f 1030/1817/1074 417/664/435 667/1118/688
f 1030/1817/1074 667/1118/688 2140/2609/1246
f 1030/1817/1074 2140/2609/1246 2139/2610/1479
f 1030/1817/1074 2139/2610/1479 1031/1818/1075
f 1091/1942/1146 1034/1823/1078 1137/2031/1191
f 1091/1942/1146 1137/2031/1191 1404/2611/1480
f 1091/1942/1146 1404/2611/1480 1405/2612/1481
f 1091/1942/1146 1405/2612/1481 1092/1943/1147
f 1407/2613/1364 1406/2614/1363 1886/2615/1482
f 1407/2616/1364 1886/2617/1482 1408/2618/1483
f 1407/2616/1364 1408/2618/1483 1104/1973/1159
f 1407/2616/1364 1104/1973/1159 1103/1972/1158
f 1410/2619/1484 1403/2608/1353 1402/2607/1478
f 1410/2619/1484 1402/2607/1478 1401/2606/1477
f 1410/2619/1484 1401/2606/1477 1409/2620/1485
f 1410/2619/1484 1409/2620/1485 1314/2427/1395
f 1410/2621/1484 1314/2425/1395 1411/2321/1354
f 1410/2619/1484 1411/2622/1354 1403/2608/1353
f 1408/2618/1483 1886/2617/1482 1112/1984/1166
f 1408/2618/1483 1112/1984/1166 1105/1974/1160
f 1408/2618/1483 1105/1974/1160 1104/1973/1159
f 1412/2623/1486 1413/2624/1487 1589/2625/1488
f 1412/2623/1486 1589/2625/1488 1414/2626/1489
f 1412/2627/1486 1414/2628/1489 1415/2629/1490
f 1412/2627/1486 1415/2629/1490 1478/2630/1491
f 1412/2623/1486 1478/2631/1491 1416/2632/1492
f 1412/2623/1486 1416/2632/1492 1413/2624/1487
f 1417/2633/1493 1413/2624/1487 1416/2632/1492
f 1417/2633/1493 1416/2632/1492 1479/2634/1494
f 1417/2633/1493 1479/2634/1494 1418/2635/1495
f 1417/2633/1493 1418/2635/1495 1652/2636/1496
f 1417/2633/1493 1652/2636/1496 1419/2637/1497
f 1417/2633/1493 1419/2637/1497 1413/2624/1487
f 1419/2637/1497 1652/2636/1496 1420/2638/1498
f 1419/2637/1497 1420/2638/1498 1639/2639/1499
f 1419/2637/1497 1639/2639/1499 1421/2640/1500
f 1419/2641/1497 1421/2642/1500 1589/2643/1488
f 1419/2637/1497 1589/2625/1488 1413/2624/1487
f 1422/2644/1501 1429/2645/1502 1423/2646/1503
f 1422/2647/1501 1423/2648/1503 1424/2649/1504
f 1422/2647/1501 1424/2649/1504 1600/2650/1505
f 1422/2644/1501 1600/2651/1505 1425/2652/1506
f 1422/2644/1501 1425/2652/1506 1427/2653/1507
f 1422/2644/1501 1427/2653/1507 1429/2645/1502
f 1426/2654/1508 1429/2655/1502 1427/2656/1507
f 1426/2654/1508 1427/2656/1507 1921/2657/1509
f 1426/2654/1508 1921/2657/1509 1430/2658/1510
f 1426/2654/1508 1430/2658/1510 1428/2659/1511
f 1426/2660/1508 1428/2661/1511 1429/2662/1502
f 1428/2663/1511 1430/2664/1510 1920/2665/1512
f 1428/2663/1511 1920/2665/1512 1431/2666/1513
f 1428/2667/1511 1431/2668/1513 1432/2669/1514
f 1428/2667/1511 1432/2669/1514 1423/2648/1503
f 1428/2661/1511 1423/2670/1503 1429/2662/1502
f 1393/2593/1470 1281/2324/1357 1363/2535/1437
f 1393/2593/1470 1363/2535/1437 1372/2552/1449
f 1393/2595/1470 1372/2671/1449 1394/2596/1471
f 1434/2672/1515 1494/2673/1516 1433/2674/1517
f 1434/2675/1515 1433/2676/1517 1435/2677/1518
f 1434/2675/1515 1435/2677/1518 1561/2678/1519
f 1434/2675/1515 1561/2678/1519 1436/2679/1520
f 1434/2672/1515 1436/2680/1520 1437/2681/1521
f 1434/2672/1515 1437/2681/1521 1494/2673/1516
f 1211/2682/1272 1337/2486/1271 1438/2485/1414
f 1211/2683/1272 1438/2684/1414 1439/2685/1522
f 1211/2683/1272 1439/2685/1522 1440/2686/974
f 1211/2687/1272 1440/2688/974 1209/2689/1275
f 1442/2690/1413 1336/2691/879 1441/2692/878
f 1442/2693/1413 1441/2694/878 1440/2695/974
f 1442/2696/1413 1440/2697/974 1439/2698/1522
f 1442/2699/1413 1439/2700/1522 1438/2701/1414
f 1443/2702/1523 1211/2207/1272 1219/2206/1228
f 1443/2702/1523 1219/2206/1228 1218/2205/1285
f 1443/2702/1523 1218/2205/1285 1444/2703/1524
f 1443/2702/1523 1444/2703/1524 1225/2223/1292
f 1443/2702/1523 1225/2223/1292 1211/2207/1272
f 1445/2704/1525 1448/2452/1402 1326/2451/1401
f 1445/2705/1525 1326/2450/1401 1513/2706/1526
f 1445/2705/1525 1513/2706/1526 1446/2707/1527
f 1445/2705/1525 1446/2707/1527 1447/2708/1478
f 1445/2705/1525 1447/2708/1478 1359/2709/1431
f 1445/2705/1525 1359/2709/1431 1448/2710/1402
f 1449/2711/1528 1372/2671/1449 1371/2712/1448
f 1449/2711/1528 1371/2712/1448 1370/2558/1447
f 1449/2711/1528 1370/2558/1447 1375/2557/1452
f 1449/2711/1528 1375/2557/1452 1612/2713/1529
f 1449/2711/1528 1612/2713/1529 1450/2714/1530
f 1449/2711/1528 1450/2714/1530 1372/2671/1449
f 1394/2596/1471 1372/2671/1449 1450/2714/1530
f 1394/2715/1471 1450/2716/1530 1451/2717/1531
f 1394/2715/1471 1451/2717/1531 1452/2718/1531
f 1394/2715/1471 1452/2718/1531 1453/2719/1531
f 1394/2715/1471 1453/2719/1531 1395/2720/1472
f 1454/2721/1532 1238/2242/1306 1529/2722/1305
f 1454/2721/1532 1529/2722/1305 1528/2723/1533
f 1454/2721/1532 1528/2723/1533 1455/2724/1534
f 1454/2721/1532 1455/2724/1534 1609/2725/1535
f 1454/2721/1532 1609/2725/1535 1240/2244/1308
f 1454/2721/1532 1240/2244/1308 1238/2242/1306
f 1456/2726/1536 759/1283/774 757/1282/773
f 1456/2726/1536 757/1282/773 1457/2727/1537
f 1456/2726/1536 1457/2727/1537 1458/2728/1538
f 1456/2726/1536 1458/2728/1538 1459/2729/1539
f 1456/2726/1536 1459/2729/1539 787/1329/803
f 1456/2726/1536 787/1329/803 759/1283/774
f 1014/1790/1058 1346/1789/1057 1345/2730/1420
f 1460/2731/1540 1359/2709/1431 1447/2708/1478
f 1460/2731/1540 1447/2708/1478 1446/2707/1527
f 1460/2731/1540 1446/2707/1527 1461/2732/1541
f 1460/2733/1540 1461/2734/1541 1471/2735/1542
f 1460/2731/1540 1471/2736/1542 1360/2737/1432
f 1460/2731/1540 1360/2737/1432 1359/2709/1431
f 1352/2514/1425 1350/2513/1424 1462/2738/1543
f 1352/2514/1425 1462/2738/1543 1463/2739/1544
f 1352/2514/1425 1463/2739/1544 1153/2065/1208
f 1352/2514/1425 1153/2065/1208 1017/1797/1062
f 1465/2740/1440 1361/2741/1435 1464/2742/1434
f 1465/2740/1440 1464/2742/1434 1466/2743/1545
f 1465/2744/1440 1466/2745/1545 1467/2746/1546
f 1465/2744/1440 1467/2746/1546 1468/2747/1547
f 1465/2540/1440 1468/2748/1547 1619/2749/1548
f 1465/2540/1440 1619/2749/1548 2449/2541/1441
f 1471/2735/1542 1461/2734/1541 1469/2750/1549
f 1471/2735/1542 1469/2750/1549 1727/2751/1550
f 1471/2735/1542 1727/2751/1550 1470/2752/1551
f 1471/2753/1542 1470/2754/1551 1472/2755/1433
f 1471/2753/1542 1472/2755/1433 1360/2756/1432
f 1252/2267/1322 1251/2266/1321 1473/2757/1552
f 1252/2267/1322 1473/2757/1552 1070/1908/1123
f 1252/2758/1322 1070/1906/1123 791/1334/807
f 1252/2758/1322 791/1334/807 792/1339/809
f 1466/2743/1545 1464/2742/1434 1472/2755/1433
f 1466/2743/1545 1472/2755/1433 1470/2754/1551
f 1466/2745/1545 1470/2752/1551 1727/2751/1550
f 1466/2745/1545 1727/2751/1550 1467/2746/1546
f 1474/2759/1553 549/906/575 548/905/574
f 1474/2759/1553 548/905/574 1475/2760/1235
f 1474/2759/1553 1475/2760/1235 1476/2761/1554
f 1474/2759/1553 1476/2761/1554 700/1179/718
f 1474/2759/1553 700/1179/718 549/906/575
f 935/1625/965 1283/2329/960 930/1626/959
f 1477/2762/1555 1416/2763/1492 1478/2764/1491
f 1477/2765/1555 1478/2766/1491 1595/2767/1556
f 1477/2765/1555 1595/2767/1556 1651/2768/1557
f 1477/2769/1555 1651/2770/1557 2156/2771/1558
f 1477/2772/1555 2156/2773/1558 1479/2774/1494
f 1477/2775/1555 1479/2634/1494 1416/2632/1492
f 1480/2776/1559 712/1196/728 711/1195/727
f 1480/2776/1559 711/1195/727 1481/2777/1560
f 1480/2776/1559 1481/2777/1560 2152/2778/1561
f 1480/2776/1559 2152/2778/1561 1035/1826/1079
f 1480/2776/1559 1035/1826/1079 712/1196/728
f 1136/2030/1190 1135/2029/1189 1200/2159/1263
f 1136/2030/1190 1200/2159/1263 1482/2779/1562
f 1136/2030/1190 1482/2779/1562 2115/2780/1563
f 1136/2030/1190 2115/2780/1563 1404/2611/1480
f 1136/2030/1190 1404/2611/1480 1137/2031/1191
f 1114/1988/1168 1113/1987/1167 1760/2781/1564
f 1114/1988/1168 1760/2781/1564 1483/2782/1565
f 1114/2783/1168 1483/2784/1565 1484/2785/1566
f 1114/2783/1168 1484/2785/1566 1109/2786/1164
f 1114/1990/1168 1109/1980/1164 1108/1979/1163
f 1409/2787/1485 1401/2788/1477 1631/2789/1567
f 1409/2787/1485 1631/2789/1567 1485/2790/1568
f 1409/2787/1485 1485/2790/1568 1315/2791/1192
f 1409/2620/1485 1315/2428/1192 1314/2427/1395
f 1432/2669/1514 1431/2668/1513 1544/2792/1569
f 1432/2669/1514 1544/2792/1569 1424/2649/1504
f 1432/2669/1514 1424/2649/1504 1423/2648/1503
f 1487/2793/1570 1542/2794/1571 1425/2652/1506
f 1487/2793/1570 1425/2652/1506 1600/2651/1505
f 1487/2793/1570 1600/2651/1505 1486/2795/1572
f 1487/2796/1570 1486/2797/1572 1673/2798/1573
f 1487/2793/1570 1673/2799/1573 1672/2800/1574
f 1152/2064/1207 1997/2063/1206 1488/2801/1575
f 1152/2802/1207 1488/2803/1575 1053/2804/1101
f 1152/2802/1207 1053/2804/1101 685/2805/705
f 1152/2064/1207 685/1152/705 684/1151/704
f 1489/2806/1576 1546/2807/1577 1490/2808/1578
f 1489/2809/1576 1490/2810/1578 1559/2811/1579
f 1489/2809/1576 1559/2811/1579 1491/2812/1580
f 1489/2806/1576 1491/2813/1580 1492/2814/1581
f 1489/2806/1576 1492/2814/1581 1547/2815/1582
f 1489/2806/1576 1547/2815/1582 1546/2807/1577
f 1493/2816/1583 1494/2817/1516 1437/2818/1521
f 1493/2819/1583 1437/2681/1521 1495/2820/1584
f 1493/2821/1583 1495/2822/1584 1496/2823/1585
f 1493/2821/1583 1496/2823/1585 1497/2824/1586
f 1493/2821/1583 1497/2824/1586 1498/2825/1587
f 1493/2816/1583 1498/2826/1587 1494/2817/1516
f 1499/2827/1588 1494/2817/1516 1498/2826/1587
f 1499/2827/1588 1498/2826/1587 1500/2828/1589
f 1499/2827/1588 1500/2828/1589 1501/2829/1590
f 1499/2830/1588 1501/2831/1590 1555/2832/1591
f 1499/2830/1588 1555/2832/1591 1433/2674/1517
f 1499/2830/1588 1433/2674/1517 1494/2673/1516
f 1502/2833/1592 1437/2681/1521 1436/2680/1520
f 1502/2834/1592 1436/2835/1520 1503/2836/1593
f 1502/2834/1592 1503/2836/1593 1504/2837/1594
f 1502/2834/1592 1504/2837/1594 1505/2838/1595
f 1502/2833/1592 1505/2839/1595 1495/2820/1584
f 1502/2833/1592 1495/2820/1584 1437/2681/1521
f 1214/2199/1282 1323/1552/917 1506/2840/1288
f 1508/2200/1283 1214/2199/1282 1945/2841/1596
f 1508/2842/1283 1945/2843/1596 1507/2844/1597
f 1508/2845/1283 1507/2846/1597 1509/2847/1598
f 1508/2845/1283 1509/2847/1598 847/1465/868
f 1508/2845/1283 847/1465/868 1215/1464/867
f 1154/2066/1209 1153/2065/1208 1463/2739/1544
f 1154/2066/1209 1463/2739/1544 2122/2848/1599
f 1154/2066/1209 2122/2848/1599 1510/2849/1600
f 1154/2066/1209 1510/2849/1600 1199/2158/1262
f 1154/2066/1209 1199/2158/1262 1155/2067/1210
f 1325/2850/1601 1663/2851/1602 1511/2852/1603
f 1325/2850/1109 1663/2851/1604 1512/2853/1605
f 1325/2850/1109 1512/2853/1605 1513/2854/1526
f 1325/2449/1109 1513/2706/1526 1326/2450/1401
f 1514/2855/1606 1515/2856/1311 1516/2857/1607
f 1514/2855/1606 1516/2857/1607 1517/2858/1608
f 1514/2855/1606 1517/2858/1608 1518/2859/1609
f 1514/2855/1606 1518/2859/1609 1519/2860/1610
f 1514/2855/1606 1519/2860/1610 1520/2861/1611
f 1514/2855/1606 1520/2861/1611 1244/2862/1313
f 1514/2855/1606 1244/2862/1313 1515/2856/1311
f 1242/2248/1310 1241/2247/1309 1521/2863/1612
f 1242/2864/1310 1521/2865/1612 1516/2857/1607
f 1242/2864/1310 1516/2857/1607 1515/2856/1311
f 1523/2866/1613 1244/2862/1313 1520/2861/1611
f 1523/2866/1613 1520/2861/1611 1522/2867/1614
f 1523/2868/1613 1522/2869/1614 1524/2870/1416
f 1523/2871/1613 1524/2872/1416 1245/2253/1314
f 1523/2871/1613 1245/2253/1314 1244/2252/1313
f 1525/2873/1615 1529/2240/1305 1236/2239/1304
f 1525/2874/1615 1236/2875/1304 1526/2876/1616
f 1525/2877/1615 1526/2878/1616 1527/2879/1617
f 1525/2874/1615 1527/2880/1617 1531/2881/1618
f 1525/2874/1615 1531/2881/1618 1528/2882/1533
f 1525/2874/1615 1528/2882/1533 1529/2883/1305
f 1530/2884/1619 1528/2885/1533 1531/2886/1618
f 1530/2884/1619 1531/2886/1618 1532/2887/1620
f 1530/2884/1619 1532/2887/1620 1533/2888/1621
f 1530/2884/1619 1533/2888/1621 1534/2889/1622
f 1530/2884/1619 1534/2889/1622 1455/2890/1534
f 1530/2884/1619 1455/2890/1534 1528/2885/1533
f 1536/2336/1361 1286/2335/1360 1535/2891/1623
f 1536/2892/1361 1535/2893/1623 2033/2894/1624
f 1536/2892/1361 2033/2894/1624 793/1342/810
f 1536/2892/1361 793/1342/810 708/2895/724
f 1191/2141/1252 879/1527/907 878/1523/905
f 1191/2141/1252 878/1523/905 2411/2108/1232
f 1191/2141/1252 2411/2108/1232 1537/2896/1625
f 1191/2897/1252 1537/2898/1625 1192/2144/1253
f 1538/2899/817 801/1249/751 736/1248/750
f 1538/2899/817 736/1248/750 1038/1831/1082
f 1538/2899/817 1038/1831/1082 2478/2900/1626
f 1538/1357/817 2478/2901/1626 802/1358/818
f 1301/2902/1377 1300/2369/1376 1290/2903/1367
f 1301/2904/1377 1290/2905/1367 1653/2906/820
f 1301/2372/1377 1653/2907/820 803/2373/819
f 1539/2908/1627 344/545/362 779/544/361
f 1539/2908/1627 779/544/361 778/2909/795
f 1539/2910/1627 778/2911/795 1896/2912/1085
f 1539/2910/1627 1896/2912/1085 1040/2913/1084
f 1539/2914/1627 1040/2915/1084 760/1284/775
f 1539/2914/1627 760/1284/775 344/547/362
f 1291/2352/1368 1290/2903/1367 1300/2369/1376
f 1291/2352/1368 1300/2369/1376 1540/2916/1628
f 1291/2352/1368 1540/2916/1628 1188/2134/1250
f 1291/2352/1368 1188/2134/1250 1293/2133/1249
f 1307/2917/1383 1197/2918/1260 5041/2919/1384
f 1541/2920/1629 1427/2656/1507 1425/2921/1506
f 1541/2922/1629 1425/2652/1506 1542/2794/1571
f 1541/2923/1629 1542/2924/1571 1543/2925/1630
f 1541/2923/1629 1543/2925/1630 1597/2926/1631
f 1541/2920/1629 1597/2927/1631 1921/2657/1509
f 1541/2920/1629 1921/2657/1509 1427/2656/1507
f 1544/2928/1569 1431/2929/1513 1545/2930/1632
f 1544/2928/1569 1545/2930/1632 1598/2931/1633
f 1544/2792/1569 1598/2932/1633 1600/2650/1505
f 1544/2792/1569 1600/2650/1505 1424/2649/1504
f 1548/2933/1634 1546/2934/1577 1547/2935/1582
f 1548/2933/1634 1547/2935/1582 1549/2936/1635
f 1548/2937/1634 1549/2938/1635 1607/2939/1636
f 1548/2937/1634 1607/2939/1636 1933/2940/1637
f 1548/2937/1634 1933/2940/1637 1550/2941/1638
f 1548/2933/1634 1550/2942/1638 1551/2943/1639
f 1548/2933/1634 1551/2943/1639 1546/2934/1577
f 1551/2943/1639 1550/2942/1638 1552/2944/1640
f 1551/2945/1639 1552/2946/1640 1553/2947/1641
f 1551/2945/1639 1553/2947/1641 1490/2808/1578
f 1551/2945/1639 1490/2808/1578 1546/2807/1577
f 1554/2948/1642 1433/2674/1517 1555/2832/1591
f 1554/2949/1642 1555/2950/1591 1598/2951/1633
f 1554/2949/1642 1598/2951/1633 1556/2952/1643
f 1554/2953/1642 1556/2954/1643 1435/2677/1518
f 1554/2953/1642 1435/2677/1518 1433/2676/1517
f 1558/2955/1644 1490/2808/1578 1553/2947/1641
f 1558/2956/1644 1553/2957/1641 1557/2958/1645
f 1558/2959/1644 1557/2960/1645 1606/2961/1646
f 1558/2959/1644 1606/2961/1646 1559/2811/1579
f 1558/2955/1644 1559/2962/1579 1490/2808/1578
f 1561/2678/1519 1435/2677/1518 1560/2963/1647
f 1561/2678/1519 1560/2963/1647 1562/2964/1648
f 1561/2965/1519 1562/2966/1648 1503/2836/1593
f 1561/2965/1519 1503/2836/1593 1436/2835/1520
f 1564/2967/1649 361/580/380 756/1279/772
f 1564/2967/1649 756/1279/772 1220/2968/1286
f 1564/2969/1649 1220/2970/1286 1509/2971/1598
f 1564/2969/1649 1509/2971/1598 1563/2972/1650
f 1564/2973/1649 1563/2974/1650 2331/2975/1651
f 1564/2973/1649 2331/2975/1651 1565/2976/1652
f 1564/2973/1649 1565/2976/1652 2622/2977/1653
f 1564/2973/1649 2622/2977/1653 820/1394/837
f 1564/2973/1649 820/1394/837 362/582/381
f 1564/2973/1649 362/582/381 361/581/380
f 1566/2978/1654 427/684/447 377/605/393
f 1566/2979/1654 377/603/393 822/1397/838
f 1566/2979/1654 822/1397/838 1567/2980/1655
f 1566/2978/1654 1567/2981/1655 1220/2982/1286
f 1566/2978/1654 1220/2982/1286 756/1277/772
f 1566/2978/1654 756/1277/772 427/684/447
f 1226/2225/1293 1225/2224/1292 1568/2983/1656
f 1226/2225/1293 1568/2983/1656 1569/2984/1657
f 1226/2225/1293 1569/2984/1657 903/1572/930
f 1226/2225/1293 903/1572/930 902/1571/929
f 1570/2985/1658 1455/2890/1534 1534/2889/1622
f 1570/2986/1658 1534/2987/1622 1571/2988/1659
f 1570/2985/1658 1571/2989/1659 2023/2990/1660
f 1570/2985/1658 2023/2990/1660 1572/2991/1661
f 1570/2985/1658 1572/2991/1661 1609/2992/1535
f 1570/2985/1658 1609/2992/1535 1455/2890/1534
f 1526/2876/1616 1236/2875/1304 1235/2993/1303
f 1526/2876/1616 1235/2993/1303 1339/2994/1417
f 1526/2876/1616 1339/2994/1417 1573/2995/1662
f 1526/2876/1616 1573/2995/1662 1527/2880/1617
f 1569/2984/1657 1568/2983/1656 1574/2996/1663
f 1569/2984/1657 1574/2996/1663 2746/2997/1664
f 1569/2998/1657 2746/2999/1664 2853/3000/1665
f 1569/2984/1657 2853/3001/1665 905/1575/932
f 1569/2984/1657 905/1575/932 903/1572/930
f 1577/3002/1666 1575/3003/842 824/1400/841
f 1577/3002/1666 824/1400/841 2136/3004/1667
f 1577/3002/1666 2136/3004/1667 1576/3005/1668
f 1577/3006/1666 1576/3007/1668 1347/2507/1421
f 1577/3006/1666 1347/2507/1421 859/2506/882
f 1577/3008/1666 859/1491/882 1575/1490/842
f 1373/2553/1450 1367/2546/1444 1366/2545/1443
f 1373/2553/1450 1366/2545/1443 1578/3009/1669
f 1373/2553/1450 1578/3009/1669 1579/3010/1670
f 1373/2555/1450 1579/3011/1670 2993/3012/1671
f 1373/2555/1450 2993/3012/1671 1374/2556/1451
f 1580/3013/1672 1384/2308/1344 1382/2572/1460
f 1580/3014/1672 1382/3015/1460 1398/2602/1475
f 1580/3016/1672 1398/3017/1475 1385/3018/1463
f 1580/3019/1672 1385/2579/1463 1384/2578/1344
f 1581/3020/1673 766/1294/781 765/1293/780
f 1581/3020/1673 765/1293/780 1582/3021/1674
f 1581/3022/1673 1582/3023/1674 1583/3024/1675
f 1581/3022/1673 1583/3024/1675 767/1296/782
f 1581/3022/1673 767/1296/782 766/1295/781
f 937/1630/966 862/1499/888 1736/1498/887
f 937/1630/966 1736/1498/887 1584/3025/1676
f 937/3026/966 1584/3027/1676 1585/3028/1677
f 937/3026/966 1585/3028/1677 1586/3029/967
f 1397/2599/1474 1396/2598/1473 1395/2597/1472
f 1397/3030/1474 1395/2720/1472 1453/2719/1531
f 1397/3030/1474 1453/2719/1531 1587/3031/1678
f 1397/3030/1474 1587/3031/1678 1398/3032/1475
f 1588/3033/1679 1589/3034/1488 1421/3035/1500
f 1588/3033/1679 1421/3035/1500 2361/3036/1680
f 1588/3033/1679 2361/3036/1680 1590/3037/1681
f 1588/3033/1679 1590/3037/1681 1591/3038/1682
f 1588/3033/1679 1591/3038/1682 1414/3039/1489
f 1588/3033/1679 1414/3039/1489 1589/3034/1488
f 1592/3040/1683 1478/2766/1491 1415/3041/1490
f 1592/3042/1683 1415/3043/1490 1593/3044/1684
f 1592/3045/1683 1593/3046/1684 1594/3047/1685
f 1592/3045/1683 1594/3047/1685 1595/3048/1556
f 1592/3040/1683 1595/2767/1556 1478/2766/1491
f 1543/2925/1630 1542/2924/1571 1672/3049/1574
f 1543/2925/1630 1672/3049/1574 1675/3050/1686
f 1543/3051/1630 1675/3052/1686 1677/3053/1687
f 1543/3051/1630 1677/3053/1687 1596/3054/1688
f 1543/3051/1630 1596/3054/1688 1597/3055/1631
f 1598/3056/1633 1555/2832/1591 1501/2831/1590
f 1598/3056/1633 1501/2831/1590 1925/3057/1689
f 1598/3056/1633 1925/3057/1689 1599/3058/1690
f 1598/3059/1633 1599/3060/1690 1486/2797/1572
f 1598/3059/1633 1486/2797/1572 1600/3061/1505
f 1601/3062/1691 1486/2797/1572 1599/3060/1690
f 1601/3062/1691 1599/3060/1690 1995/3063/1692
f 1601/3062/1691 1995/3063/1692 1674/3064/1693
f 1601/3062/1691 1674/3064/1693 1673/2798/1573
f 1601/3062/1691 1673/2798/1573 1486/2797/1572
f 1602/3065/1694 1547/3066/1582 1492/3067/1581
f 1602/3065/1694 1492/3067/1581 1603/3068/1695
f 1602/3065/1694 1603/3068/1695 1604/3069/1696
f 1602/3070/1694 1604/3071/1696 1929/3072/1697
f 1602/3070/1694 1929/3072/1697 1549/2936/1635
f 1602/3070/1694 1549/2936/1635 1547/2935/1582
f 1605/3073/1698 1559/2811/1579 1606/2961/1646
f 1605/3074/1698 1606/3075/1646 1933/2940/1637
f 1605/3074/1698 1933/2940/1637 1607/2939/1636
f 1605/3076/1698 1607/3077/1636 1608/3078/1699
f 1605/3073/1698 1608/3079/1699 1491/2812/1580
f 1605/3073/1698 1491/2812/1580 1559/2811/1579
f 1241/2247/1309 1240/2246/1308 1609/3080/1535
f 1241/2247/1309 1609/3080/1535 1610/3081/1700
f 1241/2247/1309 1610/3081/1700 1611/3082/1701
f 1241/2247/1309 1611/3082/1701 1521/2863/1612
f 1612/2713/1529 1375/2557/1452 1613/3083/1702
f 1612/3084/1529 1613/3085/1702 1614/3086/1703
f 1612/3084/1529 1614/3086/1703 1451/2717/1531
f 1612/3084/1529 1451/2717/1531 1450/2716/1530
f 1615/3087/980 949/3088/979 1616/3089/1704
f 1615/3087/980 1616/3089/1704 1356/2524/1428
f 1615/1662/980 1356/3090/1428 916/1595/943
f 1615/1662/980 916/1595/943 915/1594/942
f 1617/3091/1705 788/1330/804 787/1329/803
f 1617/3091/1705 787/1329/803 1459/2729/1539
f 1617/3091/1705 1459/2729/1539 2445/3092/1706
f 1617/3093/1705 2445/3094/1706 790/1333/806
f 1617/3093/1705 790/1333/806 788/1332/804
f 822/1397/838 377/603/393 376/602/392
f 1618/3095/1707 1375/2557/1452 1374/2556/1451
f 1618/3095/1707 1374/2556/1451 2993/3012/1671
f 1618/3095/1707 2993/3012/1671 2907/3096/1708
f 1618/3097/1707 2907/3098/1708 1619/3099/1548
f 1618/3097/1707 1619/3099/1548 1613/3100/1702
f 1618/3095/1707 1613/3083/1702 1375/2557/1452
f 1621/2575/1461 861/2574/886 1620/3101/885
f 1621/3102/1461 1620/1496/885 1622/3103/1709
f 1621/3102/1461 1622/3103/1709 1623/3104/1710
f 1621/3102/1461 1623/3104/1710 1183/2126/1244
f 1587/3031/1678 1453/2719/1531 1624/3105/1711
f 1587/3031/1678 1624/3105/1711 1632/3106/1712
f 1587/3031/1678 1632/3106/1712 1625/2580/1464
f 1587/3031/1678 1625/2580/1464 1385/2579/1463
f 1587/3031/1678 1385/2579/1463 1398/3032/1475
f 1626/3107/1713 1625/3108/1464 1632/3109/1712
f 1626/3110/1713 1632/3111/1712 1630/3112/1714
f 1626/3113/1713 1630/3114/1714 1854/3115/1715
f 1626/3116/1713 1854/3117/1715 1853/3118/1716
f 1626/3119/1713 1853/3120/1716 1388/3121/1467
f 1626/3122/1713 1388/2586/1467 1625/2580/1464
f 761/1285/776 760/1284/775 2219/3123/1717
f 761/1287/776 2219/3124/1717 2222/3125/1718
f 761/1287/776 2222/3125/1718 1627/3126/794
f 761/1287/776 1627/3126/794 326/518/344
f 761/1287/776 326/518/344 325/517/343
f 1631/2789/1567 1401/2788/1477 1628/3127/1719
f 1631/3128/1567 1628/3129/1719 1629/3130/1720
f 1631/3131/1567 1629/3132/1720 1630/3133/1714
f 1631/3134/1567 1630/3135/1714 1632/3136/1712
f 1631/2789/1567 1632/3106/1712 1633/3137/1721
f 1631/2789/1567 1633/3137/1721 1485/2790/1568
f 1624/3105/1711 1453/2719/1531 1452/2718/1531
f 1624/3105/1711 1452/2718/1531 1451/2717/1531
f 1624/3105/1711 1451/2717/1531 1614/3086/1703
f 1624/3105/1711 1614/3086/1703 1703/3138/1722
f 1624/3105/1711 1703/3138/1722 1634/3139/1723
f 1624/3105/1711 1634/3139/1723 1633/3137/1721
f 1624/3105/1711 1633/3137/1721 1632/3106/1712
f 1635/3140/1724 1414/3039/1489 1591/3038/1682
f 1635/3140/1724 1591/3038/1682 1636/3141/1725
f 1635/3142/1724 1636/3143/1725 1637/3144/1726
f 1635/3140/1724 1637/3145/1726 1593/3044/1684
f 1635/3140/1724 1593/3044/1684 1415/3043/1490
f 1635/3140/1724 1415/3043/1490 1414/3039/1489
f 1638/3146/1727 1639/3147/1499 1420/3148/1498
f 1638/3146/1727 1420/3148/1498 1640/3149/1728
f 1638/3150/1727 1640/3151/1728 1641/3152/1729
f 1638/3150/1727 1641/3152/1729 1642/3153/1730
f 1638/3154/1727 1642/3155/1730 1643/3156/1731
f 1638/3146/1727 1643/3157/1731 1639/3147/1499
f 1644/3158/1732 1639/3147/1499 1645/3159/1733
f 1644/3158/1732 1645/3159/1733 1647/3160/1734
f 1644/3161/1732 1647/3162/1734 2361/3036/1680
f 1644/3161/1732 2361/3036/1680 1421/3035/1500
f 1644/3163/1732 1421/2640/1500 1639/2639/1499
f 1645/3159/1733 1639/3147/1499 1643/3157/1731
f 1645/3164/1733 1643/3156/1731 2483/3165/1735
f 1645/3164/1733 2483/3165/1735 1646/3166/1736
f 1645/3164/1733 1646/3166/1736 1647/3167/1734
f 1648/3168/1737 1595/3048/1556 1649/3169/1738
f 1648/3170/1737 1649/3171/1738 1650/3172/1739
f 1648/3170/1737 1650/3172/1739 2156/2771/1558
f 1648/3170/1737 2156/2771/1558 1651/2770/1557
f 1648/3168/1737 1651/3173/1557 1595/3048/1556
f 1594/3174/1685 1593/3044/1684 1637/3145/1726
f 1594/3175/1685 1637/3176/1726 2154/3177/1740
f 1594/3175/1685 2154/3177/1740 1649/3178/1738
f 1594/3047/1685 1649/3169/1738 1595/3048/1556
f 1652/3179/1496 1418/3180/1495 1641/3152/1729
f 1652/3179/1496 1641/3152/1729 1640/3151/1728
f 1652/3179/1496 1640/3151/1728 1420/3181/1498
f 1653/3182/820 1290/3183/1367 1289/3184/1366
f 1654/3185/1741 1418/3180/1495 1479/3186/1494
f 1654/3185/1741 1479/3186/1494 2156/3187/1558
f 1654/3185/1741 2156/3187/1558 1655/3188/1742
f 1654/3185/1741 1655/3188/1742 1656/3189/1743
f 1654/3185/1741 1656/3189/1743 1418/3180/1495
f 1656/3189/1743 1655/3188/1742 2482/3190/1744
f 1656/3189/1743 2482/3190/1744 1642/3153/1730
f 1656/3189/1743 1642/3153/1730 1641/3152/1729
f 1656/3189/1743 1641/3152/1729 1418/3180/1495
f 1658/3191/1745 714/2174/730 1657/2173/1270
f 1658/3192/1745 1657/3193/1270 1659/3194/1269
f 1658/3195/1745 1659/3196/1269 1660/3197/1390
f 1658/3198/1745 1660/3199/1390 1661/3200/1746
f 1658/3201/1745 1661/3202/1746 833/1423/850
f 1658/3201/1745 833/1423/850 714/1422/730
f 1663/2851/1602 1662/3203/1747 1511/2852/1603
f 1663/3204/1748 1662/3205/1747 1664/3206/332
f 1663/3207/1749 1485/3208/1750 1879/3209/1751
f 1663/2851/1604 1485/2790/1568 1633/3137/1721
f 1663/2851/1604 1633/3137/1721 1634/3139/1723
f 1663/2851/1604 1634/3139/1723 1512/2853/1605
f 1043/1840/1088 1041/1837/1086 1897/3210/1752
f 1043/1840/1088 1897/3210/1752 1665/3211/1753
f 1043/3212/1088 1665/3213/1753 1666/3214/1754
f 1043/1842/1088 1666/3215/1754 1196/2151/1259
f 1043/1842/1088 1196/2151/1259 1044/1843/1089
f 1671/3216/1755 678/3217/697 1667/3218/1391
f 1671/3219/1755 1667/3220/1391 1668/3221/1756
f 1671/3219/1755 1668/3221/1756 1669/3222/1757
f 1671/3219/1755 1669/3222/1757 1670/3223/1205
f 1671/3224/1755 1670/2062/1205 753/1274/769
f 1671/3224/1755 753/1274/769 678/1141/697
f 1675/3225/1686 1672/3226/1574 1673/3227/1573
f 1675/3225/1686 1673/3227/1573 1674/3228/1693
f 1675/3225/1686 1674/3228/1693 1676/3229/1758
f 1675/3230/1686 1676/3231/1758 1677/3232/1687
f 1681/3233/1759 1678/3234/1760 1685/3235/1761
f 1681/3233/1759 1685/3235/1761 1679/3236/1762
f 1681/3233/1759 1679/3236/1762 1923/3237/1763
f 1681/3233/1759 1923/3237/1763 1680/3238/1764
f 1681/3239/1759 1680/3240/1764 1678/3241/1760
f 1670/2062/1205 754/1275/770 753/1274/769
f 1682/3242/1765 1678/3241/1760 1680/3240/1764
f 1682/3242/1765 1680/3240/1764 1683/3243/1766
f 1682/3244/1765 1683/3245/1766 1684/3246/1767
f 1682/3244/1765 1684/3246/1767 1686/3247/1768
f 1682/3244/1765 1686/3247/1768 1678/3248/1760
f 1685/3249/1761 1678/3250/1760 1686/3251/1768
f 1685/3252/1761 1686/3253/1768 1687/3254/1769
f 1685/3252/1761 1687/3254/1769 1688/3255/1770
f 1685/3235/1761 1688/3256/1770 1679/3236/1762
f 1689/3257/1771 1692/3258/1772 1680/3240/1764
f 1689/3259/1771 1680/3238/1764 1923/3237/1763
f 1689/3259/1771 1923/3237/1763 1690/3260/1773
f 1689/3259/1771 1690/3260/1773 1691/3261/1774
f 1689/3257/1771 1691/3262/1774 1692/3258/1772
f 1693/3263/1775 1692/3264/1772 1691/3265/1774
f 1693/3266/1775 1691/3267/1774 1694/3268/1776
f 1693/3263/1775 1694/3269/1776 2505/3270/1777
f 1693/3263/1775 2505/3270/1777 2117/3271/1778
f 1693/3263/1775 2117/3271/1778 1683/3245/1766
f 1693/3263/1775 1683/3245/1766 1692/3264/1772
f 1683/3243/1766 1680/3240/1764 1692/3258/1772
f 1556/3272/1643 1598/2931/1633 1596/3054/1688
f 1556/3272/1643 1596/3054/1688 1700/3273/1779
f 1556/3272/1643 1700/3273/1779 1560/3274/1647
f 1556/2954/1643 1560/2963/1647 1435/2677/1518
f 1695/3275/1780 781/1319/797 1696/2193/1279
f 1695/3276/1780 1696/3277/1279 1697/3278/1781
f 1695/3276/1780 1697/3278/1781 1698/3279/1782
f 1695/3280/1780 1698/3281/1782 782/1322/798
f 1695/3280/1780 782/1322/798 781/1321/797
f 1699/3282/1783 1498/2825/1587 1497/2824/1586
f 1699/3283/1783 1497/3284/1586 1562/3285/1648
f 1699/3283/1783 1562/3285/1648 1560/3274/1647
f 1699/3283/1783 1560/3274/1647 1700/3273/1779
f 1699/3286/1783 1700/3287/1779 1500/2828/1589
f 1699/3286/1783 1500/2828/1589 1498/2826/1587
f 1701/3288/1784 1495/2820/1584 1505/2839/1595
f 1701/3288/1784 1505/2839/1595 1606/3289/1646
f 1701/3288/1784 1606/3289/1646 1557/3290/1645
f 1701/3291/1784 1557/2958/1645 1999/3292/1785
f 1701/3293/1784 1999/3294/1785 1496/3295/1585
f 1701/3288/1784 1496/3296/1585 1495/2820/1584
f 1702/3297/1786 1634/3139/1723 1703/3138/1722
f 1702/3298/1786 1703/3299/1722 1704/3300/1787
f 1702/3301/1786 1704/3302/1787 1824/3303/1788
f 1702/3304/1786 1824/3305/1788 1705/3306/1789
f 1702/3297/1786 1705/3307/1789 1446/3308/1527
f 1702/3297/1786 1446/3308/1527 1513/2854/1526
f 1702/3297/1786 1513/2854/1526 1512/2853/1605
f 1702/3297/1786 1512/2853/1605 1634/3139/1723
f 1709/3309/1790 845/1456/731 844/1455/865
f 1709/3309/1790 844/1455/865 1706/3310/1791
f 1709/3311/1790 1706/3312/1791 1707/3313/1404
f 1709/3314/1790 1707/3315/1404 1708/3316/1278
f 1709/3317/1790 1708/3318/1278 1710/3319/1277
f 1709/3320/1790 1710/2190/1277 845/2189/731
f 1711/3321/1792 1712/3322/1793 1726/3323/1794
f 1711/3321/1792 1726/3323/1794 1713/3324/1795
f 1711/3325/1792 1713/3326/1795 1714/3327/1796
f 1711/3325/1792 1714/3327/1796 1715/3328/1797
f 1711/3325/1792 1715/3328/1797 1716/3329/1798
f 1711/3321/1792 1716/3330/1798 1712/3322/1793
f 1572/2991/1661 2023/2990/1660 1717/3331/1799
f 1572/2991/1661 1717/3331/1799 1718/3332/1800
f 1572/2991/1661 1718/3332/1800 1610/3333/1700
f 1572/2991/1661 1610/3333/1700 1609/2992/1535
f 1719/3334/1801 1712/3322/1793 1716/3330/1798
f 1719/3335/1801 1716/3336/1798 1720/3337/1802
f 1719/3335/1801 1720/3337/1802 1721/3338/1803
f 1719/3339/1801 1721/3340/1803 1722/3341/1804
f 1719/3339/1801 1722/3341/1804 1712/3342/1793
f 1723/3343/1805 1712/3342/1793 1722/3341/1804
f 1723/3344/1805 1722/3345/1804 1724/3346/1806
f 1723/3347/1805 1724/3348/1806 1725/3349/1807
f 1723/3343/1805 1725/3350/1807 1806/3351/1808
f 1723/3343/1805 1806/3351/1808 1726/3352/1794
f 1723/3343/1805 1726/3352/1794 1712/3342/1793
f 1728/3353/1809 1703/3354/1722 1727/3355/1550
f 1728/3356/1809 1727/2751/1550 1469/2750/1549
f 1728/3357/1809 1469/3358/1549 1968/3359/1810
f 1728/3360/1809 1968/3361/1810 1822/3362/1811
f 1728/3363/1809 1822/3364/1811 1704/3365/1787
f 1728/3366/1809 1704/3367/1787 1703/3368/1722
f 1614/3086/1703 1613/3085/1702 1468/2747/1547
f 1614/3086/1703 1468/2747/1547 1467/2746/1546
f 1614/3086/1703 1467/2746/1546 1727/2751/1550
f 1614/3086/1703 1727/2751/1550 1703/3138/1722
f 951/1666/983 949/1659/979 948/1658/978
f 951/3369/983 948/1901/978 953/2516/984
f 1473/3370/1552 1251/2264/1321 1729/3371/1812
f 1473/3370/1552 1729/3371/1812 1730/3372/1813
f 1473/3370/1552 1730/3372/1813 1072/1904/1121
f 1473/2757/1552 1072/1909/1121 1070/1908/1123
f 1382/2572/1460 2460/2571/1459 1731/3373/1814
f 1382/2572/1460 1731/3373/1814 1732/3374/1815
f 1382/3015/1460 1732/3375/1815 1733/3376/1816
f 1382/3015/1460 1733/3376/1816 1400/2603/1476
f 1382/3015/1460 1400/2603/1476 1398/2602/1475
f 702/1180/719 700/1179/718 1734/3377/1817
f 702/1180/719 1734/3377/1817 1735/3378/1818
f 702/3379/719 1735/3380/1818 1584/3027/1676
f 702/3381/719 1584/3382/1676 1736/3383/887
f 1740/3384/1819 1737/3385/1820 1738/3386/1821
f 1740/3387/1819 1738/3388/1821 1739/3389/1822
f 1740/3390/1819 1739/3391/1822 1741/3392/1823
f 1740/3390/1819 1741/3392/1823 1742/3393/1824
f 1740/3384/1819 1742/3394/1824 1737/3385/1820
f 1628/3395/1719 1401/2606/1477 1389/2605/1468
f 1628/3127/1719 1389/2587/1468 1388/2586/1467
f 1628/3129/1719 1388/3396/1467 1743/3397/1825
f 1628/3129/1719 1743/3397/1825 2100/3398/1826
f 1628/3129/1719 2100/3398/1826 1744/3399/1827
f 1628/3129/1719 1744/3399/1827 2145/3400/1828
f 1628/3129/1719 2145/3400/1828 1629/3130/1720
f 1586/3029/967 1585/3028/1677 1745/3401/1829
f 1586/1632/967 1745/3402/1829 1285/1716/1016
f 1586/1632/967 1285/1716/1016 978/1715/1015
f 1586/1632/967 978/1715/1015 935/1623/965
f 1746/3403/1830 1630/3404/1714 1629/3405/1720
f 1746/3403/1830 1629/3405/1720 2147/3406/1831
f 1746/3403/1830 2147/3406/1831 1747/3407/1832
f 1746/3403/1830 1747/3407/1832 1854/3408/1715
f 1746/3409/1830 1854/3410/1715 1630/3411/1714
f 1748/3412/1833 768/1353/783 799/1352/816
f 1748/3412/1833 799/1352/816 923/1605/950
f 1748/3412/1833 923/1605/950 2467/3413/1834
f 1748/3412/1833 2467/3413/1834 1749/3414/1835
f 1748/3412/1833 1749/3414/1835 769/3415/784
f 1748/3412/1833 769/3415/784 768/1353/783
f 771/1302/786 770/1301/785 1750/3416/1836
f 771/1302/786 1750/3416/1836 1751/3417/1837
f 771/1302/786 1751/3417/1837 1752/3418/1378
f 771/1302/786 1752/3418/1378 563/928/593
f 1117/1996/1171 767/1296/782 1583/3024/1675
f 1117/1996/1171 1583/3024/1675 2367/3419/1838
f 1117/1996/1171 2367/3419/1838 1753/3420/847
f 1117/1996/1171 1753/3420/847 1118/1997/846
f 1754/3421/1839 1755/3422/1840 1878/3423/1841
f 1754/3421/1839 1878/3423/1841 1982/3424/1842
f 1754/3421/1839 1982/3424/1842 1984/3425/1843
f 1754/3421/1839 1984/3425/1843 1756/3426/1844
f 1754/3421/1839 1756/3426/1844 1757/3427/1845
f 1754/3421/1839 1757/3427/1845 1755/3422/1840
f 1758/3428/1386 1310/3429/1258 1036/3430/1080
f 1758/3428/1386 1036/3430/1080 838/1437/857
f 1758/3428/1386 838/1437/857 837/1436/856
f 1758/3431/1386 837/1434/856 1911/1433/855
f 1758/3431/1386 1911/1433/855 1912/3432/1846
f 1758/3433/1386 1912/3434/1846 1759/3435/1847
f 1758/3436/1386 1759/3437/1847 1297/3438/1373
f 1760/3439/1564 1113/1985/1167 1112/1984/1166
f 1760/3440/1564 1112/3441/1166 2231/3442/1848
f 1760/3440/1564 2231/3442/1848 2250/3443/1849
f 1760/2781/1564 2250/3444/1849 1483/2782/1565
f 1661/3200/1746 1660/3199/1390 1761/3445/1850
f 1661/3202/1746 1761/3446/1850 1762/3447/1851
f 1661/3202/1746 1762/3447/1851 1763/3448/1852
f 1661/3202/1746 1763/3448/1852 834/1424/851
f 1661/3202/1746 834/1424/851 833/1423/850
f 1768/3449/1853 1769/3450/1854 1785/3451/1855
f 1768/3449/1853 1785/3451/1855 1764/3452/1856
f 1768/3453/1853 1764/3454/1856 1765/3455/1857
f 1768/3453/1853 1765/3455/1857 1766/3456/1858
f 1768/3453/1853 1766/3456/1858 1767/3457/1859
f 1768/3458/1853 1767/3459/1859 1769/3460/1854
f 1772/3461/1860 1769/3462/1854 1770/3463/1861
f 1772/3461/1860 1770/3463/1861 1771/3464/1862
f 1772/3461/1860 1771/3464/1862 2055/3465/1863
f 1772/3461/1860 2055/3465/1863 2077/3466/1864
f 1772/3461/1860 2077/3466/1864 1773/3467/1865
f 1772/3468/1860 1773/3469/1865 1769/3450/1854
f 1773/3467/1865 2077/3466/1864 2078/3470/1866
f 1773/3467/1865 2078/3470/1866 1774/3471/1867
f 1773/3467/1865 1774/3471/1867 1785/3472/1855
f 1773/3469/1865 1785/3451/1855 1769/3450/1854
f 1767/3457/1859 1766/3456/1858 1775/3473/1868
f 1767/3474/1859 1775/3475/1868 1776/3476/1869
f 1767/3459/1859 1776/3477/1869 1770/3478/1861
f 1767/3459/1859 1770/3478/1861 1769/3460/1854
f 1777/2049/1198 782/1322/798 1698/3281/1782
f 1777/3479/1198 1698/3279/1782 1778/3480/1870
f 1777/3479/1198 1778/3480/1870 1779/3481/1871
f 1777/3479/1198 1779/3481/1871 1205/3482/1268
f 1777/2049/1198 1205/3483/1268 1204/2050/1199
f 1783/3484/1872 1691/3261/1774 1690/3260/1773
f 1783/3484/1872 1690/3260/1773 1780/3485/1873
f 1783/3484/1872 1780/3485/1873 1781/3486/1874
f 1783/3484/1872 1781/3486/1874 1782/3487/1875
f 1783/3488/1872 1782/3489/1875 1694/3268/1776
f 1783/3488/1872 1694/3268/1776 1691/3267/1774
f 1784/3490/1876 1553/2957/1641 1552/3491/1640
f 1784/3490/1876 1552/3491/1640 2059/3492/1877
f 1784/3490/1876 2059/3492/1877 2076/3493/1878
f 1784/3490/1876 2076/3493/1878 2075/3494/1879
f 1784/3490/1876 2075/3494/1879 1557/2958/1645
f 1784/3490/1876 1557/2958/1645 1553/2957/1641
f 1603/3068/1695 1492/3067/1581 1491/3495/1580
f 1603/3496/1695 1491/2812/1580 1608/3079/1699
f 1603/3496/1695 1608/3079/1699 2429/3497/1880
f 1603/3068/1695 2429/3498/1880 1604/3069/1696
f 1786/3499/1881 1764/3500/1856 1785/3501/1855
f 1786/3499/1881 1785/3501/1855 1774/3502/1867
f 1786/3499/1881 1774/3502/1867 1991/3503/1882
f 1786/3504/1881 1991/3505/1882 1990/3506/1883
f 1786/3507/1881 1990/3508/1883 1765/3455/1857
f 1786/3507/1881 1765/3455/1857 1764/3454/1856
f 1706/3310/1791 844/1455/865 843/1454/864
f 1706/3310/1791 843/1454/864 1938/3509/1884
f 1706/3310/1791 1938/3509/1884 1787/3510/1885
f 1706/3310/1791 1787/3510/1885 1788/3511/1886
f 1706/3312/1791 1788/3512/1886 1707/3313/1404
f 1792/3513/1887 855/1479/872 854/1478/875
f 1792/3513/1887 854/1478/875 1789/3514/1888
f 1792/3515/1887 1789/3516/1888 1253/3517/1323
f 1792/3518/1887 1253/3519/1323 1790/3520/1410
f 1792/3521/1887 1790/3522/1410 1791/3523/1889
f 1792/3524/1887 1791/3525/1889 1936/3526/1890
f 1792/3527/1887 1936/3528/1890 851/1472/873
f 1792/3527/1887 851/1472/873 855/1471/872
f 1793/3529/1891 848/1466/869 847/1465/868
f 1793/3529/1891 847/1465/868 1509/2847/1598
f 1793/3530/1891 1509/3531/1598 1220/3532/1286
f 1793/3533/1891 1220/2210/1286 848/2209/869
f 1796/3534/1892 1794/3535/1893 1801/3536/1894
f 1796/3534/1892 1801/3536/1894 1795/3537/1895
f 1796/3534/1892 1795/3537/1895 1721/3538/1803
f 1796/3534/1892 1721/3538/1803 1720/3539/1802
f 1796/3540/1892 1720/3541/1802 1797/3542/1896
f 1796/3540/1892 1797/3542/1896 1798/3543/1897
f 1796/3534/1892 1798/3544/1897 1794/3535/1893
f 1799/3545/1898 1794/3546/1893 1798/3543/1897
f 1799/3545/1898 1798/3543/1897 2440/3547/1899
f 1799/3545/1898 2440/3547/1899 1800/3548/1900
f 1799/3549/1898 1800/3550/1900 1947/3551/1901
f 1799/3552/1898 1947/3553/1901 1801/3554/1894
f 1799/3555/1898 1801/3556/1894 1794/3557/1893
f 1802/3558/1902 1716/3329/1798 1715/3328/1797
f 1802/3558/1902 1715/3328/1797 1803/3559/1903
f 1802/3558/1902 1803/3559/1903 2010/3560/1904
f 1802/3558/1902 2010/3560/1904 1804/3561/1905
f 1802/3558/1902 1804/3561/1905 1720/3541/1802
f 1802/3562/1902 1720/3337/1802 1716/3336/1798
f 1805/3563/1906 1726/3564/1794 1806/3565/1808
f 1805/3563/1906 1806/3565/1808 1807/3566/1907
f 1805/3563/1906 1807/3566/1907 1808/3567/1908
f 1805/3563/1906 1808/3567/1908 1809/3568/1909
f 1805/3563/1906 1809/3568/1909 1713/3569/1795
f 1805/3563/1906 1713/3569/1795 1726/3564/1794
f 1810/3570/1910 1795/3571/1895 1801/3572/1894
f 1810/3570/1910 1801/3572/1894 1811/3573/1911
f 1810/3570/1910 1811/3573/1911 2340/3574/1912
f 1810/3570/1910 2340/3574/1912 1812/3575/1913
f 1810/3570/1910 1812/3575/1913 1813/3576/1914
f 1810/3570/1910 1813/3576/1914 1795/3571/1895
f 1813/3576/1914 1812/3575/1913 1814/3577/1915
f 1813/3576/1914 1814/3577/1915 2013/3578/1916
f 1813/3576/1914 2013/3578/1916 1721/3340/1803
f 1813/3576/1914 1721/3340/1803 1795/3571/1895
f 1457/3579/1537 757/1280/773 397/628/413
f 1457/3579/1537 397/628/413 857/1488/880
f 1457/3579/1537 857/1488/880 1815/3580/1917
f 1457/2727/1537 1815/3581/1917 1458/2728/1538
f 1816/3582/1918 740/1255/756 808/1371/826
f 1816/3582/1918 808/1371/826 2736/3583/1919
f 1816/3582/1918 2736/3583/1919 1817/3584/1920
f 1816/3582/1918 1817/3584/1920 1818/3585/1921
f 1816/3582/1918 1818/3585/1921 741/1256/757
f 1816/3582/1918 741/1256/757 740/1255/756
f 1819/3586/1922 1534/2987/1622 1533/3587/1621
f 1819/3588/1922 1533/3589/1621 1820/3590/1923
f 1819/3588/1922 1820/3590/1923 2024/3591/1924
f 1819/3586/1922 2024/3592/1924 2019/3593/1925
f 1819/3586/1922 2019/3593/1925 1571/2988/1659
f 1819/3586/1922 1571/2988/1659 1534/2987/1622
f 1821/3594/1926 1704/3595/1787 1822/3596/1811
f 1821/3597/1926 1822/3598/1811 1823/3599/1927
f 1821/3597/1926 1823/3599/1927 2192/3600/1928
f 1821/3597/1926 2192/3600/1928 1824/3601/1788
f 1821/3597/1926 1824/3601/1788 1704/3602/1787
f 1705/3306/1789 1824/3305/1788 1825/3603/1929
f 1705/3306/1789 1825/3603/1929 1826/3604/1930
f 1705/3306/1789 1826/3604/1930 2944/3605/1931
f 1705/3306/1789 2944/3605/1931 1969/3606/1932
f 1705/3306/1789 1969/3606/1932 1469/3607/1549
f 1705/3307/1789 1469/2750/1549 1461/2734/1541
f 1705/3608/1789 1461/2732/1541 1446/2707/1527
f 1827/3609/1933 1014/1791/1058 1340/2492/1418
f 1827/3609/1933 1340/2492/1418 2400/3610/1934
f 1827/3611/1933 2400/3612/1934 2403/3613/1935
f 1827/3611/1933 2403/3613/1935 1828/3614/1936
f 1827/3615/1933 1828/3616/1936 1829/3617/1937
f 1827/3609/1933 1829/3618/1937 1349/2510/1423
f 1827/3609/1933 1349/2510/1423 1015/1792/1059
f 1827/3609/1933 1015/1792/1059 1014/1791/1058
f 1832/3619/1938 1834/3620/1939 1838/3621/1940
f 1832/3622/1938 1838/3623/1940 1967/3624/1941
f 1832/3622/1938 1967/3624/1941 1830/3625/1942
f 1832/3622/1938 1830/3625/1942 1831/3626/1943
f 1832/3627/1938 1831/3628/1943 1833/3629/1944
f 1832/3627/1938 1833/3629/1944 1834/3630/1939
f 1836/3631/1945 1834/3632/1939 1839/3633/1946
f 1836/3631/1945 1839/3633/1946 1835/3634/1947
f 1836/3631/1945 1835/3634/1947 1837/3635/1948
f 1836/3636/1945 1837/3637/1948 1838/3638/1940
f 1836/3639/1945 1838/3621/1940 1834/3620/1939
f 1833/3629/1944 1831/3628/1943 2094/3640/1949
f 1833/3629/1944 2094/3640/1949 1839/3641/1946
f 1833/3629/1944 1839/3641/1946 1834/3630/1939
f 1840/3642/1950 1012/1777/1052 905/1577/932
f 1840/3642/1950 905/1577/932 2853/3643/1665
f 1840/3642/1950 2853/3643/1665 1841/3644/1951
f 1840/3642/1950 1841/3644/1951 2400/3610/1934
f 1840/3645/1950 2400/3646/1934 1340/3647/1418
f 1840/3642/1950 1340/2492/1418 1012/1777/1052
f 1842/3648/1315 743/1258/758 919/1599/946
f 1842/3648/1315 919/1599/946 1843/3649/1952
f 1842/3648/1315 1843/3649/1952 1844/3650/1953
f 1842/2257/1315 1844/3651/1953 1246/2258/1316
f 1845/3652/1954 810/1374/828 809/1373/827
f 1845/3652/1954 809/1373/827 1248/2261/1318
f 1845/3652/1954 1248/2261/1318 2514/3653/1955
f 1845/3652/1954 2514/3653/1955 1846/3654/1956
f 1845/3652/1954 1846/3654/1956 1847/3655/987
f 1845/3652/1954 1847/3655/987 810/1374/828
f 1619/3099/1548 1468/3656/1547 1613/3100/1702
f 1742/3393/1824 1741/3392/1823 1848/3657/1957
f 1742/3658/1824 1848/3659/1957 1849/3660/1958
f 1742/3658/1824 1849/3660/1958 1851/3661/1959
f 1742/3658/1824 1851/3661/1959 1737/3662/1820
f 1850/3663/1960 1737/3664/1820 1851/3665/1959
f 1850/3663/1960 1851/3665/1959 1849/3666/1958
f 1850/3663/1960 1849/3666/1958 2542/3667/1961
f 1850/3663/1960 2542/3667/1961 1852/3668/1962
f 1850/3669/1960 1852/3670/1962 1738/3388/1821
f 1850/3663/1960 1738/3671/1821 1737/3664/1820
f 1853/3672/1716 1854/3673/1715 1747/3674/1832
f 1853/3672/1716 1747/3674/1832 1857/3675/1963
f 1853/3120/1716 1857/3676/1963 1743/3677/1825
f 1853/3120/1716 1743/3677/1825 1388/3121/1467
f 1622/3103/1709 1620/1496/885 1031/1818/1075
f 1622/3103/1709 1031/1818/1075 2139/2610/1479
f 1622/3103/1709 2139/2610/1479 2144/3678/1964
f 1622/3103/1709 2144/3678/1964 1855/3679/1965
f 1622/3103/1709 1855/3679/1965 1623/3104/1710
f 1856/3680/1966 1869/3681/1967 1868/3682/1968
f 1856/3683/1966 1868/3684/1968 1857/3685/1969
f 1856/3683/1966 1857/3685/1969 1858/3686/1970
f 1856/3683/1966 1858/3686/1970 1859/3687/1971
f 1856/3680/1966 1859/3688/1971 1869/3681/1967
f 1860/3689/1972 746/1266/763 1861/3690/762
f 1860/3689/1972 1861/3690/762 2212/3691/1973
f 1860/3689/1972 2212/3691/1973 1862/3692/1974
f 1860/3689/1972 1862/3692/1974 1175/2110/1234
f 1860/3689/1972 1175/2110/1234 746/1266/763
f 1864/3693/1975 1869/3694/1967 1859/3695/1971
f 1864/3693/1975 1859/3695/1971 1863/3696/1976
f 1864/3697/1975 1863/3698/1976 1865/3699/1977
f 1864/3697/1975 1865/3699/1977 1866/3700/1978
f 1864/3697/1975 1866/3700/1978 1869/3701/1967
f 1866/3702/1978 1865/3703/1977 1867/3704/1979
f 1866/3702/1978 1867/3704/1979 1868/3705/1968
f 1866/3702/1978 1868/3705/1968 1869/3706/1967
f 1870/3707/1980 1755/3708/1840 1757/3709/1845
f 1870/3707/1980 1757/3709/1845 1871/3710/1981
f 1870/3707/1980 1871/3710/1981 2491/3711/1982
f 1870/3712/1980 2491/3713/1982 1872/3714/1983
f 1870/3712/1980 1872/3714/1983 1874/3715/1984
f 1870/3707/1980 1874/3716/1984 1755/3708/1840
f 1873/3717/1985 1755/3718/1840 1874/3719/1984
f 1873/3717/1985 1874/3719/1984 1875/3720/1986
f 1873/3721/1985 1875/3722/1986 1876/3723/1987
f 1873/3717/1985 1876/3724/1987 1877/3725/1988
f 1873/3717/1985 1877/3725/1988 1878/3726/1841
f 1873/3717/1985 1878/3726/1841 1755/3718/1840
f 1879/3727/1989 1880/3728/332 1881/3729/1990
f 1879/3730/1991 1139/3731/1992 1881/3732/1993
f 1879/3730/1991 1315/2791/1994 1139/3731/1992
f 1879/3730/1995 1315/2791/1192 1485/2790/1568
f 1886/2615/1482 1406/2614/1363 1882/3733/1996
f 1886/3734/1482 1882/3735/1996 1883/3736/1997
f 1886/3737/1482 1883/3738/1997 1884/3739/1998
f 1886/3737/1482 1884/3739/1998 1885/3740/1999
f 1886/3741/1482 1885/3742/1999 2231/3743/1848
f 1886/2617/1482 2231/3744/1848 1112/1984/1166
f 1036/3430/1080 451/1438/472 838/1437/857
f 1887/2384/1381 1304/2382/1379 1888/3745/2000
f 1887/3746/1381 1888/3747/2000 2708/3748/2001
f 1887/3746/1381 2708/3748/2001 1889/3749/2002
f 1887/3746/1381 1889/3749/2002 1308/2394/1385
f 1887/3750/1381 1308/3751/1385 1666/3752/1754
f 1887/3750/1381 1666/3752/1754 1891/3753/2003
f 1887/3754/1381 1891/3755/2003 1890/3756/1382
f 1891/3757/2003 1666/3758/1754 2050/3759/2004
f 1891/3757/2003 2050/3759/2004 2049/3760/2005
f 1891/3757/2003 2049/3760/2005 1892/3761/1388
f 1891/3755/2003 1892/3762/1388 1890/3756/1382
f 1896/3763/1085 778/1315/795 1893/3764/2006
f 1896/3763/1085 1893/3764/2006 1894/3765/2007
f 1896/3766/1085 1894/3767/2007 1895/3768/2008
f 1896/3769/1085 1895/3770/2008 1897/3771/1752
f 1896/1836/1085 1897/3210/1752 1041/1837/1086
f 1898/3772/2009 1899/3773/2010 1900/3774/2011
f 1898/3772/2009 1900/3774/2011 1985/3775/2012
f 1898/3772/2009 1985/3775/2012 1989/3776/2013
f 1898/3772/2009 1989/3776/2013 2043/3777/2014
f 1898/3772/2009 2043/3777/2014 1901/3778/2015
f 1898/3772/2009 1901/3778/2015 1899/3773/2010
f 1763/3448/1852 1762/3447/1851 1902/3779/2016
f 1763/3780/1852 1902/3781/2016 1903/3782/2017
f 1763/3783/1852 1903/3784/2017 1904/3785/969
f 1763/3448/1852 1904/1636/969 834/1424/851
f 1905/3786/2018 1899/3787/2010 1901/3788/2015
f 1905/3789/2018 1901/3790/2015 2048/3791/2019
f 1905/3786/2018 2048/3792/2019 1906/3793/2020
f 1905/3786/2018 1906/3793/2020 1908/3794/2021
f 1905/3786/2018 1908/3794/2021 1899/3787/2010
f 1907/3795/2022 1899/3773/2010 1908/3796/2021
f 1907/3797/2022 1908/3798/2021 2279/3799/2023
f 1907/3797/2022 2279/3799/2023 1909/3800/2024
f 1907/3801/2022 1909/3802/2024 1910/3803/2025
f 1907/3804/2022 1910/3805/2025 1900/3806/2011
f 1907/3795/2022 1900/3774/2011 1899/3773/2010
f 1912/3807/1846 1911/3808/855 940/1637/970
f 1912/3807/1846 940/1637/970 1904/1636/969
f 1912/3809/1846 1904/3785/969 1903/3784/2017
f 1912/3809/1846 1903/3784/2017 1771/3810/1862
f 1912/3811/1846 1771/3464/1862 1770/3463/1861
f 1912/3812/1846 1770/3478/1861 1776/3477/1869
f 1912/3434/1846 1776/3813/1869 2584/3814/2026
f 1912/3434/1846 2584/3814/2026 1759/3435/1847
f 1913/3815/2027 1756/3426/1844 1984/3425/1843
f 1913/3816/2027 1984/3817/1843 1914/3818/2028
f 1913/3816/2027 1914/3818/2028 1915/3819/2029
f 1913/3816/2027 1915/3819/2029 1916/3820/2030
f 1913/3821/2027 1916/3822/2030 1917/3823/2031
f 1913/3815/2027 1917/3824/2031 1756/3426/1844
f 1917/3825/2031 1916/3820/2030 1918/3826/2032
f 1917/3824/2031 1918/3827/2032 1919/3828/2033
f 1917/3824/2031 1919/3828/2033 1871/3829/1981
f 1917/3824/2031 1871/3829/1981 1757/3427/1845
f 1917/3824/2031 1757/3427/1845 1756/3426/1844
f 1545/2930/1632 1431/2929/1513 1920/3830/1512
f 1545/2930/1632 1920/3830/1512 1430/3831/1510
f 1545/2930/1632 1430/3831/1510 1921/3832/1509
f 1545/2930/1632 1921/3832/1509 1597/3055/1631
f 1545/2930/1632 1597/3055/1631 1598/2931/1633
f 1922/3833/2034 1200/2159/1263 1199/2158/1262
f 1922/3833/2034 1199/2158/1262 1510/2849/1600
f 1922/3834/2034 1510/3835/1600 2111/3836/2035
f 1922/3834/2034 2111/3836/2035 2110/3837/2036
f 1922/3834/2034 2110/3837/2036 1482/3838/1562
f 1922/3833/2034 1482/2779/1562 1200/2159/1263
f 1923/3237/1763 1679/3236/1762 1688/3256/1770
f 1923/3839/1763 1688/3255/1770 1924/3840/2037
f 1923/3839/1763 1924/3840/2037 1780/3841/1873
f 1923/3237/1763 1780/3485/1873 1690/3260/1773
f 1925/3057/1689 1501/2831/1590 1500/3842/1589
f 1925/3843/1689 1500/3844/1589 1700/3273/1779
f 1925/3843/1689 1700/3273/1779 1596/3054/1688
f 1925/3843/1689 1596/3054/1688 1677/3053/1687
f 1925/3843/1689 1677/3053/1687 1926/3845/2038
f 1925/3846/1689 1926/3847/2038 1927/3848/2039
f 1925/3057/1689 1927/3849/2039 1599/3058/1690
f 1929/3072/1697 1604/3071/1696 1928/3850/2040
f 1929/3851/1697 1928/3852/2040 2073/3853/2041
f 1929/3851/1697 2073/3853/2041 1607/3077/1636
f 1929/3851/1697 1607/3077/1636 1549/3854/1635
f 1930/3855/2042 1505/2838/1595 1504/2837/1594
f 1930/3856/2042 1504/3857/1594 1931/3858/2043
f 1930/3856/2042 1931/3858/2043 1932/3859/2044
f 1930/3860/2042 1932/3861/2044 1933/3862/1637
f 1930/3863/2042 1933/3864/1637 1606/3865/1646
f 1930/3866/2042 1606/3867/1646 1505/3868/1595
f 1936/3526/1890 1791/3525/1889 1934/3869/2045
f 1936/3526/1890 1934/3869/2045 1991/3870/1882
f 1936/3871/1890 1991/3503/1882 1774/3502/1867
f 1936/3872/1890 1774/3873/1867 2078/3874/1866
f 1936/3872/1890 2078/3874/1866 1939/3875/2046
f 1936/3872/1890 1939/3875/2046 1935/3876/973
f 1936/3877/1890 1935/1644/973 941/1643/972
f 1936/3528/1890 941/1641/972 851/1472/873
f 1937/3878/2047 1503/2836/1593 1562/2966/1648
f 1937/3879/2047 1562/3285/1648 1497/3284/1586
f 1937/3879/2047 1497/3284/1586 2001/3880/2048
f 1937/3879/2047 2001/3880/2048 1931/3858/2043
f 1937/3879/2047 1931/3858/2043 1504/3857/1594
f 1937/3878/2047 1504/2837/1594 1503/2836/1593
f 1938/3509/1884 843/1454/864 1935/1644/973
f 1938/3881/1884 1935/3876/973 1939/3875/2046
f 1938/3882/1884 1939/3883/2046 1940/3884/2049
f 1938/3509/1884 1940/3885/2049 1787/3510/1885
f 1942/3886/2050 1224/3887/1290 1941/3888/1406
f 1942/3889/2050 1941/3890/1406 1943/3891/2051
f 1942/3889/2050 1943/3891/2051 1944/3892/2052
f 1942/3889/2050 1944/3892/2052 1945/3893/1596
f 1942/3894/2050 1945/3895/1596 2183/3896/1291
f 1942/3886/2050 2183/3897/1291 1224/3887/1290
f 1818/3585/1921 1817/3584/1920 2755/3898/2053
f 1818/3585/1921 2755/3898/2053 1946/3899/2054
f 1818/3585/1921 1946/3899/2054 853/1475/874
f 1818/3585/1921 853/1475/874 741/1256/757
f 1809/3900/1909 1808/3901/1908 2395/3902/2055
f 1809/3900/1909 2395/3902/2055 2014/3903/2056
f 1809/3900/1909 2014/3903/2056 1714/3327/1796
f 1809/3900/1909 1714/3327/1796 1713/3326/1795
f 1811/3573/1911 1801/3572/1894 1947/3904/1901
f 1811/3573/1911 1947/3904/1901 1948/3905/2057
f 1811/3573/1911 1948/3905/2057 1949/3906/2058
f 1811/3573/1911 1949/3906/2058 2340/3574/1912
f 1521/2863/1612 1611/3082/1701 1950/3907/2059
f 1521/2863/1612 1950/3907/2059 1951/3908/2060
f 1521/2865/1612 1951/3909/2060 1517/2858/1608
f 1521/2865/1612 1517/2858/1608 1516/2857/1607
f 1232/2232/1299 912/1589/939 1962/3910/2061
f 1232/2232/1299 1962/3910/2061 1952/3911/2062
f 1232/2232/1299 1952/3911/2062 999/3912/1040
f 1232/2232/1299 999/3912/1040 692/1166/712
f 1519/2860/1610 1518/2859/1609 2516/3913/2063
f 1519/2860/1610 2516/3913/2063 2518/3914/2064
f 1519/2860/1610 2518/3914/2064 1522/2867/1614
f 1519/2860/1610 1522/2867/1614 1520/2861/1611
f 1953/3915/2065 1524/2870/1416 1522/2869/1614
f 1953/3915/2065 1522/2869/1614 2518/3916/2064
f 1953/3915/2065 2518/3916/2064 2517/3917/2066
f 1953/3918/2065 2517/3919/2066 1573/3920/1662
f 1953/3918/2065 1573/3920/1662 1339/2490/1417
f 1953/3918/2065 1339/2490/1417 1524/2489/1416
f 1954/3921/785 400/633/416 1009/1773/1050
f 1954/3921/785 1009/1773/1050 1955/3922/2067
f 1954/3921/785 1955/3922/2067 2811/3923/2068
f 1954/3921/785 2811/3923/2068 1956/3924/2069
f 1954/3925/785 1956/3926/2069 2771/3927/2070
f 1954/3925/785 2771/3927/2070 1957/3928/1836
f 1954/3925/785 1957/3928/1836 1247/2259/1317
f 1954/3925/785 1247/2259/1317 400/635/416
f 1958/3929/2071 487/795/513 728/1230/739
f 1958/3929/2071 728/1230/739 1961/3930/2072
f 1958/3929/2071 1961/3930/2072 2741/3931/2073
f 1958/3929/2071 2741/3931/2073 1959/3932/2074
f 1958/3933/2071 1959/3934/2074 2737/3935/2075
f 1958/3933/2071 2737/3935/2075 2736/3936/1919
f 1958/3933/2071 2736/3936/1919 808/3937/826
f 1958/3933/2071 808/3937/826 487/796/513
f 1960/3938/2076 727/1228/738 1246/2258/1316
f 1960/3938/2076 1246/2258/1316 2524/3939/2077
f 1960/3938/2076 2524/3939/2077 1961/3940/2072
f 1960/3938/2076 1961/3940/2072 728/3941/739
f 1960/3938/2076 728/3941/739 727/1228/738
f 1962/3910/2061 912/1589/939 910/1588/938
f 1962/3942/2061 910/3943/938 1964/3944/2078
f 1962/3910/2061 1964/3945/2078 1963/3946/2079
f 1962/3910/2061 1963/3946/2079 1952/3911/2062
f 1730/3372/1813 1729/3371/1812 2683/3947/2080
f 1730/3372/1813 2683/3947/2080 2612/3948/2081
f 1730/3372/1813 2612/3948/2081 1964/3949/2078
f 1730/3372/1813 1964/3949/2078 1069/1905/1122
f 1730/3372/1813 1069/1905/1122 1072/1904/1121
f 662/1108/685 660/1106/683 2846/3950/2082
f 662/1108/685 2846/3950/2082 1965/3951/2083
f 662/1110/685 1965/3952/2083 1966/3953/2084
f 662/1110/685 1966/3953/2084 663/1111/686
f 1061/1887/1112 663/1111/686 1966/3953/2084
f 1061/1887/1112 1966/3953/2084 1965/3952/2083
f 1061/1887/1112 1965/3952/2083 1063/1889/1114
f 1837/3637/1948 1835/3954/1947 2568/3955/2085
f 1837/3637/1948 2568/3955/2085 1830/3956/1942
f 1837/3637/1948 1830/3956/1942 1967/3957/1941
f 1837/3637/1948 1967/3957/1941 1838/3638/1940
f 1968/3359/1810 1469/3358/1549 1969/3958/1932
f 1968/3359/1810 1969/3958/1932 2031/3959/2086
f 1968/3960/1810 2031/3961/2086 1823/3962/1927
f 1968/3960/1810 1823/3962/1927 1822/3963/1811
f 2031/3964/2086 1969/3965/1932 2944/3966/1931
f 2031/3967/2086 2944/3968/1931 1970/3969/2087
f 2031/3961/2086 1970/3970/2088 1823/3962/1927
f 1972/3971/2089 1971/3972/2090 1973/3973/2091
f 1972/3974/2089 1973/3975/2091 2032/3976/2092
f 1972/3974/2089 2032/3976/2092 2031/3961/2093
f 1972/3974/2089 2031/3961/2093 1975/3977/2094
f 1972/3971/2089 1975/3978/2094 1971/3972/2090
f 1974/3979/2095 1971/3972/2090 1975/3978/2094
f 1974/3980/2095 1975/3981/2094 1976/3982/2096
f 1974/3983/2095 1976/3984/2096 1978/3985/2097
f 1974/3983/2095 1978/3985/2097 1977/3986/2098
f 1974/3979/2095 1977/3987/2098 1971/3972/2090
f 1977/3988/2098 1978/3989/2097 1979/3990/2099
f 1977/3988/2098 1979/3990/2099 1973/3991/2091
f 1977/3987/2098 1973/3973/2091 1971/3972/2090
f 1852/3668/1962 2542/3667/1961 1980/3992/2100
f 1852/3668/1962 1980/3992/2100 2777/3993/2101
f 1852/3670/1962 2777/3994/2101 2037/3995/2102
f 1852/3670/1962 2037/3995/2102 1739/3389/1822
f 1852/3670/1962 1739/3389/1822 1738/3388/1821
f 1857/3675/1969 1868/3705/1968 1867/3704/1979
f 1857/3675/1969 1867/3704/1979 1981/3996/2103
f 1857/3997/1969 2100/3998/2104 1858/3999/1970
f 1863/3696/1976 1859/3695/1971 1858/4000/1970
f 1863/3696/1976 1858/4000/1970 2100/3398/2104
f 1863/3696/1976 2100/3398/2104 1744/3399/1827
f 1863/3696/1976 1744/3399/1827 2146/4001/2105
f 1863/3698/1976 2146/4002/2105 1865/3699/1977
f 1877/4003/1988 1876/4004/1987 1983/4005/2106
f 1877/4003/1988 1983/4005/2106 1982/4006/1842
f 1877/4003/1988 1982/4006/1842 1878/4007/1841
f 1983/4008/2106 1876/3723/1987 1914/4009/2028
f 1983/4010/2106 1914/4011/2028 1984/4012/1843
f 1983/4010/2106 1984/4012/1843 1982/4013/1842
f 1985/4014/2012 1900/3806/2011 1910/3805/2025
f 1985/4014/2012 1910/3805/2025 2268/4015/2107
f 1985/4016/2012 2268/4017/2107 2270/4018/2108
f 1985/4019/2012 2270/4020/2108 1986/4021/2109
f 1985/3775/2012 1986/4022/2109 1989/3776/2013
f 1987/4023/2110 1986/4021/2109 2270/4020/2108
f 1987/4023/2110 2270/4020/2108 1988/4024/2111
f 1987/4025/2110 1988/4026/2111 2044/4027/2112
f 1987/4028/2110 2044/4029/2112 1989/3776/2013
f 1987/4030/2110 1989/4031/2013 1986/4032/2109
f 1308/2393/1385 1196/2392/1259 1666/4033/1754
f 1990/4034/1883 1991/4035/1882 1934/4036/2045
f 1990/3508/1883 1934/4037/2045 1775/3473/1868
f 1990/3508/1883 1775/3473/1868 1766/3456/1858
f 1990/3508/1883 1766/3456/1858 1765/3455/1857
f 1598/2931/1633 1597/3055/1631 1596/3054/1688
f 1927/3848/2039 1926/3847/2038 1992/4038/2113
f 1927/3848/2039 1992/4038/2113 1993/4039/2114
f 1927/3849/2039 1993/4040/2114 1994/4041/2115
f 1927/3849/2039 1994/4041/2115 1995/4042/1692
f 1927/3849/2039 1995/4042/1692 1599/3058/1690
f 1684/3246/1767 1683/3245/1766 2117/3271/1778
f 1684/4043/1767 2117/4044/1778 1924/3840/2037
f 1684/4043/1767 1924/3840/2037 1687/3254/1769
f 1684/3246/1767 1687/4045/1769 1686/3247/1768
f 1932/3859/2044 1931/3858/2043 2000/4046/2116
f 1932/3859/2044 2000/4046/2116 1996/4047/2117
f 1932/3861/2044 1996/4048/2117 1550/4049/1638
f 1932/3861/2044 1550/4049/1638 1933/3862/1637
f 1488/4050/1575 1997/4051/1206 1998/4052/2118
f 1488/4050/1575 1998/4052/2118 2082/4053/2119
f 1488/4050/1575 2082/4053/2119 2083/4054/1403
f 1488/2803/1575 2083/4055/1403 1053/2804/1101
f 1999/3292/1785 1557/2958/1645 2284/4056/2120
f 1999/4057/1785 2284/4058/2120 2000/4046/2116
f 1999/4059/1785 2000/4060/2116 2001/4061/2048
f 1999/4062/1785 2001/4063/2048 1496/4064/1585
f 2001/4065/2048 1497/2824/1586 1496/2823/1585
f 1945/4066/1596 1214/2214/1282 1222/2213/1287
f 1945/3895/1596 1222/4067/1287 2183/3896/1291
f 2002/4068/2121 2003/4069/2122 2004/4070/2123
f 2002/4068/2121 2004/4070/2123 2005/4071/2124
f 2002/4068/2121 2005/4071/2124 2006/4072/2125
f 2002/4068/2121 2006/4072/2125 2007/4073/2126
f 2002/4068/2121 2007/4073/2126 2008/4074/2127
f 2002/4068/2121 2008/4074/2127 2003/4069/2122
f 2009/4075/2128 1798/3543/1897 1797/3542/1896
f 2009/4075/2128 1797/3542/1896 1804/3561/1905
f 2009/4075/2128 1804/3561/1905 2010/3560/1904
f 2009/4076/2128 2010/4077/1904 2011/4078/2129
f 2009/4079/2128 2011/4080/2129 2012/4081/2130
f 2009/4082/2128 2012/4083/2130 2440/4084/1899
f 2009/4075/2128 2440/3547/1899 1798/3543/1897
f 1724/4085/1806 1722/3341/1804 2013/3578/1916
f 1724/4086/1806 2013/4087/1916 1803/4088/1903
f 1724/4089/1806 1803/3559/1903 1715/3328/1797
f 1724/4090/1806 1715/4091/1797 1714/4092/1796
f 1724/3348/1806 1714/4093/1796 2014/4094/2056
f 1724/3348/1806 2014/4094/2056 1725/3349/1807
f 2015/4095/2131 2004/4070/2123 2016/4096/2132
f 2015/4097/2131 2016/4098/2132 2017/4099/2133
f 2015/4097/2131 2017/4099/2133 2018/4100/2134
f 2015/4095/2131 2018/4101/2134 2005/4071/2124
f 2015/4095/2131 2005/4071/2124 2004/4070/2123
f 2013/3578/1916 1722/3341/1804 1721/3340/1803
f 2021/4102/2135 1571/2988/1659 2019/3593/1925
f 2021/4103/2135 2019/4104/1925 2020/4105/2136
f 2021/4106/2135 2020/4107/2136 2022/4108/2137
f 2021/4106/2135 2022/4108/2137 2023/4109/1660
f 2021/4106/2135 2023/4109/1660 1571/4110/1659
f 2020/4105/2136 2019/4104/1925 2024/4111/1924
f 2020/4105/2136 2024/4111/1924 2025/4112/2138
f 2020/4113/2136 2025/4114/2138 2026/4115/2139
f 2020/4113/2136 2026/4115/2139 2022/4116/2137
f 2027/4117/2140 1531/2881/1618 1527/2880/1617
f 2027/4117/2140 1527/2880/1617 2028/4118/2141
f 2027/4119/2140 2028/4120/2141 2029/4121/2142
f 2027/4122/2140 2029/4123/2142 2030/4124/2143
f 2027/4122/2140 2030/4124/2143 1532/2887/1620
f 2027/4117/2140 1532/4125/1620 1531/2881/1618
f 2031/3961/2093 2032/3976/2092 1970/3970/2144
f 2031/4126/2093 1970/4127/2144 2193/4128/2145
f 2031/4126/2093 2193/4128/2145 1976/3982/2096
f 2031/4126/2093 1976/3982/2096 1975/3981/2094
f 1979/3990/2099 1978/3989/2097 3169/4129/2146
f 1979/3990/2099 3169/4129/2146 2945/4130/2147
f 1979/3990/2099 2945/4130/2147 2032/4131/2092
f 1979/3990/2099 2032/4131/2092 1973/3991/2091
f 2033/4132/1624 1535/2891/1623 1735/3380/1818
f 2033/2894/1624 1735/3378/1818 2034/4133/2148
f 2033/2894/1624 2034/4133/2148 794/1343/811
f 2033/2894/1624 794/1343/811 793/1342/810
f 1184/2127/1245 1183/2126/1244 1623/3104/1710
f 1184/2127/1245 1623/3104/1710 2035/4134/2149
f 1184/2127/1245 2035/4134/2149 1582/3021/1674
f 1184/2127/1245 1582/3021/1674 765/1293/780
f 2036/4135/2150 1739/3391/1822 2037/4136/2102
f 2036/4137/2150 2037/4138/2102 2819/4139/2151
f 2036/4137/2150 2819/4139/2151 1848/4140/1957
f 2036/4135/2150 1848/3657/1957 1741/3392/1823
f 2036/4135/2150 1741/3392/1823 1739/3391/1822
f 1745/3401/1829 1585/3028/1677 1535/2891/1623
f 1745/3401/1829 1535/2891/1623 1286/2335/1360
f 1745/3401/1829 1286/2335/1360 1285/2334/1016
f 1296/2358/1371 1295/2357/1370 2576/4141/2152
f 1296/2358/1371 2576/4141/2152 2575/4142/2153
f 1296/2358/1371 2575/4142/2153 982/1721/1019
f 1296/2358/1371 982/1721/1019 1653/1362/820
f 1540/2916/1628 1300/2369/1376 1192/2144/1253
f 1540/2916/1628 1192/2144/1253 2108/4143/2154
f 1540/2916/1628 2108/4143/2154 2038/4144/2155
f 1540/2916/1628 2038/4144/2155 2039/4145/2156
f 1540/2916/1628 2039/4145/2156 1188/2134/1250
f 2040/4146/2157 1109/4147/1164 1484/4148/1566
f 2040/4149/2157 1484/2785/1566 2041/4150/2158
f 2040/4151/2157 2041/4152/2158 2042/4153/2159
f 2040/4154/2157 2042/4155/2159 1110/1981/1165
f 2040/4154/2157 1110/1981/1165 1109/1980/1164
f 2043/3777/2014 1989/3776/2013 2044/4029/2112
f 2043/4156/2014 2044/4157/2112 2045/4158/2160
f 2043/4156/2014 2045/4158/2160 2046/4159/2161
f 2043/4156/2014 2046/4159/2161 1901/3790/2015
f 2046/4159/2161 2045/4158/2160 2047/4160/2162
f 2046/4161/2161 2047/4162/2162 2268/4163/2107
f 2046/4161/2161 2268/4163/2107 2271/4164/2163
f 2046/4161/2161 2271/4164/2163 2048/4165/2019
f 2046/4159/2161 2048/3791/2019 1901/3790/2015
f 2049/4166/2005 2050/4167/2004 2051/4168/2164
f 2049/4166/2005 2051/4168/2164 1761/4169/1850
f 2049/3760/2005 1761/3446/1850 2052/4170/1389
f 2049/3760/2005 2052/4170/1389 1892/3761/1388
f 1659/2170/1269 1205/2169/1268 2166/4171/2165
f 1659/2170/1269 2166/4171/2165 1668/4172/1756
f 1659/2170/1269 1668/4172/1756 1667/4173/1391
f 1659/3196/1269 1667/4174/1391 1660/3197/1390
f 2053/4175/2166 2055/4176/1863 1771/4177/1862
f 2053/4175/2166 1771/4177/1862 2079/4178/2167
f 2053/4179/2166 2079/4180/2167 2054/4181/2168
f 2053/4182/2166 2054/4183/2168 2077/4184/1864
f 2053/4182/2166 2077/4184/1864 2055/4185/1863
f 2056/4186/2169 1552/4187/1640 1550/4188/1638
f 2056/4189/2169 1550/4049/1638 1996/4048/2117
f 2056/4189/2169 1996/4048/2117 2057/4190/2170
f 2056/4189/2169 2057/4190/2170 2058/4191/2171
f 2056/4192/2169 2058/4193/2171 2059/4194/1877
f 2056/4195/2169 2059/4196/1877 1552/4197/1640
f 2060/4198/2172 2070/4199/2173 2069/4200/2174
f 2060/4198/2172 2069/4200/2174 2061/4201/2175
f 2060/4198/2172 2061/4201/2175 2062/4202/2176
f 2060/4203/2172 2062/4204/2176 2063/4205/2177
f 2060/4198/2172 2063/4206/2177 2070/4199/2173
f 2065/4207/2178 2070/4208/2173 2063/4209/2177
f 2065/4210/2178 2063/4205/2177 2064/4211/2179
f 2065/4212/2178 2064/4213/2179 2067/4214/2180
f 2065/4212/2178 2067/4214/2180 2066/4215/2181
f 2065/4207/2178 2066/4216/2181 2070/4208/2173
f 2066/4217/2181 2067/4218/2180 2068/4219/2182
f 2066/4217/2181 2068/4219/2182 2069/4220/2174
f 2066/4217/2181 2069/4220/2174 2070/4221/2173
f 2068/4219/2182 2067/4218/2180 2071/4222/2183
f 2068/4219/2182 2071/4222/2183 2072/4223/2184
f 2068/4219/2182 2072/4223/2184 2061/4224/2175
f 2068/4219/2182 2061/4224/2175 2069/4220/2174
f 2073/4225/2041 1928/4226/2040 2074/4227/2185
f 2073/3853/2041 2074/4228/2185 2286/4229/2186
f 2073/3853/2041 2286/4229/2186 1608/3078/1699
f 2073/3853/2041 1608/3078/1699 1607/3077/1636
f 2075/4230/1879 2076/4231/1878 2433/4232/2187
f 2075/4230/1879 2433/4232/2187 2285/4233/2188
f 2075/4230/1879 2285/4233/2188 2284/4234/2120
f 2075/3494/1879 2284/4056/2120 1557/2958/1645
f 2078/4235/1866 2077/4236/1864 2054/4237/2168
f 2078/4235/1866 2054/4237/2168 2119/4238/2189
f 2078/4239/1866 2119/4240/2189 2079/4241/2167
f 2078/3874/1866 2079/4242/2167 1939/3875/2046
f 2082/4053/2119 1998/4052/2118 2080/4243/2190
f 2082/4053/2119 2080/4243/2190 2081/4244/2191
f 2082/4245/2119 2081/4246/2191 1708/2192/1278
f 2082/4245/2119 1708/2192/1278 2083/4247/1403
f 1707/3315/1404 2083/4248/1403 1708/3316/1278
f 2081/4244/2191 2080/4243/2190 1697/3278/1781
f 2081/4244/2191 1697/3278/1781 1696/3277/1279
f 2081/4246/2191 1696/2193/1279 1708/2192/1278
f 1943/3891/2051 1941/3890/1406 1328/4249/1405
f 1943/3891/2051 1328/4249/1405 1788/4250/1886
f 1943/4251/2051 1788/4252/1886 2084/4253/2192
f 1943/4251/2051 2084/4253/2192 1944/4254/2052
f 2085/4255/2193 2003/4256/2122 2008/4257/2127
f 2085/4255/2193 2008/4257/2127 2086/4258/2194
f 2085/4255/2193 2086/4258/2194 2087/4259/2195
f 2085/4255/2193 2087/4259/2195 2089/4260/2196
f 2085/4255/2193 2089/4260/2196 2003/4256/2122
f 2088/4261/2197 2003/4069/2122 2089/4262/2196
f 2088/4261/2197 2089/4262/2196 2317/4263/2198
f 2088/4261/2197 2317/4263/2198 2090/4264/2199
f 2088/4261/2197 2090/4264/2199 2188/4265/2200
f 2088/4266/2197 2188/4267/2200 2016/4268/2132
f 2088/4261/2197 2016/4096/2132 2004/4070/2123
f 2088/4261/2197 2004/4070/2123 2003/4069/2122
f 2091/4269/2201 2005/4071/2124 2018/4101/2134
f 2091/4270/2201 2018/4100/2134 2560/4271/2202
f 2091/4272/2201 2560/4273/2202 2092/4274/2203
f 2091/4272/2201 2092/4274/2203 2006/4275/2125
f 2091/4269/2201 2006/4072/2125 2005/4071/2124
f 1797/3542/1896 1720/3541/1802 1804/3561/1905
f 2093/4276/2204 1533/2888/1621 1532/2887/1620
f 2093/4276/2204 1532/2887/1620 2030/4124/2143
f 2093/4276/2204 2030/4124/2143 2345/4277/2205
f 2093/4278/2204 2345/4279/2205 2135/4280/2206
f 2093/4278/2204 2135/4280/2206 1820/3590/1923
f 2093/4278/2204 1820/3590/1923 1533/3589/1621
f 2094/4281/1949 1831/4282/1943 2095/4283/2207
f 2094/4284/1949 2095/4285/2207 2815/4286/2208
f 2094/4287/1949 2815/4288/2208 1835/3634/1947
f 2094/4287/1949 1835/3634/1947 1839/3633/1946
f 1249/2263/1320 790/1333/806 2445/3094/1706
f 1249/2263/1320 2445/3094/1706 2096/4289/2209
f 1249/2263/1320 2096/4289/2209 1729/3371/1812
f 1249/2263/1320 1729/3371/1812 1251/2264/1321
f 823/1399/840 1847/1673/987 2097/4290/2210
f 823/1399/840 2097/4290/2210 2098/4291/2211
f 823/1399/840 2098/4291/2211 2136/3004/1667
f 823/1399/840 2136/3004/1667 824/1400/841
f 1584/3027/1676 1735/3380/1818 1535/2891/1623
f 1584/3027/1676 1535/2891/1623 1585/3028/1677
f 975/1711/1013 1142/1710/1012 2099/4292/2212
f 975/1711/1013 2099/4292/2212 962/1686/998
f 975/1711/1013 962/1686/998 961/1685/997
f 975/1711/1013 961/1685/997 960/1684/996
f 2100/4293/1826 1743/4294/1825 1857/3675/1963
f 2100/4293/2213 1857/3675/1969 1981/3996/2214
f 2100/4295/2213 1981/4296/2214 2101/4297/2215
f 2100/4298/2213 2101/4299/2215 3034/4300/2216
f 2100/3398/2213 3034/4301/2216 1744/3399/1827
f 1636/3141/1725 1591/3038/1682 1590/3037/1681
f 1636/3141/1725 1590/3037/1681 2102/4302/2217
f 1636/4303/1725 2102/4304/2217 2103/4305/2218
f 1636/3143/1725 2103/4306/2218 1637/3144/1726
f 1882/4307/1996 1406/2339/1363 1110/1981/1165
f 1882/4308/1996 1110/4309/1165 2042/4310/2159
f 1882/4311/1996 2042/4312/2159 1883/4313/1997
f 2104/1917/1129 1076/1916/1128 2105/4314/2219
f 2104/4315/1129 2105/4316/2219 1481/4317/1560
f 2104/1917/1129 1481/4318/1560 711/1194/727
f 2104/1917/1129 711/1194/727 710/1193/726
f 1537/2896/1625 2411/2108/1232 2106/4319/2220
f 1537/4320/1625 2106/4321/2220 2107/4322/2221
f 1537/4320/1625 2107/4322/2221 2108/4323/2154
f 1537/2898/1625 2108/4143/2154 1192/2144/1253
f 2109/4324/2222 1132/2019/1187 1130/2016/1185
f 2109/4324/2222 1130/2016/1185 2153/4325/2223
f 2109/4324/2222 2153/4325/2223 1318/2431/1397
f 2109/4324/2222 1318/2431/1397 1132/2019/1187
f 1761/4326/1850 1660/2413/1390 2052/2412/1389
f 2110/4327/2036 2111/4328/2035 2112/4329/2224
f 2110/4327/2036 2112/4329/2224 2113/4330/2225
f 2110/4327/2036 2113/4330/2225 2114/4331/2226
f 2110/3837/2036 2114/4332/2226 2115/4333/1563
f 2110/3837/2036 2115/4333/1563 1482/3838/1562
f 2116/4334/2227 1780/3841/1873 1924/3840/2037
f 2116/4334/2227 1924/3840/2037 2117/4044/1778
f 2116/4335/2227 2117/4336/1778 2505/4337/1777
f 2116/4338/2227 2505/4339/1777 2118/4340/2228
f 2116/4341/2227 2118/4342/2228 1781/4343/1874
f 2116/4341/2227 1781/4343/1874 1780/4344/1873
f 1687/3254/1769 1924/3840/2037 1688/3255/1770
f 2079/4180/2167 2119/4345/2189 2054/4181/2168
f 1788/4346/1886 1328/2461/1405 1707/2460/1404
f 2122/2848/1599 1463/2739/1544 2120/4347/2229
f 2122/2848/1599 2120/4347/2229 2124/4348/2230
f 2122/2848/1599 2124/4348/2230 2121/4349/2231
f 2122/4350/1599 2121/4351/2231 2111/3836/2035
f 2122/4350/1599 2111/3836/2035 1510/3835/1600
f 2123/4352/2232 2111/4328/2035 2121/4349/2231
f 2123/4352/2232 2121/4349/2231 2124/4348/2230
f 2123/4353/2232 2124/4354/2230 2125/4355/2233
f 2123/4353/2232 2125/4355/2233 2126/4356/2234
f 2123/4352/2232 2126/4357/2234 2112/4329/2224
f 2123/4352/2232 2112/4329/2224 2111/4328/2035
f 1444/2703/1524 1218/2205/1285 1229/2229/1296
f 1444/2703/1524 1229/2229/1296 2127/4358/2235
f 1444/2703/1524 2127/4358/2235 2132/4359/2236
f 1444/2703/1524 2132/4359/2236 2134/4360/2237
f 1444/2703/1524 2134/4360/2237 1225/2223/1292
f 2129/4361/2238 1320/2433/1294 1319/2432/1398
f 2129/4361/2238 1319/2432/1398 1318/2431/1397
f 2129/4361/2238 1318/2431/1397 2153/4325/2223
f 2129/4361/2238 2153/4325/2223 2128/4362/2239
f 2129/4363/2238 2128/4364/2239 2130/4365/2240
f 2129/4366/2238 2130/4367/2240 2874/4368/2241
f 2129/4369/2238 2874/4370/2241 2131/4371/1115
f 2129/4369/2238 2131/4371/1115 2127/4358/2235
f 2129/4369/2238 2127/4358/2235 1228/2228/1295
f 2129/4369/2238 1228/2228/1295 1320/2227/1294
f 2134/4372/2237 2132/4373/2236 2133/4374/2242
f 2134/4372/2237 2133/4374/2242 1568/4375/1656
f 2134/4376/2237 1568/2983/1656 1225/2224/1292
f 2025/4377/2138 2024/3591/1924 1820/3590/1923
f 2025/4377/2138 1820/3590/1923 2135/4280/2206
f 2025/4114/2138 2135/4378/2206 2026/4115/2139
f 1348/2508/1422 1347/2507/1421 1576/3007/1668
f 1348/2508/1422 1576/3007/1668 1616/3089/1704
f 1348/2508/1422 1616/3089/1704 949/3088/979
f 1964/3949/2078 910/1586/938 909/1585/937
f 1964/3949/2078 909/1585/937 1069/1905/1122
f 1576/3007/1668 2136/4379/1667 1357/2525/1429
f 1576/3007/1668 1357/2525/1429 1356/2524/1428
f 1576/3007/1668 1356/2524/1428 1616/3089/1704
f 2137/4380/2243 967/1697/1003 965/1696/1002
f 2137/4380/2243 965/1696/1002 2200/4381/2244
f 2137/4380/2243 2200/4381/2244 2138/4382/2245
f 2137/4380/2243 2138/4382/2245 969/1701/1005
f 2137/4380/2243 969/1701/1005 967/1697/1003
f 2139/4383/1479 2140/4384/1246 2141/4385/1169
f 2139/4386/1479 2141/1994/1169 2142/4387/2246
f 2139/4388/1479 2142/4389/2246 2143/4390/2247
f 2139/4388/1479 2143/4390/2247 2144/4391/1964
f 2147/3406/1831 1629/3405/1720 2145/4392/1828
f 2147/3406/1831 2145/4392/1828 2146/4393/2105
f 2147/4394/1831 2146/4395/2105 2778/4396/2248
f 2147/4397/1831 2778/4398/2248 1981/3996/2249
f 2147/4397/1831 1981/3996/2249 1747/3674/1832
f 2148/4399/2250 1404/2611/1480 2115/2780/1563
f 2148/4399/2250 2115/2780/1563 2216/4400/2251
f 2148/4401/2250 2216/4402/2251 2149/4403/2252
f 2148/4404/2250 2149/4405/2252 2150/4406/2253
f 2148/4399/2250 2150/4407/2253 2819/4408/2151
f 2148/4399/2250 2819/4408/2151 1405/2612/1481
f 2148/4399/2250 1405/2612/1481 1404/2611/1480
f 1872/3714/1983 2491/3713/1982 2151/4409/2254
f 1872/3714/1983 2151/4409/2254 1915/4410/2029
f 1872/3714/1983 1915/4410/2029 1875/3722/1986
f 1872/4411/1983 1875/4412/1986 1874/4413/1984
f 1128/2013/1184 1127/2012/1183 2039/4145/2156
f 1128/2013/1184 2039/4145/2156 2152/4414/1561
f 1128/2013/1184 2152/4414/1561 2935/4415/2255
f 1128/2013/1184 2935/4415/2255 2153/4416/2223
f 1128/2013/1184 2153/4416/2223 1130/2014/1185
f 1650/4417/1739 1649/3178/1738 2154/3177/1740
f 1650/4418/1739 2154/4419/1740 2155/4420/2256
f 1650/4418/1739 2155/4420/2256 1655/4421/1742
f 1650/4418/1739 1655/4421/1742 2156/4422/1558
f 2157/4423/2257 2159/4424/2258 2164/4425/2259
f 2157/4423/2257 2164/4425/2259 2170/4426/2260
f 2157/4423/2257 2170/4426/2260 1563/2972/2261
f 2157/4423/2257 1563/2972/2261 1897/3771/1752
f 2157/4423/2257 1897/3771/1752 1895/3770/2008
f 2157/4423/2257 1895/3770/2008 2158/4427/2262
f 2157/4428/2257 2158/4429/2262 2159/4430/2258
f 2158/4431/2262 1895/3768/2008 2160/4432/2263
f 2158/4431/2262 2160/4432/2263 2161/4433/2264
f 2158/4434/2262 2161/4435/2264 2162/4436/2265
f 2158/4434/2262 2162/4436/2265 2163/4437/2266
f 2158/4438/2262 2163/4439/2266 2164/4440/2259
f 2158/4441/2262 2164/4442/2259 2159/4443/2258
f 1779/3481/1871 1778/3480/1870 2165/4444/2267
f 1779/3481/1871 2165/4444/2267 2166/4445/2165
f 1779/3481/1871 2166/4445/2165 1205/3482/1268
f 2062/4202/2176 2061/4201/2175 2167/4446/2268
f 2062/4204/2176 2167/4447/2268 2168/4448/2269
f 2062/4204/2176 2168/4448/2269 2064/4211/2179
f 2062/4204/2176 2064/4211/2179 2063/4205/2177
f 1676/3229/1758 1674/3228/1693 2177/4449/2270
f 1676/4450/1758 2177/4451/2270 2169/4452/2271
f 1676/4453/1758 2169/4454/2271 1926/3847/2038
f 1676/4455/1758 1926/3845/2038 1677/3053/1687
f 2170/4426/2260 2164/4425/2259 2171/4456/2272
f 2170/4457/2260 2171/4458/2272 2172/4459/2273
f 2170/4426/2260 2172/4460/2273 2176/4461/2274
f 2170/4426/2260 2176/4461/2274 1509/2971/2275
f 2170/4426/2260 1509/2971/2275 1563/2972/2261
f 2172/4462/2273 2171/4463/2272 2164/4464/2259
f 2172/4465/2273 2164/4440/2259 2163/4439/2266
f 2172/4466/2273 2163/4437/2266 2173/4467/2276
f 2172/4466/2273 2173/4467/2276 2174/4468/2277
f 2172/4469/2273 2174/4470/2277 2175/4471/2278
f 2172/4469/2273 2175/4471/2278 2176/4472/2274
f 2177/4473/2270 1674/3064/1693 1995/3063/1692
f 2177/4474/2270 1995/4475/1692 1994/4476/2115
f 2177/4474/2270 1994/4476/2115 2178/4477/2279
f 2177/4474/2270 2178/4477/2279 2179/4478/2280
f 2177/4451/2270 2179/4479/2280 2169/4452/2271
f 1993/4039/2114 1992/4038/2113 2289/4480/2281
f 1993/4040/2114 2289/4481/2281 2293/4482/2282
f 1993/4040/2114 2293/4482/2282 2178/4483/2279
f 1993/4040/2114 2178/4483/2279 1994/4041/2115
f 2086/4258/2194 2008/4257/2127 2007/4484/2126
f 2086/4258/2194 2007/4484/2126 2181/4485/2283
f 2086/4258/2194 2181/4485/2283 2180/4486/2284
f 2086/4258/2194 2180/4486/2284 2087/4259/2195
f 2181/4487/2283 2007/4488/2126 2006/4275/2125
f 2181/4487/2283 2006/4275/2125 2092/4274/2203
f 2181/4487/2283 2092/4274/2203 2725/4489/2285
f 2181/4490/2283 2725/4491/2285 2180/4492/2284
f 2182/4493/2286 784/1324/800 2183/2221/1291
f 2182/4494/2286 2183/4495/1291 2837/4496/2287
f 2182/4494/2286 2837/4496/2287 2184/4497/2288
f 2182/4498/2286 2184/4499/2288 2185/4500/2289
f 2182/4493/2286 2185/4501/2289 1230/2230/1297
f 2182/4493/2286 1230/2230/1297 784/1324/800
f 1800/3548/1900 2440/3547/1899 2186/4502/2290
f 1800/3548/1900 2186/4502/2290 2187/4503/2291
f 1800/3550/1900 2187/4504/2291 1948/4505/2057
f 1800/3550/1900 1948/4505/2057 1947/3551/1901
f 2017/4099/2133 2016/4098/2132 2188/4506/2200
f 2017/4099/2133 2188/4506/2200 2189/4507/2292
f 2017/4099/2133 2189/4507/2292 2560/4271/2202
f 2017/4099/2133 2560/4271/2202 2018/4100/2134
f 2120/4347/2229 1463/2739/1544 1462/2738/1543
f 2120/4347/2229 1462/2738/1543 2095/4508/2207
f 2120/4347/2229 2095/4508/2207 2190/4509/2293
f 2120/4510/2229 2190/4511/2293 2191/4512/2294
f 2120/4513/2229 2191/4514/2294 2124/4515/2230
f 2192/4516/1928 1823/3962/1927 1970/3970/2088
f 2192/4516/1928 1970/3970/2088 2926/4517/2295
f 2192/4518/1928 2926/4519/2295 2193/4520/2296
f 2192/3600/1928 2193/4521/2296 1825/4522/1929
f 2192/3600/1928 1825/4522/1929 1824/3601/1788
f 2194/4523/2297 1020/1800/1064 1025/1809/1069
f 2194/4523/2297 1025/1809/1069 2195/4524/2298
f 2194/4523/2297 2195/4524/2298 2196/4525/2299
f 2194/4523/2297 2196/4525/2299 2358/1801/1065
f 2194/4523/2297 2358/1801/1065 1020/1800/1064
f 2197/4526/2300 2201/1690/1000 962/1689/998
f 2197/4526/2300 962/1689/998 2198/4527/2301
f 2197/4526/2300 2198/4527/2301 2199/4528/2302
f 2197/4529/2300 2199/4530/2302 2200/4381/2244
f 2197/4526/2300 2200/4531/2244 2201/1690/1000
f 2200/4532/2244 965/4533/1002 2201/4534/1000
f 2099/4292/2212 1142/1710/1012 2202/4535/2303
f 2099/4292/2212 2202/4535/2303 2479/4536/2304
f 2099/4292/2212 2479/4536/2304 2198/4537/2301
f 2099/4292/2212 2198/4537/2301 962/1686/998
f 1476/2761/1554 1475/2760/1235 2469/4538/2305
f 1476/2761/1554 2469/4538/2305 2203/4539/2306
f 1476/2761/1554 2203/4539/2306 2204/4540/2307
f 1476/2761/1554 2204/4540/2307 1734/3377/1817
f 1476/2761/1554 1734/3377/1817 700/1179/718
f 2205/4541/2308 794/1343/811 2034/4133/2148
f 2205/4541/2308 2034/4133/2148 2206/4542/2309
f 2205/4541/2308 2206/4542/2309 2207/4543/2310
f 2205/4541/2308 2207/4543/2310 2468/4544/2311
f 2205/4541/2308 2468/4544/2311 921/1601/948
f 2205/4541/2308 921/1601/948 794/1343/811
f 1734/3377/1817 2204/4540/2307 2206/4542/2309
f 1734/3377/1817 2206/4542/2309 2034/4133/2148
f 1734/3377/1817 2034/4133/2148 1735/3378/1818
f 2142/4387/2246 2141/1994/1169 983/1993/1021
f 2142/4389/2246 983/4545/1021 2208/4546/1020
f 2142/4389/2246 2208/4546/1020 2209/4547/2312
f 2142/4389/2246 2209/4547/2312 2143/4390/2247
f 802/1358/818 2478/2901/1626 2210/4548/2313
f 802/1358/818 2210/4548/2313 2211/4549/2314
f 802/1359/818 2211/4550/2314 2695/4551/2315
f 802/1359/818 2695/4551/2315 2212/4552/1973
f 802/1359/818 2212/4552/1973 1861/1263/762
f 1141/4553/1194 1139/3731/1193 2213/4554/2316
f 1141/4553/1194 2213/4554/2316 2214/4555/2317
f 1141/4553/1194 2214/4555/2317 2202/4556/2303
f 1141/2041/1194 2202/4535/2303 1142/1710/1012
f 2216/4400/2251 2115/2780/1563 2114/4331/2226
f 2216/4400/2251 2114/4331/2226 2113/4330/2225
f 2216/4557/2251 2113/4558/2225 2215/4559/2318
f 2216/4560/2251 2215/4561/2318 2217/4562/2319
f 2216/4563/2251 2217/4564/2319 2581/4565/2320
f 2216/4563/2251 2581/4565/2320 2218/4566/2321
f 2216/4563/2251 2218/4566/2321 2779/4567/2322
f 2216/4402/2251 2779/4568/2322 2149/4403/2252
f 2222/4569/1718 2219/4570/1717 2220/4571/2323
f 2222/4572/1718 2220/4573/2323 2666/4574/2324
f 2222/4572/1718 2666/4574/2324 2221/4575/2325
f 2222/4576/1718 2221/4577/2325 1893/3764/2006
f 2222/4576/1718 1893/3764/2006 778/1315/795
f 2222/4576/1718 778/1315/795 1627/1314/794
f 1914/4009/2028 1876/3723/1987 1875/3722/1986
f 1914/4009/2028 1875/3722/1986 1915/4410/2029
f 1889/3749/2002 2708/3748/2001 2223/4578/2326
f 1889/4579/2002 2223/4580/2326 2659/4581/2327
f 1889/4579/2002 2659/4581/2327 2224/4582/2328
f 1889/4583/2002 2224/4584/2328 1040/2915/1084
f 1889/3749/2002 1040/1833/1084 1308/2394/1385
f 2219/3123/1717 760/1284/775 1040/2915/1084
f 2219/3123/1717 1040/2915/1084 2224/4584/2328
f 2219/3123/1717 2224/4584/2328 2220/4585/2323
f 2225/4586/2329 1895/3768/2008 1894/3767/2007
f 2225/4586/2329 1894/3767/2007 2226/4587/2330
f 2225/4586/2329 2226/4587/2330 2894/4588/2331
f 2225/4586/2329 2894/4588/2331 2227/4589/2332
f 2225/4586/2329 2227/4589/2332 2160/4432/2263
f 2225/4586/2329 2160/4432/2263 1895/3768/2008
f 2228/4590/2333 1885/3740/1999 1884/3739/1998
f 2228/4591/2333 1884/4592/1998 2703/4593/2334
f 2228/4591/2333 2703/4593/2334 2785/4594/2335
f 2228/4591/2333 2785/4594/2335 2229/4595/2336
f 2228/4590/2333 2229/4596/2336 1885/3740/1999
f 2229/4595/2336 2785/4594/2335 2709/4597/2337
f 2229/4595/2336 2709/4597/2337 2230/4598/2338
f 2229/4599/2336 2230/4600/2338 2240/4601/2339
f 2229/4599/2336 2240/4601/2339 2231/4602/1848
f 2229/4603/2336 2231/4604/1848 1885/4605/1999
f 2236/4606/2340 1036/3430/1080 1310/3429/1258
f 2236/4606/2340 1310/3429/1258 2704/4607/2341
f 2236/4606/2340 2704/4607/2341 2232/4608/2342
f 2236/4606/2340 2232/4608/2342 2233/4609/2343
f 2236/4610/2340 2233/4611/2343 2234/4612/2344
f 2236/4610/2340 2234/4612/2344 2235/4613/2345
f 2236/4614/2340 2235/4615/2345 1037/1830/1081
f 2236/4614/2340 1037/1830/1081 1036/1829/1080
f 2237/4616/2346 1484/2785/1566 1483/2784/1565
f 2237/4616/2346 1483/2784/1565 2238/4617/2347
f 2237/4616/2346 2238/4617/2347 2256/4618/2348
f 2237/4616/2346 2256/4618/2348 2372/4619/2349
f 2237/4616/2346 2372/4619/2349 2239/4620/2350
f 2237/4616/2346 2239/4620/2350 2041/4150/2158
f 2237/4616/2346 2041/4150/2158 1484/2785/1566
f 2241/4621/2351 2240/4622/2339 2247/4623/2352
f 2241/4621/2351 2247/4623/2352 1759/3435/1847
f 2241/4621/2351 1759/3435/1847 2584/3814/2026
f 2241/4624/2351 2584/4625/2026 2242/4626/2353
f 2241/4624/2351 2242/4626/2353 2243/4627/2354
f 2241/4624/2351 2243/4627/2354 2244/4628/2355
f 2241/4621/2351 2244/4629/2355 2240/4622/2339
f 2244/4628/2355 2243/4627/2354 2245/4630/2356
f 2244/4628/2355 2245/4630/2356 2250/4631/1849
f 2244/4629/2355 2250/3443/1849 2231/3442/1848
f 2244/4629/2355 2231/3442/1848 2240/4622/2339
f 2230/4598/2338 2709/4597/2337 2246/4632/2357
f 2230/4598/2338 2246/4632/2357 1299/4633/1374
f 2230/4600/2338 1299/4634/1374 2247/4635/2352
f 2230/4600/2338 2247/4635/2352 2240/4601/2339
f 1299/4634/1374 1297/3438/1373 1759/3437/1847
f 1299/4634/1374 1759/3437/1847 2247/4635/2352
f 2162/4436/2265 2161/4435/2264 2248/4636/2358
f 2162/4436/2265 2248/4636/2358 2173/4467/2276
f 2162/4436/2265 2173/4467/2276 2163/4437/2266
f 1881/3732/2359 2213/4554/2316 1139/3731/1193
f 2249/4637/2360 1483/2784/1565 2250/4638/1849
f 2249/4639/2360 2250/4631/1849 2251/4640/2361
f 2249/4639/2360 2251/4640/2361 2252/4641/2362
f 2249/4639/2360 2252/4641/2362 2258/4642/2363
f 2249/4637/2360 2258/4643/2363 2238/4617/2347
f 2249/4637/2360 2238/4617/2347 1483/2784/1565
f 1988/4024/2111 2270/4020/2108 2269/4644/2364
f 1988/4024/2111 2269/4644/2364 2253/4645/2365
f 1988/4026/2111 2253/4646/2365 2829/4647/2366
f 1988/4026/2111 2829/4647/2366 2045/4648/2160
f 1988/4026/2111 2045/4648/2160 2044/4027/2112
f 1563/2972/2261 1509/2971/1598 1507/2844/1597
f 1563/2972/2261 1507/2844/1597 1665/3213/1753
f 1563/2972/2261 1665/3213/1753 1897/3771/1752
f 2255/4649/2367 2238/4650/2347 2257/4651/2368
f 2255/4652/2367 2257/4653/2368 2254/4654/2369
f 2255/4652/2367 2254/4654/2369 2319/4655/2370
f 2255/4656/2367 2319/4657/2370 2256/4658/2348
f 2255/4659/2367 2256/4618/2348 2238/4617/2347
f 2257/4660/2368 2238/4617/2347 2258/4643/2363
f 2257/4661/2368 2258/4662/2363 2259/4663/2371
f 2257/4661/2368 2259/4663/2371 2260/4664/2372
f 2257/4661/2368 2260/4664/2372 2436/4665/2373
f 2257/4661/2368 2436/4665/2373 2261/4666/2374
f 2257/4653/2368 2261/4667/2374 2254/4654/2369
f 2151/4409/2254 2491/3713/1982 2262/4668/2375
f 2151/4409/2254 2262/4668/2375 2263/4669/2376
f 2151/4670/2254 2263/4671/2376 2264/4672/2377
f 2151/4670/2254 2264/4672/2377 1916/3820/2030
f 2151/4670/2254 1916/3820/2030 1915/3819/2029
f 2051/4673/2164 2050/3759/2004 2423/4674/2378
f 2051/4673/2164 2423/4674/2378 2265/4675/2379
f 2051/4673/2164 2265/4675/2379 1762/3447/1851
f 2051/4673/2164 1762/3447/1851 1761/3446/1850
f 1666/3214/1754 1665/3213/1753 1507/2844/1597
f 1666/3214/1754 1507/2844/1597 1945/2843/1596
f 1666/4676/1754 1945/4677/1596 2266/4678/2380
f 1666/3758/1754 2266/4679/2380 2050/3759/2004
f 2267/4680/2381 2270/4681/2108 2268/4682/2107
f 2267/4683/2381 2268/4684/2107 2047/4685/2162
f 2267/4683/2381 2047/4685/2162 2544/4686/2382
f 2267/4683/2381 2544/4686/2382 2715/4687/2383
f 2267/4683/2381 2715/4687/2383 2269/4688/2364
f 2267/4683/2381 2269/4688/2364 2270/4689/2108
f 2271/4164/2163 2268/4163/2107 1910/4690/2025
f 2271/4691/2163 1910/4692/2025 2272/4693/2384
f 2271/4694/2163 2272/4695/2384 2273/4696/2385
f 2271/4697/2163 2273/4698/2385 2048/4699/2019
f 2272/4693/2384 1910/4692/2025 1909/4700/2024
f 2272/4693/2384 1909/4700/2024 2426/4701/2386
f 2272/4693/2384 2426/4701/2386 2274/4702/2387
f 2272/4703/2384 2274/4704/2387 2273/4698/2385
f 2276/4705/2388 1908/3794/2021 1906/3793/2020
f 2276/4705/2388 1906/3793/2020 2275/4706/2389
f 2276/4705/2388 2275/4706/2389 2277/4707/2390
f 2276/4708/2388 2277/4709/2390 2278/4710/2391
f 2276/4708/2388 2278/4710/2391 2279/3799/2023
f 2276/4705/2388 2279/4711/2023 1908/3794/2021
f 1903/3782/2017 1902/3781/2016 2280/4712/2392
f 1903/3782/2017 2280/4712/2392 1939/3883/2046
f 1903/3784/2017 1939/3875/2046 2079/4242/2167
f 1903/3784/2017 2079/4242/2167 1771/3810/1862
f 1919/3828/2033 1918/3827/2032 2381/4713/2393
f 1919/4714/2033 2381/4715/2393 2554/4716/2394
f 1919/4714/2033 2554/4716/2394 2491/3711/1982
f 1919/4714/2033 2491/3711/1982 1871/3710/1981
f 2281/4717/2395 1670/3223/1205 1669/3222/1757
f 2281/4717/2395 1669/3222/1757 2165/4444/2267
f 2281/4717/2395 2165/4444/2267 2080/4243/2190
f 2281/4717/2395 2080/4243/2190 1998/4052/2118
f 2281/4717/2395 1998/4052/2118 1997/4051/1206
f 2281/4717/2395 1997/4051/1206 1670/3223/1205
f 2126/4356/2234 2125/4355/2233 2215/4559/2318
f 2126/4356/2234 2215/4559/2318 2113/4558/2225
f 2126/4357/2234 2113/4330/2225 2112/4329/2224
f 2282/4718/2396 1694/3268/1776 1782/3489/1875
f 2282/4719/2396 1782/4720/1875 2677/4721/2397
f 2282/4719/2396 2677/4721/2397 2283/4722/2398
f 2282/4723/2396 2283/4724/2398 2505/3270/1777
f 2282/4723/2396 2505/3270/1777 1694/3269/1776
f 1996/4047/2117 2000/4046/2116 2284/4058/2120
f 1996/4048/2117 2284/4725/2120 2285/4726/2188
f 1996/4048/2117 2285/4726/2188 2057/4190/2170
f 2286/4727/2186 2074/4728/2185 2287/4729/2399
f 2286/4730/2186 2287/4731/2399 2430/4732/2400
f 2286/4730/2186 2430/4732/2400 2429/3497/1880
f 2286/4730/2186 2429/3497/1880 1608/3079/1699
f 2288/4733/2401 2293/4482/2282 2289/4481/2281
f 2288/4734/2401 2289/4735/2281 2290/4736/2402
f 2288/4734/2401 2290/4736/2402 2295/4737/2403
f 2288/4733/2401 2295/4738/2403 2291/4739/2404
f 2288/4733/2401 2291/4739/2404 2293/4482/2282
f 2001/3880/2048 2000/4046/2116 1931/3858/2043
f 2292/4740/2405 2293/4741/2282 2291/4742/2404
f 2292/4740/2405 2291/4742/2404 2297/4743/2406
f 2292/4740/2405 2297/4743/2406 2294/4744/2407
f 2292/4740/2405 2294/4744/2407 2179/4745/2280
f 2292/4740/2405 2179/4745/2280 2178/4746/2279
f 2292/4740/2405 2178/4746/2279 2293/4741/2282
f 2295/4747/2403 2290/4748/2402 2296/4749/2408
f 2295/4747/2403 2296/4749/2408 2297/4750/2406
f 2295/4751/2403 2297/4752/2406 2291/4753/2404
f 2084/4754/2192 1788/3511/1886 1787/3510/1885
f 2084/4754/2192 1787/3510/1885 2298/4755/2409
f 2084/4754/2192 2298/4755/2409 2830/4756/2410
f 2084/4754/2192 2830/4756/2410 1944/4757/2052
f 2299/4758/2411 1945/3893/1596 1944/3892/2052
f 2299/4759/2411 1944/4760/2052 2830/4761/2410
f 2299/4762/2411 2830/4763/2410 2423/4764/2378
f 2299/4762/2411 2423/4764/2378 2266/4765/2380
f 2299/4766/2411 2266/4678/2380 1945/4677/1596
f 2300/4767/2412 2254/4654/2369 2301/4768/2413
f 2300/4767/2412 2301/4768/2413 2325/4769/2414
f 2300/4767/2412 2325/4769/2414 2336/4770/2415
f 2300/4767/2412 2336/4770/2415 2302/4771/2416
f 2300/4767/2412 2302/4771/2416 2303/4772/2417
f 2300/4767/2412 2303/4772/2417 2319/4655/2370
f 2300/4767/2412 2319/4655/2370 2254/4654/2369
f 2304/4773/2418 2254/4654/2369 2261/4667/2374
f 2304/4774/2418 2261/4775/2374 2305/4776/2419
f 2304/4774/2418 2305/4776/2419 2306/4777/2420
f 2304/4774/2418 2306/4777/2420 2307/4778/2421
f 2304/4773/2418 2307/4779/2421 2301/4768/2413
f 2304/4773/2418 2301/4768/2413 2254/4654/2369
f 2311/4780/2422 2307/4779/2421 2315/4781/2423
f 2311/4780/2422 2315/4781/2423 2308/4782/2424
f 2311/4783/2422 2308/4784/2424 1332/2471/1409
f 2311/4783/2422 1332/2471/1409 2309/4785/2425
f 2311/4783/2422 2309/4785/2425 2310/4786/2426
f 2311/4787/2422 2310/4788/2426 2325/4789/2414
f 2311/4780/2422 2325/4769/2414 2301/4768/2413
f 2311/4780/2422 2301/4768/2413 2307/4779/2421
f 2312/4790/2427 2307/4778/2421 2306/4777/2420
f 2312/4790/2427 2306/4777/2420 2313/4791/2428
f 2312/4790/2427 2313/4791/2428 2832/4792/2429
f 2312/4790/2427 2832/4792/2429 2314/4793/2430
f 2312/4790/2427 2314/4793/2430 2315/4794/2423
f 2312/4790/2427 2315/4794/2423 2307/4778/2421
f 1791/3523/1889 1790/3522/1410 1332/2471/1409
f 1791/3523/1889 1332/2471/1409 2308/4784/2424
f 1791/4795/1889 2308/4782/2424 2315/4781/2423
f 1791/4796/1889 2315/4794/2423 2316/4797/2431
f 1791/3525/1889 2316/4798/2431 1934/3869/2045
f 2316/4797/2431 2315/4794/2423 2314/4793/2430
f 2316/4797/2431 2314/4793/2430 2832/4792/2429
f 2316/4797/2431 2832/4792/2429 2720/4799/2432
f 2316/4800/2431 2720/4801/2432 1934/4802/2045
f 2317/4803/2198 2089/4260/2196 2087/4259/2195
f 2317/4803/2198 2087/4259/2195 2318/4804/2433
f 2317/4805/2198 2318/4806/2433 2319/4807/2370
f 2317/4263/2198 2319/4655/2370 2303/4772/2417
f 2317/4263/2198 2303/4772/2417 2090/4264/2199
f 2321/4808/2434 2183/4495/1291 1222/2211/1287
f 2321/4808/2434 1222/2211/1287 1220/2210/1286
f 2321/4809/2434 1220/2982/1286 2320/4810/2435
f 2321/4811/2434 2320/4812/2435 2687/4813/2436
f 2321/4811/2434 2687/4813/2436 2322/4814/2437
f 2321/4808/2434 2322/4815/2437 2837/4496/2287
f 2321/4808/2434 2837/4496/2287 2183/4495/1291
f 2323/4816/2438 2310/4786/2426 2309/4785/2425
f 2323/4817/2438 2309/4818/2425 2730/4819/2439
f 2323/4817/2438 2730/4819/2439 2731/4820/2440
f 2323/4817/2438 2731/4820/2440 2324/4821/2441
f 2323/4816/2438 2324/4822/2441 2325/4823/2414
f 2323/4816/2438 2325/4823/2414 2310/4786/2426
f 1789/3514/1888 854/1478/875 853/1477/874
f 1789/3514/1888 853/1477/874 1946/4824/2054
f 1789/3514/1888 1946/4824/2054 2326/4825/2442
f 1789/3516/1888 2326/4826/2442 1255/2273/1324
f 1789/3516/1888 1255/2273/1324 1253/3517/1323
f 1567/2980/1655 822/1397/838 2622/4827/1653
f 1567/2980/1655 2622/4827/1653 2327/4828/2443
f 1567/2981/1655 2327/4829/2443 2320/4810/2435
f 1567/2981/1655 2320/4810/2435 1220/2982/1286
f 2328/4830/2444 2176/4472/2274 2175/4471/2278
f 2328/4830/2444 2175/4471/2278 2329/4831/2445
f 2328/4830/2444 2329/4831/2445 2904/4832/2446
f 2328/4830/2444 2904/4832/2446 2330/4833/2447
f 2328/4830/2444 2330/4833/2447 2331/4834/1651
f 2328/4830/2444 2331/4834/1651 2176/4472/2274
f 2331/4835/1651 1563/4836/1650 2176/4837/2274
f 2333/4838/2448 2325/4823/2414 2324/4822/2441
f 2333/4838/2448 2324/4822/2441 2332/4839/2449
f 2333/4840/2448 2332/4841/2449 2334/4842/2450
f 2333/4843/2448 2334/4844/2450 2335/4845/2451
f 2333/4838/2448 2335/4846/2451 2336/4847/2415
f 2333/4838/2448 2336/4847/2415 2325/4823/2414
f 1814/4848/1915 1812/4849/1913 2011/4078/2129
f 1814/4848/1915 2011/4078/2129 2010/4077/1904
f 1814/4848/1915 2010/4077/1904 1803/4088/1903
f 1814/4848/1915 1803/4088/1903 2013/4087/1916
f 2337/4850/2452 1611/3082/1701 1610/3081/1700
f 2337/4850/2452 1610/3081/1700 1718/4851/1800
f 2337/4852/2452 1718/4853/1800 2338/4854/2453
f 2337/4852/2452 2338/4854/2453 2339/4855/2454
f 2337/4850/2452 2339/4856/2454 1950/3907/2059
f 2337/4850/2452 1950/3907/2059 1611/3082/1701
f 2340/3574/1912 1949/3906/2058 2510/4857/2455
f 2340/4858/1912 2510/4859/2455 2012/4860/2130
f 2340/4861/1912 2012/4862/2130 2011/4078/2129
f 2340/4861/1912 2011/4078/2129 1812/4849/1913
f 2341/4863/2456 1806/3351/1808 1725/3350/1807
f 2341/4863/2456 1725/3350/1807 2342/4864/2457
f 2341/4863/2456 2342/4864/2457 2559/4865/2458
f 2341/4863/2456 2559/4865/2458 2343/4866/2459
f 2341/4863/2456 2343/4866/2459 1807/4867/1907
f 2341/4863/2456 1807/4867/1907 1806/3351/1808
f 2344/4868/2460 2023/4109/1660 2022/4108/2137
f 2344/4868/2460 2022/4108/2137 2026/4869/2139
f 2344/4870/2460 2026/4115/2139 2135/4378/2206
f 2344/4870/2460 2135/4378/2206 2345/4871/2205
f 2344/4870/2460 2345/4871/2205 1717/4872/1799
f 2344/4873/2460 1717/3331/1799 2023/2990/1660
f 1000/4874/1041 999/3912/1040 1952/3911/2062
f 1000/4875/1041 1952/4876/2062 2346/4877/2461
f 1000/4875/1041 2346/4877/2461 2347/4878/2462
f 1000/1760/1041 2347/4879/2462 1001/1761/1042
f 2348/4880/2463 1058/1874/1106 1065/1894/1117
f 2348/4880/2463 1065/1894/1117 1026/1812/1070
f 2348/4880/2463 1026/1812/1070 2359/4881/2464
f 2348/4880/2463 2359/4881/2464 2349/4882/2465
f 2348/4880/2463 2349/4882/2465 2350/4883/2466
f 2348/4880/2463 2350/4883/2466 1058/1874/1106
f 2350/4884/2466 2349/4885/2465 2351/4886/2467
f 2350/4884/2466 2351/4886/2467 2352/4887/2468
f 2350/4884/2466 2352/4887/2468 1059/4888/1107
f 2350/4883/2466 1059/1875/1107 1058/1874/1106
f 2098/4291/2211 2097/4290/2210 2353/4889/2469
f 2098/4291/2211 2353/4889/2469 1358/2528/1430
f 2098/4291/2211 1358/2528/1430 1357/2527/1429
f 2098/4291/2211 1357/2527/1429 2136/3004/1667
f 1843/3649/1952 919/1599/946 918/1598/945
f 1843/3649/1952 918/1598/945 1358/2528/1430
f 1843/3649/1952 1358/2528/1430 2354/4890/2470
f 1843/3649/1952 2354/4890/2470 2355/4891/2471
f 1843/3649/1952 2355/4891/2471 1844/3650/1953
f 2196/4525/2299 2195/4524/2298 2356/4892/2472
f 2196/4525/2299 2356/4892/2472 2570/4893/2473
f 2196/4525/2299 2570/4893/2473 2357/4894/2474
f 2196/4895/2299 2357/4896/2474 1021/1804/1066
f 2196/4897/2299 1021/4898/1066 2358/4899/1065
f 2357/4896/2474 2570/4900/2473 2359/4901/2464
f 2357/4896/2474 2359/4901/2464 1026/1810/1070
f 2357/4896/2474 1026/1810/1070 1021/1804/1066
f 2102/4302/2217 1590/3037/1681 2361/3036/1680
f 2102/4902/2217 2361/4903/1680 1646/4904/1736
f 2102/4902/2217 1646/4904/1736 2360/4905/2475
f 2102/4304/2217 2360/4906/2475 2103/4305/2218
f 1646/3166/1736 2361/4907/1680 1647/3167/1734
f 2362/4908/2476 969/1701/1005 2138/4382/2245
f 2362/4908/2476 2138/4382/2245 2363/4909/2477
f 2362/4910/2476 2363/4911/2477 2364/4912/2478
f 2362/4910/2476 2364/4912/2478 2214/4555/2317
f 2362/4910/2476 2214/4555/2317 2365/4913/1090
f 2362/4908/2476 2365/1847/1090 969/1701/1005
f 2367/3419/1838 1583/3024/1675 2366/4914/2479
f 2367/4915/1838 2366/4916/2479 2368/4917/2480
f 2367/4918/2481 2674/4919/2482 2368/4920/2483
f 2367/3419/1838 2674/4921/1369 1753/3420/847
f 2273/4698/2385 2274/4704/2387 2369/4922/2484
f 2273/4698/2385 2369/4922/2484 2275/4923/2389
f 2273/4698/2385 2275/4923/2389 1906/4924/2020
f 2273/4698/2385 1906/4924/2020 2048/4699/2019
f 2245/4630/2356 2243/4627/2354 2714/4925/2485
f 2245/4630/2356 2714/4925/2485 2370/4926/2486
f 2245/4630/2356 2370/4926/2486 2251/4640/2361
f 2245/4630/2356 2251/4640/2361 2250/4631/1849
f 2371/4927/2487 2256/4618/2348 2319/4928/2370
f 2371/4927/2487 2319/4928/2370 2318/4929/2433
f 2371/4930/2487 2318/4931/2433 2422/4932/2488
f 2371/4930/2487 2422/4932/2488 2372/4933/2349
f 2371/4927/2487 2372/4619/2349 2256/4618/2348
f 2165/4444/2267 1669/3222/1757 1668/3221/1756
f 2165/4444/2267 1668/3221/1756 2166/4445/2165
f 2373/4934/2489 2058/4935/2171 2057/4936/2170
f 2373/4934/2489 2057/4936/2170 2432/4937/2490
f 2373/4934/2489 2432/4937/2490 2374/4938/2491
f 2373/4939/2489 2374/4940/2491 2375/4941/2492
f 2373/4942/2489 2375/4943/2492 2376/4944/2493
f 2373/4942/2489 2376/4944/2493 2377/4945/2494
f 2373/4942/2489 2377/4945/2494 2058/4946/2171
f 2377/4945/2494 2376/4944/2493 2549/4947/2495
f 2377/4948/2494 2549/4949/2495 2076/3493/1878
f 2377/4948/2494 2076/3493/1878 2059/3492/1877
f 2377/4950/2494 2059/4194/1877 2058/4193/2171
f 2378/4951/2496 1918/3826/2032 1916/3820/2030
f 2378/4951/2496 1916/3820/2030 2264/4672/2377
f 2378/4952/2496 2264/4953/2377 2495/4954/2497
f 2378/4952/2496 2495/4954/2497 2379/4955/2498
f 2378/4956/2496 2379/4957/2498 2380/4958/2499
f 2378/4956/2496 2380/4958/2499 2381/4959/2393
f 2378/4956/2496 2381/4959/2393 1918/4960/2032
f 2382/4961/2500 1045/1848/1091 2365/1847/1090
f 2382/4962/2500 2365/4913/1090 2214/4555/2317
f 2382/4962/2500 2214/4555/2317 2383/4963/2501
f 2382/4962/2500 2383/4963/2501 2352/4887/2468
f 2382/4962/2500 2352/4887/2468 2384/4964/1110
f 2382/4961/2500 2384/1885/1110 1045/1848/1091
f 2169/4452/2271 2179/4479/2280 2435/4965/2502
f 2169/4454/2271 2435/4966/2502 1992/4038/2113
f 2169/4454/2271 1992/4038/2113 1926/3847/2038
f 1778/3480/1870 1698/3279/1782 1697/3278/1781
f 1778/3480/1870 1697/3278/1781 2080/4243/2190
f 1778/3480/1870 2080/4243/2190 2165/4444/2267
f 2385/4967/2503 1939/3883/2046 2280/4712/2392
f 2385/4967/2503 2280/4712/2392 2386/4968/2504
f 2385/4967/2503 2386/4968/2504 2582/4969/2505
f 2385/4967/2503 2582/4969/2505 1940/3884/2049
f 2385/4967/2503 1940/3884/2049 1939/3883/2046
f 2387/4970/2506 2388/4971/2507 1511/2852/1108
f 2387/4970/2506 1511/2852/1108 1059/4888/1107
f 2387/4970/2506 1059/4888/1107 2352/4887/2468
f 2387/4970/2506 2352/4887/2468 2383/4963/2501
f 2174/4468/2277 2173/4467/2276 2248/4636/2358
f 2174/4468/2277 2248/4636/2358 3266/4972/2508
f 2174/4468/2277 3266/4972/2508 2389/4973/2509
f 2174/4470/2277 2389/4974/2509 2329/4831/2445
f 2174/4470/2277 2329/4831/2445 2175/4471/2278
f 2302/4975/2416 2336/4847/2415 2335/4846/2451
f 2302/4975/2416 2335/4846/2451 2390/4976/2510
f 2302/4975/2416 2390/4976/2510 2391/4977/2511
f 2302/4975/2416 2391/4977/2511 2090/4978/2199
f 2302/4771/2416 2090/4264/2199 2303/4772/2417
f 2391/4979/2511 2390/4980/2510 2392/4981/2512
f 2391/4979/2511 2392/4981/2512 2393/4982/2513
f 2391/4979/2511 2393/4982/2513 2507/4983/2514
f 2391/4977/2511 2507/4984/2514 2506/4985/2515
f 2391/4977/2511 2506/4985/2515 2188/4506/2200
f 2391/4977/2511 2188/4506/2200 2090/4978/2199
f 2395/3902/2055 1808/3901/1908 2556/4986/2516
f 2395/3902/2055 2556/4986/2516 2394/4987/2517
f 2395/4988/2055 2394/4989/2517 2396/4990/2518
f 2395/4988/2055 2396/4990/2518 2342/4991/2457
f 2395/4992/2055 2342/4993/2457 2014/4094/2056
f 2342/4993/2457 1725/3349/1807 2014/4094/2056
f 1951/3908/2060 1950/3907/2059 2339/4856/2454
f 1951/3909/2060 2339/4994/2454 2397/4995/2519
f 1951/3909/2060 2397/4995/2519 1518/2859/1609
f 1951/3909/2060 1518/2859/1609 1517/2858/1608
f 2398/4996/2520 1025/1809/1069 2384/1885/1110
f 2398/4997/2520 2384/4964/1110 2352/4887/2468
f 2398/4997/2520 2352/4887/2468 2351/4886/2467
f 2398/4997/2520 2351/4886/2467 2399/4998/2521
f 2398/4996/2520 2399/4999/2521 2195/4524/2298
f 2398/4996/2520 2195/4524/2298 1025/1809/1069
f 2028/4118/2141 1527/2880/1617 1573/2995/1662
f 2028/4120/2141 1573/5000/1662 2567/5001/2522
f 2028/4120/2141 2567/5001/2522 2338/4854/2453
f 2028/4120/2141 2338/4854/2453 2029/4121/2142
f 2402/5002/2523 2403/3613/1935 2400/3612/1934
f 2402/5003/2523 2400/5004/1934 2401/5005/2524
f 2402/5003/2523 2401/5005/2524 2521/5006/2525
f 2402/5007/2523 2521/5008/2525 1828/5009/1936
f 2402/5007/2523 1828/5009/1936 2403/5010/1935
f 1841/3644/1951 2853/3643/1665 2404/5011/2526
f 1841/3644/1951 2404/5011/2526 2522/5012/2527
f 1841/3644/1951 2522/5012/2527 2401/5013/2524
f 1841/3644/1951 2401/5013/2524 2400/3610/1934
f 2622/2977/1653 822/1395/838 820/1394/837
f 2405/5014/2528 2200/4381/2244 2199/4530/2302
f 2405/5015/2528 2199/5016/2302 2406/5017/2529
f 2405/5014/2528 2406/5018/2529 2363/4909/2477
f 2405/5014/2528 2363/4909/2477 2138/4382/2245
f 2405/5014/2528 2138/4382/2245 2200/4381/2244
f 2407/5019/2530 1268/2298/1339 1400/2604/1476
f 2407/5019/2530 1400/2604/1476 1733/5020/1816
f 2407/5021/2530 1733/5022/1816 2408/5023/2531
f 2407/5021/2530 2408/5023/2531 2409/5024/2532
f 2407/5019/2530 2409/5025/2532 1269/2299/1340
f 2407/5019/2530 1269/2299/1340 1268/2298/1339
f 2410/5026/2533 2411/5027/1232 1173/2106/1231
f 2410/5026/2533 1173/2106/1231 2412/5028/2534
f 2410/5026/2533 2412/5028/2534 2413/5029/2535
f 2410/5030/2533 2413/5031/2535 2414/5032/2536
f 2410/5026/2533 2414/5033/2536 2411/5027/1232
f 2414/5032/2536 2413/5031/2535 2415/5034/2537
f 2414/5032/2536 2415/5034/2537 2106/4321/2220
f 2414/5035/2536 2106/4319/2220 2411/2108/1232
f 2366/4914/2479 1583/3024/1675 1582/3023/1674
f 2366/4916/2479 1582/5036/1674 2035/5037/2149
f 2366/4916/2479 2035/5037/2149 2416/5038/2538
f 2366/4916/2479 2416/5038/2538 2368/4917/2480
f 2227/4589/2332 2894/4588/2331 2899/5039/2539
f 2227/4589/2332 2899/5039/2539 2869/5040/2540
f 2227/4589/2332 2869/5040/2540 2161/4433/2264
f 2227/4589/2332 2161/4433/2264 2160/4432/2263
f 2418/5041/2541 2372/4933/2349 2417/5042/2542
f 2418/5043/2541 2417/5044/2542 2419/5045/2543
f 2418/5043/2541 2419/5045/2543 2822/5046/2544
f 2418/5043/2541 2822/5046/2544 2821/5047/2545
f 2418/5043/2541 2821/5047/2545 2420/5048/2546
f 2418/5049/2541 2420/5050/2546 2239/5051/2350
f 2418/5049/2541 2239/5051/2350 2372/5052/2349
f 2422/4932/2488 2318/4931/2433 2421/5053/2547
f 2422/5054/2488 2421/5055/2547 2603/5056/2548
f 2422/5054/2488 2603/5056/2548 2419/5045/2543
f 2422/5054/2488 2419/5045/2543 2417/5044/2542
f 2422/4932/2488 2417/5042/2542 2372/4933/2349
f 2265/5057/2379 2423/5058/2378 2424/5059/2549
f 2265/5057/2379 2424/5059/2549 2425/5060/2550
f 2265/4675/2379 2425/5061/2550 1902/3779/2016
f 2265/4675/2379 1902/3779/2016 1762/3447/1851
f 2252/4641/2362 2251/4640/2361 2370/4926/2486
f 2252/4641/2362 2370/4926/2486 2717/5062/2551
f 2252/4641/2362 2717/5062/2551 2259/5063/2371
f 2252/4641/2362 2259/5063/2371 2258/4642/2363
f 2426/5064/2386 1909/3800/2024 2279/3799/2023
f 2426/5064/2386 2279/3799/2023 2278/4710/2391
f 2426/5064/2386 2278/4710/2391 2640/5065/2552
f 2426/5064/2386 2640/5065/2552 2427/5066/2553
f 2426/5067/2386 2427/5068/2553 2274/5069/2387
f 2072/4223/2184 2071/4222/2183 2379/4957/2498
f 2072/5070/2184 2379/4955/2498 2495/4954/2497
f 2072/5070/2184 2495/4954/2497 2167/4446/2268
f 2072/5070/2184 2167/4446/2268 2061/4201/2175
f 2428/5071/2554 1604/3069/1696 2429/3498/1880
f 2428/5072/2554 2429/5073/1880 2430/5074/2400
f 2428/5072/2554 2430/5074/2400 2431/5075/2555
f 2428/5072/2554 2431/5075/2555 2432/5076/2556
f 2428/5077/2554 2432/5078/2556 1928/5079/2040
f 2428/5080/2554 1928/3850/2040 1604/3071/1696
f 2432/5076/2556 2431/5075/2555 2433/5081/2557
f 2432/5082/2556 2433/5083/2557 2434/5084/2558
f 2432/4937/2556 2434/5085/2558 2057/4936/2559
f 2432/4937/2556 2057/4936/2559 2074/4728/2185
f 2432/4937/2556 2074/4728/2185 1928/5086/2040
f 2057/4936/2559 2434/5085/2558 2485/5087/2560
f 2057/4936/2559 2485/5087/2560 2287/4729/2399
f 2057/4936/2559 2287/4729/2399 2074/4728/2185
f 2435/4965/2502 2179/4479/2280 2294/5088/2407
f 2435/4965/2502 2294/5088/2407 2296/4749/2408
f 2435/4965/2502 2296/4749/2408 2290/4748/2402
f 2435/5089/2502 2290/4736/2402 2289/4735/2281
f 2435/4966/2502 2289/4480/2281 1992/4038/2113
f 2436/4665/2373 2260/4664/2372 2719/5090/2561
f 2436/4665/2373 2719/5090/2561 2437/5091/2562
f 2436/5092/2373 2437/5093/2562 2305/4776/2419
f 2436/5092/2373 2305/4776/2419 2261/4775/2374
f 2298/4755/2409 1787/3510/1885 1940/3885/2049
f 2298/4755/2409 1940/3885/2049 2438/5094/2563
f 2298/5095/2409 2438/5096/2563 2439/5097/2564
f 2298/5095/2409 2439/5097/2564 2830/5098/2410
f 2186/5099/2290 2440/5100/1899 2012/5101/2130
f 2186/4502/2290 2012/5102/2130 2441/5103/2565
f 2186/4502/2290 2441/5103/2565 2843/5104/2566
f 2186/4502/2290 2843/5104/2566 2187/4503/2291
f 2442/5105/2567 1459/2729/1539 1458/2728/1538
f 2442/5106/2567 1458/5107/1538 2443/5108/2568
f 2442/5106/2567 2443/5108/2568 2444/5109/2569
f 2442/5106/2567 2444/5109/2569 2096/5110/2209
f 2442/5106/2567 2096/5110/2209 2445/5111/1706
f 2442/5105/2567 2445/3092/1706 1459/2729/1539
f 2447/5112/2570 1619/2749/1548 2446/5113/2571
f 2447/5114/2570 2446/5115/2571 2448/5116/2572
f 2447/5117/2570 2448/5118/2572 2451/5119/2573
f 2447/5117/2570 2451/5119/2573 2449/5120/1441
f 2447/5112/2570 2449/2541/1441 1619/2749/1548
f 2450/5121/2574 1619/3099/1548 2907/3098/1708
f 2450/5121/2574 2907/3098/1708 2906/5122/2575
f 2450/5121/2574 2906/5122/2575 2925/5123/2576
f 2450/5121/2574 2925/5123/2576 2924/5124/2577
f 2450/5125/2574 2924/5126/2577 2928/5127/2578
f 2450/5125/2574 2928/5127/2578 2446/5113/2571
f 2450/5125/2574 2446/5113/2571 1619/2749/1548
f 2451/5119/2573 2448/5118/2572 2531/5128/2579
f 2451/5119/2573 2531/5128/2579 2452/5129/2580
f 2451/5130/2573 2452/5131/2580 2453/5132/2581
f 2451/5133/2573 2453/5134/2581 2454/5135/2582
f 2451/5133/2573 2454/5135/2582 2449/5136/1441
f 2455/5137/1442 2449/5136/1441 2454/5135/2582
f 2455/5137/1442 2454/5135/2582 2456/5138/2583
f 2455/5139/1442 2456/5140/2583 2928/5141/2578
f 2455/5139/1442 2928/5141/2578 2457/5142/2584
f 2455/2544/1442 2457/5143/2584 1578/3009/1669
f 2455/2544/1442 1578/3009/1669 1366/2545/1443
f 1380/2567/1458 1379/2566/1457 2458/5144/2585
f 1380/5145/1458 2458/5146/2585 2459/5147/2586
f 1380/2569/1458 2459/5148/2586 2464/5149/2587
f 1380/2569/1458 2464/5149/2587 2461/5150/2588
f 1380/2569/1458 2461/5150/2588 2460/2570/1459
f 1731/5151/1814 2460/5152/1459 2461/5153/2588
f 1731/5151/1814 2461/5153/2588 2462/5154/2589
f 1731/5155/1814 2462/5156/2589 2463/5157/2590
f 1731/3373/1814 2463/5158/2590 1732/3374/1815
f 2462/5154/2589 2461/5153/2588 2464/5159/2587
f 2462/5154/2589 2464/5159/2587 2465/5160/2591
f 2462/5156/2589 2465/5161/2591 2573/5162/2592
f 2462/5156/2589 2573/5162/2592 2463/5157/2590
f 2459/5147/2586 2458/5146/2585 2818/5163/2593
f 2459/5147/2586 2818/5163/2593 2465/5164/2591
f 2459/5147/2586 2465/5164/2591 2464/5165/2587
f 2468/5166/2311 2207/5167/2310 2466/5168/2594
f 2468/5166/2311 2466/5168/2594 2467/5169/1834
f 2468/5170/2311 2467/3413/1834 923/1605/950
f 2468/5170/2311 923/1605/950 921/5171/948
f 2469/5172/2305 1475/2111/1235 1175/2110/1234
f 2469/5172/2305 1175/2110/1234 1862/3692/1974
f 2469/5173/2305 1862/5174/1974 2470/5175/2595
f 2469/5173/2305 2470/5175/2595 2203/5176/2306
f 2471/5177/2067 769/1299/784 1749/5178/1835
f 2471/5179/2067 1749/5180/1835 2472/5181/2596
f 2471/5179/2067 2472/5181/2596 2473/5182/2597
f 2471/5177/2067 2473/5183/2597 770/1300/785
f 2471/5177/2067 770/1300/785 769/1299/784
f 2474/5184/2598 1752/2381/1378 1751/5185/1837
f 2474/5186/2598 1751/5187/1837 2475/5188/2599
f 2474/5186/2598 2475/5188/2599 2707/5189/2600
f 2474/5186/2598 2707/5189/2600 1888/5190/2000
f 2474/5184/2598 1888/3745/2000 1304/2382/1379
f 2474/5184/2598 1304/2382/1379 1752/2381/1378
f 2476/5191/2601 1038/1831/1082 1037/1830/1081
f 2476/5191/2601 1037/1830/1081 2235/4615/2345
f 2476/5192/2601 2235/4613/2345 2234/4612/2344
f 2476/5192/2601 2234/4612/2344 2477/5193/2602
f 2476/5192/2601 2477/5193/2602 2478/5194/1626
f 2476/5191/2601 2478/2900/1626 1038/1831/1082
f 2479/5195/2304 2202/4556/2303 2364/4912/2478
f 2479/5195/2304 2364/4912/2478 2480/5196/2603
f 2479/5195/2304 2480/5196/2603 2481/5197/2604
f 2479/4536/2304 2481/5198/2604 2535/5199/2605
f 2479/4536/2304 2535/5199/2605 2198/4537/2301
f 2364/4912/2478 2202/4556/2303 2214/4555/2317
f 2483/3165/1735 1643/3156/1731 1642/3155/1730
f 2483/3165/1735 1642/3155/1730 2482/5200/1744
f 2483/5201/1735 2482/5202/1744 2484/5203/2606
f 2483/5204/1735 2484/5205/2606 2360/4906/2475
f 2483/5206/1735 2360/4905/2475 1646/4904/1736
f 2420/5048/2546 2821/5047/2545 2699/5207/2607
f 2420/5050/2546 2699/5208/2607 2042/4153/2159
f 2420/5050/2546 2042/4153/2159 2041/4152/2158
f 2420/5050/2546 2041/4152/2158 2239/5051/2350
f 2485/5209/2560 2434/5084/2558 2433/5083/2557
f 2485/5210/2560 2433/5211/2557 2555/5212/2608
f 2485/5210/2560 2555/5212/2608 2287/5213/2399
f 2488/5214/2609 2491/5215/1982 2554/5216/2394
f 2488/5214/2609 2554/5216/2394 2486/5217/2610
f 2488/5218/2609 2486/5219/2610 2487/5220/2611
f 2488/5221/2609 2487/5222/2611 2489/5223/2612
f 2488/5224/2609 2489/5225/2612 2504/5226/2613
f 2488/5224/2609 2504/5226/2613 2593/5227/2614
f 2488/5224/2609 2593/5227/2614 2490/5228/2615
f 2488/5224/2609 2490/5228/2615 2491/5229/1982
f 2490/5230/2615 2593/5231/2614 2602/5232/2616
f 2490/5230/2615 2602/5232/2616 2601/5233/2617
f 2490/5230/2615 2601/5233/2617 2262/4668/2375
f 2490/5230/2615 2262/4668/2375 2491/3713/1982
f 2492/5234/2618 2057/4190/2170 2285/4726/2188
f 2492/5235/2618 2285/4233/2188 2433/4232/2187
f 2492/5235/2618 2433/4232/2187 2675/5236/2619
f 2492/5235/2618 2675/5236/2619 2600/5237/2620
f 2492/5238/2618 2600/5239/2620 2546/5240/2621
f 2492/5238/2618 2546/5240/2621 2432/5241/2490
f 2492/5238/2618 2432/5241/2490 2057/5242/2170
f 2494/5243/2622 1781/5244/1874 2118/5245/2228
f 2494/5243/2622 2118/5245/2228 2493/5246/2623
f 2494/5243/2622 2493/5246/2623 2495/4954/2624
f 2494/5247/2622 2495/5248/2624 2642/5249/2625
f 2494/5247/2622 2642/5249/2625 2496/5250/2626
f 2494/5247/2622 2496/5250/2626 1781/3486/1874
f 2496/5251/2626 2642/5252/2625 2497/5253/2627
f 2496/5251/2626 2497/5253/2627 2677/4721/2397
f 2496/5251/2626 2677/4721/2397 1782/4720/1875
f 2496/5250/2626 1782/3487/1875 1781/3486/1874
f 2498/5254/2628 2489/5223/2612 2487/5222/2611
f 2498/5255/2628 2487/5220/2611 2486/5219/2610
f 2498/5256/2628 2486/5257/2610 2499/5258/2629
f 2498/5256/2628 2499/5258/2629 2500/5259/2630
f 2498/5254/2628 2500/5260/2630 2489/5223/2612
f 2503/5261/2631 2489/5223/2612 2500/5260/2630
f 2503/5262/2631 2500/5259/2630 2501/5263/2632
f 2503/5262/2631 2501/5263/2632 2502/5264/2633
f 2503/5265/2631 2502/5266/2633 2504/5267/2613
f 2503/5261/2631 2504/5268/2613 2489/5223/2612
f 2493/5246/2623 2118/5245/2228 2505/5269/1777
f 2493/5270/2623 2505/3270/1777 2283/4724/2398
f 2493/5270/2623 2283/4724/2398 2379/5271/2634
f 2493/5246/2635 2379/4955/2636 2495/4954/2637
f 2297/4750/2406 2296/4749/2408 2294/5088/2407
f 2506/5272/2515 2507/5273/2514 2508/5274/2638
f 2506/5272/2515 2508/5274/2638 2189/5275/2292
f 2506/4985/2515 2189/4507/2292 2188/4506/2200
f 2510/4857/2455 1949/3906/2058 2509/5276/2639
f 2510/4857/2455 2509/5276/2639 2682/5277/2640
f 2510/5278/2455 2682/5279/2640 2441/5280/2565
f 2510/4859/2455 2441/5281/2565 2012/4860/2130
f 2185/4500/2289 2184/4499/2288 2511/5282/2641
f 2185/4500/2289 2511/5282/2641 2512/5283/2642
f 2185/4501/2289 2512/5284/2642 1007/1770/1049
f 2185/4501/2289 1007/1770/1049 1230/2230/1297
f 2512/5283/2642 2511/5282/2641 1955/5285/2067
f 2512/5286/2642 1955/3922/2067 1009/1773/1050
f 2512/5286/2642 1009/1773/1050 1007/1772/1049
f 2515/5287/2643 1247/2259/1317 1957/3928/1836
f 2515/5288/2643 1957/5289/1836 2513/5290/2644
f 2515/5288/2643 2513/5290/2644 2514/5291/1955
f 2515/5292/2643 2514/3653/1955 1248/2261/1318
f 2515/5292/2643 1248/2261/1318 1247/2260/1317
f 2516/3913/2063 1518/2859/1609 2397/4995/2519
f 2516/5293/2063 2397/5294/2519 2567/5001/2522
f 2516/5295/2063 2567/5296/2522 2517/5297/2066
f 2516/5298/2063 2517/5299/2066 2518/5300/2064
f 1829/3617/1937 1828/3616/1936 2523/5301/2645
f 1829/3617/1937 2523/5301/2645 2519/5302/2646
f 1829/3618/1937 2519/5303/2646 2940/5304/2647
f 1829/3618/1937 2940/5304/2647 2520/5305/2648
f 1829/3618/1937 2520/5305/2648 1349/2510/1423
f 2521/5006/2525 2401/5005/2524 2522/5306/2527
f 2521/5307/2525 2522/5308/2527 2519/5309/2646
f 2521/5307/2525 2519/5309/2646 2523/5310/2645
f 2521/5008/2525 2523/5311/2645 1828/5009/1936
f 2524/3939/2077 1246/2258/1316 1844/3651/1953
f 2524/5312/2077 1844/5313/1953 2525/5314/2649
f 2524/5312/2077 2525/5314/2649 2526/5315/2650
f 2524/5312/2077 2526/5315/2650 1961/5316/2072
f 2399/4998/2521 2351/4886/2467 2527/5317/2651
f 2399/4998/2521 2527/5317/2651 2528/5318/2652
f 2399/4999/2521 2528/5319/2652 2356/4892/2472
f 2399/4999/2521 2356/4892/2472 2195/4524/2298
f 1846/5320/1956 2514/5291/1955 2529/5321/2653
f 1846/5320/1956 2529/5321/2653 2530/5322/2654
f 1846/5323/1956 2530/5324/2654 2097/4290/2210
f 1846/5323/1956 2097/4290/2210 1847/1673/987
f 2532/5325/2655 2531/5326/2579 2448/5327/2572
f 2532/5328/2655 2448/5116/2572 2446/5115/2571
f 2532/5329/2655 2446/5330/2571 2928/5331/2578
f 2532/5329/2655 2928/5331/2578 2629/5332/2656
f 2532/5329/2655 2629/5332/2656 2534/5333/2657
f 2532/5334/2655 2534/5335/2657 2531/5336/2579
f 2534/5333/2657 2629/5332/2656 2533/5337/2658
f 2534/5338/2657 2533/5339/2658 2452/5131/2580
f 2534/5338/2657 2452/5131/2580 2531/5340/2579
f 2199/4528/2302 2198/4527/2301 2535/5341/2605
f 2199/5016/2302 2535/5342/2605 2481/5197/2604
f 2199/5016/2302 2481/5197/2604 2406/5017/2529
f 2536/5343/2659 620/1031/650 1029/1816/1073
f 2536/5343/2659 1029/1816/1073 1028/1815/1072
f 2536/5343/2659 1028/1815/1072 2635/5344/2660
f 2536/5345/2659 2635/5346/2660 2537/5347/2661
f 2536/5348/2659 2537/5349/2661 2538/5350/2662
f 2536/5348/2659 2538/5350/2662 620/1033/650
f 2538/5351/2662 2537/5347/2661 2413/5031/2535
f 2538/5350/2662 2413/5029/2535 2539/5352/2663
f 2538/5350/2662 2539/5352/2663 2540/5353/2664
f 2538/5350/2662 2540/5353/2664 621/1034/651
f 2538/5350/2662 621/1034/651 620/1033/650
f 2541/5354/2665 1849/3660/1958 1848/3659/1957
f 2541/5355/2665 1848/5356/1957 2819/5357/2151
f 2541/5358/2665 2819/4408/2151 2931/5359/2666
f 2541/5358/2665 2931/5359/2666 2542/5360/1961
f 2541/5361/2665 2542/3667/1961 1849/3666/1958
f 2480/5196/2603 2364/4912/2478 2363/4911/2477
f 2480/5196/2603 2363/4911/2477 2406/5017/2529
f 2480/5196/2603 2406/5017/2529 2481/5197/2604
f 2155/5362/2256 2154/5363/1740 2543/5364/2667
f 2155/5362/2256 2543/5364/2667 2484/5205/2606
f 2155/5362/2256 2484/5205/2606 2482/5365/1744
f 2155/5362/2256 2482/5365/1744 1655/5366/1742
f 2544/5367/2382 2047/4160/2162 2045/4158/2160
f 2544/5367/2382 2045/4158/2160 2829/5368/2366
f 2544/5367/2382 2829/5368/2366 2545/5369/2668
f 2544/4686/2382 2545/5370/2668 2715/4687/2383
f 2374/5371/2491 2432/5241/2490 2546/5240/2621
f 2374/5372/2491 2546/5373/2621 2547/5374/2669
f 2374/5375/2491 2547/5376/2669 2548/5377/2670
f 2374/4940/2491 2548/5378/2670 2375/4941/2492
f 2433/4232/2187 2076/4231/1878 2549/5379/2495
f 2433/4232/2187 2549/5379/2495 2675/5236/2619
f 2550/5380/2671 2589/5381/2672 2592/5382/2673
f 2550/5380/2671 2592/5382/2673 2551/5383/2674
f 2550/5384/2671 2551/5385/2674 2552/5386/2675
f 2550/5384/2671 2552/5386/2675 2553/5387/2676
f 2550/5380/2671 2553/5388/2676 2067/5389/2180
f 2550/5380/2671 2067/5389/2180 2589/5381/2672
f 2380/4958/2499 2379/4957/2498 2646/5390/2677
f 2380/4958/2499 2646/5390/2677 2647/5391/2678
f 2380/4958/2499 2647/5391/2678 2554/5392/2394
f 2380/4958/2499 2554/5392/2394 2381/4959/2393
f 2555/5393/2608 2433/5081/2557 2431/5075/2555
f 2555/5393/2608 2431/5075/2555 2430/5074/2400
f 2555/5393/2608 2430/5074/2400 2287/5394/2399
f 2556/5395/2516 1808/3567/1908 1807/3566/1907
f 2556/5395/2516 1807/3566/1907 2343/5396/2459
f 2556/5397/2516 2343/5398/2459 2557/5399/2679
f 2556/4986/2516 2557/5400/2679 2394/4987/2517
f 2396/4990/2518 2394/4989/2517 2558/5401/2680
f 2396/4990/2518 2558/5401/2680 2649/5402/2681
f 2396/4990/2518 2649/5402/2681 2559/5403/2458
f 2396/5404/2518 2559/5405/2458 2342/5406/2457
f 2508/5274/2638 2507/5273/2514 2725/5407/2285
f 2508/5274/2638 2725/5407/2285 2092/5408/2203
f 2508/5274/2638 2092/5408/2203 2560/5409/2202
f 2508/5410/2638 2560/4271/2202 2189/4507/2292
f 2561/5411/2682 857/1488/880 1001/1761/1042
f 2561/5411/2682 1001/1761/1042 2347/4879/2462
f 2561/5411/2682 2347/4879/2462 2563/5412/2683
f 2561/5411/2682 2563/5412/2683 2562/5413/2684
f 2561/5411/2682 2562/5413/2684 857/1488/880
f 2562/5414/2684 2563/5415/2683 2564/5416/2685
f 2562/5414/2684 2564/5416/2685 2443/5108/2568
f 2562/5414/2684 2443/5108/2568 1815/5417/1917
f 2562/5413/2684 1815/3580/1917 857/1488/880
f 2565/5418/2686 1717/3331/1799 2345/4277/2205
f 2565/5418/2686 2345/4277/2205 2030/4124/2143
f 2565/5418/2686 2030/4124/2143 2029/4123/2142
f 2565/5419/2686 2029/4121/2142 2338/4854/2453
f 2565/5419/2686 2338/4854/2453 1718/4853/1800
f 2565/5418/2686 1718/3332/1800 1717/3331/1799
f 2349/4882/2465 2359/4881/2464 2571/5420/2687
f 2349/4882/2465 2571/5420/2687 2566/5421/2688
f 2349/4885/2465 2566/5422/2688 2527/5317/2651
f 2349/4885/2465 2527/5317/2651 2351/4886/2467
f 2443/5108/2568 1458/5107/1538 1815/5417/1917
f 2567/5423/2522 1573/3920/1662 2517/3919/2066
f 2569/5424/2689 1830/3956/1942 2568/3955/2085
f 2569/5425/2689 2568/5426/2085 2939/5427/2690
f 2569/5425/2689 2939/5427/2690 2095/4508/2207
f 2569/5428/2689 2095/5429/2207 1831/5430/1943
f 2569/5431/2689 1831/3626/1943 1830/3625/1942
f 2570/4893/2473 2356/4892/2472 2528/5319/2652
f 2570/5432/2473 2528/5318/2652 2566/5422/2688
f 2570/5432/2473 2566/5422/2688 2571/5433/2687
f 2570/4900/2473 2571/5434/2687 2359/4901/2464
f 2572/5435/2691 1379/2566/1457 1378/2565/1455
f 2572/5436/2691 1378/2563/1455 2463/5158/2590
f 2572/5435/2691 2463/5437/2590 2573/5438/2592
f 2572/5435/2691 2573/5438/2592 2818/5439/2593
f 2572/5435/2691 2818/5439/2593 2458/5144/2585
f 2572/5435/2691 2458/5144/2585 1379/2566/1457
f 2540/5353/2664 2539/5352/2663 2574/5440/2692
f 2540/5353/2664 2574/5440/2692 3131/1914/1127
f 2540/5353/2664 3131/1914/1127 664/1113/687
f 2540/5353/2664 664/1113/687 621/1034/651
f 2103/4305/2218 2360/4906/2475 2543/5364/2667
f 2103/4305/2218 2543/5364/2667 2154/5363/1740
f 2103/4306/2218 2154/5441/1740 1637/3144/1726
f 2575/5442/2153 2576/5443/2152 2577/5444/2693
f 2575/5442/2153 2577/5444/2693 2209/4547/2312
f 2575/5442/2153 2209/4547/2312 2208/4546/1020
f 2575/4142/2153 2208/1722/1020 982/1721/1019
f 2578/5445/2694 2215/4561/2318 2125/5446/2233
f 2578/5445/2694 2125/5446/2233 2579/5447/2695
f 2578/5445/2694 2579/5447/2695 2607/5448/2696
f 2578/5445/2694 2607/5448/2696 2580/5449/2697
f 2578/5445/2694 2580/5449/2697 2581/5450/2320
f 2578/5445/2694 2581/5450/2320 2217/4562/2319
f 2578/5445/2694 2217/4562/2319 2215/4561/2318
f 2386/4968/2504 2280/4712/2392 1902/3781/2016
f 2386/4968/2504 1902/3781/2016 2425/5451/2550
f 2386/5452/2504 2425/5060/2550 2424/5059/2549
f 2386/5452/2504 2424/5059/2549 2582/5453/2505
f 2423/4674/2378 2050/3759/2004 2266/4679/2380
f 2584/5454/2026 1776/5455/1869 1775/5456/1868
f 2584/5457/2026 1775/3473/1868 1934/4037/2045
f 2584/5457/2026 1934/4037/2045 2583/5458/2698
f 2584/5459/2026 2583/5460/2698 2585/5461/2699
f 2584/5462/2026 2585/5463/2699 2242/5464/2353
f 2586/5465/2700 2589/5381/2672 2067/5389/2180
f 2586/5465/2700 2067/5389/2180 2064/5466/2179
f 2586/5467/2700 2064/4211/2179 2168/4448/2269
f 2586/5468/2700 2168/5469/2269 2587/5470/2701
f 2586/5468/2700 2587/5470/2701 2588/5471/2702
f 2586/5472/2700 2588/5473/2702 2589/5474/2672
f 2590/5475/2703 2589/5474/2672 2588/5473/2702
f 2590/5476/2703 2588/5471/2702 2591/5477/2704
f 2590/5476/2703 2591/5477/2704 2594/5478/2705
f 2590/5475/2703 2594/5479/2705 2592/5480/2673
f 2590/5475/2703 2592/5480/2673 2589/5474/2672
f 2502/5481/2633 2501/5482/2632 2602/5232/2616
f 2502/5481/2633 2602/5232/2616 2593/5231/2614
f 2502/5266/2633 2593/5483/2614 2504/5267/2613
f 2551/5383/2674 2592/5382/2673 2594/5484/2705
f 2551/5385/2674 2594/5485/2705 2591/5486/2704
f 2551/5385/2674 2591/5486/2704 2595/5487/2706
f 2551/5385/2674 2595/5487/2706 2552/5386/2675
f 2598/5488/2707 2548/5377/2670 2547/5376/2669
f 2598/5489/2707 2547/5490/2669 2596/5491/2708
f 2598/5489/2707 2596/5491/2708 2597/5492/2709
f 2598/5493/2707 2597/5494/2709 2599/5495/2710
f 2598/5496/2707 2599/5497/2710 2548/5378/2670
f 2599/5495/2710 2597/5494/2709 2600/5237/2620
f 2599/5495/2710 2600/5237/2620 2375/5498/2492
f 2599/5497/2710 2375/4941/2492 2548/5378/2670
f 2596/5499/2708 2547/5374/2669 2546/5373/2621
f 2596/5499/2708 2546/5373/2621 2600/5500/2620
f 2596/5501/2708 2600/5237/2620 2597/5494/2709
f 2499/5258/2629 2486/5257/2610 2601/5502/2617
f 2499/5258/2629 2601/5502/2617 2602/5503/2616
f 2499/5504/2629 2602/5232/2616 2501/5482/2632
f 2499/5258/2629 2501/5263/2632 2500/5259/2630
f 2603/5505/2548 2421/5506/2547 2318/4804/2433
f 2603/5505/2548 2318/4804/2433 2087/4259/2195
f 2603/5505/2548 2087/4259/2195 2180/4486/2284
f 2603/5507/2548 2180/4492/2284 2604/5508/2711
f 2603/5056/2548 2604/5509/2711 2419/5045/2543
f 2582/5453/2505 2424/5059/2549 2439/5097/2564
f 2582/5453/2505 2439/5097/2564 2438/5096/2563
f 2582/4969/2505 2438/5510/2563 1940/3884/2049
f 2124/4515/2230 2191/4514/2294 2605/5511/2712
f 2124/5512/2230 2605/5513/2712 2606/5514/2713
f 2124/5512/2230 2606/5514/2713 2607/5515/2696
f 2124/5512/2230 2607/5515/2696 2579/5516/2695
f 2124/5517/2230 2579/5447/2695 2125/5446/2233
f 2608/5518/2714 1948/4505/2057 2187/4504/2291
f 2608/5519/2714 2187/5520/2291 2609/5521/2715
f 2608/5522/2714 2609/5523/2715 2509/5276/2639
f 2608/5522/2714 2509/5276/2639 1949/3906/2058
f 2608/5522/2714 1949/3906/2058 1948/3905/2057
f 2346/4877/2461 1952/4876/2062 1963/5524/2079
f 2346/4877/2461 1963/5524/2079 2610/5525/2716
f 2346/4877/2461 2610/5525/2716 2611/5526/2717
f 2346/4877/2461 2611/5526/2717 2347/4878/2462
f 2610/5525/2716 1963/5524/2079 1964/5527/2078
f 2610/5525/2716 1964/5527/2078 2612/5528/2081
f 2610/5525/2716 2612/5528/2081 2613/5529/2718
f 2610/5525/2716 2613/5529/2718 2611/5526/2717
f 2614/5530/2719 2615/5531/1331 1354/5532/1427
f 2614/5533/2719 1354/2519/1427 2849/2290/1333
f 2614/5533/2719 2849/2290/1333 1263/2289/1332
f 2614/5533/2719 1263/2289/1332 2615/2288/1331
f 2616/5534/2720 2622/2977/1653 1565/2976/1652
f 2616/5534/2720 1565/2976/1652 2617/5535/2721
f 2616/5534/2720 2617/5535/2721 2619/5536/2722
f 2616/5534/2720 2619/5536/2722 2618/5537/2723
f 2616/5534/2720 2618/5537/2723 2622/2977/1653
f 2618/5538/2723 2619/5539/2722 2620/5540/2724
f 2618/5538/2723 2620/5540/2724 2621/5541/2725
f 2618/5538/2723 2621/5541/2725 2327/5542/2443
f 2618/5543/2723 2327/5544/2443 2622/5545/1653
f 2623/5546/2726 659/1105/682 699/1178/717
f 2623/5547/2726 699/1177/717 2624/5548/2727
f 2623/5547/2726 2624/5548/2727 2657/5549/2728
f 2623/5547/2726 2657/5549/2728 2625/5550/2729
f 2623/5551/2726 2625/5552/2729 2626/5553/2730
f 2623/5546/2726 2626/5554/2730 2627/5555/2731
f 2623/5546/2726 2627/5555/2731 659/1105/682
f 2627/5555/2731 2626/5554/2730 2628/5556/2732
f 2627/5555/2731 2628/5556/2732 2846/3950/2082
f 2627/5555/2731 2846/3950/2082 660/1106/683
f 2627/5555/2731 660/1106/683 659/1105/682
f 2533/5557/2658 2629/5558/2656 2456/5138/2583
f 2533/5557/2658 2456/5138/2583 2453/5134/2581
f 2533/5339/2658 2453/5132/2581 2452/5131/2580
f 2456/5138/2583 2454/5135/2582 2453/5134/2581
f 2630/5559/2733 770/1300/785 2473/5183/2597
f 2630/5559/2733 2473/5183/2597 2782/5560/2734
f 2630/5559/2733 2782/5560/2734 2211/4550/2314
f 2630/5561/2733 2211/4549/2314 2631/5562/2735
f 2630/5561/2733 2631/5562/2735 2632/5563/2736
f 2630/5561/2733 2632/5563/2736 770/1301/785
f 2632/5564/2736 2631/5565/2735 2633/5566/2737
f 2632/5564/2736 2633/5566/2737 2634/5567/2738
f 2632/5564/2736 2634/5567/2738 1750/5568/1836
f 2632/5563/2736 1750/3416/1836 770/1301/785
f 2635/5344/2660 1028/1815/1072 1035/1827/1079
f 2635/5569/2660 1035/1826/1079 2152/2778/1561
f 2635/5569/2660 2152/2778/1561 2636/5570/2739
f 2635/5346/2660 2636/5571/2739 2537/5347/2661
f 2107/4322/2221 2106/4321/2220 2415/5034/2537
f 2107/4322/2221 2415/5034/2537 2637/5572/2740
f 2107/4322/2221 2637/5572/2740 2638/5573/2741
f 2107/4322/2221 2638/5573/2741 2038/5574/2155
f 2107/4322/2221 2038/5574/2155 2108/4323/2154
f 2639/5575/2742 2269/4688/2364 2715/4687/2383
f 2639/5576/2742 2715/5577/2383 2427/5578/2553
f 2639/5576/2742 2427/5578/2553 2640/5579/2552
f 2639/5580/2742 2640/5065/2552 2641/5581/2743
f 2639/5580/2742 2641/5581/2743 2794/5582/2744
f 2639/5580/2742 2794/5582/2744 2253/4645/2365
f 2639/5580/2742 2253/4645/2365 2269/4644/2364
f 2642/5249/2625 2495/5248/2497 2264/5583/2377
f 2642/5249/2625 2264/5583/2377 2263/5584/2376
f 2642/5252/2625 2263/4669/2376 2497/5253/2627
f 2642/5249/2745 2167/4447/2746 2495/5248/2747
f 2642/5249/2748 2495/5248/2747 2680/5585/2749
f 2642/5586/2625 2680/5587/2750 2643/5588/2751
f 2642/5586/2625 2643/5588/2751 2644/5589/2752
f 2642/5586/2625 2644/5589/2752 2168/5469/2269
f 2642/5249/2625 2168/4448/2269 2167/4447/2268
f 2071/5590/2183 2067/5389/2180 2553/5388/2676
f 2071/5591/2183 2553/5387/2676 2587/5592/2701
f 2071/5593/2183 2587/5470/2701 2645/5594/2753
f 2071/5593/2183 2645/5594/2753 2644/5589/2752
f 2071/5593/2183 2644/5589/2752 2646/5595/2677
f 2071/4222/2183 2646/5390/2677 2379/4957/2498
f 2647/5596/2678 2646/5597/2677 2497/5253/2627
f 2647/5596/2678 2497/5253/2627 2263/4669/2376
f 2647/5596/2678 2263/4669/2376 2601/5233/2617
f 2647/5391/2678 2601/5502/2617 2486/5257/2610
f 2647/5391/2678 2486/5257/2610 2554/5392/2394
f 2595/5598/2706 2591/5477/2704 2588/5471/2702
f 2595/5598/2706 2588/5471/2702 2587/5470/2701
f 2595/5487/2706 2587/5592/2701 2553/5387/2676
f 2595/5487/2706 2553/5387/2676 2552/5386/2675
f 2648/5599/2754 2649/5600/2681 2558/5601/2680
f 2648/5599/2754 2558/5601/2680 2650/5602/2755
f 2648/5603/2754 2650/5604/2755 2651/5605/2756
f 2648/5603/2754 2651/5605/2756 2652/5606/2757
f 2648/5607/2754 2652/5608/2757 2649/5609/2681
f 2652/5606/2757 2651/5605/2756 2557/5399/2679
f 2652/5606/2757 2557/5399/2679 2343/5398/2459
f 2652/5608/2757 2343/4866/2459 2559/4865/2458
f 2652/5608/2757 2559/4865/2458 2649/5609/2681
f 2133/4374/2242 2132/4373/2236 2653/5610/2758
f 2133/4374/2242 2653/5610/2758 2654/5611/2759
f 2133/4374/2242 2654/5611/2759 2655/5612/2760
f 2133/4374/2242 2655/5612/2760 1574/5613/1663
f 2133/4374/2242 1574/5613/1663 1568/4375/1656
f 2527/5317/2651 2566/5422/2688 2528/5318/2652
f 1164/2091/1222 1064/1893/1116 2656/5614/2761
f 1164/5615/1222 2656/5616/2761 2657/5617/2728
f 1164/2092/1222 2657/5549/2728 2624/5548/2727
f 1164/2092/1222 2624/5548/2727 699/1177/717
f 2353/4889/2469 2097/4290/2210 2530/5324/2654
f 2353/4889/2469 2530/5324/2654 2658/5618/2762
f 2353/4889/2469 2658/5618/2762 2354/4890/2470
f 2353/4889/2469 2354/4890/2470 1358/2528/1430
f 2660/5619/2763 2220/4585/2323 2224/4584/2328
f 2660/5619/2763 2224/4584/2328 2659/5620/2327
f 2660/5621/2763 2659/4581/2327 2661/5622/2764
f 2660/5623/2763 2661/5624/2764 2662/5625/2765
f 2660/5623/2763 2662/5625/2765 2220/4573/2323
f 2662/5626/2765 2661/5622/2764 2663/5627/2766
f 2662/5625/2765 2663/5628/2766 2664/5629/2767
f 2662/5625/2765 2664/5629/2767 3351/5630/2768
f 2662/5625/2765 3351/5630/2768 2667/5631/2769
f 2662/5625/2765 2667/5631/2769 2666/4574/2324
f 2662/5625/2765 2666/4574/2324 2220/4573/2323
f 2665/5632/2770 2221/4577/2325 2666/5633/2324
f 2665/5634/2770 2666/4574/2324 2667/5631/2769
f 2665/5632/2770 2667/5635/2769 2668/5636/2771
f 2665/5632/2770 2668/5636/2771 2669/5637/2772
f 2665/5632/2770 2669/5637/2772 2670/5638/2773
f 2665/5632/2770 2670/5638/2773 2221/4577/2325
f 2670/5638/2773 2669/5637/2772 3253/5639/2774
f 2670/5638/2773 3253/5639/2774 2226/5640/2330
f 2670/5638/2773 2226/5640/2330 1894/3765/2007
f 2670/5638/2773 1894/3765/2007 1893/3764/2006
f 2670/5638/2773 1893/3764/2006 2221/4577/2325
f 1855/5641/1965 2144/4391/1964 2671/5642/2775
f 1855/5641/1965 2671/5642/2775 2672/5643/2776
f 1855/5641/1965 2672/5643/2776 2416/5038/2538
f 1855/5641/1965 2416/5038/2538 2035/5037/2149
f 1855/3679/1965 2035/4134/2149 1623/3104/1710
f 2368/4917/2480 2416/5038/2538 2673/5644/2777
f 2368/4917/2480 2673/5644/2777 1295/5645/1370
f 2368/4917/2480 1295/5645/1370 2674/5646/1369
f 2039/4145/2156 1127/2012/1183 1188/2134/1250
f 2376/5647/2493 2375/5498/2492 2600/5237/2620
f 2376/5647/2493 2600/5237/2620 2675/5236/2619
f 2376/4944/2493 2675/5648/2619 2549/4947/2495
f 2277/5649/2390 2275/5650/2389 2793/5651/2778
f 2277/5649/2390 2793/5651/2778 2641/5652/2743
f 2277/4709/2390 2641/5581/2743 2640/5065/2552
f 2277/4709/2390 2640/5065/2552 2278/4710/2391
f 2676/5653/2779 2495/5654/2780 2379/5655/2781
f 2676/5656/2782 2379/5271/2634 2283/4724/2398
f 2676/5657/2782 2283/4722/2398 2677/4721/2397
f 2676/5658/2782 2677/5659/2397 2497/5660/2627
f 2676/5658/2782 2497/5660/2627 2679/5661/2783
f 2676/5658/2782 2679/5661/2783 2678/5662/2784
f 2676/5663/2782 2678/5664/2784 2495/4954/2785
f 2678/5665/2784 2679/5666/2783 2643/5667/2751
f 2678/5665/2784 2643/5667/2751 2680/5668/2750
f 2678/5664/2784 2680/5669/2750 2495/4954/2785
f 2650/5670/2755 2558/5671/2680 2394/4987/2517
f 2650/5670/2755 2394/4987/2517 2557/5400/2679
f 2650/5604/2755 2557/5399/2679 2651/5605/2756
f 2617/5535/2721 1565/2976/1652 2331/2975/1651
f 2617/5535/2721 2331/2975/1651 2330/5672/2447
f 2617/5535/2721 2330/5672/2447 2979/5673/2786
f 2617/5535/2721 2979/5673/2786 3205/5674/2787
f 2617/5535/2721 3205/5674/2787 2619/5536/2722
f 2681/5675/2788 2441/5280/2565 2682/5279/2640
f 2681/5676/2788 2682/5677/2640 2760/5678/2789
f 2681/5676/2788 2760/5678/2789 2761/5679/2790
f 2681/5680/2788 2761/5681/2790 2843/5104/2566
f 2681/5680/2788 2843/5104/2566 2441/5103/2565
f 2127/4358/2235 1229/2229/1296 1228/2228/1295
f 2683/3947/2080 1729/3371/1812 2096/4289/2209
f 2683/5682/2080 2096/5110/2209 2444/5109/2569
f 2683/5682/2080 2444/5109/2569 2684/5683/2791
f 2683/5682/2080 2684/5683/2791 2613/5529/2718
f 2683/5682/2080 2613/5529/2718 2612/5528/2081
f 2686/5684/2792 2327/5542/2443 2621/5541/2725
f 2686/5684/2792 2621/5541/2725 2685/5685/2793
f 2686/5686/2792 2685/5687/2793 2687/4813/2436
f 2686/5688/2792 2687/5689/2436 2320/4810/2435
f 2686/5688/2792 2320/4810/2435 2327/4829/2443
f 1177/2113/1236 1121/2000/1174 1120/1999/1173
f 1177/2113/1236 1120/1999/1173 2688/2368/1375
f 1177/5690/1236 2688/5691/1375 2689/5692/2794
f 1177/5690/1236 2689/5692/2794 1178/5693/1237
f 2690/5694/1358 1282/5695/1241 2691/5696/2795
f 2690/5694/1358 2691/5696/2795 2692/5697/2796
f 2690/5694/1358 2692/5697/2796 2693/5698/1257
f 2690/2326/1358 2693/2148/1257 1194/2146/1255
f 2694/5699/2797 2212/5700/1973 2695/5701/2315
f 2694/5699/2797 2695/5701/2315 2696/5702/2798
f 2694/5699/2797 2696/5702/2798 2470/5175/2595
f 2694/5699/2797 2470/5175/2595 1862/5174/1974
f 2694/5699/2797 1862/5174/1974 2212/5700/1973
f 2477/5193/2602 2234/4612/2344 2233/4611/2343
f 2477/5193/2602 2233/4611/2343 2697/5703/2799
f 2477/5193/2602 2697/5703/2799 2210/5704/2313
f 2477/5193/2602 2210/5704/2313 2478/5194/1626
f 2484/5205/2606 2543/5364/2667 2360/4906/2475
f 2698/5705/2800 1883/5706/1997 2042/5707/2159
f 2698/5708/2800 2042/5709/2159 2699/5710/2607
f 2698/5711/2800 2699/5712/2607 2700/5713/2801
f 2698/5714/2800 2700/5715/2801 2701/5716/2802
f 2698/5705/2800 2701/5717/2802 1883/5706/1997
f 2701/5718/2802 2700/5713/2801 2702/5719/2803
f 2701/5718/2802 2702/5719/2803 2703/5720/2334
f 2701/5718/2802 2703/5720/2334 1884/3739/1998
f 2701/5718/2802 1884/3739/1998 1883/3738/1997
f 2704/5721/2341 1310/2149/1258 2693/2148/1257
f 2704/5722/2341 2693/5698/1257 2692/5697/2796
f 2704/5723/2341 2692/5724/2796 2705/5725/2804
f 2704/4607/2341 2705/5726/2804 2232/4608/2342
f 2707/5189/2600 2475/5188/2599 2634/5567/2738
f 2707/5189/2600 2634/5567/2738 2706/5727/2805
f 2707/5728/2600 2706/5729/2805 2708/5730/2001
f 2707/5731/2600 2708/3748/2001 1888/3747/2000
f 2246/5732/2357 2709/5733/2337 2710/5734/2806
f 2246/5732/2357 2710/5734/2806 2711/5735/2807
f 2246/5732/2357 2711/5735/2807 2688/2367/1375
f 2246/5732/2357 2688/2367/1375 1299/2366/1374
f 2712/5736/2808 2242/4626/2353 2585/5737/2699
f 2712/5738/2808 2585/5461/2699 2713/5739/2809
f 2712/5738/2808 2713/5739/2809 2714/5740/2485
f 2712/5736/2808 2714/4925/2485 2243/4627/2354
f 2712/5736/2808 2243/4627/2354 2242/4626/2353
f 2715/5741/2383 2545/5742/2668 2369/4922/2484
f 2715/5741/2383 2369/4922/2484 2274/4704/2387
f 2715/5743/2383 2274/5069/2387 2427/5068/2553
f 2716/5744/2810 2259/4663/2371 2717/5745/2551
f 2716/5746/2810 2717/5747/2551 2718/5748/2811
f 2716/5746/2810 2718/5748/2811 2719/5749/2561
f 2716/5746/2810 2719/5749/2561 2260/5750/2372
f 2716/5744/2810 2260/4664/2372 2259/4663/2371
f 2168/5469/2269 2644/5589/2752 2645/5594/2753
f 2168/5469/2269 2645/5594/2753 2587/5470/2701
f 2262/4668/2375 2601/5233/2617 2263/4669/2376
f 2583/5458/2698 1934/4037/2045 2720/5751/2432
f 2583/5460/2698 2720/5752/2432 2721/5753/2812
f 2583/5460/2698 2721/5753/2812 2722/5754/2813
f 2583/5460/2698 2722/5754/2813 2585/5461/2699
f 2723/5755/2814 2306/4777/2420 2305/4776/2419
f 2723/5755/2814 2305/4776/2419 2437/5093/2562
f 2723/5756/2814 2437/5757/2562 2724/5758/2815
f 2723/5756/2814 2724/5758/2815 2313/5759/2428
f 2723/5755/2814 2313/4791/2428 2306/4777/2420
f 2725/5760/2285 2507/4983/2514 2393/4982/2513
f 2725/5760/2285 2393/4982/2513 2790/5761/2816
f 2725/5760/2285 2790/5761/2816 2726/5762/2817
f 2725/5760/2285 2726/5762/2817 2419/5045/2543
f 2725/5760/2285 2419/5045/2543 2604/5509/2711
f 2725/4491/2285 2604/5508/2711 2180/4492/2284
f 2727/5763/2818 2309/4818/2425 1332/5764/1409
f 2727/5765/2818 1332/2471/1409 1330/2470/1408
f 2727/5765/2818 1330/2470/1408 2728/5766/2819
f 2727/5765/2818 2728/5766/2819 2729/5767/2820
f 2727/5765/2818 2729/5767/2820 2730/5768/2439
f 2727/5763/2818 2730/4819/2439 2309/4818/2425
f 2731/5769/2440 2730/5768/2439 2729/5767/2820
f 2731/5769/2440 2729/5767/2820 2732/5770/2821
f 2731/5769/2440 2732/5770/2821 2733/5771/2822
f 2731/5769/2440 2733/5771/2822 2332/4839/2449
f 2731/5769/2440 2332/4839/2449 2324/4822/2441
f 2734/2284/1328 1256/2274/1325 1255/2273/1324
f 2734/2284/1328 1255/2273/1324 2326/4826/2442
f 2734/5772/1328 2326/5773/2442 2914/5774/2823
f 2734/5772/1328 2914/5774/2823 1260/5775/1329
f 2338/4854/2453 2567/5001/2522 2397/5294/2519
f 2338/4854/2453 2397/5294/2519 2339/4855/2454
f 2735/5776/2824 2736/5777/1919 2737/5778/2075
f 2735/5776/2824 2737/5778/2075 2738/5779/2825
f 2735/5776/2824 2738/5779/2825 2739/5780/2826
f 2735/5776/2824 2739/5780/2826 2740/5781/2827
f 2735/5776/2824 2740/5781/2827 1817/5782/1920
f 2735/5776/2824 1817/5782/1920 2736/5777/1919
f 2741/5783/2073 1961/5316/2072 2526/5315/2650
f 2741/5783/2073 2526/5315/2650 2742/5784/2828
f 2741/5783/2073 2742/5784/2828 2743/5785/2829
f 2741/3931/2073 2743/5786/2829 1959/3932/2074
f 2655/5612/2760 2654/5611/2759 2744/5787/2830
f 2655/5612/2760 2744/5787/2830 2745/5788/2831
f 2655/5612/2760 2745/5788/2831 2746/5789/1664
f 2655/5612/2760 2746/5789/1664 1574/5613/1663
f 2928/5790/2578 2456/5138/2583 2629/5558/2656
f 2747/5791/2832 2751/2104/1229 1096/1954/1150
f 2747/5791/2832 1096/1954/1150 2748/5792/2833
f 2747/5793/2832 2748/5794/2833 2750/5795/2834
f 2747/5793/2832 2750/5795/2834 2749/5796/2835
f 2747/5797/2832 2749/5798/2835 2751/5799/1229
f 2750/5800/2834 2748/5792/2833 3053/5801/2836
f 2750/5800/2834 3053/5801/2836 2412/5028/2534
f 2750/5800/2834 2412/5028/2534 1173/2106/1231
f 2750/5800/2834 1173/2106/1231 2751/2104/1229
f 2750/5802/2834 2751/5803/1229 2749/5804/2835
f 2466/5168/2594 2207/5167/2310 2752/5805/2837
f 2466/5168/2594 2752/5805/2837 2753/5806/2838
f 2466/5168/2594 2753/5806/2838 2472/5181/2596
f 2466/5168/2594 2472/5181/2596 2467/5169/1834
f 2472/5181/2596 1749/5180/1835 2467/5169/1834
f 2577/5444/2693 2576/5443/2152 2754/5807/2839
f 2577/5444/2693 2754/5807/2839 2671/5642/2775
f 2577/5444/2693 2671/5642/2775 2143/4390/2247
f 2577/5444/2693 2143/4390/2247 2209/4547/2312
f 2671/5642/2775 2144/4391/1964 2143/4390/2247
f 1750/5568/1836 2634/5567/2738 2475/5188/2599
f 1750/5568/1836 2475/5188/2599 1751/5187/1837
f 2740/5781/2827 2739/5780/2826 1946/5808/2054
f 2740/5781/2827 1946/5808/2054 2755/5809/2053
f 2740/5781/2827 2755/5809/2053 1817/5782/1920
f 2756/5810/2840 2335/4845/2451 2334/4844/2450
f 2756/5811/2840 2334/5812/2450 2757/5813/2841
f 2756/5814/2840 2757/5815/2841 2758/5816/2842
f 2756/5817/2840 2758/5818/2842 2759/5819/2843
f 2756/5817/2840 2759/5819/2843 2335/5820/2451
f 2759/5821/2843 2758/5822/2842 2989/5823/2844
f 2759/5821/2843 2989/5823/2844 2795/5824/2845
f 2759/5821/2843 2795/5824/2845 2390/4976/2510
f 2759/5821/2843 2390/4976/2510 2335/4846/2451
f 2760/5825/2789 2682/5277/2640 2509/5276/2639
f 2760/5825/2789 2509/5276/2639 2609/5523/2715
f 2760/5826/2789 2609/5521/2715 2761/5827/2790
f 2564/5416/2685 2563/5415/2683 2762/5828/2846
f 2564/5416/2685 2762/5828/2846 2684/5683/2791
f 2564/5416/2685 2684/5683/2791 2444/5109/2569
f 2564/5416/2685 2444/5109/2569 2443/5108/2568
f 2763/5829/2847 2764/5830/2848 2765/5831/2849
f 2763/5832/2847 2765/5833/2849 2775/5834/2850
f 2763/5832/2847 2775/5834/2850 2766/5835/2851
f 2763/5832/2847 2766/5835/2851 3237/5836/2852
f 2763/5832/2847 3237/5836/2852 2836/5837/2853
f 2763/5838/2847 2836/5839/2853 2770/5840/2854
f 2763/5838/2847 2770/5840/2854 2767/5841/2855
f 2763/5829/2847 2767/5842/2855 2764/5830/2848
f 2768/5843/2856 2764/5830/2848 2769/5844/2857
f 2768/5845/2856 2769/5846/2857 2808/5847/2858
f 2768/5845/2856 2808/5847/2858 2773/5848/2859
f 2768/5843/2856 2773/5849/2859 2765/5831/2849
f 2768/5843/2856 2765/5831/2849 2764/5830/2848
f 2767/5842/2855 2770/5850/2854 2807/5851/2860
f 2767/5842/2855 2807/5851/2860 2769/5844/2857
f 2767/5842/2855 2769/5844/2857 2764/5830/2848
f 2513/5290/2644 1957/5289/1836 2771/5852/2070
f 2513/5290/2644 2771/5852/2070 2772/5853/2861
f 2513/5290/2644 2772/5853/2861 2529/5321/2653
f 2513/5290/2644 2529/5321/2653 2514/5291/1955
f 2773/5848/2859 2808/5847/2858 3239/5854/2862
f 2773/5855/2859 3239/5856/2862 2774/5857/2863
f 2773/5855/2859 2774/5857/2863 2775/5858/2850
f 2773/5855/2859 2775/5858/2850 2765/5859/2849
f 2776/5860/2864 1096/1954/1150 1093/1946/1148
f 2776/5860/2864 1093/1946/1148 1092/1945/1147
f 2776/5861/2864 1092/1943/1147 2037/5862/2102
f 2776/5861/2864 2037/5862/2102 2777/5863/2101
f 2776/5860/2864 2777/5864/2101 2748/5792/2833
f 2776/5860/2864 2748/5792/2833 1096/1954/1150
f 1981/3996/2249 1857/3675/1963 1747/3674/1832
f 1981/3996/2103 1867/3704/1979 1865/3703/1977
f 1981/3996/2103 1865/3703/1977 2146/5865/2105
f 1981/5866/2103 2146/5867/2105 2778/5868/2865
f 1981/3996/2214 2778/4398/2866 2101/5869/2215
f 2781/5870/2867 2149/5871/2252 2779/5872/2322
f 2781/5870/2867 2779/5872/2322 2218/5873/2321
f 2781/5874/2867 2218/5875/2321 3090/5876/2868
f 2781/5877/2867 3090/5878/2868 2780/5879/2869
f 2781/5880/2867 2780/5881/2869 2150/5882/2253
f 2781/5883/2867 2150/4406/2253 2149/4405/2252
f 2631/5562/2735 2211/4549/2314 2210/4548/2313
f 2631/5562/2735 2210/4548/2313 2697/5884/2799
f 2631/5565/2735 2697/5703/2799 2633/5566/2737
f 2782/5885/2734 2473/5182/2597 2783/5886/2870
f 2782/5885/2734 2783/5886/2870 2696/5702/2798
f 2782/5885/2734 2696/5702/2798 2695/5701/2315
f 2782/5560/2734 2695/4551/2315 2211/4550/2314
f 2673/5644/2777 2416/5038/2538 2672/5643/2776
f 2673/5644/2777 2672/5643/2776 2754/5807/2839
f 2673/5644/2777 2754/5807/2839 2576/5443/2152
f 2673/5644/2777 2576/5443/2152 1295/5645/1370
f 2784/5887/2871 2709/5733/2337 2785/5888/2335
f 2784/5887/2871 2785/5888/2335 2703/5720/2334
f 2784/5887/2871 2703/5720/2334 2786/5889/2872
f 2784/5887/2871 2786/5889/2872 2787/5890/2873
f 2784/5887/2871 2787/5890/2873 2788/5891/2874
f 2784/5887/2871 2788/5891/2874 2710/5734/2806
f 2784/5887/2871 2710/5734/2806 2709/5733/2337
f 2702/5719/2803 2700/5713/2801 2789/5892/2875
f 2702/5719/2803 2789/5892/2875 2787/5890/2873
f 2702/5719/2803 2787/5890/2873 2786/5889/2872
f 2702/5719/2803 2786/5889/2872 2703/5720/2334
f 2726/5893/2817 2790/5894/2816 2791/5895/2876
f 2726/5893/2817 2791/5895/2876 2792/5896/2877
f 2726/5762/2817 2792/5897/2877 2822/5046/2544
f 2726/5762/2817 2822/5046/2544 2419/5045/2543
f 2793/5898/2778 2275/4923/2389 2369/4922/2484
f 2793/5898/2778 2369/4922/2484 2545/5742/2668
f 2793/5651/2778 2545/5899/2668 2794/5900/2744
f 2793/5651/2778 2794/5900/2744 2641/5652/2743
f 2679/5901/2783 2497/5902/2627 2643/5903/2751
f 2392/4981/2512 2390/4980/2510 2795/5904/2845
f 2392/5905/2512 2795/5906/2845 2796/5907/2878
f 2392/5908/2512 2796/5909/2878 2797/5910/2879
f 2392/5908/2512 2797/5910/2879 2798/5911/2880
f 2392/4981/2512 2798/5912/2880 2393/4982/2513
f 2733/5771/2822 2732/5770/2821 2799/5913/2881
f 2733/5771/2822 2799/5913/2881 2800/5914/2882
f 2733/5771/2822 2800/5914/2882 2757/5915/2841
f 2733/5771/2822 2757/5915/2841 2332/4839/2449
f 2757/5916/2841 2334/4842/2450 2332/4841/2449
f 2611/5526/2717 2613/5529/2718 2762/5828/2846
f 2611/5526/2717 2762/5828/2846 2563/5415/2683
f 2611/5526/2717 2563/5415/2683 2347/4878/2462
f 2802/5917/2883 2393/4982/2513 2798/5912/2880
f 2802/5918/2883 2798/5911/2880 2801/5919/2884
f 2802/5918/2883 2801/5919/2884 2803/5920/2885
f 2802/5921/2883 2803/5922/2885 2804/5923/2886
f 2802/5921/2883 2804/5923/2886 2790/5894/2816
f 2802/5917/2883 2790/5761/2816 2393/4982/2513
f 2805/5924/2887 2605/5925/2712 2191/5926/2294
f 2805/5927/2887 2191/4512/2294 2190/4511/2293
f 2805/5928/2887 2190/5929/2293 2938/5930/2888
f 2805/5931/2887 2938/5932/2888 2806/5933/2889
f 2805/5934/2887 2806/5935/2889 2606/5936/2713
f 2805/5924/2887 2606/5937/2713 2605/5925/2712
f 2807/5851/2860 2770/5850/2854 2835/5938/2890
f 2807/5939/2860 2835/5940/2890 3238/5941/2891
f 2807/5942/2860 3238/5943/2891 2808/5944/2858
f 2807/5945/2860 2808/5847/2858 2769/5846/2857
f 2809/5946/2892 1955/5285/2067 2511/5282/2641
f 2809/5946/2892 2511/5282/2641 2184/4499/2288
f 2809/5946/2892 2184/4499/2288 2838/5947/2893
f 2809/5946/2892 2838/5947/2893 2810/5948/2894
f 2809/5946/2892 2810/5948/2894 2811/5949/2068
f 2809/5946/2892 2811/5949/2068 1955/5285/2067
f 2812/5950/2895 1959/3934/2074 1956/3924/2069
f 2812/5950/2895 1956/3924/2069 2811/3923/2068
f 2812/5951/2895 2811/5949/2068 2810/5948/2894
f 2812/5951/2895 2810/5948/2894 2738/5779/2825
f 2812/5950/2895 2738/5952/2825 2737/3935/2075
f 2812/5950/2895 2737/3935/2075 1959/3934/2074
f 2743/5785/2829 2742/5784/2828 2813/5953/2896
f 2743/5785/2829 2813/5953/2896 2771/5852/2070
f 2743/5786/2829 2771/3927/2070 1956/3926/2069
f 2743/5786/2829 1956/3926/2069 1959/3932/2074
f 2520/5305/2648 2940/5304/2647 2814/5954/2897
f 2520/5305/2648 2814/5954/2897 2815/5955/2208
f 2520/5305/2648 2815/5955/2208 1350/2511/1424
f 2520/5305/2648 1350/2511/1424 1349/2510/1423
f 2355/4891/2471 2354/4890/2470 2816/5956/2898
f 2355/5957/2471 2816/5958/2898 2817/5959/2899
f 2355/5957/2471 2817/5959/2899 2525/5314/2649
f 2355/5957/2471 2525/5314/2649 1844/5313/1953
f 2818/5960/2593 2573/5162/2592 2465/5161/2591
f 1405/5961/1481 2819/5962/2151 2037/5963/2102
f 1405/2612/1481 2037/5862/2102 1092/1943/1147
f 2638/5573/2741 2637/5572/2740 2820/5964/2900
f 2638/5573/2741 2820/5964/2900 2537/5347/2661
f 2638/5573/2741 2537/5347/2661 2636/5571/2739
f 2638/5573/2741 2636/5571/2739 2152/5965/1561
f 2638/5573/2741 2152/5965/1561 2038/5574/2155
f 2152/4414/1561 2039/4145/2156 2038/4144/2155
f 2821/5966/2545 2822/5967/2544 2792/5968/2877
f 2821/5966/2545 2792/5968/2877 2823/5969/2901
f 2821/5966/2545 2823/5969/2901 2824/5970/2902
f 2821/5966/2545 2824/5970/2902 2825/5971/2903
f 2821/5966/2545 2825/5971/2903 2699/5712/2607
f 2825/5972/2903 2824/5973/2902 3014/5974/2904
f 2825/5975/2903 3014/5976/2904 2826/5977/2905
f 2825/5978/2903 2826/5979/2905 3220/5980/2906
f 2825/5971/2903 3220/5981/2906 2789/5892/2875
f 2825/5971/2903 2789/5892/2875 2700/5713/2801
f 2825/5971/2903 2700/5713/2801 2699/5712/2607
f 2706/5727/2805 2634/5567/2738 2633/5566/2737
f 2706/5727/2805 2633/5566/2737 2827/5982/2907
f 2706/5983/2805 2827/5984/2907 2828/5985/2908
f 2706/5983/2805 2828/5985/2908 2223/4578/2326
f 2706/5983/2805 2223/4578/2326 2708/3748/2001
f 2829/5986/2366 2253/5987/2365 2794/5900/2744
f 2829/5986/2366 2794/5900/2744 2545/5899/2668
f 2718/5748/2811 2717/5747/2551 2370/5988/2486
f 2718/5748/2811 2370/5988/2486 2714/5740/2485
f 2718/5748/2811 2714/5740/2485 2713/5739/2809
f 2718/5748/2811 2713/5739/2809 2724/5758/2815
f 2718/5748/2811 2724/5758/2815 2719/5749/2561
f 2713/5739/2809 2585/5461/2699 2722/5754/2813
f 2713/5739/2809 2722/5754/2813 2721/5753/2812
f 2713/5739/2809 2721/5753/2812 2724/5758/2815
f 2831/5989/2909 2423/5990/2378 2830/5991/2410
f 2831/5992/2909 2830/5098/2410 2439/5097/2564
f 2831/5992/2909 2439/5097/2564 2424/5059/2549
f 2831/5992/2909 2424/5059/2549 2423/5058/2378
f 2724/5758/2815 2437/5757/2562 2719/5749/2561
f 2721/5753/2812 2720/5752/2432 2832/5993/2429
f 2721/5753/2812 2832/5993/2429 2313/5759/2428
f 2721/5753/2812 2313/5759/2428 2724/5758/2815
f 2804/5923/2886 2803/5922/2885 3022/5994/2910
f 2804/5923/2886 3022/5994/2910 2833/5995/2911
f 2804/5923/2886 2833/5995/2911 2791/5895/2876
f 2804/5923/2886 2791/5895/2876 2790/5894/2816
f 2834/5996/2912 1946/4824/2054 2739/5997/2826
f 2834/5996/2912 2739/5997/2826 2839/5998/2913
f 2834/5996/2912 2839/5998/2913 2835/5999/2890
f 2834/5996/2912 2835/5999/2890 2770/6000/2854
f 2834/6001/2912 2770/5840/2854 2836/5839/2853
f 2834/5996/2912 2836/6002/2853 2326/4825/2442
f 2834/5996/2912 2326/4825/2442 1946/4824/2054
f 2838/6003/2893 2184/6004/2288 2837/6005/2287
f 2838/6006/2893 2837/4496/2287 2322/4815/2437
f 2838/6006/2893 2322/4815/2437 3023/6007/2914
f 2838/6006/2893 3023/6007/2914 2839/5998/2913
f 2838/5947/2893 2839/6008/2913 2810/5948/2894
f 2840/6009/2915 2795/5824/2845 2989/5823/2844
f 2840/6010/2915 2989/6011/2844 2841/6012/2916
f 2840/6010/2915 2841/6012/2916 2826/6013/2905
f 2840/6010/2915 2826/6013/2905 3015/6014/2917
f 2840/6010/2915 3015/6014/2917 2842/6015/2918
f 2840/6010/2915 2842/6015/2918 2847/6016/2919
f 2840/6017/2915 2847/6018/2919 2796/5907/2878
f 2840/6017/2915 2796/5907/2878 2795/5906/2845
f 2843/6019/2566 2761/5827/2790 2609/5521/2715
f 2843/6019/2566 2609/5521/2715 2187/5520/2291
f 2131/1892/1115 1063/1891/1114 2844/6020/2920
f 2131/6021/1115 2844/6022/2920 2653/5610/2758
f 2131/6021/1115 2653/5610/2758 2132/4373/2236
f 2131/4371/1115 2132/4359/2236 2127/4358/2235
f 2845/6023/2921 1063/6024/1114 1965/6025/2083
f 2845/6026/2921 1965/3951/2083 2846/3950/2082
f 2845/6023/2921 2846/6027/2082 2745/5788/2831
f 2845/6023/2921 2745/5788/2831 2744/5787/2830
f 2845/6023/2921 2744/5787/2830 2653/5610/2758
f 2845/6023/2921 2653/5610/2758 2844/6022/2920
f 2845/6023/2921 2844/6022/2920 1063/6024/1114
f 2797/5910/2879 2796/5909/2878 2847/6028/2919
f 2797/5910/2879 2847/6028/2919 2848/6029/2922
f 2797/5910/2879 2848/6029/2922 2801/5919/2884
f 2797/5910/2879 2801/5919/2884 2798/5911/2880
f 2815/6030/2208 2095/6031/2207 1462/6032/1543
f 2815/6033/2208 1462/2738/1543 1350/2513/1424
f 2849/2290/1333 1354/2519/1427 1353/2518/1426
f 2849/6034/1333 1353/6035/1426 2850/6036/2923
f 2849/6034/1333 2850/6036/2923 2851/6037/2924
f 2849/6034/1333 2851/6037/2924 1264/6038/1334
f 2745/6039/2831 2846/3950/2082 2628/5556/2732
f 2745/6039/2831 2628/5556/2732 2852/6040/2925
f 2745/6039/2831 2852/6040/2925 2404/5011/2526
f 2745/6039/2831 2404/5011/2526 2853/3643/1665
f 2745/5788/2831 2853/6041/1665 2746/5789/1664
f 2854/6042/2926 2619/5536/2722 3205/5674/2787
f 2854/6042/2926 3205/5674/2787 2855/6043/2927
f 2854/6042/2926 2855/6043/2927 3427/6044/2928
f 2854/6042/2926 3427/6044/2928 2856/6045/2929
f 2854/6042/2926 2856/6045/2929 2620/6046/2724
f 2854/6042/2926 2620/6046/2724 2619/5536/2722
f 2857/6047/2930 2775/5858/2850 2774/5857/2863
f 2857/6048/2930 2774/6049/2863 2858/6050/2931
f 2857/6048/2930 2858/6050/2931 2766/5835/2851
f 2857/6048/2930 2766/5835/2851 2775/5834/2850
f 1970/3970/2144 2032/3976/2092 2945/6051/2147
f 1970/4127/2144 2926/6052/2932 2193/4128/2145
f 2859/6053/2933 1378/2561/1455 1377/2560/1454
f 2859/6053/2933 1377/2560/1454 3757/6054/2934
f 2859/6055/2933 3757/6056/2934 2860/6057/2935
f 2859/6055/2933 2860/6057/2935 2861/6058/2936
f 2859/6055/2933 2861/6058/2936 2878/6059/2937
f 2859/6055/2933 2878/6059/2937 2463/5158/2590
f 2859/6055/2933 2463/5158/2590 1378/2563/1455
f 2863/6060/2938 2206/4542/2309 2204/4540/2307
f 2863/6060/2938 2204/4540/2307 2862/6061/2939
f 2863/6062/2938 2862/6063/2939 2864/6064/2940
f 2863/6062/2938 2864/6064/2940 2752/5805/2837
f 2863/6062/2938 2752/5805/2837 2207/5167/2310
f 2863/6060/2938 2207/4543/2310 2206/4542/2309
f 2671/5642/2775 2754/5807/2839 2672/5643/2776
f 2865/6065/2941 2226/4587/2330 3253/6066/2774
f 2865/6067/2941 3253/5639/2774 3254/6068/2942
f 2865/6067/2941 3254/6068/2942 2866/6069/2943
f 2865/6070/2941 2866/6071/2943 2949/6072/2944
f 2865/6070/2941 2949/6072/2944 2867/6073/2945
f 2865/6065/2941 2867/6074/2945 2894/4588/2331
f 2865/6065/2941 2894/4588/2331 2226/4587/2330
f 2868/6075/2946 2161/4433/2264 2869/5040/2540
f 2868/6076/2946 2869/6077/2540 2870/6078/2947
f 2868/6079/2946 2870/6080/2947 3266/4972/2508
f 2868/6079/2946 3266/4972/2508 2248/4636/2358
f 2868/6079/2946 2248/4636/2358 2161/4435/2264
f 2871/6081/2948 2330/4833/2447 2904/4832/2446
f 2871/6081/2948 2904/4832/2446 2872/6082/2949
f 2871/6083/2948 2872/6084/2949 2961/6085/2950
f 2871/6083/2948 2961/6085/2950 2971/6086/2951
f 2871/6087/2948 2971/6088/2951 2873/6089/2952
f 2871/6087/2948 2873/6089/2952 2979/5673/2786
f 2871/6081/2948 2979/6090/2786 2330/4833/2447
f 2656/5614/2761 1064/1893/1116 2131/1892/1115
f 2656/6091/2761 2131/4371/1115 2874/4370/2241
f 2656/6092/2761 2874/6093/2241 3077/6094/2953
f 2656/6092/2761 3077/6094/2953 2657/6095/2728
f 2613/5529/2718 2684/5683/2791 2762/5828/2846
f 2193/6096/2145 3166/6097/2954 3169/6098/2146
f 2193/6096/2145 3169/6098/2146 1978/3985/2097
f 2193/6096/2145 1978/3985/2097 1976/3984/2096
f 2875/6099/2955 1269/2301/1340 2409/6100/2532
f 2875/6101/2955 2409/6102/2532 2876/6103/2956
f 2875/6101/2955 2876/6103/2956 2877/6104/2957
f 2875/6099/2955 2877/6105/2957 1377/2560/1454
f 2875/6099/2955 1377/2560/1454 1269/2301/1340
f 2878/6106/2937 2861/6107/2936 2879/6108/2958
f 2878/6109/2937 2879/6110/2958 2880/6111/2959
f 2878/6109/2937 2880/6111/2959 2895/6112/2960
f 2878/6113/2937 2895/6114/2960 2881/6115/2961
f 2878/6116/2937 2881/6117/2961 1732/3375/1815
f 2878/6059/2937 1732/3374/1815 2463/5158/2590
f 2203/5176/2306 2470/5175/2595 2882/6118/2962
f 2203/5176/2306 2882/6118/2962 2862/6063/2939
f 2203/4539/2306 2862/6061/2939 2204/4540/2307
f 2691/5696/2795 1282/5695/1241 2883/6119/1238
f 2691/5696/2795 2883/6119/1238 1178/5693/1237
f 2691/5696/2795 1178/5693/1237 2689/5692/2794
f 2691/5696/2795 2689/5692/2794 2884/6120/2963
f 2691/5696/2795 2884/6120/2963 2692/5697/2796
f 2882/6118/2962 2470/5175/2595 2696/5702/2798
f 2882/6118/2962 2696/5702/2798 2783/5886/2870
f 2882/6118/2962 2783/5886/2870 2864/6064/2940
f 2882/6118/2962 2864/6064/2940 2862/6063/2939
f 2820/5964/2900 2637/5572/2740 2415/5034/2537
f 2820/5964/2900 2415/5034/2537 2413/5031/2535
f 2820/5964/2900 2413/5031/2535 2537/5347/2661
f 2146/4001/2105 2145/3400/1828 1744/3399/1827
f 2146/4001/2105 1744/3399/1827 3251/6121/2964
f 2146/4001/2105 3251/6121/2964 2885/6122/2965
f 2146/5867/2105 2885/6123/2965 2778/5868/2866
f 2753/5806/2838 2752/5805/2837 2864/6064/2940
f 2753/5806/2838 2864/6064/2940 2783/5886/2870
f 2753/5806/2838 2783/5886/2870 2473/5182/2597
f 2753/5806/2838 2473/5182/2597 2472/5181/2596
f 2833/5995/2911 3022/5994/2910 2886/6124/2966
f 2833/5995/2911 2886/6124/2966 3140/6125/2967
f 2833/5995/2911 3140/6125/2967 2887/6126/2968
f 2833/5995/2911 2887/6126/2968 2792/5896/2877
f 2833/5995/2911 2792/5896/2877 2791/5895/2876
f 2823/5969/2901 2792/5968/2877 2887/6127/2968
f 2823/6128/2901 2887/6129/2968 3140/6130/2967
f 2823/6128/2901 3140/6130/2967 3014/5974/2904
f 2823/6128/2901 3014/5974/2904 2824/5973/2902
f 2711/5735/2807 2710/5734/2806 2888/6131/2874
f 2711/5735/2807 2888/6131/2874 2889/6132/2874
f 2711/5735/2807 2889/6132/2874 2890/6133/2969
f 2711/5735/2807 2890/6133/2969 2692/6134/2796
f 2711/6135/2807 2692/5697/2796 2891/6136/2970
f 2711/6135/2807 2891/6136/2970 2689/5692/2794
f 2711/6137/2807 2689/6138/2794 2688/6139/1375
f 2867/6140/2945 2949/6141/2944 2892/6142/2971
f 2867/6140/2945 2892/6142/2971 2893/6143/2972
f 2867/6140/2945 2893/6143/2972 1733/5022/1816
f 2867/6140/2945 1733/5022/1816 2881/6115/2961
f 2867/6140/2945 2881/6115/2961 2895/6114/2960
f 2867/6144/2945 2895/6145/2960 2894/6146/2331
f 2899/6147/2539 2894/6148/2331 2895/6149/2960
f 2899/6150/2539 2895/6151/2960 2880/6152/2959
f 2899/6150/2539 2880/6152/2959 2896/6153/2973
f 2899/6154/2539 2896/6155/2973 2897/6156/2974
f 2899/6154/2539 2897/6156/2974 2898/6157/2975
f 2899/6158/2539 2898/6159/2975 2870/6078/2947
f 2899/6158/2539 2870/6078/2947 2869/6077/2540
f 2903/6160/2976 2904/4832/2446 2329/4831/2445
f 2903/6160/2976 2329/4831/2445 2389/4974/2509
f 2903/6161/2976 2389/6162/2509 2900/6163/2977
f 2903/6161/2976 2900/6163/2977 2901/6164/2978
f 2903/6165/2976 2901/6166/2978 2902/6167/2979
f 2903/6165/2976 2902/6167/2979 3200/6168/2980
f 2903/6169/2976 3200/6170/2980 3027/6171/2981
f 2903/6169/2976 3027/6171/2981 2905/6172/2982
f 2903/6173/2976 2905/6174/2982 2904/6175/2446
f 2872/6176/2949 2904/6177/2446 2905/6178/2982
f 2872/6179/2949 2905/6180/2982 2906/6181/2575
f 2872/6179/2949 2906/6181/2575 2907/6182/1708
f 2872/6179/2949 2907/6182/1708 2908/6183/2983
f 2872/6179/2949 2908/6183/2983 2909/6184/2984
f 2872/6179/2949 2909/6184/2984 2961/6185/2950
f 2851/6037/2924 2850/6036/2923 2910/6186/2985
f 2851/6037/2924 2910/6186/2985 2911/6187/2986
f 2851/6037/2924 2911/6187/2986 2912/6188/2987
f 2851/6037/2924 2912/6188/2987 2913/6189/2988
f 2851/6190/2924 2913/6191/2988 1330/6192/1408
f 2851/6037/2924 1330/6193/1408 1334/6194/1412
f 2851/6037/2924 1334/6194/1412 1264/6038/1334
f 2913/6189/2988 2912/6188/2987 2914/5774/2823
f 2913/6195/2988 2914/6196/2823 2915/6197/2989
f 2913/6195/2988 2915/6197/2989 2916/6198/2990
f 2913/6195/2988 2916/6198/2990 2917/6199/2990
f 2913/6195/2988 2917/6199/2990 2728/5766/2819
f 2913/6195/2988 2728/5766/2819 1330/2470/1408
f 2919/6200/2991 2766/5835/2851 2858/6050/2931
f 2919/6200/2991 2858/6050/2931 2918/6201/2992
f 2919/6200/2991 2918/6201/2992 3447/6202/2993
f 2919/6203/2991 3447/6204/2993 3237/6205/2852
f 2919/6203/2991 3237/6205/2852 2766/6206/2851
f 2654/5611/2759 2653/5610/2758 2744/5787/2830
f 2920/6207/2994 2801/5919/2884 2848/6029/2922
f 2920/6207/2994 2848/6029/2922 2921/6208/2995
f 2920/6207/2994 2921/6208/2995 2803/5920/2885
f 2920/6207/2994 2803/5920/2885 2801/5919/2884
f 2813/5953/2896 2742/5784/2828 2817/5959/2899
f 2813/5953/2896 2817/5959/2899 2922/6209/2996
f 2813/5953/2896 2922/6209/2996 2772/5853/2861
f 2813/5953/2896 2772/5853/2861 2771/5852/2070
f 2525/5314/2649 2817/5959/2899 2742/5784/2828
f 2525/5314/2649 2742/5784/2828 2526/5315/2650
f 1826/3604/1930 1825/3603/1929 2193/6096/2296
f 1826/3604/1930 2193/6096/2296 3164/6210/2997
f 1826/3604/1930 3164/6210/2997 2946/6211/2998
f 1826/3604/1930 2946/6211/2998 2944/3605/1931
f 2850/6036/2923 1353/6035/1426 1260/5775/1329
f 2850/6036/2923 1260/5775/1329 2914/5774/2823
f 2850/6036/2923 2914/5774/2823 2910/6186/2985
f 2923/6212/2999 2529/5321/2653 2772/5853/2861
f 2923/6212/2999 2772/5853/2861 2922/6209/2996
f 2923/6212/2999 2922/6209/2996 2658/6213/2762
f 2923/6212/2999 2658/6213/2762 2530/5322/2654
f 2923/6212/2999 2530/5322/2654 2529/5321/2653
f 2816/5956/2898 2354/4890/2470 2658/5618/2762
f 2816/5958/2898 2658/6213/2762 2922/6209/2996
f 2816/5958/2898 2922/6209/2996 2817/5959/2899
f 2924/6214/2577 2925/6215/2576 2926/6216/3000
f 2924/6217/2577 2926/6218/3000 2927/6219/3001
f 2924/6220/2577 2927/6221/3001 3086/6222/3002
f 2924/6220/2577 3086/6222/3002 3085/6223/3003
f 2924/5126/2577 3085/6224/3003 2928/5127/2578
f 2457/6225/2584 2928/6226/2578 3085/6227/3003
f 2457/6225/2584 3085/6227/3003 3162/6228/3004
f 2457/6229/2584 3162/6230/3004 3029/6231/3005
f 2457/6229/2584 3029/6231/3005 2929/6232/3006
f 2457/6229/2584 2929/6232/3006 2930/6233/3007
f 2457/5143/2584 2930/6234/3007 1578/3009/1669
f 2931/5359/2666 2819/4408/2151 2150/4407/2253
f 2931/6235/2666 2150/5882/2253 2780/5881/2869
f 2931/5359/2666 2780/6236/2869 3090/6237/2868
f 2931/5359/2666 3090/6237/2868 1980/6238/2100
f 2931/5359/2666 1980/6238/2100 2542/5360/1961
f 2105/4314/2219 1076/1916/1128 3131/1915/1127
f 2105/4314/2219 3131/1915/1127 3130/6239/3008
f 2105/4314/2219 3130/6239/3008 2933/6240/3009
f 2105/4314/2219 2933/6240/3009 1481/4318/1560
f 2884/6120/2963 2689/5692/2794 2932/6241/3010
f 2884/6120/2963 2932/6241/3010 2891/6136/2970
f 2884/6120/2963 2891/6136/2970 2692/5697/2796
f 2935/6242/2255 2152/2778/1561 1481/2777/1560
f 2935/6243/2255 1481/6244/1560 2933/6245/3009
f 2935/6246/2255 2933/6247/3009 2934/6248/3011
f 2935/6246/2255 2934/6248/3011 3102/6249/3012
f 2935/6246/2255 3102/6249/3012 3139/6250/3013
f 2935/6251/2255 3139/6252/3013 2936/6253/3014
f 2935/6254/2255 2936/6255/3014 2128/6256/2239
f 2935/6257/2255 2128/4362/2239 2153/4325/2223
f 2827/5982/2907 2633/5566/2737 2697/5703/2799
f 2827/5982/2907 2697/5703/2799 2233/4611/2343
f 2827/5984/2907 2233/4609/2343 2232/4608/2342
f 2827/5984/2907 2232/4608/2342 3009/6258/3015
f 2827/5984/2907 3009/6258/3015 2828/5985/2908
f 2914/6259/2823 2326/6260/2442 2836/6261/2853
f 2914/6259/2823 2836/6261/2853 2937/6262/3016
f 2914/6196/2823 2937/6263/3016 2915/6197/2989
f 2839/6008/2913 2739/5780/2826 2738/5779/2825
f 2839/6008/2913 2738/5779/2825 2810/5948/2894
f 2939/5427/2690 2568/5426/2085 2943/6264/3017
f 2939/5427/2690 2943/6264/3017 2806/6265/2889
f 2939/5427/2690 2806/6265/2889 2938/6266/2888
f 2939/6267/2690 2938/5930/2888 2190/5929/2293
f 2939/5427/2690 2190/4509/2293 2095/4508/2207
f 2910/6186/2985 2914/5774/2823 2912/6188/2987
f 2910/6186/2985 2912/6188/2987 2911/6187/2986
f 2940/6268/2647 2519/5309/2646 2522/5308/2527
f 2940/5304/2647 2522/5012/2527 2994/6269/3018
f 2940/5304/2647 2994/6269/3018 2941/6270/3019
f 2940/5304/2647 2941/6270/3019 2942/6271/3020
f 2940/5304/2647 2942/6271/3020 2814/5954/2897
f 2943/6272/3017 2568/3955/2085 1835/3954/1947
f 2943/6273/3017 1835/3634/1947 2815/4288/2208
f 2943/6273/3017 2815/4288/2208 2814/6274/2897
f 2943/6275/3017 2814/6276/2897 2806/6277/2889
f 2945/6278/2147 3169/6279/2146 3086/6222/3002
f 2945/6278/2147 3086/6222/3002 2927/6221/3001
f 2945/6280/2147 2927/6219/3001 2926/6218/3000
f 2945/6051/3021 2926/4517/3022 1970/3970/2144
f 2945/6281/3023 1970/6282/2087 2944/6283/1931
f 2945/6284/3023 2944/6285/1931 2946/6286/2998
f 2945/6287/3023 2946/6288/2998 3084/6289/3024
f 2945/6051/3023 3084/6290/3024 2926/4517/3025
f 2408/5023/2531 1733/5022/1816 2893/6143/2972
f 2408/5023/2531 2893/6143/2972 2947/6291/3026
f 2408/6292/2531 2947/6293/3026 2948/6294/3027
f 2408/5023/2531 2948/6295/3027 2409/5024/2532
f 1733/3376/1816 1732/3375/1815 2881/6117/2961
f 2689/5692/2794 2891/6136/2970 2932/6241/3010
f 2947/6291/3026 2893/6143/2972 2892/6142/2971
f 2947/6291/3026 2892/6142/2971 2949/6141/2944
f 2947/6293/3026 2949/6296/2944 2950/6297/3028
f 2947/6293/3026 2950/6297/3028 2948/6294/3027
f 2218/6298/2321 2581/5450/2320 2580/5449/2697
f 2218/6298/2321 2580/5449/2697 2951/6299/3029
f 2218/6298/2321 2951/6299/3029 2952/6300/3030
f 2218/6298/2321 2952/6300/3030 2953/6301/3031
f 2218/6298/2321 2953/6301/3031 3090/6302/2868
f 2954/6303/3032 2692/6134/2796 2890/6133/2969
f 2954/6303/3032 2890/6133/2969 2955/6304/3033
f 2954/6303/3032 2955/6304/3033 2956/6305/3034
f 2954/6303/3032 2956/6305/3034 2705/6306/2804
f 2954/6303/3032 2705/6306/2804 2692/6134/2796
f 2788/5891/2874 2787/5890/2873 3219/6307/3035
f 2788/5891/2874 3219/6307/3035 2957/6308/3033
f 2788/5891/2874 2957/6308/3033 2888/6131/2874
f 2788/5891/2874 2888/6131/2874 2710/5734/2806
f 2866/6069/2943 3254/6068/2942 2958/6309/3036
f 2866/6069/2943 2958/6309/3036 2959/6310/3037
f 2866/6071/2943 2959/6311/3037 2973/6312/3038
f 2866/6071/2943 2973/6312/3038 2971/6086/2951
f 2866/6071/2943 2971/6086/2951 2961/6085/2950
f 2866/6071/2943 2961/6085/2950 2949/6072/2944
f 2960/6313/3039 2949/6296/2944 2961/6314/2950
f 2960/6313/3039 2961/6314/2950 2962/6315/3040
f 2960/6313/3039 2962/6315/3040 2963/6316/3041
f 2960/6317/3039 2963/6318/3041 2964/6319/3042
f 2960/6317/3039 2964/6319/3042 2965/6320/3043
f 2960/6313/3039 2965/6321/3043 2949/6296/2944
f 2965/6320/3043 2964/6319/3042 2966/6322/3044
f 2965/6320/3043 2966/6322/3044 2967/6323/3045
f 2965/6321/3043 2967/6324/3045 2950/6297/3028
f 2965/6321/3043 2950/6297/3028 2949/6296/2944
f 2968/6325/3046 2973/6326/3038 2959/6327/3037
f 2968/6328/3046 2959/6310/3037 2981/6329/3047
f 2968/6330/3046 2981/6331/3047 2970/6332/3048
f 2968/6330/3046 2970/6332/3048 2969/6333/3049
f 2968/6334/3046 2969/6335/3049 2973/6336/3038
f 2972/6337/3050 2973/6338/3038 2969/6339/3049
f 2972/6337/3050 2969/6339/3049 2970/6340/3048
f 2972/6337/3050 2970/6340/3048 2980/6341/3051
f 2972/6337/3050 2980/6341/3051 2971/6342/2951
f 2972/6343/3050 2971/6344/2951 2973/6345/3038
f 2606/6346/2713 2806/6347/2889 2974/6348/3052
f 2606/6346/2713 2974/6348/3052 2975/6349/3053
f 2606/6346/2713 2975/6349/3053 2951/6299/3029
f 2606/6346/2713 2951/6299/3029 2580/5449/2697
f 2606/6346/2713 2580/5449/2697 2607/5448/2696
f 2976/6350/3054 2971/6088/2951 2981/6329/3047
f 2976/6350/3054 2981/6329/3047 2977/6351/3055
f 2976/6350/3054 2977/6351/3055 2978/6352/3056
f 2976/6350/3054 2978/6352/3056 2979/5673/2786
f 2976/6353/3054 2979/6354/2786 2873/6355/2952
f 2976/6350/3054 2873/6089/2952 2971/6088/2951
f 2980/6356/3051 2970/6332/3048 2981/6331/3047
f 2980/6341/3051 2981/6357/3047 2971/6342/2951
f 2982/6358/3057 2961/6185/2950 2909/6184/2984
f 2982/6358/3057 2909/6184/2984 2908/6183/2983
f 2982/6358/3057 2908/6183/2983 2983/6359/3058
f 2982/6360/3057 2983/6361/3058 2984/6362/3059
f 2982/6360/3057 2984/6362/3059 2962/6315/3040
f 2982/6360/3057 2962/6315/3040 2961/6314/2950
f 2800/5914/2882 2799/5913/2881 2985/6363/3060
f 2800/5914/2882 2985/6363/3060 2986/6364/3061
f 2800/5914/2882 2986/6364/3061 2989/5823/2844
f 2800/5914/2882 2989/5823/2844 2758/5822/2842
f 2800/5914/2882 2758/5822/2842 2757/5915/2841
f 2986/6364/3061 2985/6363/3060 2987/6365/3062
f 2986/6364/3061 2987/6365/3062 3670/6366/3063
f 2986/6367/3061 3670/6368/3063 2988/6369/3064
f 2986/6367/3061 2988/6369/3064 2841/6370/2916
f 2986/6367/3061 2841/6370/2916 2989/6371/2844
f 2729/5767/2820 2728/5766/2819 2990/6372/2990
f 2729/5767/2820 2990/6372/2990 2799/5913/2881
f 2729/5767/2820 2799/5913/2881 2732/5770/2821
f 2917/6199/2990 2916/6198/2990 2991/6373/3065
f 2917/6199/2990 2991/6373/3065 2992/6374/3065
f 2917/6199/2990 2992/6374/3065 2990/6372/2990
f 2917/6199/2990 2990/6372/2990 2728/5766/2819
f 2983/6359/3058 2908/6183/2983 2907/6182/1708
f 2983/6359/3058 2907/6182/1708 2993/6375/1671
f 2983/6359/3058 2993/6375/1671 2997/6376/3066
f 2983/6359/3058 2997/6376/3066 2984/6377/3059
f 2994/6269/3018 2522/5012/2527 2404/5011/2526
f 2994/6269/3018 2404/5011/2526 2852/6040/2925
f 2994/6378/3018 2852/6379/2925 2995/6380/3067
f 2994/6269/3018 2995/6381/3067 2941/6270/3019
f 1579/3010/1670 1578/3009/1669 3030/6382/3068
f 1579/3010/1670 3030/6382/3068 2996/6383/3069
f 1579/6384/1670 2996/6385/3069 2997/6386/3066
f 1579/6387/1670 2997/6388/3066 2993/6389/1671
f 2876/6390/2956 2409/6391/2532 2948/6392/3027
f 2876/6390/2956 2948/6392/3027 3033/6393/3070
f 2876/6394/2956 3033/6395/3070 2998/6396/3071
f 2876/6103/2956 2998/6397/3071 2999/6398/3072
f 2876/6103/2956 2999/6398/3072 2877/6104/2957
f 3000/6399/3073 2748/5792/2833 2777/5864/2101
f 3000/6399/3073 2777/5864/2101 3089/6400/3074
f 3000/6399/3073 3089/6400/3074 3001/6401/3075
f 3000/6399/3073 3001/6401/3075 3002/6402/3076
f 3000/6399/3073 3002/6402/3076 3003/6403/3077
f 3000/6399/3073 3003/6403/3077 2748/5792/2833
f 3003/6403/3077 3002/6402/3076 3004/6404/3078
f 3003/6403/3077 3004/6404/3078 3054/6405/3079
f 3003/6403/3077 3054/6405/3079 3053/5801/2836
f 3003/6403/3077 3053/5801/2836 2748/5792/2833
f 3005/6406/3080 2232/6407/2342 2705/6408/2804
f 3005/6409/3080 2705/6306/2804 3006/6410/3081
f 3005/6411/3080 3006/6412/3081 3007/6413/3082
f 3005/6414/3080 3007/6415/3082 3008/6416/3083
f 3005/6414/3080 3008/6416/3083 3009/6417/3015
f 3005/6418/3080 3009/6258/3015 2232/4608/2342
f 3010/6419/3084 3015/6014/2917 3014/6420/2904
f 3010/6421/3084 3014/6422/2904 3011/6423/3085
f 3010/6421/3084 3011/6423/3085 3012/6424/3086
f 3010/6425/3084 3012/6426/3086 3013/6427/3087
f 3010/6425/3084 3013/6427/3087 2842/6428/2918
f 3010/6419/3084 2842/6015/2918 3015/6014/2917
f 3014/6429/2904 3015/6430/2917 2826/6431/2905
f 3016/6432/3088 3014/5974/2904 3140/6130/2967
f 3016/6432/3088 3140/6130/2967 3017/6433/3089
f 3016/6432/3088 3017/6433/3089 3018/6434/3090
f 3016/6435/3088 3018/6436/3090 3019/6437/3091
f 3016/6438/3088 3019/6439/3091 3011/6423/3085
f 3016/6438/3088 3011/6423/3085 3014/6422/2904
f 2921/6208/2995 2848/6029/2922 2847/6028/2919
f 2921/6440/2995 2847/6016/2919 2842/6015/2918
f 2921/6441/2995 2842/6442/2918 3013/6443/3087
f 2921/6444/2995 3013/6445/3087 3146/6446/3092
f 2921/6444/2995 3146/6446/3092 3022/6447/2910
f 2921/6444/2995 3022/6447/2910 2803/6448/2885
f 3020/6449/3093 3022/6450/2910 3146/6451/3092
f 3020/6452/3093 3146/6453/3092 2874/6093/2241
f 3020/6452/3093 2874/6093/2241 2130/4365/2240
f 3020/6452/3093 2130/4365/2240 3021/6454/3094
f 3020/6452/3093 3021/6454/3094 2886/6455/2966
f 3020/6452/3093 2886/6455/2966 3022/6456/2910
f 3023/6457/2914 2322/4814/2437 3024/6458/3095
f 3023/6457/2914 3024/6458/3095 3025/6459/3096
f 3023/6457/2914 3025/6459/3096 2835/6460/2890
f 3023/6007/2914 2835/5999/2890 2839/5998/2913
f 3026/6461/3097 2906/6462/2575 2905/6463/2982
f 3026/6464/3097 2905/6465/2982 3027/6466/2981
f 3026/6464/3097 3027/6466/2981 3270/6467/3098
f 3026/6468/3097 3270/6469/3098 3028/6470/3099
f 3026/6468/3097 3028/6470/3099 3029/6471/3005
f 3026/6468/3097 3029/6471/3005 2925/5123/2576
f 3026/6468/3097 2925/5123/2576 2906/5122/2575
f 2996/6472/3069 3030/6473/3068 3031/6474/3100
f 2996/6472/3069 3031/6474/3100 3271/6475/3101
f 2996/6476/3069 3271/6477/3101 3032/6478/3102
f 2996/6479/3069 3032/6480/3102 2984/6481/3059
f 2996/6479/3069 2984/6481/3059 2997/6482/3066
f 3033/6483/3070 2948/6294/3027 2950/6297/3028
f 3033/6483/3070 2950/6297/3028 2967/6324/3045
f 3033/6395/3070 2967/6323/3045 3252/6484/3103
f 3033/6395/3070 3252/6484/3103 2998/6396/3071
f 3036/6485/3104 3034/6486/2216 2101/6487/2215
f 3036/6485/3104 2101/6487/2215 3047/6488/3105
f 3036/6485/3104 3047/6488/3105 3046/6489/3106
f 3036/6485/3104 3046/6489/3106 3035/6490/3107
f 3036/6491/3104 3035/6492/3107 3037/6493/3108
f 3036/6491/3104 3037/6493/3108 3038/6494/3109
f 3036/6491/3104 3038/6494/3109 3039/6495/3110
f 3036/6491/3104 3039/6495/3110 3034/6496/2216
f 3040/6497/3111 3034/4301/2216 3039/6498/3110
f 3040/6499/3111 3039/6495/3110 3041/6500/3112
f 3040/6499/3111 3041/6500/3112 3042/6501/3113
f 3040/6497/3111 3042/6502/3113 3043/6503/3114
f 3040/6497/3111 3043/6503/3114 3250/6504/3115
f 3040/6497/3111 3250/6504/3115 3251/6121/2964
f 3040/6497/3111 3251/6121/2964 3034/4301/2216
f 3251/6121/2964 1744/3399/1827 3034/4301/2216
f 2778/5868/2866 2885/6123/2965 3044/6505/3116
f 2778/5868/2866 3044/6505/3116 3045/6506/3117
f 2778/6507/2866 3045/6508/3117 3284/6509/3118
f 2778/6510/2866 3284/6511/3118 3046/6512/3106
f 2778/6510/2866 3046/6512/3106 3047/6513/3105
f 2778/6510/2866 3047/6513/3105 2101/6514/2215
f 3048/6515/3119 3008/6516/3083 3007/6517/3082
f 3048/6515/3119 3007/6517/3082 3049/6518/3120
f 3048/6515/3119 3049/6518/3120 3428/6519/3121
f 3048/6515/3119 3428/6519/3121 2663/5628/2766
f 3048/6515/3119 2663/5628/2766 3008/6516/3083
f 3050/6520/3122 3008/6416/3083 2663/5627/2766
f 3050/6520/3122 2663/5627/2766 2661/5622/2764
f 3050/6520/3122 2661/5622/2764 3051/6521/3123
f 3050/6520/3122 3051/6521/3123 3009/6417/3015
f 3050/6520/3122 3009/6417/3015 3008/6416/3083
f 3052/6522/3124 2412/5028/2534 3053/5801/2836
f 3052/6523/3124 3053/6524/2836 3054/6525/3079
f 3052/6522/3124 3054/6405/3079 3055/6526/3125
f 3052/6522/3124 3055/6526/3125 2539/5352/2663
f 3052/6522/3124 2539/5352/2663 2413/5029/2535
f 3052/6522/3124 2413/5029/2535 2412/5028/2534
f 3056/6527/3126 3092/6528/3127 3097/6529/3128
f 3056/6527/3126 3097/6529/3128 2934/6248/3011
f 3056/6527/3126 2934/6248/3011 2933/6247/3009
f 3056/6527/3126 2933/6247/3009 3093/6530/3129
f 3056/6527/3126 3093/6530/3129 3092/6528/3127
f 3057/6531/3130 2826/5979/2905 2841/6370/2916
f 3057/6531/3130 2841/6370/2916 2988/6369/3064
f 3057/6531/3130 2988/6369/3064 3670/6368/3063
f 3057/6531/3130 3670/6368/3063 3533/6532/3131
f 3057/6531/3130 3533/6532/3131 3220/5980/2906
f 3057/6531/3130 3220/5980/2906 2826/5979/2905
f 3058/6533/3132 3061/6534/3133 3067/6535/3134
f 3058/6533/3132 3067/6535/3134 3144/6536/3135
f 3058/6533/3132 3144/6536/3135 3073/6537/3136
f 3058/6538/3132 3073/6539/3136 3059/6540/3137
f 3058/6538/3132 3059/6540/3137 3060/6541/3138
f 3058/6538/3132 3060/6541/3138 3061/6542/3133
f 3062/6543/3139 3061/6544/3133 3060/6545/3138
f 3062/6543/3139 3060/6545/3138 3070/6546/3140
f 3062/6543/3139 3070/6546/3140 3190/6547/3141
f 3062/6543/3139 3190/6547/3141 3063/6548/3142
f 3062/6549/3139 3063/6550/3142 3064/6551/3143
f 3062/6543/3139 3064/6552/3143 3061/6544/3133
f 3064/6551/3143 3063/6550/3142 3065/6553/3144
f 3064/6554/3143 3065/6555/3144 3066/6556/3145
f 3064/6552/3143 3066/6557/3145 3261/6558/3146
f 3064/6552/3143 3261/6558/3146 3067/6559/3134
f 3064/6552/3143 3067/6559/3134 3061/6544/3133
f 3071/6560/3147 3060/6541/3138 3059/6540/3137
f 3071/6560/3147 3059/6540/3137 3068/6561/3148
f 3071/6562/3147 3068/6563/3148 3069/6564/3149
f 3071/6562/3147 3069/6564/3149 3070/6565/3140
f 3071/6566/3147 3070/6546/3140 3060/6545/3138
f 3072/6567/3150 3059/6568/3137 3073/6569/3136
f 3072/6567/3150 3073/6569/3136 3065/6570/3144
f 3072/6567/3150 3065/6570/3144 3063/6571/3142
f 3072/6567/3150 3063/6571/3142 3074/6572/3151
f 3072/6567/3150 3074/6572/3151 3068/6573/3148
f 3072/6567/3150 3068/6573/3148 3059/6568/3137
f 3077/6094/2953 2874/6093/2241 3149/6574/3152
f 3077/6575/2953 3149/6576/3152 3075/6577/3153
f 3077/6578/2953 3075/6579/3153 3076/6580/3154
f 3077/6581/2953 3076/6582/3154 3078/6583/3155
f 3077/6581/2953 3078/6583/3155 2625/5550/2729
f 3077/6581/2953 2625/5550/2729 2657/5549/2728
f 3081/6584/3156 2774/5857/2863 3239/5856/2862
f 3081/6584/3156 3239/5856/2862 3079/6585/3157
f 3081/6586/3156 3079/6587/3157 3474/6588/3158
f 3081/6589/3156 3474/6590/3158 3080/6591/3159
f 3081/6586/3156 3080/6592/3159 2918/6593/2992
f 3081/6594/3156 2918/6595/2992 2858/6596/2931
f 3081/6597/3156 2858/6050/2931 2774/6049/2863
f 3167/6598/3160 2946/6211/2998 3164/6210/2997
f 3167/6598/3160 3164/6210/2997 3165/6599/3161
f 3167/6598/3162 3168/6600/3163 5043/6601/3164
f 3167/6602/3160 3082/6603/3165 3083/6604/3166
f 3167/6598/3160 3083/6605/3166 2946/6211/2998
f 3084/6606/3024 2946/6607/2998 3083/6608/3166
f 3084/6606/3024 3083/6608/3166 3170/6609/3167
f 3084/6606/3024 3170/6609/3167 3162/6228/3004
f 3084/6606/3024 3162/6228/3004 3085/6227/3003
f 3084/6610/3024 3085/6611/3003 3086/6612/3002
f 3032/6478/3102 3271/6477/3101 3272/6613/3168
f 3032/6478/3102 3272/6613/3168 2963/6318/3041
f 3032/6614/3102 2963/6316/3041 2962/6315/3040
f 3032/6614/3102 2962/6315/3040 2984/6362/3059
f 3049/6615/3120 3007/6413/3082 3006/6412/3081
f 3049/6615/3120 3006/6412/3081 3087/6616/3169
f 3049/6617/3120 3087/6618/3169 3429/6619/3170
f 3049/6617/3120 3429/6619/3170 3428/6620/3121
f 3090/6302/2868 2953/6301/3031 3088/6621/3171
f 3090/6622/2868 3088/6623/3171 3089/6624/3074
f 3090/6625/2868 3089/6626/3074 2777/6627/2101
f 3090/6628/2868 2777/6629/2101 1980/6630/2100
f 3091/6631/3172 3092/6632/3127 3093/6633/3129
f 3091/6631/3172 3093/6633/3129 3134/6634/3173
f 3091/6631/3172 3134/6634/3173 3398/6635/3174
f 3091/6631/3172 3398/6635/3174 3095/6636/3175
f 3091/6631/3172 3095/6636/3175 3094/6637/3176
f 3091/6631/3172 3094/6637/3176 3092/6632/3127
f 3094/6638/3176 3095/6639/3175 3096/6640/3177
f 3094/6638/3176 3096/6640/3177 3097/6641/3128
f 3094/6637/3176 3097/6642/3128 3092/6632/3127
f 3096/6640/3177 3095/6639/3175 3098/6643/3178
f 3096/6640/3177 3098/6643/3178 3099/6644/3179
f 3096/6640/3177 3099/6644/3179 3100/6645/3180
f 3096/6640/3177 3100/6645/3180 2934/6646/3011
f 3096/6640/3177 2934/6646/3011 3097/6641/3128
f 3100/6645/3180 3099/6644/3179 3101/6647/3181
f 3100/6648/3180 3101/6649/3181 3135/6650/3182
f 3100/6651/3180 3135/6652/3182 3137/6653/3183
f 3100/6645/3180 3137/6654/3183 3102/6655/3012
f 3100/6645/3180 3102/6655/3012 2934/6646/3011
f 2936/6253/3014 3139/6252/3013 3103/6656/3184
f 2936/6253/3014 3103/6656/3184 3104/6657/3185
f 2936/6658/3014 3104/6659/3185 3186/6660/3186
f 2936/6658/3014 3186/6660/3186 3189/6661/3187
f 2936/6662/3014 3189/6663/3187 3021/6454/3094
f 2936/6662/3014 3021/6454/3094 2128/4364/2239
f 3021/6454/3094 3189/6663/3187 3140/6664/2967
f 3021/6454/3094 3140/6664/2967 2886/6455/2966
f 3021/6454/3094 2130/4365/2240 2128/4364/2239
f 3107/6665/3188 3018/6434/3090 3146/6446/3092
f 3107/6665/3188 3146/6446/3092 3013/6445/3087
f 3107/6666/3188 3013/6667/3087 3105/6668/3189
f 3107/6666/3188 3105/6668/3189 3106/6669/3190
f 3107/6670/3188 3106/6671/3190 3108/6672/3191
f 3107/6670/3188 3108/6672/3191 3018/6436/3090
f 3017/6673/3089 3140/6674/2967 3109/6675/3192
f 3017/6673/3089 3109/6675/3192 3110/6676/3193
f 3017/6673/3089 3110/6676/3193 3111/6677/3194
f 3017/6673/3089 3111/6677/3194 3146/6678/3092
f 3017/6433/3089 3146/6446/3092 3018/6434/3090
f 3108/6672/3191 3106/6671/3190 3112/6679/3195
f 3108/6672/3191 3112/6679/3195 3113/6680/3196
f 3108/6672/3191 3113/6680/3196 3019/6437/3091
f 3108/6672/3191 3019/6437/3091 3018/6436/3090
f 3114/6681/3197 2959/6310/3037 2958/6309/3036
f 3114/6681/3197 2958/6309/3036 3253/5639/2774
f 3114/6681/3197 3253/5639/2774 3115/6682/3198
f 3114/6681/3197 3115/6682/3198 3116/6683/3199
f 3114/6681/3197 3116/6683/3199 2978/6352/3056
f 3114/6681/3197 2978/6352/3056 2977/6351/3055
f 3114/6681/3197 2977/6351/3055 2959/6310/3037
f 3117/6684/3200 2951/6299/3029 2975/6349/3053
f 3117/6684/3200 2975/6349/3053 3118/6685/3201
f 3117/6684/3200 3118/6685/3201 3119/6686/3202
f 3117/6684/3200 3119/6686/3202 3120/6687/3203
f 3117/6684/3200 3120/6687/3203 2952/6300/3030
f 3117/6684/3200 2952/6300/3030 2951/6299/3029
f 3121/6688/3204 2814/5954/2897 2942/6271/3020
f 3121/6688/3204 2942/6271/3020 3122/6689/3205
f 3121/6688/3204 3122/6689/3205 3123/6690/3206
f 3121/6691/3204 3123/6692/3206 3124/6693/3207
f 3121/6691/3204 3124/6693/3207 3125/6694/3208
f 3121/6695/3204 3125/6696/3208 2806/6697/2889
f 3121/6688/3204 2806/6698/2889 2814/5954/2897
f 3126/6699/3209 3035/6490/3107 3046/6489/3106
f 3126/6700/3209 3046/6512/3106 3284/6511/3118
f 3126/6700/3209 3284/6511/3118 3127/6701/3210
f 3126/6702/3209 3127/6703/3210 3128/6704/3211
f 3126/6705/3209 3128/6706/3211 3037/6493/3108
f 3126/6705/3209 3037/6493/3108 3035/6492/3107
f 2574/5440/2692 2539/5352/2663 3055/6526/3125
f 2574/5440/2692 3055/6526/3125 3607/6707/3212
f 2574/5440/2692 3607/6707/3212 3129/6708/3213
f 2574/5440/2692 3129/6708/3213 3130/6709/3008
f 2574/6710/2692 3130/6711/3008 3131/6712/1127
f 3130/6709/3008 3129/6708/3213 3132/6713/3214
f 3130/6714/3008 3132/6715/3214 3133/6716/3215
f 3130/6714/3008 3133/6716/3215 3134/6717/3173
f 3130/6714/3008 3134/6717/3173 3093/6718/3129
f 3130/6719/3008 3093/6530/3129 2933/6247/3009
f 3137/6654/3183 3135/6720/3182 3101/6647/3181
f 3137/6654/3183 3101/6647/3181 3136/6721/3216
f 3137/6654/3183 3136/6721/3216 3138/6722/3217
f 3137/6723/3183 3138/6724/3217 3139/6725/3013
f 3137/6654/3183 3139/6726/3013 3102/6655/3012
f 3109/6727/3192 3140/6728/2967 3189/6729/3187
f 3109/6727/3192 3189/6729/3187 3188/6730/3218
f 3109/6731/3192 3188/6732/3218 3141/6733/3219
f 3109/6675/3192 3141/6734/3219 3110/6676/3193
f 3144/6536/3135 3067/6535/3134 3142/6735/3220
f 3144/6536/3135 3142/6735/3220 3143/6736/3221
f 3144/6737/3135 3143/6738/3221 3065/6570/3144
f 3144/6737/3135 3065/6570/3144 3073/6569/3136
f 3145/6739/3222 2874/6093/2241 3146/6453/3092
f 3145/6740/3222 3146/6741/3092 3199/6742/3223
f 3145/6740/3222 3199/6742/3223 3147/6743/3224
f 3145/6740/3222 3147/6743/3224 3620/6744/3225
f 3145/6740/3222 3620/6744/3225 3148/6745/3226
f 3145/6740/3222 3148/6745/3226 3149/6746/3152
f 3145/6739/3222 3149/6574/3152 2874/6093/2241
f 3150/6747/3227 3149/6576/3152 3148/6748/3226
f 3150/6749/3227 3148/6750/3226 3151/6751/3228
f 3150/6749/3227 3151/6751/3228 3152/6752/3229
f 3150/6749/3227 3152/6752/3229 3153/6753/3230
f 3150/6747/3227 3153/6754/3230 3075/6577/3153
f 3150/6747/3227 3075/6577/3153 3149/6576/3152
f 3154/6755/3231 2941/6270/3019 2995/6381/3067
f 3154/6755/3231 2995/6381/3067 3155/6756/3232
f 3154/6755/3231 3155/6756/3232 3156/6757/3233
f 3154/6755/3231 3156/6757/3233 3157/6758/3234
f 3154/6755/3231 3157/6758/3234 2941/6270/3019
f 3157/6758/3234 3156/6757/3233 3158/6759/3235
f 3157/6758/3234 3158/6759/3235 3443/6760/3236
f 3157/6758/3234 3443/6760/3236 3159/6761/3237
f 3157/6758/3234 3159/6761/3237 3122/6689/3205
f 3157/6758/3234 3122/6689/3205 2942/6271/3020
f 3157/6758/3234 2942/6271/3020 2941/6270/3019
f 3160/6762/3238 2628/5556/2732 2626/5554/2730
f 3160/6762/3238 2626/5554/2730 3161/6763/3239
f 3160/6762/3238 3161/6763/3239 3155/6756/3232
f 3160/6762/3238 3155/6756/3232 2995/6381/3067
f 3160/6762/3238 2995/6381/3067 2852/6040/2925
f 3160/6762/3238 2852/6040/2925 2628/5556/2732
f 3029/6764/3005 3162/6765/3004 3170/6766/3167
f 3029/6764/3005 3170/6766/3167 3163/6767/3240
f 3029/6471/3005 3163/6768/3240 2926/6769/3000
f 3029/6471/3005 2926/6769/3000 2925/5123/2576
f 3165/6770/3161 3164/6771/2997 3166/6772/3241
f 3165/6773/3242 3166/6774/3241 3169/6775/3243
f 3165/6773/3242 3169/6775/3243 3167/6776/3160
f 3165/6773/3244 3167/6776/3245 3168/6777/3246
f 3165/6770/3247 3171/6778/3248 3168/6779/3249
f 3165/6770/3247 3166/6772/3250 3171/6778/3248
f 3167/6602/3162 5043/6780/3164 3082/6603/3251
f 3167/6602/3252 3082/6603/3253 3170/6781/3254
f 3167/6602/3252 3170/6781/3254 3086/6782/3002
f 3167/6602/3252 3086/6782/3002 3169/6783/2146
f 3166/6097/3241 3164/6210/2997 2193/6096/2296
f 3166/6784/3250 2193/4128/3255 2926/6052/3256
f 3166/6785/3250 2926/6786/3256 3086/6787/3002
f 3166/6788/3250 3086/6789/3002 3170/6790/3254
f 3166/6788/3250 3170/6790/3254 3171/6791/3248
f 2879/6108/2958 2861/6107/2936 3373/6792/3257
f 2879/6108/2958 3373/6792/3257 2998/6793/3071
f 2879/6108/2958 2998/6793/3071 3172/6794/3258
f 2879/6110/2958 3172/6795/3258 3173/6796/3259
f 2879/6110/2958 3173/6796/3259 2880/6111/2959
f 3174/6797/3260 2669/5637/2772 2668/5636/2771
f 3174/6797/3260 2668/5636/2771 3175/6798/3261
f 3174/6799/3260 3175/6800/3261 3457/6801/3262
f 3174/6802/3260 3457/6803/3262 3176/6804/3263
f 3174/6802/3260 3176/6804/3263 3115/6805/3198
f 3174/6802/3260 3115/6805/3198 2669/6806/2772
f 3115/6682/3198 3253/5639/2774 2669/5637/2772
f 3179/6807/3264 2880/6111/2959 3173/6796/3259
f 3179/6807/3264 3173/6796/3259 3177/6808/3265
f 3179/6807/3264 3177/6808/3265 3178/6809/3266
f 3179/6807/3264 3178/6809/3266 3180/6810/3267
f 3179/6811/3264 3180/6812/3267 3181/6813/3268
f 3179/6811/3264 3181/6813/3268 3182/6814/3269
f 3179/6811/3264 3182/6814/3269 3183/6815/3270
f 3179/6816/3264 3183/6817/3270 2880/6818/2959
f 3183/6815/3270 3182/6814/3269 3459/6819/3271
f 3183/6817/3270 3459/6820/3271 3184/6821/3272
f 3183/6817/3270 3184/6821/3272 2896/6822/2973
f 3183/6817/3270 2896/6822/2973 2880/6818/2959
f 3186/6660/3186 3104/6659/3185 3185/6823/3273
f 3186/6824/3186 3185/6825/3273 3187/6826/3274
f 3186/6824/3186 3187/6826/3274 3536/6827/3275
f 3186/6824/3186 3536/6827/3275 3188/6828/3218
f 3186/6824/3186 3188/6828/3218 3189/6829/3187
f 3074/6830/3151 3063/6831/3142 3190/6832/3141
f 3074/6833/3151 3190/6834/3141 3191/6835/3276
f 3074/6572/3151 3191/6836/3276 3263/6837/3277
f 3074/6572/3151 3263/6837/3277 3069/6838/3149
f 3074/6572/3151 3069/6838/3149 3068/6573/3148
f 3193/6839/3278 3013/6427/3087 3012/6426/3086
f 3193/6839/3278 3012/6426/3086 3192/6840/3279
f 3193/6839/3278 3192/6840/3279 3194/6841/3280
f 3193/6842/3278 3194/6843/3280 3467/6844/3281
f 3193/6842/3278 3467/6844/3281 3105/6668/3189
f 3193/6842/3278 3105/6668/3189 3013/6667/3087
f 3197/6845/3282 3075/6577/3153 3153/6754/3230
f 3197/6845/3282 3153/6754/3230 3195/6846/3283
f 3197/6845/3282 3195/6846/3283 3196/6847/3284
f 3197/6848/3282 3196/6849/3284 3357/6850/3285
f 3197/6851/3286 3361/6852/3287 3357/6853/3288
f 3197/6851/3286 3198/6854/3289 3361/6852/3287
f 3197/6855/3282 3198/6856/3290 3075/6857/3153
f 3198/6858/3289 3152/6859/3291 3361/6860/3287
f 3198/6858/3289 3151/6861/3292 3152/6859/3291
f 3198/6862/3290 3151/6863/3292 3076/6864/3154
f 3198/6865/3290 3076/6580/3154 3075/6579/3153
f 3111/6677/3194 3110/6676/3193 3141/6734/3219
f 3111/6677/3194 3141/6734/3219 3497/6866/3293
f 3111/6677/3194 3497/6866/3293 3520/6867/3294
f 3111/6677/3194 3520/6867/3294 3199/6868/3223
f 3111/6677/3194 3199/6868/3223 3146/6678/3092
f 3027/6869/2981 3200/6870/2980 3342/6871/3295
f 3027/6869/2981 3342/6871/3295 3201/6872/3296
f 3027/6466/2981 3201/6873/3296 3202/6874/3297
f 3027/6466/2981 3202/6874/3297 3270/6467/3098
f 3204/6875/3298 3205/5674/2787 2979/5673/2786
f 3204/6875/3298 2979/5673/2786 2978/6352/3056
f 3204/6875/3298 2978/6352/3056 3203/6876/3299
f 3204/6875/3298 3203/6876/3299 3542/6877/3300
f 3204/6878/3298 3542/6879/3300 2855/6880/2927
f 3204/6878/3298 2855/6880/2927 3205/6881/2787
f 3206/6882/3301 3089/6883/3074 3088/6621/3171
f 3206/6882/3301 3088/6621/3171 3207/6884/3302
f 3206/6882/3301 3207/6884/3302 3208/6885/3303
f 3206/6882/3301 3208/6885/3303 3209/6886/3304
f 3206/6882/3301 3209/6886/3304 3211/6887/3305
f 3206/6882/3301 3211/6887/3305 3089/6883/3074
f 3210/6888/3306 3089/6400/3074 3211/6889/3305
f 3210/6888/3306 3211/6889/3305 3209/6890/3304
f 3210/6888/3306 3209/6890/3304 3212/6891/3307
f 3210/6888/3306 3212/6891/3307 3697/6892/3308
f 3210/6888/3306 3697/6892/3308 3001/6401/3075
f 3210/6888/3306 3001/6401/3075 3089/6400/3074
f 3213/6893/3309 3054/6405/3079 3004/6404/3078
f 3213/6893/3309 3004/6404/3078 3214/6894/3310
f 3213/6893/3309 3214/6894/3310 3608/6895/3311
f 3213/6893/3309 3608/6895/3311 3607/6707/3212
f 3213/6893/3309 3607/6707/3212 3055/6526/3125
f 3213/6893/3309 3055/6526/3125 3054/6405/3079
f 3120/6687/3203 3119/6686/3202 3215/6896/3312
f 3120/6687/3203 3215/6896/3312 3216/6897/3313
f 3120/6687/3203 3216/6897/3313 3217/6898/3314
f 3120/6687/3203 3217/6898/3314 2953/6301/3031
f 3120/6687/3203 2953/6301/3031 2952/6300/3030
f 3207/6884/3302 3088/6621/3171 2953/6301/3031
f 3207/6884/3302 2953/6301/3031 3217/6898/3314
f 3207/6884/3302 3217/6898/3314 3208/6885/3303
f 3218/6899/3315 2659/4581/2327 2223/4580/2326
f 3218/6899/3315 2223/4580/2326 2828/6900/2908
f 3218/6899/3315 2828/6900/2908 3051/6521/3123
f 3218/6899/3315 3051/6521/3123 2661/5622/2764
f 3218/6899/3315 2661/5622/2764 2659/4581/2327
f 3219/6307/3035 2787/5890/2873 2789/5892/2875
f 3219/6307/3035 2789/5892/2875 3220/5981/2906
f 3219/6901/3035 3220/6902/2906 3221/6903/3316
f 3219/6307/3035 3221/6904/3316 3552/6905/3317
f 3219/6307/3035 3552/6905/3317 2957/6308/3033
f 3222/6906/3033 2888/6131/2874 2957/6308/3033
f 3222/6906/3033 2957/6308/3033 3223/6907/3317
f 3222/6906/3033 3223/6907/3317 3224/6908/3317
f 3222/6906/3033 3224/6908/3317 3225/6909/3033
f 3222/6906/3033 3225/6909/3033 2889/6132/2874
f 3222/6906/3033 2889/6132/2874 2888/6131/2874
f 3225/6909/3033 3224/6908/3317 3555/6910/3317
f 3225/6909/3033 3555/6910/3317 2955/6304/3033
f 3225/6909/3033 2955/6304/3033 2890/6133/2969
f 3225/6909/3033 2890/6133/2969 2889/6132/2874
f 2828/6900/2908 3009/6417/3015 3051/6521/3123
f 3087/6911/3169 3006/6410/3081 2705/6306/2804
f 3087/6911/3169 2705/6306/2804 2956/6305/3034
f 3087/6911/3169 2956/6305/3034 3226/6912/3318
f 3087/6618/3169 3226/6913/3318 3429/6619/3170
f 3228/6914/3319 3104/6657/3185 3103/6656/3184
f 3228/6914/3319 3103/6656/3184 3227/6915/3320
f 3228/6914/3319 3227/6915/3320 3231/6916/3321
f 3228/6914/3319 3231/6916/3321 3196/6849/3284
f 3228/6917/3319 3196/6847/3284 3195/6846/3283
f 3228/6917/3319 3195/6846/3283 3185/6823/3273
f 3228/6917/3319 3185/6823/3273 3104/6659/3185
f 3118/6685/3201 2975/6349/3053 2974/6348/3052
f 3118/6685/3201 2974/6348/3052 3229/6918/3322
f 3118/6685/3201 3229/6918/3322 3230/6919/3323
f 3118/6685/3201 3230/6919/3323 3215/6896/3312
f 3118/6685/3201 3215/6896/3312 3119/6686/3202
f 3231/6920/3321 3227/6921/3320 3232/6922/3324
f 3231/6923/3321 3232/6924/3324 3233/6925/3325
f 3231/6916/3321 3233/6926/3325 3234/6927/3326
f 3231/6916/3321 3234/6927/3326 3357/6850/3285
f 3231/6916/3321 3357/6850/3285 3196/6849/3284
f 3153/6753/3230 3152/6752/3229 3235/6928/3327
f 3153/6753/3230 3235/6928/3327 3187/6826/3274
f 3153/6753/3230 3187/6826/3274 3185/6825/3273
f 3153/6754/3230 3185/6823/3273 3195/6846/3283
f 3237/6205/2852 3447/6204/2993 3236/6929/3328
f 3237/6205/2852 3236/6929/3328 2937/6263/3016
f 3237/6930/2852 2937/6931/3016 2836/6932/2853
f 3238/6933/2891 2835/6460/2890 3025/6459/3096
f 3238/6933/2891 3025/6459/3096 2685/5687/2793
f 3238/6933/2891 2685/5687/2793 3239/6934/2862
f 3238/6935/2891 3239/6936/2862 2808/6937/2858
f 2985/6363/3060 2799/5913/2881 2990/6372/2990
f 2985/6363/3060 2990/6372/2990 2992/6374/3065
f 2985/6363/3060 2992/6374/3065 3582/6938/3329
f 2985/6363/3060 3582/6938/3329 2987/6365/3062
f 3240/6939/3065 2916/6198/2990 2915/6197/2989
f 3240/6939/3065 2915/6197/2989 3241/6940/3065
f 3240/6939/3065 3241/6940/3065 3242/6941/3329
f 3240/6939/3065 3242/6941/3329 3580/6942/3329
f 3240/6939/3065 3580/6942/3329 2991/6373/3065
f 3240/6939/3065 2991/6373/3065 2916/6198/2990
f 3236/6929/3328 3447/6204/2993 3446/6943/3330
f 3236/6929/3328 3446/6943/3330 3243/6944/3331
f 3236/6929/3328 3243/6944/3331 3244/6945/3329
f 3236/6929/3328 3244/6945/3329 3245/6946/3329
f 3236/6929/3328 3245/6946/3329 3241/6940/3065
f 3236/6929/3328 3241/6940/3065 2915/6197/2989
f 3236/6929/3328 2915/6197/2989 2937/6263/3016
f 3024/6458/3095 2322/4814/2437 2687/4813/2436
f 3024/6458/3095 2687/4813/2436 2685/5687/2793
f 3024/6458/3095 2685/5687/2793 3025/6459/3096
f 3125/6694/3208 3124/6693/3207 3348/6947/3332
f 3125/6694/3208 3348/6947/3332 3246/6948/3333
f 3125/6694/3208 3246/6948/3333 3229/6918/3322
f 3125/6694/3208 3229/6918/3322 2974/6348/3052
f 3125/6694/3208 2974/6348/3052 2806/6347/2889
f 3247/6949/3334 2626/5554/2730 2625/6950/2729
f 3247/6949/3334 2625/6950/2729 3248/6951/3335
f 3247/6949/3334 3248/6951/3335 3249/6952/3336
f 3247/6949/3334 3249/6952/3336 3161/6763/3239
f 3247/6949/3334 3161/6763/3239 2626/5554/2730
f 3038/6494/3109 3037/6493/3108 3128/6706/3211
f 3038/6494/3109 3128/6706/3211 3280/6953/3337
f 3038/6494/3109 3280/6953/3337 3041/6500/3112
f 3038/6494/3109 3041/6500/3112 3039/6495/3110
f 3250/6954/3115 3043/6955/3114 3044/6505/3116
f 3250/6954/3115 3044/6505/3116 2885/6123/2965
f 3250/6954/3115 2885/6123/2965 3251/6956/2964
f 3177/6808/3265 3173/6796/3259 3172/6795/3258
f 3177/6808/3265 3172/6795/3258 3252/6484/3103
f 3177/6808/3265 3252/6484/3103 2967/6323/3045
f 3177/6808/3265 2967/6323/3045 2966/6322/3044
f 3177/6808/3265 2966/6322/3044 3178/6809/3266
f 2998/6793/3071 3252/6957/3103 3172/6794/3258
f 3253/6958/2774 2958/6959/3036 3254/6960/2942
f 3256/6961/3338 2966/6322/3044 2964/6319/3042
f 3256/6961/3338 2964/6319/3042 3255/6962/3339
f 3256/6961/3338 3255/6962/3339 3334/6963/3340
f 3256/6964/3338 3334/6965/3340 3439/6966/3341
f 3256/6964/3338 3439/6966/3341 3436/6967/3342
f 3256/6964/3338 3436/6967/3342 3257/6968/3343
f 3256/6964/3338 3257/6968/3343 3258/6969/3344
f 3256/6961/3338 3258/6970/3344 3178/6809/3266
f 3256/6961/3338 3178/6809/3266 2966/6322/3044
f 3261/6558/3146 3066/6557/3145 3259/6971/3345
f 3261/6558/3146 3259/6971/3345 3260/6972/3346
f 3261/6973/3146 3260/6974/3346 3142/6735/3220
f 3261/6973/3146 3142/6735/3220 3067/6535/3134
f 3262/6975/3347 3070/6565/3140 3069/6564/3149
f 3262/6975/3347 3069/6564/3149 3263/6976/3277
f 3262/6975/3347 3263/6976/3277 3440/6977/3348
f 3262/6975/3347 3440/6977/3348 3264/6978/3349
f 3262/6979/3347 3264/6980/3349 3190/6547/3141
f 3262/6979/3347 3190/6547/3141 3070/6546/3140
f 3265/6981/3350 2964/6319/3042 2963/6318/3041
f 3265/6981/3350 2963/6318/3041 3272/6613/3168
f 3265/6981/3350 3272/6613/3168 3270/6467/3098
f 3265/6981/3350 3270/6467/3098 3202/6874/3297
f 3265/6981/3350 3202/6874/3297 3201/6873/3296
f 3265/6981/3350 3201/6873/3296 3255/6962/3339
f 3265/6981/3350 3255/6962/3339 2964/6319/3042
f 2900/6163/2977 2389/6162/2509 3266/6982/2508
f 2900/6983/2977 3266/4972/2508 2870/6080/2947
f 2900/6163/2977 2870/6078/2947 3321/6984/3351
f 2900/6163/2977 3321/6984/3351 3267/6985/3352
f 2900/6163/2977 3267/6985/3352 3332/6986/3353
f 2900/6163/2977 3332/6986/3353 2901/6164/2978
f 3078/6987/3155 3076/6864/3154 3268/6988/3354
f 3078/6583/3155 3268/6989/3354 3442/6990/3355
f 3078/6583/3155 3442/6990/3355 3586/6991/3356
f 3078/6583/3155 3586/6991/3356 3248/6992/3335
f 3078/6583/3155 3248/6992/3335 2625/5550/2729
f 2621/5541/2725 2620/5540/2724 2856/6993/2929
f 2621/5541/2725 2856/6993/2929 3079/6585/3157
f 2621/5541/2725 3079/6585/3157 3239/5856/2862
f 2621/6994/2725 3239/6934/2862 2685/5687/2793
f 3271/6475/3101 3031/6474/3100 3269/6995/3357
f 3271/6475/3101 3269/6995/3357 3028/6996/3099
f 3271/6475/3101 3028/6996/3099 3270/6997/3098
f 3271/6998/3101 3270/6999/3098 3272/7000/3168
f 3082/7001/3358 3170/7002/3254 3273/7003/3359
f 3082/7004/3360 3274/7005/3361 3273/7006/3362
f 3082/7007/3358 3274/7008/3363 3753/7009/3364
f 3082/6603/3253 3753/7010/3364 3276/7011/3365
f 3082/6603/3253 3276/7011/3365 3275/7012/3366
f 3082/6603/3253 3275/7012/3366 3170/6781/3167
f 3275/7013/3366 3276/7014/3365 3279/7015/3367
f 3275/7013/3366 3279/7015/3367 3171/7016/3368
f 3275/7013/3366 3171/7016/3368 3163/7017/3240
f 3275/7013/3366 3163/7017/3240 3170/7018/3167
f 3171/6791/3248 3170/6790/3254 3273/7019/3362
f 3171/6791/3248 3273/7019/3362 3277/7020/3369
f 3171/6778/3248 3277/7021/3369 3168/6779/3370
f 3171/6778/3368 3278/7022/3371 3168/6779/3163
f 3171/6778/3368 3279/7023/3367 3278/7022/3371
f 3280/7024/3337 3128/7025/3211 3127/7026/3210
f 3280/7024/3337 3127/7026/3210 3283/7027/3372
f 3280/7028/3337 3283/7029/3372 3287/7030/3373
f 3280/7028/3337 3287/7030/3373 3281/7031/3374
f 3280/7028/3337 3281/7031/3374 3282/7032/3375
f 3280/6953/3337 3282/7033/3375 3041/6500/3112
f 3283/7034/3372 3127/6701/3210 3284/6511/3118
f 3283/7035/3372 3284/7036/3118 3045/7037/3117
f 3283/7035/3372 3045/7037/3117 3287/7038/3373
f 2664/5629/2767 2663/5628/2766 3428/6519/3121
f 2664/7039/2767 3428/6620/3121 3285/7040/3376
f 2664/7039/2767 3285/7040/3376 3286/7041/3377
f 2664/5629/2767 3286/7042/3377 3351/5630/2768
f 3044/6505/3116 3043/6955/3114 3725/7043/3378
f 3044/6505/3116 3725/7043/3378 3281/7044/3374
f 3044/6505/3116 3281/7044/3374 3287/7045/3373
f 3044/7046/3116 3287/7038/3373 3045/7037/3117
f 3290/7047/3379 2896/7048/2973 3184/7049/3272
f 3290/7047/3379 3184/7049/3272 3402/7050/3380
f 3290/7047/3379 3402/7050/3380 3288/7051/3381
f 3290/7052/3379 3288/7053/3381 3289/7054/3382
f 3290/7055/3379 3289/7056/3382 2897/6156/2974
f 3290/7055/3379 2897/6156/2974 2896/6155/2973
f 3103/7057/3184 3139/6725/3013 3138/6724/3217
f 3103/7058/3184 3138/7059/3217 3291/7060/3383
f 3103/6656/3184 3291/7061/3383 3292/7062/3384
f 3103/6656/3184 3292/7062/3384 3352/7063/3385
f 3103/6656/3184 3352/7063/3385 3227/6915/3320
f 2898/6157/2975 2897/6156/2974 3293/7064/3386
f 2898/6157/2975 3293/7064/3386 3379/7065/3387
f 2898/6157/2975 3379/7065/3387 3296/7066/3388
f 2898/6157/2975 3296/7066/3388 3295/7067/3389
f 2898/6159/2975 3295/7068/3389 2870/6078/2947
f 3294/7069/3390 2870/6078/2947 3295/7068/3389
f 3294/7070/3390 3295/7071/3389 3296/7072/3388
f 3294/7070/3390 3296/7072/3388 3297/7073/3391
f 3294/7070/3390 3297/7073/3391 3322/7074/3392
f 3294/7070/3390 3322/7074/3392 3321/7075/3351
f 3294/7069/3390 3321/6984/3351 2870/6078/2947
f 3258/7076/3344 3257/7077/3343 3366/7078/3393
f 3258/7079/3344 3366/7080/3393 3298/7081/3394
f 3258/6970/3344 3298/7082/3394 3299/7083/3395
f 3258/6970/3344 3299/7083/3395 3180/6810/3267
f 3258/6970/3344 3180/6810/3267 3178/6809/3266
f 3300/7084/3396 3180/6810/3267 3299/7083/3395
f 3300/7084/3396 3299/7083/3395 3301/7085/3397
f 3300/7086/3396 3301/7087/3397 3302/7088/3398
f 3300/7086/3396 3302/7088/3398 3303/7089/3399
f 3300/7090/3396 3303/7091/3399 3304/7092/3400
f 3300/7093/3396 3304/7094/3400 3180/7095/3267
f 3304/7092/3400 3303/7091/3399 3288/7096/3381
f 3304/7092/3400 3288/7096/3381 3305/7097/3401
f 3304/7098/3400 3305/7099/3401 3181/6813/3268
f 3304/7098/3400 3181/6813/3268 3180/6812/3267
f 3308/7100/3402 3065/6570/3144 3143/6738/3221
f 3308/7100/3402 3143/6738/3221 3306/7101/3403
f 3308/7102/3402 3306/7103/3403 3435/7104/3404
f 3308/7105/3402 3435/7106/3404 3434/7107/3405
f 3308/7105/3402 3434/7107/3405 3307/7108/3406
f 3308/7109/3402 3307/7110/3406 3066/6556/3145
f 3308/7109/3402 3066/6556/3145 3065/6555/3144
f 3309/7111/3407 3301/7085/3397 3299/7083/3395
f 3309/7111/3407 3299/7083/3395 3310/7112/3408
f 3309/7113/3407 3310/7114/3408 3311/7115/3409
f 3309/7116/3407 3311/7117/3409 3339/7118/3410
f 3309/7119/3407 3339/7120/3410 3312/7121/3411
f 3309/7122/3407 3312/7123/3411 3313/7124/3412
f 3309/7122/3407 3313/7124/3412 3314/7125/3413
f 3309/7122/3407 3314/7125/3413 3301/7087/3397
f 3315/7126/3414 3301/7087/3397 3314/7125/3413
f 3315/7126/3414 3314/7125/3413 3313/7124/3412
f 3315/7126/3414 3313/7124/3412 3316/7127/3415
f 3315/7126/3414 3316/7127/3415 3317/7128/3416
f 3315/7126/3414 3317/7128/3416 3318/7129/3417
f 3315/7126/3414 3318/7129/3417 3301/7087/3397
f 3319/7130/3418 3301/7087/3397 3318/7129/3417
f 3319/7130/3418 3318/7129/3417 3317/7128/3416
f 3319/7130/3418 3317/7128/3416 3558/7131/3419
f 3319/7130/3418 3558/7131/3419 3320/7132/3420
f 3319/7130/3418 3320/7132/3420 3302/7088/3398
f 3319/7130/3418 3302/7088/3398 3301/7087/3397
f 3323/7133/3421 3321/7134/3351 3322/7135/3392
f 3323/7136/3421 3322/7074/3392 3324/7137/3422
f 3323/7136/3421 3324/7137/3422 3388/7138/3423
f 3323/7136/3421 3388/7138/3423 3325/7139/3424
f 3323/7136/3421 3325/7139/3424 3326/7140/3425
f 3323/7133/3421 3326/7141/3425 3321/7134/3351
f 3326/7140/3425 3325/7139/3424 3327/7142/3426
f 3326/7140/3425 3327/7142/3426 3328/7143/3427
f 3326/7140/3425 3328/7143/3427 3329/7144/3428
f 3326/7140/3425 3329/7144/3428 3267/7145/3352
f 3326/7140/3425 3267/7145/3352 3321/7075/3351
f 3330/7146/3429 3267/7145/3352 3329/7144/3428
f 3330/7146/3429 3329/7144/3428 3563/7147/3430
f 3330/7146/3429 3563/7147/3430 3331/7148/3431
f 3330/7149/3429 3331/7150/3431 2901/6166/2978
f 3330/7149/3429 2901/6166/2978 3332/7151/3353
f 3330/7146/3429 3332/7152/3353 3267/7145/3352
f 3333/7153/3432 3310/7154/3408 3201/7155/3296
f 3333/7153/3432 3201/7155/3296 3341/7156/3433
f 3333/7153/3432 3341/7156/3433 3370/7157/3434
f 3333/7153/3432 3370/7157/3434 3311/7158/3409
f 3333/7153/3432 3311/7158/3409 3310/7154/3408
f 3334/6963/3340 3255/6962/3339 3310/7112/3408
f 3334/6963/3340 3310/7112/3408 3299/7083/3395
f 3334/6963/3340 3299/7083/3395 3298/7082/3394
f 3334/7159/3340 3298/7081/3394 3365/7160/3435
f 3334/7161/3340 3365/7162/3435 3439/7163/3341
f 3337/7164/3436 3335/7165/3437 3336/7166/3438
f 3337/7164/3436 3336/7166/3438 3371/7167/3439
f 3337/7164/3436 3371/7167/3439 3571/7168/3440
f 3337/7164/3436 3571/7168/3440 3868/7169/3441
f 3337/7170/3436 3868/7171/3441 3342/6871/3295
f 3337/7170/3436 3342/6871/3295 3200/6870/2980
f 3337/7164/3436 3200/7172/2980 3335/7165/3437
f 3338/7173/3442 3339/7174/3410 3336/7175/3438
f 3338/7176/3442 3336/7166/3438 3335/7165/3437
f 3340/7177/3443 2901/6166/2978 3331/7150/3431
f 3340/7177/3443 3331/7150/3431 3562/7178/3444
f 3340/7177/3443 3562/7178/3444 3564/7179/3445
f 3340/7177/3443 3564/7179/3445 3578/7180/3446
f 3340/7177/3443 3578/7180/3446 2902/6167/2979
f 3340/7177/3443 2902/6167/2979 2901/6166/2978
f 3341/7181/3433 3201/6872/3296 3342/6871/3295
f 3341/7156/3433 3342/7182/3295 3868/7183/3441
f 3341/7156/3433 3868/7183/3441 3568/7184/3447
f 3341/7156/3433 3568/7184/3447 3370/7157/3434
f 3151/6751/3228 3148/6750/3226 3620/7185/3225
f 3151/6751/3448 3620/7185/3449 3343/7186/3450
f 3151/7187/3451 3343/7188/3452 3344/7189/3453
f 3151/6863/3292 3344/7190/3454 3268/6988/3354
f 3151/6863/3292 3268/6988/3354 3076/6864/3154
f 3345/7191/3455 3124/7192/3207 3123/6690/3206
f 3345/7191/3455 3123/6690/3206 3346/7193/3456
f 3345/7191/3455 3346/7193/3456 3347/7194/3457
f 3345/7191/3455 3347/7194/3457 3348/7195/3332
f 3345/7191/3455 3348/7195/3332 3124/7192/3207
f 3269/6995/3357 3031/6474/3100 3349/7196/3458
f 3269/7197/3357 3349/7198/3458 3350/7199/3459
f 3269/7197/3357 3350/7199/3459 3029/6471/3005
f 3269/7197/3357 3029/6471/3005 3028/6470/3099
f 3350/7199/3459 3349/7198/3458 3814/7200/3460
f 3350/7199/3459 3814/7200/3460 3815/7201/3461
f 3350/7202/3459 3815/7203/3461 3968/7204/3462
f 3350/7202/3459 3968/7204/3462 3502/7205/3463
f 3350/7206/3459 3502/7207/3463 2929/6232/3006
f 3350/7206/3459 2929/6232/3006 3029/6231/3005
f 2668/5636/2771 2667/5635/2769 3351/7208/2768
f 2668/5636/2771 3351/7208/2768 3286/7209/3377
f 2668/5636/2771 3286/7209/3377 3175/6798/3261
f 3353/7210/3464 3227/7211/3320 3352/7212/3385
f 3353/7213/3464 3352/7214/3385 3233/7215/3325
f 3353/7216/3464 3233/7217/3325 3406/7218/3465
f 3353/7219/3464 3406/7220/3465 5049/7221/3466
f 3353/7222/3464 5049/7223/3466 3354/7224/3467
f 3353/7222/3464 3354/7224/3467 3232/6922/3324
f 3353/7222/3464 3232/6922/3324 3227/6921/3320
f 3356/7225/3468 3357/6850/3285 3234/6927/3326
f 3356/7225/3468 3234/6927/3326 3355/7226/3469
f 3356/7225/3468 3355/7226/3469 3495/7227/3470
f 3356/7228/3471 3360/7229/3472 3495/7230/3473
f 3356/7231/3468 3360/7232/3474 3357/7233/3285
f 3360/7229/3472 3541/7234/3475 3495/7230/3473
f 3360/7235/3472 3541/7236/3476 3358/7237/3477
f 3360/7238/3478 3359/7239/3479 3358/7240/3480
f 3360/7241/3481 3359/7242/3482 3392/7243/3483
f 3360/7244/3481 3392/7245/3483 3361/7246/3484
f 3360/7247/3472 3357/6853/3288 3361/6852/3287
f 3362/7248/3485 3303/7089/3399 3302/7088/3398
f 3362/7248/3485 3302/7088/3398 3320/7132/3420
f 3362/7248/3485 3320/7132/3420 3616/7249/3486
f 3362/7248/3485 3616/7249/3486 3364/7250/3487
f 3362/7248/3485 3364/7250/3487 3363/7251/3488
f 3362/7248/3485 3363/7251/3488 3303/7089/3399
f 3363/7252/3488 3364/7253/3487 3613/7254/3489
f 3363/7255/3488 3613/7256/3489 3289/7257/3382
f 3363/7251/3488 3289/7054/3382 3288/7053/3381
f 3363/7251/3488 3288/7053/3381 3303/7089/3399
f 3365/7160/3435 3298/7081/3394 3366/7080/3393
f 3365/7258/3435 3366/7259/3393 3367/7260/3490
f 3365/7258/3435 3367/7260/3490 3368/7261/3491
f 3365/7258/3435 3368/7261/3491 3369/7262/3492
f 3365/7162/3435 3369/7263/3492 3439/7163/3341
f 3336/7264/3438 3339/7118/3410 3311/7117/3409
f 3336/7264/3438 3311/7117/3409 3370/7265/3434
f 3336/7264/3438 3370/7265/3434 3371/7266/3439
f 3343/7267/3493 3372/7268/3494 3620/7269/3225
f 3343/7186/3495 3372/7270/3496 3235/6928/3327
f 3343/7186/3495 3235/6928/3327 3152/6752/3229
f 3343/7186/3495 3152/6752/3229 3151/6751/3497
f 3373/7271/3257 2861/7272/2936 3374/7273/3498
f 3373/7271/3257 3374/7273/3498 3726/7274/3499
f 3373/7271/3257 3726/7274/3499 3375/7275/3500
f 3373/7271/3257 3375/7275/3500 2999/7276/3072
f 3373/7277/3257 2999/6398/3072 2998/6397/3071
f 3291/7278/3383 3138/6722/3217 3136/6721/3216
f 3291/7278/3383 3136/6721/3216 3376/7279/3501
f 3291/7278/3383 3376/7279/3501 3537/7280/3502
f 3291/7281/3383 3537/7282/3502 3377/7283/3503
f 3291/7061/3383 3377/7284/3503 3292/7062/3384
f 3378/7285/3504 3296/7066/3388 3379/7065/3387
f 3378/7286/3504 3379/7287/3387 3401/7288/3505
f 3378/7289/3504 3401/7290/3505 3380/7291/3506
f 3378/7292/3504 3380/7293/3506 3381/7294/3507
f 3378/7292/3504 3381/7294/3507 3297/7073/3391
f 3378/7292/3504 3297/7073/3391 3296/7072/3388
f 3381/7294/3507 3380/7293/3506 5042/7295/3508
f 3381/7294/3507 5042/7295/3508 3382/7296/3509
f 3381/7294/3507 3382/7296/3509 3322/7074/3392
f 3381/7294/3507 3322/7074/3392 3297/7073/3391
f 3382/7296/3509 5042/7295/3508 3383/7297/3510
f 3382/7296/3509 3383/7297/3510 3388/7138/3423
f 3382/7296/3509 3388/7138/3423 3324/7137/3422
f 3382/7296/3509 3324/7137/3422 3322/7074/3392
f 3354/7298/3467 5049/7299/3466 3537/7300/3511
f 3354/7301/3467 3537/7302/3511 3406/7303/3465
f 3354/7301/3467 3406/7303/3465 3506/7304/3512
f 3354/7305/3467 3506/7306/3512 3384/7307/3513
f 3354/7224/3467 3384/7308/3513 3385/7309/3514
f 3354/7224/3467 3385/7309/3514 3232/6922/3324
f 3385/7309/3514 3384/7308/3513 3507/7310/3515
f 3385/7311/3514 3507/7312/3515 3386/7313/3516
f 3385/7314/3514 3386/7315/3516 3233/6925/3325
f 3385/7314/3514 3233/6925/3325 3232/6924/3324
f 3388/7316/3423 3383/7317/3510 3387/7318/3517
f 3388/7319/3423 3387/7320/3517 3657/7321/3518
f 3388/7322/3423 3657/7323/3518 3389/7324/3519
f 3388/7325/3423 3389/7326/3519 3390/7327/3520
f 3388/7138/3423 3390/7328/3520 3327/7142/3426
f 3388/7138/3423 3327/7142/3426 3325/7139/3424
f 3328/7143/3427 3327/7142/3426 3561/7329/3521
f 3328/7143/3427 3561/7329/3521 3560/7330/3522
f 3328/7143/3427 3560/7330/3522 3563/7147/3430
f 3328/7143/3427 3563/7147/3430 3329/7144/3428
f 3391/7331/3523 3358/7237/3477 3541/7236/3476
f 3391/7332/3523 3541/7333/3476 3540/7334/3524
f 3391/7335/3523 3540/7336/3524 3392/7337/3483
f 3391/7338/3523 3392/7339/3483 3359/7340/3482
f 3391/7341/3523 3359/7342/3482 3358/7343/3477
f 3214/6894/3310 3004/6404/3078 3002/6402/3076
f 3214/6894/3310 3002/6402/3076 3393/7344/3525
f 3214/6894/3310 3393/7344/3525 3394/7345/3526
f 3214/6894/3310 3394/7345/3526 3609/7346/3527
f 3214/6894/3310 3609/7346/3527 3608/6895/3311
f 3396/7347/3528 3134/6717/3173 3133/6716/3215
f 3396/7347/3528 3133/6716/3215 3395/7348/3529
f 3396/7347/3528 3395/7348/3529 3397/7349/3530
f 3396/7350/3528 3397/7351/3530 3398/7352/3174
f 3396/7350/3528 3398/7352/3174 3134/7353/3173
f 3176/7354/3263 3457/7355/3262 3399/7356/3531
f 3176/7357/3263 3399/7358/3531 3400/7359/3532
f 3176/7357/3263 3400/7359/3532 3116/6683/3199
f 3176/7357/3263 3116/6683/3199 3115/6682/3198
f 3293/7064/3386 2897/6156/2974 3289/7056/3382
f 3293/7064/3386 3289/7056/3382 3613/7360/3489
f 3293/7064/3386 3613/7360/3489 3401/7361/3505
f 3293/7064/3386 3401/7361/3505 3379/7065/3387
f 3305/7097/3401 3288/7096/3381 3402/7362/3380
f 3305/7363/3401 3402/7364/3380 3462/7365/3533
f 3305/7099/3401 3462/7366/3533 3403/7367/3534
f 3305/7099/3401 3403/7367/3534 3182/6814/3269
f 3305/7099/3401 3182/6814/3269 3181/6813/3268
f 3404/7368/3535 3187/6826/3274 3235/6928/3327
f 3404/7368/3535 3235/6928/3327 3498/7369/3536
f 3404/7370/3535 3498/7371/3536 3538/7372/3537
f 3404/7373/3535 3538/7374/3537 3405/7375/3538
f 3404/7373/3535 3405/7375/3538 3406/7376/3539
f 3404/7377/3535 3406/7378/3539 3408/7379/3540
f 3404/7368/3535 3408/7380/3540 3407/7381/3541
f 3404/7368/3535 3407/7381/3541 3187/6826/3274
f 3407/7382/3541 3408/7383/3540 3592/7384/3542
f 3407/7385/3541 3592/7386/3542 3377/7283/3503
f 3407/7385/3541 3377/7283/3503 3537/7282/3502
f 3407/7381/3541 3537/7387/3502 3536/6827/3275
f 3407/7381/3541 3536/6827/3275 3187/6826/3274
f 3409/7388/3543 3142/6735/3220 3260/6974/3346
f 3409/7388/3543 3260/6974/3346 3410/7389/3544
f 3409/7390/3543 3410/7391/3544 3411/7392/3545
f 3409/7390/3543 3411/7392/3545 3412/7393/3546
f 3409/7390/3543 3412/7393/3546 3143/6738/3221
f 3409/7388/3543 3143/6736/3221 3142/6735/3220
f 3414/7394/3547 3066/6556/3145 3307/7110/3406
f 3414/7394/3547 3307/7110/3406 3412/7395/3546
f 3414/7394/3547 3412/7395/3546 3411/7396/3545
f 3414/7394/3547 3411/7396/3545 3413/7397/3548
f 3414/7398/3547 3413/7399/3548 3259/6971/3345
f 3414/7398/3547 3259/6971/3345 3066/6557/3145
f 3415/7400/3549 3190/6547/3141 3416/7401/3550
f 3415/7400/3549 3416/7401/3550 3417/7402/3551
f 3415/7403/3549 3417/7404/3551 3441/7405/3552
f 3415/7403/3549 3441/7405/3552 3191/6835/3276
f 3415/7403/3549 3191/6835/3276 3190/6834/3141
f 3264/6978/3349 3440/6977/3348 3418/7406/3553
f 3264/6978/3349 3418/7406/3553 3419/7407/3554
f 3264/6980/3349 3419/7408/3554 3416/7401/3550
f 3264/6980/3349 3416/7401/3550 3190/6547/3141
f 3203/6876/3299 2978/6352/3056 3116/6683/3199
f 3203/6876/3299 3116/6683/3199 3400/7359/3532
f 3203/6876/3299 3400/7359/3532 3420/7409/3555
f 3203/6876/3299 3420/7409/3555 3542/6877/3300
f 3421/7410/3556 3235/6928/3327 3372/7270/3496
f 3421/7411/3556 3372/7412/3496 3422/7413/3557
f 3421/7411/3556 3422/7413/3557 3423/7414/3558
f 3421/7411/3556 3423/7414/3558 3497/7415/3293
f 3421/7411/3556 3497/7415/3293 3498/7416/3536
f 3421/7410/3556 3498/7369/3536 3235/6928/3327
f 3424/7417/3559 2855/6880/2927 3542/6879/3300
f 3424/7417/3559 3542/6879/3300 3473/7418/3560
f 3424/7417/3559 3473/7418/3560 3425/7419/3561
f 3424/7420/3559 3425/7421/3561 3426/7422/3562
f 3424/7420/3559 3426/7422/3562 3474/6588/3158
f 3424/7420/3559 3474/6588/3158 3427/7423/2928
f 3424/7424/3559 3427/6044/2928 2855/6043/2927
f 3285/7425/3376 3428/7426/3121 3429/7427/3170
f 3285/7040/3376 3429/6619/3170 3449/7428/3563
f 3285/7040/3376 3449/7428/3563 3456/7429/3564
f 3285/7040/3376 3456/7429/3564 3175/6800/3261
f 3285/7040/3376 3175/6800/3261 3286/7041/3377
f 3132/6713/3214 3129/6708/3213 3430/7430/3565
f 3132/6713/3214 3430/7430/3565 3431/7431/3566
f 3132/6715/3214 3431/7432/3566 3432/7433/3567
f 3132/6715/3214 3432/7433/3567 3395/7348/3529
f 3132/6715/3214 3395/7348/3529 3133/6716/3215
f 3306/7101/3403 3143/6738/3221 3412/7393/3546
f 3306/7101/3403 3412/7393/3546 3433/7434/3568
f 3306/7435/3403 3433/7436/3568 3434/7437/3405
f 3306/7435/3403 3434/7437/3405 3435/7438/3404
f 3438/7439/3569 3257/7440/3343 3436/7441/3342
f 3438/7439/3569 3436/7441/3342 3437/7442/3570
f 3438/7443/3569 3437/7444/3570 3367/7260/3490
f 3438/7445/3569 3367/7446/3490 3366/7078/3393
f 3438/7445/3569 3366/7078/3393 3257/7077/3343
f 3369/7262/3492 3368/7261/3491 3437/7444/3570
f 3369/7447/3492 3437/7442/3570 3436/7441/3342
f 3369/7447/3492 3436/7441/3342 3439/7448/3341
f 3440/7449/3348 3263/6837/3277 3191/6836/3276
f 3440/7449/3348 3191/6836/3276 3441/7450/3552
f 3440/7449/3348 3441/7450/3552 3418/7451/3553
f 3344/7189/3454 3151/7187/3571 3620/7452/3572
f 3344/7189/3454 3620/7452/3572 3442/6990/3355
f 3344/7190/3454 3442/7453/3355 3268/6988/3354
f 3159/7454/3237 3443/7455/3236 3444/7456/3573
f 3159/7457/3237 3444/7458/3573 3445/7459/3574
f 3159/6761/3237 3445/7460/3574 3346/7193/3456
f 3159/6761/3237 3346/7193/3456 3123/6690/3206
f 3159/6761/3237 3123/6690/3206 3122/6689/3205
f 3080/6592/3159 3474/6588/3158 3472/7461/3575
f 3080/6592/3159 3472/7461/3575 3426/7422/3562
f 3080/6592/3159 3426/7422/3562 3446/7462/3330
f 3080/6592/3159 3446/7462/3330 3447/7463/2993
f 3080/6592/3159 3447/7463/2993 2918/6593/2992
f 3079/6587/3157 2856/7464/2929 3427/7423/2928
f 3079/6587/3157 3427/7423/2928 3474/6588/3158
f 3449/7428/3563 3429/6619/3170 3448/7465/3576
f 3449/7428/3563 3448/7465/3576 3457/6801/3262
f 3449/7428/3563 3457/6801/3262 3454/7466/3577
f 3449/7467/3578 3528/7468/3579 3454/7469/3580
f 3449/7470/3578 3485/7471/3581 3528/7472/3579
f 3449/7473/3563 3485/7474/3582 3484/7475/3583
f 3449/7476/3563 3484/7477/3583 3456/7478/3564
f 3455/7479/3584 3456/7478/3564 3484/7477/3583
f 3455/7479/3584 3484/7477/3583 3450/7480/3585
f 3455/7479/3584 3450/7480/3585 3451/7481/3586
f 3455/7479/3584 3451/7481/3586 3452/7482/3587
f 3455/7479/3584 3452/7482/3587 3453/7483/3588
f 3455/7484/3584 3453/7485/3588 3454/7486/3577
f 3455/7487/3584 3454/7488/3577 3456/7489/3564
f 3456/7489/3564 3454/7488/3577 3457/7490/3262
f 3456/7429/3564 3457/6801/3262 3175/6800/3261
f 3448/7465/3576 3429/6619/3170 3226/6913/3318
f 3448/7465/3576 3226/6913/3318 3490/7491/3589
f 3448/7465/3576 3490/7491/3589 3457/6801/3262
f 3458/7492/3590 3184/7049/3272 3459/7493/3271
f 3458/7494/3590 3459/7495/3271 3460/7496/3591
f 3458/7497/3590 3460/7498/3591 3715/7499/3592
f 3458/7497/3590 3715/7499/3592 3461/7500/3593
f 3458/7492/3590 3461/7501/3593 3462/7502/3533
f 3458/7492/3590 3462/7502/3533 3402/7050/3380
f 3458/7492/3590 3402/7050/3380 3184/7049/3272
f 3463/7503/3594 3019/6439/3091 3113/7504/3196
f 3463/7505/3594 3113/7506/3196 3464/7507/3595
f 3463/7503/3594 3464/7508/3595 3192/7509/3279
f 3463/7503/3594 3192/7509/3279 3011/6423/3085
f 3463/7503/3594 3011/6423/3085 3019/6439/3091
f 3192/7509/3279 3012/6424/3086 3011/6423/3085
f 3377/7284/3503 3592/7510/3542 3355/7226/3469
f 3377/7284/3503 3355/7226/3469 3352/7063/3385
f 3377/7284/3503 3352/7063/3385 3292/7062/3384
f 3355/7226/3469 3234/6927/3326 3233/6926/3325
f 3355/7226/3469 3233/6926/3325 3352/7063/3385
f 3386/7511/3516 3507/7512/3515 3506/7513/3512
f 3386/7514/3516 3506/7515/3512 3406/7516/3465
f 3386/7517/3516 3406/7518/3465 3233/7519/3325
f 3465/7520/3596 3215/6896/3312 3230/6919/3323
f 3465/7520/3596 3230/6919/3323 3466/7521/3597
f 3465/7520/3596 3466/7521/3597 3216/6897/3313
f 3465/7520/3596 3216/6897/3313 3215/6896/3312
f 3467/7522/3281 3194/6841/3280 3468/7523/3598
f 3467/6844/3281 3468/7524/3598 3500/7525/3599
f 3467/6844/3281 3500/7525/3599 3106/6669/3190
f 3467/6844/3281 3106/6669/3190 3105/6668/3189
f 3472/7461/3575 3474/6588/3158 3469/7526/3600
f 3472/7527/3575 3469/7528/3600 3470/7529/3601
f 3472/7530/3575 3470/7531/3601 3471/7532/3602
f 3472/7533/3575 3471/7534/3602 3475/7535/3603
f 3472/7461/3575 3475/7536/3603 3473/7537/3604
f 3472/7461/3575 3473/7537/3604 3426/7422/3562
f 3425/7419/3561 3473/7418/3560 3243/6944/3331
f 3425/7419/3561 3243/6944/3331 3446/6943/3330
f 3425/7421/3561 3446/7462/3330 3426/7422/3562
f 3473/7538/3604 3475/7539/3603 3469/7540/3600
f 3473/7541/3604 3469/7542/3600 3474/7543/3158
f 3473/7537/3605 3426/7422/3606 3474/6588/3158
f 3478/7544/3607 3469/7545/3600 3475/7546/3603
f 3478/7544/3607 3475/7546/3603 3476/7547/3608
f 3478/7544/3607 3476/7547/3608 3477/7548/3609
f 3478/7549/3607 3477/7550/3609 3546/7551/3610
f 3478/7549/3607 3546/7551/3610 3479/7552/3611
f 3478/7549/3607 3479/7552/3611 3470/7529/3601
f 3478/7549/3607 3470/7529/3601 3469/7528/3600
f 3274/7553/3361 3753/7554/3364 3969/7555/3612
f 3274/7553/3361 3969/7555/3612 3968/7556/3462
f 3274/7553/3361 3968/7556/3462 3277/7020/3369
f 3274/7553/3361 3277/7020/3369 3273/7019/3362
f 2877/6104/2957 2999/6398/3072 3480/7557/3613
f 2877/6104/2957 3480/7557/3613 3998/7558/3614
f 2877/6104/2957 3998/7558/3614 3481/7559/3615
f 2877/6105/2957 3481/7560/3615 3482/7561/3616
f 2877/6105/2957 3482/7561/3616 3757/6054/2934
f 2877/6105/2957 3757/6054/2934 1377/2560/1454
f 3483/7562/3617 3484/7563/3583 3485/7564/3582
f 3483/7562/3617 3485/7564/3582 3530/7565/3618
f 3483/7562/3617 3530/7565/3618 3486/7566/3619
f 3483/7562/3617 3486/7566/3619 3451/7567/3586
f 3483/7562/3617 3451/7567/3586 3450/7568/3585
f 3483/7562/3617 3450/7568/3585 3484/7563/3583
f 2956/6305/3034 2955/6304/3033 3487/7569/3317
f 2956/6305/3034 3487/7569/3317 3488/7570/3317
f 2956/6305/3034 3488/7570/3317 3489/7571/3620
f 2956/6305/3034 3489/7571/3620 3490/7572/3589
f 2956/6305/3034 3490/7572/3589 3226/6912/3318
f 3399/7573/3531 3457/7574/3262 3490/7572/3589
f 3399/7573/3531 3490/7572/3589 3489/7571/3620
f 3399/7573/3531 3489/7571/3620 3491/7575/3621
f 3399/7576/3531 3491/7577/3621 3492/7578/3622
f 3399/7576/3531 3492/7578/3622 3493/7579/3623
f 3399/7358/3531 3493/7580/3623 3494/7581/3624
f 3399/7358/3531 3494/7581/3624 3400/7359/3532
f 3307/7582/3406 3434/7583/3405 3433/7584/3568
f 3307/7582/3406 3433/7584/3568 3412/7585/3546
f 3496/7586/3625 3498/7587/3536 3384/7588/3513
f 3496/7589/3625 3384/7307/3513 3506/7306/3512
f 3496/7590/3625 3506/7591/3512 3505/7592/3626
f 3496/7590/3625 3505/7592/3626 3540/7593/3524
f 3496/7594/3627 3495/7595/3473 3540/7596/3628
f 3496/7594/3627 3538/7597/3629 3495/7595/3473
f 3496/7598/3625 3538/7599/3537 3498/7600/3536
f 3497/7601/3293 3141/6733/3219 3590/7602/3630
f 3497/7603/3293 3590/7604/3630 3384/7605/3513
f 3497/7603/3293 3384/7605/3513 3498/7606/3536
f 3500/7607/3599 3468/7608/3598 3499/7609/3631
f 3500/7610/3599 3499/7611/3631 3992/7612/3632
f 3500/7610/3599 3992/7612/3632 3501/7613/3633
f 3500/7610/3599 3501/7613/3633 3112/6679/3195
f 3500/7610/3599 3112/6679/3195 3106/6671/3190
f 2930/7614/3007 2929/7615/3006 3502/7616/3463
f 2930/7617/3007 3502/7618/3463 3971/7619/3634
f 2930/6234/3007 3971/7620/3634 3503/7621/3635
f 2930/6234/3007 3503/7621/3635 3504/7622/3636
f 2930/6234/3007 3504/7622/3636 3030/6382/3068
f 2930/6234/3007 3030/6382/3068 1578/3009/1669
f 3408/7379/3637 3406/7378/3465 3537/7623/3511
f 3408/7624/3637 3537/7625/3511 5049/7626/3466
f 3408/7624/3638 5049/7626/3639 3406/7627/3539
f 3408/7628/3640 3406/7629/3641 3591/7630/3642
f 3408/7383/3540 3591/7631/3643 3592/7384/3542
f 3505/7632/3626 3506/7633/3512 3507/7634/3515
f 3505/7635/3626 3507/7636/3515 3384/7637/3513
f 3505/7638/3626 3384/7639/3513 3590/7640/3630
f 3505/7638/3626 3590/7640/3630 3539/7641/3644
f 3505/7642/3626 3539/7643/3644 3508/7644/3645
f 3505/7592/3626 3508/7645/3645 3540/7593/3524
f 3509/7646/3646 3514/7647/3647 3512/7648/3648
f 3509/7649/3646 3512/7650/3648 3510/7651/3649
f 3509/7649/3646 3510/7651/3649 3517/7652/3650
f 3509/7646/3646 3517/7653/3650 3516/7654/3651
f 3509/7646/3646 3516/7654/3651 3514/7647/3647
f 3513/7655/3652 3514/7656/3647 3516/7657/3651
f 3513/7655/3652 3516/7657/3651 3515/7658/3653
f 3513/7655/3652 3515/7658/3653 3511/7659/3654
f 3513/7660/3652 3511/7661/3654 3512/7662/3648
f 3513/7663/3652 3512/7664/3648 3514/7665/3647
f 3515/7666/3653 3516/7667/3651 3517/7668/3650
f 3515/7666/3653 3517/7668/3650 3519/7669/3655
f 3515/7666/3653 3519/7669/3655 3518/7670/3656
f 3515/7658/3653 3518/7671/3656 3511/7659/3654
f 3510/7651/3649 3512/7650/3648 3603/7672/3657
f 3510/7651/3649 3603/7672/3657 3519/7673/3655
f 3510/7651/3649 3519/7673/3655 3517/7652/3650
f 3520/7674/3294 3497/7675/3293 3423/7676/3558
f 3520/7677/3294 3423/7678/3558 3521/7679/3658
f 3520/7680/3294 3521/7681/3658 3566/7682/3659
f 3520/7680/3294 3566/7682/3659 3522/7683/3660
f 3520/6867/3294 3522/7684/3660 3199/6868/3223
f 3147/6743/3224 3199/6742/3223 3522/7685/3660
f 3147/6743/3224 3522/7685/3660 3523/7686/3661
f 3147/6743/3224 3523/7686/3661 3524/7687/3662
f 3147/6743/3224 3524/7687/3662 3620/6744/3225
f 3471/7532/3602 3470/7531/3601 3525/7688/3663
f 3471/7532/3602 3525/7688/3663 3705/7689/3664
f 3471/7690/3665 3704/7691/3666 3705/7692/3667
f 3471/7693/3602 3704/7694/3668 3526/7695/3669
f 3471/7693/3602 3526/7695/3669 3475/7696/3603
f 3476/7547/3608 3475/7546/3603 3526/7697/3669
f 3476/7547/3608 3526/7697/3669 3704/7698/3668
f 3476/7547/3608 3704/7698/3668 3527/7699/3670
f 3476/7547/3608 3527/7699/3670 3477/7548/3609
f 3528/7700/3671 3454/7486/3577 3453/7485/3588
f 3528/7700/3671 3453/7485/3588 3706/7701/3672
f 3528/7702/3671 3706/7703/3672 3529/7704/3673
f 3528/7705/3671 3529/7706/3673 3399/7576/3674
f 3528/7705/3671 3399/7576/3674 3491/7577/3675
f 3528/7705/3671 3491/7577/3675 3530/7707/3618
f 3528/7708/3671 3530/7709/3618 3485/7710/3582
f 3403/7711/3534 3462/7712/3533 3461/7713/3593
f 3403/7711/3534 3461/7713/3593 3531/7714/3676
f 3403/7715/3534 3531/7716/3676 3459/7717/3271
f 3403/7367/3534 3459/6819/3271 3182/6814/3269
f 3533/6532/3131 3670/6368/3063 3532/7718/3677
f 3533/6532/3131 3532/7718/3677 3534/7719/3678
f 3533/7720/3131 3534/7721/3678 3535/7722/3679
f 3533/7720/3131 3535/7722/3679 3221/6903/3316
f 3533/7720/3131 3221/6903/3316 3220/6902/2906
f 3141/6733/3219 3188/6732/3218 3536/7723/3275
f 3141/6733/3219 3536/7723/3275 3537/7724/3502
f 3141/6733/3219 3537/7724/3502 3590/7602/3630
f 3405/7725/3680 3539/7726/3681 3538/7727/3629
f 3405/7728/3538 3539/7641/3644 3590/7640/3630
f 3405/7728/3538 3590/7640/3630 3406/7729/3539
f 3367/7260/3490 3437/7444/3570 3368/7261/3491
f 3495/7227/3470 3355/7226/3469 3592/7510/3542
f 3495/7730/3473 3539/7731/3681 3592/7732/3682
f 3495/7733/3473 3538/7727/3629 3539/7726/3681
f 3540/7734/3524 3541/7735/3476 3495/7736/3683
f 3544/7737/3684 3473/7738/3560 3542/7739/3300
f 3544/7740/3684 3542/6877/3300 3420/7409/3555
f 3544/7740/3684 3420/7409/3555 3543/7741/3685
f 3544/7740/3684 3543/7741/3685 3967/7742/3686
f 3544/7743/3684 3967/7744/3686 3545/7745/3329
f 3544/7746/3684 3545/7747/3329 3243/6944/3331
f 3544/7746/3684 3243/6944/3331 3473/7418/3560
f 3525/7688/3663 3470/7531/3601 3479/7748/3611
f 3525/7688/3663 3479/7748/3611 3546/7749/3610
f 3525/7688/3663 3546/7749/3610 3751/7750/3687
f 3525/7688/3663 3751/7750/3687 3705/7689/3664
f 3547/7751/3688 3155/7752/3232 3548/7753/3689
f 3547/7754/3688 3548/7755/3689 3549/7756/3690
f 3547/7754/3688 3549/7756/3690 3156/6757/3233
f 3547/7754/3688 3156/6757/3233 3155/6756/3232
f 3161/6763/3239 3249/6952/3336 3550/7757/3691
f 3161/6763/3239 3550/7757/3691 3551/7758/3692
f 3161/6763/3239 3551/7758/3692 3548/7755/3689
f 3161/6763/3239 3548/7755/3689 3155/6756/3232
f 3552/7759/3317 3221/6903/3316 3628/7760/3622
f 3552/7759/3317 3628/7760/3622 3553/7761/3622
f 3552/7759/3317 3553/7761/3622 3554/7762/3622
f 3552/7759/3317 3554/7762/3622 3223/7763/3317
f 3552/6905/3317 3223/6907/3317 2957/6308/3033
f 3555/7764/3317 3224/7765/3317 3556/7766/3622
f 3555/7764/3317 3556/7766/3622 3632/7767/3622
f 3555/7764/3317 3632/7767/3622 3487/7768/3317
f 3555/6910/3317 3487/7569/3317 2955/6304/3033
f 3488/7769/3317 3487/7768/3317 3635/7770/3622
f 3488/7769/3317 3635/7770/3622 3557/7771/3622
f 3488/7769/3317 3557/7771/3622 3491/7577/3621
f 3488/7570/3317 3491/7575/3621 3489/7571/3620
f 3559/7772/3693 3320/7132/3420 3558/7131/3419
f 3559/7773/3693 3558/7774/3419 3702/7775/3694
f 3559/7776/3693 3702/7777/3694 3617/7778/3695
f 3559/7776/3693 3617/7778/3695 3616/7779/3486
f 3559/7772/3693 3616/7249/3486 3320/7132/3420
f 3390/7327/3520 3389/7326/3519 3560/7780/3522
f 3390/7327/3520 3560/7780/3522 3561/7781/3521
f 3390/7328/3520 3561/7329/3521 3327/7142/3426
f 3562/7782/3444 3331/7148/3431 3563/7147/3430
f 3562/7783/3444 3563/7784/3430 3560/7780/3522
f 3562/7783/3444 3560/7780/3522 3389/7326/3519
f 3562/7783/3444 3389/7326/3519 3564/7785/3445
f 3521/7786/3658 3423/7414/3558 3422/7413/3557
f 3521/7787/3658 3422/7788/3557 3565/7789/3696
f 3521/7790/3658 3565/7791/3696 3956/7792/3697
f 3521/7793/3658 3956/7794/3697 3566/7795/3659
f 3567/7796/3698 3370/7157/3434 3568/7184/3447
f 3567/7797/3698 3568/7798/3447 3569/7799/3699
f 3567/7800/3698 3569/7801/3699 3795/7802/3700
f 3567/7800/3698 3795/7802/3700 3570/7803/3701
f 3567/7804/3698 3570/7805/3701 3571/7806/3440
f 3567/7807/3698 3571/7168/3440 3371/7167/3439
f 3567/7808/3698 3371/7809/3439 3370/7810/3434
f 3572/7811/3702 3578/7812/3446 3564/7785/3445
f 3572/7811/3702 3564/7785/3445 3618/7813/3703
f 3572/7814/3704 3573/7815/3705 3618/7816/3703
f 3572/7817/3702 3573/7818/3706 3716/7819/3707
f 3572/7820/3702 3716/7821/3707 3721/7822/3708
f 3572/7820/3702 3721/7822/3708 3574/7823/3709
f 3572/7820/3702 3574/7823/3709 3578/7824/3446
f 3575/7825/3710 3578/7826/3446 3574/7827/3709
f 3575/7825/3710 3574/7827/3709 3720/7828/3711
f 3575/7825/3710 3720/7828/3711 3717/7829/3712
f 3575/7830/3710 3717/7831/3712 3576/7832/3713
f 3575/7830/3710 3576/7832/3713 3577/7833/3714
f 3575/7830/3710 3577/7833/3714 3578/7834/3446
f 3579/7835/3329 2992/6374/3065 2991/6373/3065
f 3579/7835/3329 2991/6373/3065 3580/6942/3329
f 3579/7836/3329 3580/7837/3329 3681/7838/3715
f 3579/7836/3329 3681/7838/3715 3581/7839/3715
f 3579/7836/3329 3581/7839/3715 3582/7840/3329
f 3579/7835/3329 3582/6938/3329 2992/6374/3065
f 3245/7841/3329 3244/7842/3329 3583/7843/3715
f 3245/7841/3329 3583/7843/3715 3685/7844/3715
f 3245/7841/3329 3685/7844/3715 3242/7845/3329
f 3245/6946/3329 3242/6941/3329 3241/6940/3065
f 3545/7745/3329 3967/7744/3686 3584/7846/3716
f 3545/7745/3329 3584/7846/3716 3585/7847/3715
f 3545/7745/3329 3585/7847/3715 3244/7842/3329
f 3545/7747/3329 3244/6945/3329 3243/6944/3331
f 3586/6991/3356 3442/6990/3355 3620/7452/3572
f 3586/6991/3356 3620/7452/3572 3524/7848/3717
f 3586/7849/3356 3524/7850/3717 3624/7851/3718
f 3586/6991/3356 3624/7852/3718 3587/7853/3719
f 3586/6991/3356 3587/7853/3719 3248/6992/3335
f 3589/7854/3720 3260/6972/3346 3259/6971/3345
f 3589/7854/3720 3259/6971/3345 3413/7399/3548
f 3589/7854/3720 3413/7399/3548 3647/7855/3721
f 3589/7854/3720 3647/7855/3721 3588/7856/3722
f 3589/7857/3720 3588/7858/3722 3645/7859/3723
f 3589/7857/3720 3645/7859/3723 3410/7389/3544
f 3589/7857/3720 3410/7389/3544 3260/6974/3346
f 3591/7630/3643 3406/7629/3539 3590/7860/3630
f 3591/7861/3643 3590/7602/3630 3537/7724/3502
f 3591/7862/3643 3537/7280/3502 3376/7279/3501
f 3591/7863/3643 3376/7864/3501 3592/7865/3542
f 3595/7866/3724 3593/7867/3725 3594/7868/339
f 3595/7869/3726 3695/7870/3727 3594/7871/339
f 3595/7869/3726 3596/7872/3728 3695/7870/3727
f 3595/7873/3724 3596/7874/3728 3597/7875/3729
f 3595/7866/3724 3597/7876/3729 3598/7877/3725
f 3595/7866/3724 3598/7877/3725 3593/7867/3725
f 3599/7878/3730 3317/7128/3416 3316/7127/3415
f 3599/7878/3730 3316/7127/3415 3659/7879/3731
f 3599/7878/3730 3659/7879/3731 3981/7880/3732
f 3599/7878/3730 3981/7880/3732 3980/7881/3733
f 3599/7878/3730 3980/7881/3733 3558/7131/3419
f 3599/7878/3730 3558/7131/3419 3317/7128/3416
f 3600/7882/3734 3313/7883/3412 3573/7884/3735
f 3600/7885/3734 3573/7886/3735 3661/7887/3736
f 3600/7885/3734 3661/7887/3736 3660/7888/3737
f 3600/7885/3734 3660/7888/3737 3316/7127/3415
f 3600/7885/3734 3316/7127/3415 3313/7124/3412
f 3419/7407/3554 3418/7406/3553 3791/7889/3738
f 3419/7407/3554 3791/7889/3738 3601/7890/3739
f 3419/7408/3554 3601/7891/3739 3602/7892/3740
f 3419/7408/3554 3602/7892/3740 3417/7402/3551
f 3419/7408/3554 3417/7402/3551 3416/7401/3550
f 3511/7659/3654 3518/7671/3656 3864/7893/3741
f 3511/7894/3654 3864/7895/3741 3703/7896/3742
f 3511/7894/3654 3703/7896/3742 3604/7897/3743
f 3511/7894/3654 3604/7897/3743 3603/7898/3657
f 3511/7894/3654 3603/7898/3657 3512/7899/3648
f 3518/7900/3656 3519/7901/3655 3603/7902/3657
f 3518/7903/3656 3603/7904/3657 3604/7905/3743
f 3518/7903/3656 3604/7905/3743 3605/7906/3744
f 3518/7903/3656 3605/7906/3744 3865/7907/3745
f 3518/7671/3656 3865/7908/3745 3864/7893/3741
f 3606/7909/3746 3156/6757/3233 3549/7756/3690
f 3606/7909/3746 3549/7756/3690 3548/7755/3689
f 3606/7909/3746 3548/7755/3689 3551/7758/3692
f 3606/7909/3746 3551/7758/3692 3158/6759/3235
f 3606/7909/3746 3158/6759/3235 3156/6757/3233
f 3607/7910/3212 3608/7911/3311 3609/7912/3527
f 3607/6707/3212 3609/7346/3527 3394/7345/3526
f 3607/6707/3212 3394/7345/3526 3610/7913/3747
f 3607/6707/3212 3610/7913/3747 3430/7430/3565
f 3607/6707/3212 3430/7430/3565 3129/6708/3213
f 3611/7914/3748 3099/6644/3179 3098/6643/3178
f 3611/7914/3748 3098/6643/3178 3612/7915/3749
f 3611/7914/3748 3612/7915/3749 3376/7279/3501
f 3611/7914/3748 3376/7279/3501 3136/6721/3216
f 3611/7914/3748 3136/6721/3216 3101/6647/3181
f 3611/7914/3748 3101/6647/3181 3099/6644/3179
f 3387/7318/3517 3383/7317/3510 3380/7291/3506
f 3387/7318/3517 3380/7291/3506 3401/7290/3505
f 3387/7318/3517 3401/7290/3505 3613/7916/3489
f 3387/7318/3517 3613/7916/3489 3364/7917/3487
f 3387/7318/3517 3364/7917/3487 3614/7918/3750
f 3387/7320/3517 3614/7919/3750 3615/7920/3751
f 3387/7320/3517 3615/7920/3751 3657/7321/3518
f 3614/7918/3750 3364/7917/3487 3616/7921/3486
f 3614/7922/3750 3616/7923/3486 3617/7924/3695
f 3614/7922/3750 3617/7924/3695 3615/7925/3751
f 3618/7813/3703 3564/7785/3445 3389/7326/3519
f 3618/7926/3703 3389/7324/3519 3619/7927/3752
f 3618/7928/3703 3619/7929/3752 3573/7930/3735
f 3524/7931/3662 3523/7932/3661 3566/7682/3659
f 3524/7931/3662 3566/7682/3659 3622/7933/3753
f 3524/7934/3754 3622/7935/3755 3620/7936/3756
f 3524/7937/3757 3620/7938/3758 3621/7939/3759
f 3524/7937/3717 3621/7939/3760 3624/7940/3718
f 3622/7941/3753 3566/7942/3659 3956/7943/3697
f 3622/7944/3753 3956/7945/3697 3799/7946/3761
f 3622/7947/3753 3799/7948/3761 3565/7949/3762
f 3622/7950/3753 3565/7951/3762 3623/7952/3763
f 3622/7953/3753 3623/7954/3763 3863/7955/3764
f 3622/7953/3753 3863/7955/3764 3624/7956/3718
f 3622/7957/3753 3624/7958/3718 3621/7959/3760
f 3622/7957/3753 3621/7959/3760 3620/7960/3765
f 3625/7961/3766 3221/6903/3316 3535/7722/3679
f 3625/7962/3766 3535/7963/3679 3626/7964/3767
f 3625/7962/3766 3626/7964/3767 3627/7965/3768
f 3625/7962/3766 3627/7965/3768 3628/7966/3622
f 3625/7961/3766 3628/7760/3622 3221/6903/3316
f 3629/7967/3622 3223/7763/3317 3554/7762/3622
f 3629/7968/3622 3554/7969/3622 3630/7970/3769
f 3629/7968/3622 3630/7970/3769 3631/7971/3769
f 3629/7968/3622 3631/7971/3769 3556/7972/3622
f 3629/7967/3622 3556/7766/3622 3224/7765/3317
f 3629/7967/3622 3224/7765/3317 3223/7763/3317
f 3632/7973/3622 3556/7972/3622 3633/7974/3769
f 3632/7973/3622 3633/7974/3769 3634/7975/3769
f 3632/7973/3622 3634/7975/3769 3635/7976/3622
f 3632/7767/3622 3635/7770/3622 3487/7768/3317
f 3557/7977/3622 3635/7976/3622 3636/7978/3769
f 3557/7977/3622 3636/7978/3769 3637/7979/3769
f 3557/7977/3622 3637/7979/3769 3492/7980/3622
f 3557/7771/3622 3492/7578/3622 3491/7577/3621
f 3638/7981/3770 3217/6898/3314 3216/6897/3313
f 3638/7981/3770 3216/6897/3313 3466/7521/3597
f 3638/7981/3770 3466/7521/3597 3639/7982/3771
f 3638/7981/3770 3639/7982/3771 3979/7983/3772
f 3638/7981/3770 3979/7983/3772 3208/6885/3303
f 3638/7981/3770 3208/6885/3303 3217/6898/3314
f 3641/7984/3773 3643/7985/3774 3640/7986/3775
f 3641/7987/3773 3640/7988/3775 3642/7989/3776
f 3641/7990/3773 3642/7991/3776 3775/7992/3777
f 3641/7990/3773 3775/7992/3777 3774/7993/3778
f 3641/7994/3773 3774/7995/3778 3643/7996/3774
f 3644/7997/3779 3411/7392/3545 3410/7391/3544
f 3644/7997/3779 3410/7391/3544 3645/7998/3723
f 3644/7999/3779 3645/8000/3723 3780/8001/3780
f 3644/7999/3779 3780/8001/3780 3785/8002/3781
f 3644/7999/3779 3785/8002/3781 3646/8003/3782
f 3644/7997/3779 3646/8004/3782 3411/7392/3545
f 3646/8005/3782 3785/8006/3781 3647/8007/3721
f 3646/8005/3782 3647/8007/3721 3413/7397/3548
f 3646/8005/3782 3413/7397/3548 3411/7396/3545
f 3648/8008/3783 3400/7359/3532 3494/7581/3624
f 3648/8008/3783 3494/7581/3624 3649/8009/3784
f 3648/8008/3783 3649/8009/3784 3650/8010/3785
f 3648/8008/3783 3650/8010/3785 3651/8011/3783
f 3648/8008/3783 3651/8011/3783 3420/7409/3555
f 3648/8008/3783 3420/7409/3555 3400/7359/3532
f 3652/8012/3786 3592/8013/3542 3376/7279/3501
f 3652/8012/3786 3376/7279/3501 3745/8014/3787
f 3652/8012/3786 3745/8014/3787 3653/8015/3788
f 3652/8016/3786 3653/8017/3788 3508/8018/3645
f 3652/8012/3786 3508/8019/3645 3539/8020/3644
f 3652/8012/3786 3539/8020/3644 3592/8013/3542
f 3597/7875/3729 3596/7874/3728 3654/8021/3789
f 3597/8022/3729 3654/8023/3789 3655/8024/3790
f 3597/7876/3729 3655/8025/3790 3656/8026/3791
f 3597/7876/3729 3656/8026/3791 3598/7877/3725
f 3619/7927/3752 3389/7324/3519 3657/7323/3518
f 3619/8027/3752 3657/8028/3518 3658/8029/3792
f 3619/8027/3752 3658/8029/3792 3986/8030/3793
f 3619/8027/3752 3986/8030/3793 3659/8031/3731
f 3619/8027/3752 3659/8031/3731 3660/8032/3737
f 3619/8027/3752 3660/8032/3737 3661/8033/3736
f 3619/7929/3752 3661/8034/3736 3573/7930/3735
f 3651/8011/3783 3650/8010/3785 3662/8035/3794
f 3651/8011/3783 3662/8035/3794 3543/7741/3685
f 3651/8011/3783 3543/7741/3685 3420/7409/3555
f 3665/8036/3795 3441/7405/3552 3417/7404/3551
f 3665/8036/3795 3417/7404/3551 3602/8037/3740
f 3665/8036/3795 3602/8037/3740 3663/8038/3796
f 3665/8039/3795 3663/8040/3796 3664/8041/3797
f 3665/8042/3795 3664/8043/3797 3441/7450/3552
f 3664/8041/3797 3663/8040/3796 3787/8044/3798
f 3664/8041/3797 3787/8044/3798 3791/8045/3738
f 3664/8043/3797 3791/8046/3738 3418/7451/3553
f 3664/8043/3797 3418/7451/3553 3441/7450/3552
f 3666/8047/3799 3230/6919/3323 3229/6918/3322
f 3666/8047/3799 3229/6918/3322 3667/8048/3800
f 3666/8047/3799 3667/8048/3800 3668/8049/3801
f 3666/8047/3799 3668/8049/3801 3639/7982/3771
f 3666/8047/3799 3639/7982/3771 3466/7521/3597
f 3666/8047/3799 3466/7521/3597 3230/6919/3323
f 3667/8048/3800 3229/6918/3322 3246/6948/3333
f 3667/8048/3800 3246/6948/3333 3348/6947/3332
f 3667/8048/3800 3348/6947/3332 3347/8050/3457
f 3667/8048/3800 3347/8050/3457 3668/8049/3801
f 3669/8051/3802 3670/8052/3063 2987/8053/3062
f 3669/8051/3802 2987/8053/3062 3671/8054/3715
f 3669/8055/3802 3671/8056/3715 3672/8057/3803
f 3669/8055/3802 3672/8057/3803 3673/8058/3804
f 3669/8051/3802 3673/8059/3804 3674/8060/3805
f 3669/8051/3802 3674/8060/3805 3670/8052/3063
f 3675/8061/3806 3670/6368/3063 3674/8062/3805
f 3675/8061/3806 3674/8062/3805 3673/8063/3804
f 3675/8061/3806 3673/8063/3804 3676/8064/3807
f 3675/8061/3806 3676/8064/3807 3677/8065/3808
f 3675/8061/3806 3677/8065/3808 3532/7718/3677
f 3675/8061/3806 3532/7718/3677 3670/6368/3063
f 3679/8066/3715 2987/8053/3062 3582/7840/3329
f 3679/8066/3715 3582/7840/3329 3678/8067/3715
f 3679/8068/3715 3678/8069/3715 3680/8070/3809
f 3679/8068/3715 3680/8070/3809 3672/8057/3803
f 3679/8068/3715 3672/8057/3803 3671/8056/3715
f 3679/8066/3715 3671/8054/3715 2987/8053/3062
f 3581/8071/3715 3681/8072/3715 3682/8073/3809
f 3581/8071/3715 3682/8073/3809 3683/8074/3809
f 3581/8071/3715 3683/8074/3809 3678/8069/3715
f 3581/7839/3715 3678/8067/3715 3582/7840/3329
f 3684/8075/3715 3580/7837/3329 3242/7845/3329
f 3684/8075/3715 3242/7845/3329 3685/7844/3715
f 3684/8076/3715 3685/8077/3715 3686/8078/3809
f 3684/8076/3715 3686/8078/3809 3687/8079/3809
f 3684/8076/3715 3687/8079/3809 3681/8072/3715
f 3684/8075/3715 3681/7838/3715 3580/7837/3329
f 3585/8080/3715 3584/8081/3716 3688/8082/3809
f 3585/8080/3715 3688/8082/3809 3689/8083/3809
f 3585/8080/3715 3689/8083/3809 3583/8084/3715
f 3585/7847/3715 3583/7843/3715 3244/7842/3329
f 3690/8085/3810 3643/7996/3774 3774/7995/3778
f 3690/8085/3810 3774/7995/3778 4004/8086/3811
f 3690/8085/3810 4004/8086/3811 3691/8087/3812
f 3690/8088/3810 3691/8089/3812 3700/8090/3813
f 3690/8088/3810 3700/8090/3813 3640/8091/3775
f 3690/8088/3810 3640/8091/3775 3643/8092/3774
f 3695/8093/3814 3594/8094/339 3692/8095/3815
f 3695/8093/3814 3692/8095/3815 3694/8096/3816
f 3695/8097/3727 3693/8098/3817 3694/8099/3818
f 3695/8100/3727 3596/8101/3728 3693/8102/3817
f 3522/7683/3660 3566/7682/3659 3523/7932/3661
f 3696/8103/3819 3002/6402/3076 3001/6401/3075
f 3696/8103/3819 3001/6401/3075 3697/6892/3308
f 3696/8104/3819 3697/8105/3308 3888/8106/3820
f 3696/8104/3819 3888/8106/3820 3698/8107/3821
f 3696/8104/3819 3698/8107/3821 3830/8108/3822
f 3696/8104/3819 3830/8108/3822 3393/8109/3525
f 3696/8103/3819 3393/7344/3525 3002/6402/3076
f 3699/8110/3823 3711/8111/3824 3773/8112/3825
f 3699/8110/3823 3773/8112/3825 3772/8113/3826
f 3699/8114/3823 3772/8115/3826 3714/8116/3827
f 3699/8114/3823 3714/8116/3827 3460/7498/3591
f 3699/8110/3823 3460/7496/3591 3710/8117/3828
f 3699/8110/3823 3710/8117/3828 3711/8111/3824
f 3700/8118/3813 3691/8119/3812 3701/8120/3829
f 3700/8121/3813 3701/8122/3829 3775/8123/3777
f 3700/8121/3813 3775/8123/3777 3642/7989/3776
f 3700/8121/3813 3642/7989/3776 3640/7988/3775
f 3615/7925/3751 3617/7924/3695 3702/8124/3694
f 3615/8125/3751 3702/7775/3694 3558/7774/3419
f 3615/8125/3751 3558/7774/3419 3980/8126/3733
f 3615/8125/3751 3980/8126/3733 3986/8030/3793
f 3615/8125/3751 3986/8030/3793 3658/8029/3792
f 3615/8125/3751 3658/8029/3792 3657/8028/3518
f 3703/7896/3742 3864/7895/3741 3955/8127/3830
f 3703/8128/3742 3955/8129/3830 3866/8130/3831
f 3703/8128/3742 3866/8130/3831 3605/8131/3744
f 3703/8132/3742 3605/8133/3744 3604/8134/3743
f 3752/8135/3832 3704/8136/3833 3705/8137/3834
f 3706/7701/3672 3453/7485/3588 3452/8138/3587
f 3706/7701/3672 3452/8138/3587 3892/8139/3835
f 3706/8140/3672 3892/8141/3835 3739/8142/3836
f 3706/8140/3672 3739/8142/3836 3493/8143/3837
f 3397/7349/3530 3395/7348/3529 3707/8144/3838
f 3397/7349/3530 3707/8144/3838 3708/8145/3839
f 3397/8146/3530 3708/8147/3839 3612/8148/3749
f 3397/8146/3530 3612/8148/3749 3098/8149/3178
f 3397/8146/3530 3098/8149/3178 3709/8150/3840
f 3397/7351/3530 3709/8151/3840 3398/7352/3174
f 3709/8152/3840 3098/8153/3178 3736/8154/3841
f 3709/8152/3840 3736/8154/3841 3737/8155/3842
f 3709/8152/3840 3737/8155/3842 3095/8156/3175
f 3709/8157/3840 3095/6636/3175 3398/6635/3174
f 3710/8117/3828 3460/7496/3591 3459/7495/3271
f 3710/8158/3828 3459/7717/3271 3531/7716/3676
f 3710/8158/3828 3531/7716/3676 3905/8159/3843
f 3710/8158/3828 3905/8159/3843 3712/8160/3844
f 3710/8158/3828 3712/8160/3844 3711/8161/3824
f 3712/8162/3844 3905/8163/3843 3713/8164/3845
f 3712/8160/3844 3713/8165/3845 3773/8166/3825
f 3712/8160/3844 3773/8166/3825 3711/8161/3824
f 3714/8116/3827 3772/8115/3826 3771/8167/3846
f 3714/8116/3827 3771/8167/3846 3908/8168/3847
f 3714/8169/3827 3908/8170/3847 3715/8171/3592
f 3714/8116/3827 3715/7499/3592 3460/7498/3591
f 3716/8172/3848 3721/8173/3849 3576/8174/3713
f 3716/8172/3848 3576/8174/3713 3717/8175/3712
f 3716/8176/3848 3717/8177/3712 3718/8178/3850
f 3716/8179/3848 3718/8180/3850 3988/8181/3851
f 3716/8179/3848 3988/8181/3851 4014/8182/3852
f 3716/8179/3848 4014/8182/3852 3719/8183/3853
f 3716/7821/3848 3719/8184/3853 3721/7822/3708
f 3720/8185/3711 3574/7823/3709 3721/7822/3708
f 3720/7828/3711 3721/8186/3708 3719/8187/3853
f 3720/7828/3711 3719/8187/3853 3722/8188/3854
f 3720/7828/3711 3722/8188/3854 3717/7829/3712
f 3282/7032/3375 3281/7031/3374 3760/8189/3855
f 3282/8190/3375 3760/8191/3855 3723/8192/3856
f 3282/8190/3375 3723/8192/3856 3759/8193/3857
f 3282/7033/3375 3759/8194/3857 3724/8195/3858
f 3282/7033/3375 3724/8195/3858 3042/6501/3113
f 3282/7033/3375 3042/6501/3113 3041/6500/3112
f 3725/7043/3378 3043/6955/3114 3763/8196/3859
f 3725/7043/3378 3763/8196/3859 3975/8197/3860
f 3725/8198/3378 3975/8199/3860 3760/8189/3855
f 3725/8198/3378 3760/8189/3855 3281/7031/3374
f 3728/8200/3861 3726/8201/3499 3374/8202/3498
f 3728/8200/3861 3374/8202/3498 3976/8203/3862
f 3728/8200/3861 3976/8203/3862 3727/8204/3863
f 3728/8200/3861 3727/8204/3863 3729/8205/3864
f 3728/8206/3861 3729/8207/3864 3730/8208/3865
f 3728/8200/3861 3730/8209/3865 3726/8201/3499
f 3730/8208/3865 3729/8207/3864 3480/8210/3613
f 3730/8211/3865 3480/7557/3613 3375/8212/3500
f 3730/8211/3865 3375/8212/3500 3726/8213/3499
f 3731/8214/3866 3374/7273/3498 2861/7272/2936
f 3731/8215/3866 2861/8216/2936 3974/8217/3867
f 3731/8215/3866 3974/8217/3867 4027/8218/3868
f 3731/8215/3866 4027/8218/3868 3977/8219/3869
f 3731/8220/3866 3977/8221/3869 3976/8222/3862
f 3731/8223/3866 3976/8224/3862 3374/8225/3498
f 3732/8226/3870 3765/8227/3871 3733/8228/3872
f 3732/8229/3870 3733/8230/3872 3734/8231/3873
f 3732/8232/3870 3734/8233/3873 3735/8234/3874
f 3732/8226/3870 3735/8235/3874 3766/8236/3875
f 3732/8226/3870 3766/8236/3875 3765/8227/3871
f 3737/8237/3842 3736/8238/3841 4186/8239/3876
f 3737/8240/3842 4186/8241/3876 4193/8242/3877
f 3737/8240/3842 4193/8242/3877 3098/6643/3178
f 3737/8240/3842 3098/6643/3178 3095/6639/3175
f 3626/8243/3767 3535/7722/3679 3534/7721/3678
f 3626/8244/3767 3534/7719/3678 3677/8065/3808
f 3626/8244/3767 3677/8065/3808 3738/8245/3878
f 3626/7964/3767 3738/8246/3878 3627/7965/3768
f 3649/8009/3784 3494/7581/3624 3493/7580/3623
f 3649/8009/3784 3493/7580/3623 3739/8247/3879
f 3649/8009/3784 3739/8247/3879 4135/8248/3880
f 3649/8009/3784 4135/8248/3880 3650/8010/3785
f 3677/8065/3808 3534/7719/3678 3532/7718/3677
f 3501/7613/3633 3992/7612/3632 4070/8249/3881
f 3501/7613/3633 4070/8249/3881 3740/8250/3882
f 3501/7613/3633 3740/8250/3882 3919/8251/3883
f 3501/7613/3633 3919/8251/3883 3741/8252/3884
f 3501/7613/3633 3741/8252/3884 3113/6680/3196
f 3501/7613/3633 3113/6680/3196 3112/6679/3195
f 3464/7507/3595 3113/7506/3196 3741/8253/3884
f 3464/8254/3595 3741/8255/3884 4062/8256/3885
f 3464/8257/3595 4062/8258/3885 3742/8259/3886
f 3464/7508/3595 3742/8260/3886 3192/7509/3279
f 3742/8259/3886 4062/8258/3885 3743/8261/3887
f 3742/8259/3886 3743/8261/3887 3744/8262/3888
f 3742/8259/3886 3744/8262/3888 3194/6841/3280
f 3742/8259/3886 3194/6841/3280 3192/6840/3279
f 3745/8014/3787 3376/7279/3501 3612/7915/3749
f 3745/8263/3787 3612/8148/3749 3708/8147/3839
f 3745/8263/3787 3708/8147/3839 3746/8264/3889
f 3745/8263/3787 3746/8264/3889 3653/8265/3788
f 3744/8262/3888 3743/8261/3887 3860/8266/3890
f 3744/8262/3888 3860/8266/3890 3468/7523/3598
f 3744/8262/3888 3468/7523/3598 3194/6841/3280
f 3662/8035/3794 3650/8010/3785 4134/8267/3891
f 3662/8035/3794 4134/8267/3891 3747/8268/3892
f 3662/8035/3794 3747/8268/3892 3967/7742/3686
f 3662/8035/3794 3967/7742/3686 3543/7741/3685
f 3751/7750/3687 3546/7749/3610 3748/8269/3893
f 3751/7750/3687 3748/8269/3893 3749/8270/3894
f 3751/8271/3687 3749/8272/3894 3750/8273/3895
f 3751/7750/3687 3750/8274/3895 3584/8275/3896
f 3751/7750/3687 3584/8275/3896 3705/7689/3667
f 3751/8276/3897 3705/8277/3667 3752/8278/3898
f 3753/7010/3364 3082/6603/3251 5043/6780/3164
f 3753/7010/3364 5043/6780/3164 3819/8279/3899
f 3753/7010/3364 3819/8279/3899 3754/8280/3900
f 3753/8281/3364 3754/8282/3900 3755/8283/3901
f 3753/8284/3364 3755/8285/3901 4434/8286/3902
f 3753/7010/3364 4434/8287/3902 3756/8288/3903
f 3753/7554/3364 3756/8289/3903 3969/7555/3612
f 3758/8290/3904 2860/8291/2935 3757/8292/2934
f 3758/8293/3904 3757/8294/2934 3759/8295/3857
f 3758/8296/3904 3759/8297/3857 3723/8298/3856
f 3758/8296/3904 3723/8298/3856 3760/8299/3855
f 3758/8300/3904 3760/8301/3855 3974/8302/3867
f 3758/8303/3904 3974/8304/3867 2861/6058/2936
f 3758/8303/3904 2861/6058/2936 2860/6057/2935
f 3480/7557/3613 2999/6398/3072 3375/8212/3500
f 3042/6501/3113 3724/8195/3858 3761/8305/3905
f 3042/6501/3113 3761/8305/3905 3762/8306/3906
f 3042/6502/3113 3762/8307/3906 3763/8308/3859
f 3042/6502/3113 3763/8308/3859 3043/6503/3114
f 3764/8309/3907 3765/8310/3871 3766/8311/3875
f 3764/8312/3907 3766/8313/3875 3767/8314/3908
f 3764/8315/3907 3767/8316/3908 3768/8317/3909
f 3764/8309/3907 3768/8318/3909 3769/8319/3910
f 3764/8309/3907 3769/8319/3910 3736/8320/3911
f 3764/8309/3907 3736/8320/3911 3733/8321/3872
f 3764/8309/3907 3733/8321/3872 3765/8310/3871
f 3767/8322/3908 3766/8323/3875 3735/8234/3874
f 3767/8322/3908 3735/8234/3874 3734/8233/3873
f 3767/8322/3908 3734/8233/3873 3770/8324/3912
f 3767/8322/3908 3770/8324/3912 4213/8325/3913
f 3767/8322/3908 4213/8325/3913 3768/8326/3909
f 3713/8164/3845 3905/8163/3843 3771/8327/3846
f 3713/8164/3845 3771/8327/3846 3772/8328/3826
f 3713/8329/3845 3772/8330/3826 3773/8331/3825
f 3776/8332/3914 3774/8333/3778 3775/8334/3777
f 3776/8335/3914 3775/8336/3777 3777/8337/3915
f 3776/8335/3914 3777/8337/3915 3778/8338/3916
f 3776/8339/3914 3778/8340/3916 4004/8341/3811
f 3776/8332/3914 4004/8342/3811 3774/8333/3778
f 3779/8343/3917 3780/8344/3780 3645/7859/3723
f 3779/8343/3917 3645/7859/3723 3781/8345/3918
f 3779/8343/3917 3781/8345/3918 3782/8346/3919
f 3779/8347/3917 3782/8348/3919 3783/8349/3920
f 3779/8347/3917 3783/8349/3920 3780/8350/3780
f 3783/8349/3920 3782/8348/3919 3784/8351/3921
f 3783/8352/3920 3784/8353/3921 3933/8354/3922
f 3783/8352/3920 3933/8354/3922 3785/8006/3781
f 3783/8349/3920 3785/8355/3781 3780/8350/3780
f 3786/8356/3923 3787/8357/3798 3663/8358/3796
f 3786/8359/3923 3663/8038/3796 3788/8360/3924
f 3786/8359/3923 3788/8360/3924 4067/8361/3925
f 3786/8356/3923 4067/8362/3925 4068/8363/3926
f 3786/8356/3923 4068/8363/3926 3789/8364/3927
f 3786/8356/3923 3789/8364/3927 3787/8357/3798
f 3789/8365/3927 4068/8366/3926 3790/8367/3928
f 3789/8365/3927 3790/8367/3928 3791/8368/3738
f 3789/8365/3927 3791/8368/3738 3787/8369/3798
f 3794/8370/3929 3570/7805/3701 3796/8371/3930
f 3794/8372/3929 3796/8373/3930 3792/8374/3931
f 3794/8372/3929 3792/8374/3931 3793/8375/3932
f 3794/8376/3929 3793/8377/3932 3867/8378/3933
f 3794/8370/3929 3867/8379/3933 3571/7806/3440
f 3794/8370/3929 3571/7806/3440 3570/7805/3701
f 3795/8380/3700 3569/7799/3699 3792/8381/3931
f 3795/8382/3700 3792/8383/3931 3796/8384/3930
f 3795/8382/3700 3796/8384/3930 3570/8385/3701
f 3799/7946/3761 3956/7945/3697 3866/8130/3831
f 3799/7946/3761 3866/8130/3831 3955/8129/3830
f 3799/8386/3934 3955/8387/3830 3797/8388/3935
f 3799/8389/3934 3797/8390/3935 3798/8391/3936
f 3799/8392/3937 3800/8393/3938 3798/8394/3939
f 3799/8395/3761 3800/8396/3940 3803/8397/3941
f 3799/7946/3761 3955/8129/3942 3803/8398/3943
f 3799/8399/3761 3955/8400/3944 3565/8401/3762
f 3804/8402/3945 3798/8403/3939 3800/8404/3938
f 3804/8402/3945 3801/8405/3946 3798/8403/3939
f 3804/8406/3947 3801/8407/3948 3802/8408/3949
f 3804/8409/3947 3802/8410/3949 3863/7955/3764
f 3804/8409/3947 3863/7955/3764 3803/8411/3941
f 3804/8412/3947 3803/8413/3941 3800/8414/3940
f 3805/8415/3950 3623/7952/3763 3565/7951/3762
f 3805/8415/3950 3565/7951/3762 3955/8416/3942
f 3805/8417/3951 3803/8418/3943 3955/8419/3942
f 3805/8420/3950 3803/8411/3941 3863/7955/3764
f 3805/8420/3950 3863/7955/3764 3623/7954/3763
f 3807/8421/3952 3248/6992/3335 3587/7853/3719
f 3807/8421/3952 3587/7853/3719 3806/8422/3953
f 3807/8421/3952 3806/8422/3953 3808/8423/3954
f 3807/8424/3952 3808/8425/3954 3809/8426/3955
f 3807/8424/3952 3809/8426/3955 3249/6952/3336
f 3807/8424/3952 3249/6952/3336 3248/6951/3335
f 3810/8427/3956 3278/7022/3371 3279/7023/3367
f 3810/8428/3956 3279/7015/3367 3276/7014/3365
f 3810/8428/3956 3276/7014/3365 3756/8429/3957
f 3810/8428/3956 3756/8429/3957 3811/8430/3958
f 3810/8427/3956 3811/8431/3958 3812/8432/3959
f 3810/8427/3956 3812/8432/3959 3278/7022/3371
f 3812/8432/3959 3811/8431/3958 3813/8433/3960
f 3812/8434/3959 3813/8435/3960 5043/6601/3961
f 3812/8434/3959 5043/6601/3961 3168/6600/3163
f 3812/8432/3959 3168/6779/3163 3278/7022/3371
f 3815/8436/3461 3814/8437/3460 3969/8438/3612
f 3815/8439/3461 3969/7555/3612 4155/8440/3962
f 3815/8441/3461 4155/8442/3962 3816/8443/3963
f 3815/8441/3461 3816/8443/3963 3817/8444/3964
f 3815/8441/3461 3817/8444/3964 3168/6779/3370
f 3815/8441/3461 3168/6779/3370 3277/7021/3369
f 3815/8439/3461 3277/7020/3369 3968/7556/3462
f 5043/6601/3961 3168/6600/3370 3817/8445/3964
f 5043/6601/3965 3817/8445/3966 3818/8446/3967
f 5043/6601/3965 3818/8446/3967 3819/8447/3968
f 5043/8448/3961 3819/8449/3969 3816/8450/3970
f 3821/8451/3971 3031/6474/3100 3030/6473/3068
f 3821/8451/3971 3030/6473/3068 3820/8452/3972
f 3821/8453/3971 3820/8454/3972 3814/8455/3460
f 3821/8456/3971 3814/8457/3460 3349/8458/3458
f 3821/8451/3971 3349/7196/3458 3031/6474/3100
f 3823/8459/3973 3827/8460/3974 3822/8461/3975
f 3823/8459/3973 3822/8461/3975 3698/8107/3821
f 3823/8459/3973 3698/8107/3821 3824/8462/3976
f 3823/8463/3973 3824/8464/3976 3825/8465/3977
f 3823/8463/3973 3825/8465/3977 3826/8466/3978
f 3823/8459/3973 3826/8467/3978 3827/8460/3974
f 3829/8468/3979 3827/8469/3974 3828/8470/3980
f 3829/8468/3979 3828/8470/3980 3837/8471/3981
f 3829/8472/3979 3837/8473/3981 3830/8474/3822
f 3829/8475/3979 3830/8108/3822 3822/8461/3975
f 3829/8475/3979 3822/8461/3975 3827/8460/3974
f 3826/8466/3978 3825/8465/3977 3831/8476/3982
f 3826/8466/3978 3831/8476/3982 3832/8477/3983
f 3826/8478/3978 3832/8479/3983 3828/8470/3980
f 3826/8478/3978 3828/8470/3980 3827/8469/3974
f 3835/8480/3984 3757/6054/2934 3482/7561/3616
f 3835/8480/3984 3482/7561/3616 4441/8481/3985
f 3835/8480/3984 4441/8481/3985 3833/8482/3986
f 3835/8480/3984 3833/8482/3986 4051/8483/3987
f 3835/8480/3984 4051/8483/3987 3834/8484/3988
f 3835/8480/3984 3834/8484/3988 3836/8485/3989
f 3835/8486/3984 3836/8487/3989 3759/8488/3857
f 3835/8480/3984 3759/8194/3857 3757/6054/2934
f 3830/8108/3822 3698/8107/3821 3822/8461/3975
f 3838/8489/3990 3393/7344/3525 3830/8490/3822
f 3838/8491/3990 3830/8492/3822 3837/8493/3981
f 3838/8494/3990 3837/8495/3981 4113/8496/3991
f 3838/8497/3990 4113/8498/3991 3839/8499/3992
f 3838/8489/3990 3839/8500/3992 3840/8501/3993
f 3838/8489/3990 3840/8501/3993 3841/8502/3994
f 3838/8489/3990 3841/8502/3994 3393/7344/3525
f 3610/7913/3747 3394/7345/3526 3393/7344/3525
f 3610/7913/3747 3393/7344/3525 3841/8502/3994
f 3610/7913/3747 3841/8502/3994 4205/8503/3995
f 3610/7913/3747 4205/8503/3995 3430/7430/3565
f 3707/8144/3838 3395/7348/3529 3432/7433/3567
f 3707/8144/3838 3432/7433/3567 4114/8504/3996
f 3707/8144/3838 4114/8504/3996 3842/8505/3997
f 3707/8144/3838 3842/8505/3997 3708/8145/3839
f 3843/8506/3998 3098/6643/3178 4193/8242/3877
f 3843/8507/3998 4193/8508/3877 4213/8509/3913
f 3843/8510/3998 4213/8511/3913 3770/8512/3912
f 3843/8513/3998 3770/8514/3912 4186/8515/3999
f 3843/8516/3998 4186/8517/3999 3736/8154/3841
f 3843/8516/3998 3736/8154/3841 3098/8153/3178
f 3659/7879/3731 3316/7127/3415 3660/7888/3737
f 3844/8518/4000 3850/8519/4001 3853/8520/4002
f 3844/8521/4000 3853/8522/4002 3845/8523/4003
f 3844/8524/4000 3845/8525/4003 3846/8526/4004
f 3844/8524/4000 3846/8526/4004 3847/8527/4005
f 3844/8518/4000 3847/8528/4005 3850/8519/4001
f 3848/8529/4006 3850/8519/4001 3847/8528/4005
f 3848/8529/4006 3847/8528/4005 3946/8530/4007
f 3848/8531/4006 3946/8532/4007 3849/8533/4008
f 3848/8534/4006 3849/8535/4008 3939/8536/4009
f 3848/8537/4006 3939/8538/4009 3852/8539/4010
f 3848/8537/4006 3852/8539/4010 3850/8540/4001
f 3852/8539/4010 3939/8538/4009 3851/8541/4011
f 3852/8542/4010 3851/8543/4011 3853/8522/4002
f 3852/8539/4010 3853/8544/4002 3850/8540/4001
f 3854/8545/4012 3855/8546/4013 3856/8547/4014
f 3854/8548/4012 3856/8549/4014 3857/8550/4015
f 3854/8551/4012 3857/8552/4015 3950/8553/4016
f 3854/8551/4012 3950/8553/4016 3858/8554/4017
f 3854/8545/4012 3858/8555/4017 3859/8556/4018
f 3854/8545/4012 3859/8556/4018 3855/8546/4013
f 3860/8266/3890 3743/8261/3887 3990/8557/4019
f 3860/8558/3890 3990/8559/4019 3861/8560/4020
f 3860/8558/3890 3861/8560/4020 3499/8561/3631
f 3860/8558/3890 3499/8561/3631 3468/8562/3598
f 3802/8563/3949 3801/8564/3948 3862/8565/4021
f 3802/8563/3949 3862/8565/4021 3624/7852/3718
f 3802/8563/3949 3624/7852/3718 3863/8566/3764
f 3797/8388/3935 3955/8387/3830 3864/8567/3741
f 3797/8388/3935 3864/8567/3741 3865/8568/3745
f 3797/8569/3935 3865/8570/3745 3866/8571/3831
f 3797/8569/3935 3866/8571/3831 3798/8572/3936
f 3867/8573/3933 3793/8574/3932 3569/7799/3699
f 3867/8573/3933 3569/7799/3699 3568/7798/3447
f 3867/8575/3933 3568/8576/3447 3868/8577/3441
f 3867/8578/3933 3868/7169/3441 3571/7168/3440
f 3869/8579/4022 3158/6759/3235 3870/8580/4023
f 3869/8579/4022 3870/8580/4023 3871/8581/4024
f 3869/8579/4022 3871/8581/4024 4111/8582/4025
f 3869/8583/4022 4111/8584/4025 3872/8585/4026
f 3869/8586/4022 3872/8587/4026 3873/8588/4027
f 3869/8589/4022 3873/8590/4027 3443/7455/3236
f 3869/8579/4022 3443/6760/3236 3158/6759/3235
f 3870/8580/4023 3158/6759/3235 3551/7758/3692
f 3870/8580/4023 3551/7758/3692 4108/8591/4028
f 3870/8580/4023 4108/8591/4028 4109/8592/4029
f 3870/8580/4023 4109/8592/4029 3871/8581/4024
f 3874/8593/4030 3875/8594/4031 3882/8595/4032
f 3874/8593/4030 3882/8595/4032 3876/8596/4033
f 3874/8597/4030 3876/8598/4033 3877/8599/4034
f 3874/8597/4030 3877/8599/4034 3878/8600/4035
f 3874/8593/4030 3878/8601/4035 3883/8602/4036
f 3874/8593/4030 3883/8602/4036 3875/8594/4031
f 3879/8603/4037 3875/8594/4031 3880/8604/4038
f 3879/8605/4037 3880/8606/4038 3873/8607/4027
f 3879/8608/4037 3873/8609/4027 3881/8610/4039
f 3879/8608/4037 3881/8610/4039 3882/8611/4032
f 3879/8603/4037 3882/8595/4032 3875/8594/4031
f 3883/8602/4036 3878/8601/4035 3444/7456/3573
f 3883/8602/4036 3444/7456/3573 3443/7455/3236
f 3883/8602/4036 3443/7455/3236 3873/8590/4027
f 3883/8612/4036 3873/8607/4027 3880/8606/4038
f 3883/8602/4036 3880/8604/4038 3875/8594/4031
f 3884/8613/4040 3030/6382/3068 3504/7622/3636
f 3884/8613/4040 3504/7622/3636 4433/8614/4041
f 3884/8613/4040 4433/8614/4041 3885/8615/4042
f 3884/8616/4040 3885/8617/4042 3886/8618/4043
f 3884/8616/4040 3886/8618/4043 3820/8452/3972
f 3884/8616/4040 3820/8452/3972 3030/6473/3068
f 3881/8610/4039 3873/8609/4027 4154/8619/4044
f 3881/8610/4039 4154/8619/4044 4021/8620/4045
f 3881/8610/4039 4021/8620/4045 3876/8621/4033
f 3881/8610/4039 3876/8621/4033 3882/8611/4032
f 3888/8622/3820 3697/8623/3308 3839/8624/3992
f 3888/8625/3820 3839/8626/3992 4158/8627/4046
f 3888/8625/3820 4158/8627/4046 4157/8628/4047
f 3888/8629/3820 4157/8630/4047 3887/8631/4048
f 3888/8632/3820 3887/8633/4048 3824/8634/3976
f 3888/8106/3820 3824/8462/3976 3698/8107/3821
f 3889/8635/4049 3451/7567/3586 3486/7566/3619
f 3889/8636/4049 3486/8637/3619 4127/8638/4050
f 3889/8636/4049 4127/8638/4050 3890/8639/4051
f 3889/8636/4049 3890/8639/4051 3891/8640/4052
f 3889/8636/4049 3891/8640/4052 3892/8641/3835
f 3889/8636/4049 3892/8641/3835 3451/7481/3586
f 3892/8641/3835 3452/7482/3587 3451/7481/3586
f 3736/8320/3911 3769/8319/3910 4182/8642/4053
f 3736/8238/4054 4182/8643/4055 4186/8239/4056
f 3736/8238/4057 4186/8239/3999 3770/8644/3912
f 3736/8238/3911 3770/8644/3912 3734/8231/3873
f 3736/8238/3911 3734/8231/3873 3733/8230/3872
f 3893/8645/3769 3628/7966/3622 3627/7965/3768
f 3893/8645/3769 3627/7965/3768 3894/8646/4058
f 3893/8645/3769 3894/8646/4058 3895/8647/4058
f 3893/8645/3769 3895/8647/4058 3896/8648/3769
f 3893/8645/3769 3896/8648/3769 3553/8649/3622
f 3893/8645/3769 3553/8649/3622 3628/7966/3622
f 3896/8648/3769 3895/8647/4058 3897/8650/4058
f 3896/8648/3769 3897/8650/4058 3630/7970/3769
f 3896/8648/3769 3630/7970/3769 3554/7969/3622
f 3896/8648/3769 3554/7969/3622 3553/8649/3622
f 3631/7971/3769 3630/7970/3769 3898/8651/4058
f 3631/7971/3769 3898/8651/4058 3899/8652/4058
f 3631/7971/3769 3899/8652/4058 3633/7974/3769
f 3631/7971/3769 3633/7974/3769 3556/7972/3622
f 3634/7975/3769 3633/7974/3769 3900/8653/4058
f 3634/7975/3769 3900/8653/4058 3901/8654/4058
f 3634/7975/3769 3901/8654/4058 3636/7978/3769
f 3634/7975/3769 3636/7978/3769 3635/7976/3622
f 3902/8655/3769 3492/7980/3622 3637/7979/3769
f 3902/8655/3769 3637/7979/3769 3903/8656/4058
f 3902/8655/3769 3903/8656/4058 3904/8657/4058
f 3902/8655/3769 3904/8657/4058 3739/8142/3879
f 3902/8655/3769 3739/8142/3879 3493/8143/3623
f 3902/8655/3769 3493/8143/3623 3492/7980/3622
f 3908/8168/3847 3771/8167/3846 3905/8658/3843
f 3908/8170/3847 3905/8659/3843 3715/8171/3592
f 3908/8660/3847 3915/8661/4059 3906/8662/4060
f 3908/8660/3847 3906/8662/4060 3907/8663/4061
f 3908/8664/3847 3907/8665/4061 3909/8666/4062
f 3908/8664/3847 3909/8666/4062 3910/8667/4063
f 3908/8660/3847 3910/8668/4063 3925/8669/4064
f 3908/8660/3847 3925/8669/4064 3915/8661/4059
f 3913/8670/4065 3915/8661/4059 3925/8669/4064
f 3913/8670/4065 3925/8669/4064 3911/8671/4066
f 3913/8672/4065 3911/8673/4066 4082/8674/4067
f 3913/8675/4065 4082/8676/4067 3912/8677/4068
f 3913/8678/4065 3912/8679/4068 3914/8680/4069
f 3913/8678/4065 3914/8680/4069 3915/8681/4059
f 3917/8682/4070 3915/8681/4059 3914/8680/4069
f 3917/8682/4070 3914/8680/4069 4030/8683/4071
f 3917/8682/4070 4030/8683/4071 4055/8684/4072
f 3917/8682/4070 4055/8684/4072 3916/8685/4073
f 3917/8686/4070 3916/8687/4073 3906/8662/4060
f 3917/8686/4070 3906/8662/4060 3915/8661/4059
f 3905/8659/3843 3531/7714/3676 3461/7713/3593
f 3905/8659/3843 3461/7713/3593 3715/8171/3592
f 3919/8688/3883 3740/8689/3882 3918/8690/4074
f 3919/8691/3883 3918/8692/4074 4062/8256/3885
f 3919/8691/3883 4062/8256/3885 3741/8255/3884
f 3911/8671/4066 3925/8669/4064 3924/8693/4075
f 3911/8671/4066 3924/8693/4075 3920/8694/4076
f 3911/8671/4066 3920/8694/4076 3921/8695/4077
f 3911/8673/4066 3921/8696/4077 4010/8697/4078
f 3911/8673/4066 4010/8697/4078 4082/8674/4067
f 3923/8698/4079 3925/8669/4064 3910/8668/4063
f 3923/8699/4079 3910/8667/4063 4001/8700/4080
f 3923/8699/4079 4001/8700/4080 4033/8701/4081
f 3923/8699/4079 4033/8701/4081 3922/8702/4082
f 3923/8698/4079 3922/8703/4082 3924/8693/4075
f 3923/8704/4079 3924/8705/4075 3925/8706/4064
f 3746/8707/3889 3708/8145/3839 3926/8708/4083
f 3746/8707/3889 3926/8708/4083 3927/8709/4084
f 3746/8707/3889 3927/8709/4084 3928/8710/4085
f 3746/8707/3889 3928/8710/4085 3929/8711/4086
f 3746/8707/3889 3929/8711/4086 3930/8712/4087
f 3746/8264/3889 3930/8713/4087 3653/8265/3788
f 3842/8505/3997 4114/8504/3996 3931/8714/4088
f 3842/8505/3997 3931/8714/4088 3927/8709/4084
f 3842/8505/3997 3927/8709/4084 3926/8708/4083
f 3842/8505/3997 3926/8708/4083 3708/8145/3839
f 3701/8120/3829 3691/8119/3812 4086/8715/4089
f 3701/8120/3829 4086/8715/4089 4060/8716/4090
f 3701/8120/3829 4060/8716/4090 3777/8717/3915
f 3701/8122/3829 3777/8718/3915 3775/8123/3777
f 3781/8345/3918 3645/7859/3723 3588/7858/3722
f 3781/8719/3918 3588/7856/3722 3934/8720/4091
f 3781/8719/3918 3934/8720/4091 4131/8721/4092
f 3781/8345/3918 4131/8722/4092 3782/8346/3919
f 3922/8702/4082 4033/8701/4081 3936/8723/4093
f 3922/8702/4082 3936/8723/4093 3932/8724/4094
f 3922/8703/4082 3932/8725/4094 3920/8694/4076
f 3922/8703/4082 3920/8694/4076 3924/8693/4075
f 3933/8726/3922 3784/8727/3921 3934/8728/4091
f 3933/8354/3922 3934/8729/4091 3647/8007/3721
f 3933/8354/3922 3647/8007/3721 3785/8006/3781
f 3935/8730/4095 3932/8725/4094 3936/8731/4093
f 3935/8732/4095 3936/8723/4093 3937/8733/4096
f 3935/8732/4095 3937/8733/4096 3943/8734/4097
f 3935/8732/4095 3943/8734/4097 3855/8735/4013
f 3935/8730/4095 3855/8546/4013 3938/8736/4098
f 3935/8730/4095 3938/8736/4098 3932/8725/4094
f 3938/8736/4098 3855/8546/4013 3859/8556/4018
f 3938/8736/4098 3859/8556/4018 3921/8695/4077
f 3938/8736/4098 3921/8695/4077 3920/8694/4076
f 3938/8736/4098 3920/8694/4076 3932/8725/4094
f 3851/8737/4011 3939/8738/4009 3940/8739/4099
f 3851/8737/4011 3940/8739/4099 3845/8740/4003
f 3851/8543/4011 3845/8523/4003 3853/8522/4002
f 3941/8741/4100 3847/8528/4005 3846/8742/4004
f 3941/8743/4100 3846/8526/4004 4013/8744/4101
f 3941/8745/4100 4013/8746/4101 3942/8747/4102
f 3941/8741/4100 3942/8748/4102 3947/8749/4103
f 3941/8741/4100 3947/8749/4103 3946/8530/4007
f 3941/8741/4100 3946/8530/4007 3847/8528/4005
f 3943/8734/4097 3937/8733/4096 4011/8750/4104
f 3943/8734/4097 4011/8750/4104 4012/8751/4105
f 3943/8734/4097 4012/8751/4105 3856/8549/4014
f 3943/8752/4097 3856/8547/4014 3855/8546/4013
f 3602/7892/3740 3601/7891/3739 3944/8753/4106
f 3602/8037/3740 3944/8754/4106 3788/8360/3924
f 3602/8037/3740 3788/8360/3924 3663/8038/3796
f 3945/8755/4107 3946/8756/4007 3947/8757/4103
f 3945/8755/4107 3947/8757/4103 3948/8758/4108
f 3945/8755/4107 3948/8758/4108 3949/8759/4109
f 3945/8760/4107 3949/8761/4109 4069/8762/4110
f 3945/8763/4107 4069/8764/4110 3849/8533/4008
f 3945/8763/4107 3849/8533/4008 3946/8532/4007
f 3952/8765/4111 3858/8766/4017 3950/8767/4016
f 3952/8765/4111 3950/8767/4016 3951/8768/4112
f 3952/8769/4111 3951/8770/4112 3953/8771/4113
f 3952/8765/4111 3953/8772/4113 3859/8773/4018
f 3952/8765/4111 3859/8773/4018 3858/8766/4017
f 3790/8367/3928 4068/8366/3926 3954/8774/4114
f 3790/8775/3928 3954/8776/4114 3944/8753/4106
f 3790/8775/3928 3944/8753/4106 3601/7891/3739
f 3790/8775/3928 3601/7891/3739 3791/8777/3738
f 3565/8778/3696 3955/8779/3944 3956/8780/3697
f 3866/8781/3831 3865/7907/3745 3605/7906/3744
f 3683/8074/3809 3682/8073/3809 3957/8782/4115
f 3683/8074/3809 3957/8782/4115 3958/8783/4115
f 3683/8074/3809 3958/8783/4115 3680/8070/3809
f 3683/8074/3809 3680/8070/3809 3678/8069/3715
f 3687/8079/3809 3686/8078/3809 3959/8784/4115
f 3687/8079/3809 3959/8784/4115 3960/8785/4115
f 3687/8079/3809 3960/8785/4115 3682/8073/3809
f 3687/8079/3809 3682/8073/3809 3681/8072/3715
f 3961/8786/3809 3685/8077/3715 3583/8084/3715
f 3961/8786/3809 3583/8084/3715 3689/8083/3809
f 3961/8786/3809 3689/8083/3809 3962/8787/4115
f 3961/8786/3809 3962/8787/4115 3963/8788/4115
f 3961/8786/3809 3963/8788/4115 3686/8078/3809
f 3961/8786/3809 3686/8078/3809 3685/8077/3715
f 3750/8273/3895 3749/8272/3894 3964/8789/4116
f 3750/8273/4117 3964/8789/4116 3965/8790/4115
f 3750/8273/4117 3965/8790/4115 3688/8082/3809
f 3750/8273/4117 3688/8082/3809 3584/8081/3716
f 3747/8268/3892 4134/8267/3891 3966/8791/4118
f 3747/8792/3892 3966/8793/4119 3750/8273/4117
f 3747/8792/3892 3750/8273/4117 3584/8081/3716
f 3747/8792/3892 3584/8081/3716 3967/8794/3686
f 3970/8795/4120 3502/7205/3463 3968/7204/3462
f 3970/8796/4120 3968/8797/3462 3969/8798/3612
f 3970/8799/4120 3969/8800/3612 3971/8801/3634
f 3970/8799/4120 3971/8801/3634 3502/8802/3463
f 3975/8197/3860 3763/8196/3859 3972/8803/4121
f 3975/8197/3860 3972/8803/4121 3973/8804/4122
f 3975/8805/3860 3973/8806/4122 4028/8807/4123
f 3975/8808/3860 4028/8809/4123 3974/8810/3867
f 3975/8811/3860 3974/8302/3867 3760/8301/3855
f 3762/8306/3906 3761/8305/3905 4415/8812/4124
f 3762/8307/3906 4415/8813/4124 4414/8814/4125
f 3762/8307/3906 4414/8814/4125 3972/8815/4121
f 3762/8307/3906 3972/8815/4121 3763/8308/3859
f 3916/8816/4073 4055/8817/4072 3727/8204/3863
f 3916/8816/4073 3727/8204/3863 3976/8203/3862
f 3916/8818/4073 3976/8819/3862 3977/8820/3869
f 3916/8687/4073 3977/8821/3869 3907/8663/4061
f 3916/8687/4073 3907/8663/4061 3906/8662/4060
f 3979/7983/3772 3639/7982/3771 3978/8822/4126
f 3979/8823/3772 3978/8824/4126 4096/8825/4127
f 3979/8823/3772 4096/8825/4127 4073/8826/4128
f 3979/7983/3772 4073/8827/4128 3209/6886/3304
f 3979/7983/3772 3209/6886/3304 3208/6885/3303
f 3934/8720/4091 3588/7856/3722 3647/7855/3721
f 3983/8828/4129 3980/8829/3733 3981/8830/3732
f 3983/8828/4129 3981/8830/3732 3982/8831/4130
f 3983/8832/4129 3982/8833/4130 3984/8834/4131
f 3983/8832/4129 3984/8834/4131 3986/8835/3793
f 3983/8828/4129 3986/8836/3793 3980/8829/3733
f 3984/8837/4131 3982/8838/4130 3985/8839/4132
f 3984/8840/4131 3985/8841/4132 3659/8842/3731
f 3984/8840/4131 3659/8842/3731 3986/8843/3793
f 3985/8839/4132 3982/8838/4130 3981/8844/3732
f 3985/8841/4132 3981/8845/3732 3659/8842/3731
f 3987/8846/4133 3988/8847/3851 3718/8848/3850
f 3987/8849/4133 3718/8850/3850 3948/8851/4108
f 3987/8849/4133 3948/8851/4108 3947/8749/4103
f 3987/8849/4133 3947/8749/4103 3942/8748/4102
f 3987/8852/4133 3942/8747/4102 3989/8853/4134
f 3987/8846/4133 3989/8854/4134 4014/8855/3852
f 3987/8846/4133 4014/8855/3852 3988/8847/3851
f 3861/8856/4020 3990/8857/4019 3991/8858/4135
f 3861/8560/4020 3991/8859/4135 3992/8860/3632
f 3861/8560/4020 3992/8860/3632 3499/8561/3631
f 3993/8861/4136 3747/8792/4137 3966/8793/4138
f 3993/8861/4136 3966/8793/4138 3994/8862/4139
f 3993/8861/4136 3994/8862/4139 3995/8863/4140
f 3993/8861/4136 3995/8863/4140 3748/8864/3893
f 3993/8861/4136 3748/8864/3893 3477/7550/3609
f 3993/8865/4136 3477/7548/3609 3527/7699/3670
f 3748/8864/3893 3546/7551/3610 3477/7550/3609
f 3887/8866/4048 4157/8867/4047 3996/8868/4141
f 3887/8869/4048 3996/8870/4141 4049/8871/4142
f 3887/8869/4048 4049/8871/4142 3825/8465/3977
f 3887/8869/4048 3825/8465/3977 3824/8464/3976
f 3729/8205/3864 3727/8204/3863 4053/8872/4143
f 3729/8873/3864 4053/8874/4143 4026/8875/4144
f 3729/8876/3864 4026/8877/4144 3997/8878/4145
f 3729/8879/3864 3997/8880/4145 3998/8881/3614
f 3729/8879/3864 3998/8881/3614 3480/8882/3613
f 4000/8883/4146 3910/8667/4063 3909/8666/4062
f 4000/8883/4146 3909/8666/4062 3999/8884/4147
f 4000/8885/4146 3999/8886/4147 3912/8887/4068
f 4000/8885/4146 3912/8887/4068 4081/8888/4148
f 4000/8885/4146 4081/8888/4148 4001/8889/4080
f 4000/8883/4146 4001/8700/4080 3910/8667/4063
f 4003/8890/4149 4004/8891/3811 3778/8892/3916
f 4003/8890/4149 3778/8892/3916 4171/8893/4150
f 4003/8890/4149 4171/8893/4150 4002/8894/4151
f 4003/8890/4149 4002/8894/4151 4087/8895/4152
f 4003/8890/4149 4087/8895/4152 3691/8896/3812
f 4003/8897/4149 3691/8898/3812 4004/8899/3811
f 3668/8049/3801 3347/8050/3457 4104/8900/4153
f 3668/8901/3801 4104/8902/4153 4093/8903/4154
f 3668/8901/3801 4093/8903/4154 3978/8824/4126
f 3668/8049/3801 3978/8822/4126 3639/7982/3771
f 4005/8904/4155 3936/8723/4093 4033/8701/4081
f 4005/8904/4155 4033/8701/4081 4009/8905/4156
f 4005/8904/4155 4009/8905/4156 4008/8906/4157
f 4005/8904/4155 4008/8906/4157 3937/8733/4096
f 4005/8904/4155 3937/8733/4096 3936/8723/4093
f 3953/8771/4113 3951/8770/4112 4006/8907/4158
f 3953/8771/4113 4006/8907/4158 4007/8908/4159
f 3953/8772/4113 4007/8909/4159 3921/8696/4077
f 3953/8772/4113 3921/8696/4077 3859/8773/4018
f 4007/8908/4159 4006/8907/4158 4008/8910/4157
f 4007/8908/4159 4008/8910/4157 4009/8911/4156
f 4007/8908/4159 4009/8911/4156 4034/8912/4160
f 4007/8908/4159 4034/8912/4160 4010/8913/4078
f 4007/8909/4159 4010/8697/4078 3921/8696/4077
f 4011/8750/4104 3937/8733/4096 4008/8906/4157
f 4011/8750/4104 4008/8906/4157 4006/8914/4158
f 4011/8750/4104 4006/8914/4158 3951/8915/4112
f 4011/8916/4104 3951/8917/4112 4012/8918/4105
f 3940/8739/4099 3939/8738/4009 3849/8919/4008
f 3940/8739/4099 3849/8919/4008 4013/8920/4101
f 3940/8921/4099 4013/8744/4101 3846/8526/4004
f 3940/8921/4099 3846/8526/4004 3845/8525/4003
f 4015/8922/4161 4014/8923/3852 3989/8924/4134
f 4015/8925/4161 3989/8926/4134 4016/8927/4162
f 4015/8925/4161 4016/8927/4162 3722/8928/3854
f 4015/8929/4161 3722/8188/3854 3719/8187/3853
f 4015/8922/4161 3719/8930/3853 4014/8923/3852
f 4012/8918/4105 3951/8917/4112 4035/8931/4163
f 4012/8751/4105 4035/8932/4163 3857/8550/4015
f 4012/8751/4105 3857/8550/4015 3856/8549/4014
f 3862/8565/4021 3801/8564/3948 4017/8933/4164
f 3862/8565/4021 4017/8933/4164 3806/8422/3953
f 3862/8565/4021 3806/8422/3953 3587/7853/3719
f 3862/8565/4021 3587/7853/3719 3624/7852/3718
f 4019/8934/4165 3878/8600/4035 3877/8599/4034
f 4019/8934/4165 3877/8599/4034 4018/8935/4166
f 4019/8934/4165 4018/8935/4166 4277/8936/4167
f 4019/8934/4165 4277/8936/4167 4041/8937/4168
f 4019/8938/4165 4041/8939/4168 3444/8940/3573
f 4019/8941/4165 3444/8942/3573 3878/8943/4035
f 4020/8944/4169 3876/8598/4033 4021/8945/4045
f 4020/8944/4169 4021/8945/4045 4018/8935/4166
f 4020/8944/4169 4018/8935/4166 3877/8599/4034
f 4020/8944/4169 3877/8599/4034 3876/8598/4033
f 4023/8946/4170 3828/8470/3980 3832/8479/3983
f 4023/8946/4170 3832/8479/3983 4022/8947/4171
f 4023/8948/4170 4022/8949/4171 4024/8950/4172
f 4023/8951/4170 4024/8952/4172 4280/8953/4173
f 4023/8951/4170 4280/8953/4173 3837/8954/3981
f 4023/8946/4170 3837/8471/3981 3828/8470/3980
f 4025/8955/4174 3759/8488/3857 3836/8487/3989
f 4025/8955/4174 3836/8487/3989 4026/8877/4144
f 4025/8956/4174 4026/8957/4144 4028/8958/4123
f 4025/8956/4174 4028/8958/4123 3724/8959/3858
f 4025/8956/4174 3724/8959/3858 3759/8960/3857
f 4026/8875/4144 4053/8874/4143 4027/8961/3868
f 4026/8962/4144 4027/8218/3868 3974/8217/3867
f 4026/8963/4144 3974/8964/3867 4028/8965/4123
f 3999/8884/4147 3909/8666/4062 4029/8966/4175
f 3999/8886/4147 4029/8967/4175 4030/8968/4071
f 3999/8886/4147 4030/8968/4071 3914/8969/4069
f 3999/8886/4147 3914/8969/4069 3912/8887/4068
f 4029/8966/4175 3909/8666/4062 3907/8665/4061
f 4029/8966/4175 3907/8665/4061 4031/8970/4176
f 4029/8967/4175 4031/8971/4176 4032/8972/4177
f 4029/8967/4175 4032/8972/4177 4030/8968/4071
f 4034/8912/4160 4009/8911/4156 4033/8973/4081
f 4034/8974/4160 4033/8701/4081 4001/8700/4080
f 4034/8912/4160 4001/8889/4080 4081/8888/4148
f 4034/8912/4160 4081/8888/4148 4010/8913/4078
f 4035/8975/4163 3951/8768/4112 3950/8767/4016
f 4035/8976/4163 3950/8553/4016 3857/8552/4015
f 4036/8977/4178 3717/8978/3712 3722/8928/3854
f 4036/8977/4178 3722/8928/3854 4016/8927/4162
f 4036/8977/4178 4016/8927/4162 3949/8761/4109
f 4036/8979/4178 3949/8759/4109 3948/8758/4108
f 4036/8979/4178 3948/8758/4108 3718/8178/3850
f 4036/8979/4178 3718/8178/3850 3717/8177/3712
f 3792/8381/3931 3569/7799/3699 3793/8574/3932
f 4037/8980/4179 3346/7193/3456 3445/7460/3574
f 4037/8981/4179 3445/8982/3574 4110/8983/4180
f 4037/8980/4179 4110/8984/4180 4038/8985/4181
f 4037/8980/4179 4038/8985/4181 4101/8986/4182
f 4037/8980/4179 4101/8986/4182 4100/8987/4183
f 4037/8980/4179 4100/8987/4183 3347/7194/3457
f 4037/8980/4179 3347/7194/3457 3346/7193/3456
f 4041/8988/4168 4277/8989/4167 4039/8990/4184
f 4041/8991/4168 4039/8992/4184 4040/8993/4185
f 4041/8994/4168 4040/8995/4185 4042/8996/4186
f 4041/8994/4168 4042/8996/4186 3445/7459/3574
f 4041/8994/4168 3445/7459/3574 3444/7458/3573
f 4043/8997/4187 3814/8998/3460 4046/8999/4188
f 4043/8997/4187 4046/8999/4188 3971/9000/3634
f 4043/9001/4187 3971/9002/3634 3969/8438/3612
f 4043/9001/4187 3969/8438/3612 3814/8437/3460
f 4046/9003/4188 3814/8455/3460 3820/8454/3972
f 4046/9004/4188 3820/9005/3972 4044/9006/4189
f 4046/9004/4188 4044/9006/4189 4045/9007/4190
f 4046/9008/4188 4045/9009/4190 4434/8287/3902
f 4046/9008/4188 4434/8287/3902 3503/7621/3635
f 4046/8999/4188 3503/9010/3635 3971/9000/3634
f 3813/8433/3960 3811/8431/3958 4425/9011/4191
f 3813/8433/3960 4425/9011/4191 4047/9012/4192
f 3813/8435/3960 4047/9013/4192 4432/9014/4193
f 3813/8435/3960 4432/9014/4193 3818/8446/3967
f 3813/8435/3960 3818/8446/3967 3817/8445/3966
f 4049/8871/4142 3996/8870/4141 4048/9015/4194
f 4049/9016/4142 4048/9017/4194 4050/9018/4195
f 4049/9016/4142 4050/9018/4195 4022/8949/4171
f 4049/8871/4142 4022/9019/4171 3832/8477/3983
f 4049/8871/4142 3832/8477/3983 3831/8476/3982
f 4049/8871/4142 3831/8476/3982 3825/8465/3977
f 3834/9020/3988 4051/9021/3987 3724/9022/3858
f 3834/9020/3988 3724/9022/3858 4028/8807/4123
f 3834/9020/3988 4028/8807/4123 3973/8806/4122
f 3834/9023/3988 3973/9024/4122 3836/9025/3989
f 4051/9026/3987 3833/9027/3986 4052/9028/4196
f 4051/9029/3987 4052/9030/4196 4443/9031/4197
f 4051/8483/3987 4443/9032/4197 3761/8305/3905
f 4051/8483/3987 3761/8305/3905 3724/8195/3858
f 4054/9033/4198 4027/8218/3868 4053/9034/4143
f 4054/9035/4198 4053/9036/4143 4055/9037/4072
f 4054/9035/4198 4055/9037/4072 4032/8972/4177
f 4054/9035/4198 4032/8972/4177 4031/8971/4176
f 4054/9033/4198 4031/9038/4176 3977/8219/3869
f 4054/9033/4198 3977/8219/3869 4027/8218/3868
f 4058/9039/4199 3697/6892/3308 3212/6891/3307
f 4058/9039/4199 3212/6891/3307 4056/9040/4200
f 4058/9039/4199 4056/9040/4200 4510/9041/4201
f 4058/9039/4199 4510/9041/4201 4057/9042/4202
f 4058/9039/4199 4057/9042/4202 4180/9043/4203
f 4058/9039/4199 4180/9043/4203 3840/8501/3993
f 4058/9044/4199 3840/9045/3993 3839/8624/3992
f 4058/9044/4199 3839/8624/3992 3697/8623/3308
f 4055/8817/4072 4053/8872/4143 3727/8204/3863
f 3907/8665/4061 3977/9046/3869 4031/8970/4176
f 4060/8716/4090 4086/8715/4089 4059/9047/4204
f 4060/9048/4090 4059/9049/4204 3778/8338/3916
f 4060/9048/4090 3778/8338/3916 3777/8337/3915
f 3918/8690/4074 3740/8689/3882 4061/9050/4205
f 3918/8690/4074 4061/9050/4205 3990/8857/4019
f 3918/8690/4074 3990/8857/4019 3743/9051/3887
f 3918/8690/4074 3743/9051/3887 4062/9052/3885
f 3928/8710/4085 3927/8709/4084 4063/9053/4206
f 3928/9054/4085 4063/9055/4206 4064/9056/4207
f 3928/9057/4085 4064/9058/4207 4141/9059/4208
f 3928/9057/4085 4141/9059/4208 4065/9060/4209
f 3928/8710/4085 4065/9061/4209 4066/9062/4210
f 4067/9063/3925 3788/9064/3924 3944/9065/4106
f 4067/9063/3925 3944/9065/4106 3954/9066/4114
f 4067/9063/3925 3954/9066/4114 4068/9067/3926
f 4069/8762/4110 3949/8761/4109 3989/8926/4134
f 4069/9068/4110 3989/8853/4134 3942/8747/4102
f 4069/9068/4110 3942/8747/4102 4013/8746/4101
f 4069/9069/4110 4013/8920/4101 3849/8919/4008
f 3991/8858/4135 3990/8857/4019 4061/9050/4205
f 3991/8858/4135 4061/9050/4205 4070/9070/3881
f 3991/9071/4135 4070/8249/3881 3992/7612/3632
f 3997/8878/4145 4026/8877/4144 3836/8487/3989
f 3997/8878/4145 3836/8487/3989 4389/9072/4211
f 3997/8878/4145 4389/9072/4211 4420/9073/4212
f 3997/8878/4145 4420/9073/4212 4449/9074/4213
f 3997/8880/4145 4449/9075/4213 4071/9076/4214
f 3997/8880/4145 4071/9076/4214 3998/8881/3614
f 4072/9077/4215 3209/9078/3304 4073/9079/4128
f 4072/9080/4215 4073/9081/4128 4074/9082/4216
f 4072/9080/4215 4074/9082/4216 4075/9083/4217
f 4072/9080/4215 4075/9083/4217 4076/9084/4218
f 4072/9085/4215 4076/9086/4218 3212/6891/3307
f 4072/9085/4215 3212/6891/3307 3209/6890/3304
f 4077/9087/4219 3677/8065/3808 3676/8064/3807
f 4077/9087/4219 3676/8064/3807 4078/9088/4220
f 4077/9087/4219 4078/9088/4220 4079/9089/3725
f 4077/9087/4219 4079/9089/3725 4080/9090/4221
f 4077/9087/4219 4080/9090/4221 3738/8245/3878
f 4077/9087/4219 3738/8245/3878 3677/8065/3808
f 4082/8674/4067 4010/8697/4078 4081/9091/4148
f 4082/9092/4067 4081/8888/4148 3912/8887/4068
f 4087/8895/4152 4002/8894/4151 4083/9093/4222
f 4087/9094/4152 4083/9095/4222 4084/9096/4223
f 4087/9094/4152 4084/9096/4223 4085/9097/4224
f 4087/9094/4152 4085/9097/4224 4086/9098/4089
f 4087/9099/4152 4086/8715/4089 3691/8119/3812
f 4090/9100/4225 3927/8709/4084 3931/8714/4088
f 4090/9100/4225 3931/8714/4088 4088/9101/4226
f 4090/9100/4225 4088/9101/4226 4089/9102/4227
f 4090/9103/4225 4089/9104/4227 4091/9105/4228
f 4090/9103/4225 4091/9105/4228 4092/9106/4229
f 4090/9107/4225 4092/9108/4229 4063/9055/4206
f 4090/9100/4225 4063/9053/4206 3927/8709/4084
f 4093/9109/4154 4104/9110/4153 4094/9111/4230
f 4093/9109/4154 4094/9111/4230 4095/9112/4231
f 4093/9109/4154 4095/9112/4231 4096/9113/4127
f 4093/8903/4154 4096/8825/4127 3978/8824/4126
f 4017/8933/4164 3801/8564/3948 4066/9062/4210
f 4017/8933/4164 4066/9062/4210 4065/9061/4209
f 4017/8933/4164 4065/9061/4209 4089/9102/4227
f 4017/8933/4164 4089/9102/4227 4088/9101/4226
f 4017/8933/4164 4088/9101/4226 3806/8422/3953
f 3798/9114/3936 3866/9115/3831 3801/9116/3948
f 4097/9117/4232 3676/8064/3807 3673/8063/3804
f 4097/9118/4232 3673/8058/3804 3672/8057/3803
f 4097/9118/4232 3672/8057/3803 4098/9119/4115
f 4097/9118/4232 4098/9119/4115 4099/9120/4233
f 4097/9117/4232 4099/9121/4233 4078/9088/4220
f 4097/9117/4232 4078/9088/4220 3676/8064/3807
f 4100/9122/4183 4101/9123/4182 4102/9124/4234
f 4100/9122/4183 4102/9124/4234 4103/9125/4235
f 4100/9122/4183 4103/9125/4235 4104/9110/4153
f 4100/9126/4183 4104/9127/4153 3347/9128/3457
f 4108/8591/4028 3551/7758/3692 3550/7757/3691
f 4108/8591/4028 3550/7757/3691 4105/9129/4236
f 4108/9130/4028 4105/9131/4236 4106/9132/4237
f 4108/8591/4028 4106/9133/4237 4107/9134/4238
f 4108/9135/4028 4107/9136/4238 4109/9137/4029
f 4110/9138/4180 3445/7459/3574 4042/8996/4186
f 4110/9139/4180 4042/9140/4186 4178/9141/4239
f 4110/9139/4180 4178/9141/4239 4111/9142/4025
f 4110/8984/4180 4111/8582/4025 3871/8581/4024
f 4110/8984/4180 3871/8581/4024 4203/9143/4240
f 4110/8984/4180 4203/9143/4240 4112/9144/4241
f 4110/9145/4180 4112/9146/4241 4038/9147/4181
f 4113/9148/3991 3837/8954/3981 4280/8953/4173
f 4113/9148/3991 4280/8953/4173 4304/9149/4242
f 4113/9148/3991 4304/9149/4242 4158/9150/4046
f 4113/9151/3991 4158/9152/4046 3839/9153/3992
f 4114/8504/3996 3432/7433/3567 3431/7432/3566
f 4114/8504/3996 3431/7432/3566 4115/9154/4243
f 4114/9155/3996 4115/9156/4243 4116/9157/4244
f 4114/8504/3996 4116/9158/4244 4233/9159/4245
f 4114/8504/3996 4233/9159/4245 3931/8714/4088
f 3894/8646/4058 3627/7965/3768 3738/8246/3878
f 3894/8646/4058 3738/8246/3878 4080/9160/4221
f 3894/8646/4058 4080/9160/4221 4117/9161/4246
f 3894/8646/4058 4117/9161/4246 3895/8647/4058
f 3897/8650/4058 3895/8647/4058 4118/9162/4246
f 3897/8650/4058 4118/9162/4246 4119/9163/4246
f 3897/8650/4058 4119/9163/4246 3898/8651/4058
f 3897/8650/4058 3898/8651/4058 3630/7970/3769
f 3899/8652/4058 3898/8651/4058 4120/9164/4246
f 3899/8652/4058 4120/9164/4246 4121/9165/4246
f 3899/8652/4058 4121/9165/4246 3900/8653/4058
f 3899/8652/4058 3900/8653/4058 3633/7974/3769
f 4122/9166/4058 3636/7978/3769 3901/8654/4058
f 4122/9166/4058 3901/8654/4058 4123/9167/4246
f 4122/9166/4058 4123/9167/4246 4124/9168/4246
f 4122/9166/4058 4124/9168/4246 3903/8656/4058
f 4122/9166/4058 3903/8656/4058 3637/7979/3769
f 4122/9166/4058 3637/7979/3769 3636/7978/3769
f 4125/9169/4247 3739/8142/3879 3904/8657/4058
f 4125/9169/4247 3904/8657/4058 4126/9170/4246
f 4125/9169/4247 4126/9170/4246 4128/9171/4248
f 4125/9169/4247 4127/9172/4249 4128/9171/4250
f 4125/9169/4247 3892/8141/3835 4127/9172/4249
f 4125/9169/4247 3739/8142/3836 3892/8141/3835
f 4125/9173/4251 4135/8248/3880 3739/8247/3879
f 4125/9173/4251 4128/9174/4252 4135/8248/3880
f 4030/8968/4071 4032/8972/4177 4055/9037/4072
f 4095/9112/4231 4094/9111/4230 4129/9175/4253
f 4095/9112/4231 4129/9175/4253 4074/9082/4216
f 4095/9112/4231 4074/9082/4216 4073/9081/4128
f 4095/9112/4231 4073/9081/4128 4096/9113/4127
f 4059/9047/4204 4086/8715/4089 4085/9176/4224
f 4059/9177/4204 4085/9097/4224 4130/9178/4254
f 4059/9049/4204 4130/9179/4254 4172/9180/4255
f 4059/9049/4204 4172/9180/4255 4171/9181/4150
f 4059/9049/4204 4171/9181/4150 3778/8338/3916
f 3740/8689/3882 4070/9070/3881 4061/9050/4205
f 4131/9182/4092 3934/8728/4091 3784/8727/3921
f 4131/9182/4092 3784/8727/3921 3782/9183/3919
f 4064/9056/4207 4063/9055/4206 4092/9108/4229
f 4064/9184/4207 4092/9185/4229 4132/9186/4256
f 4064/9058/4207 4132/9187/4256 4133/9188/4257
f 4064/9058/4207 4133/9188/4257 4141/9059/4208
f 4134/8267/3891 3650/8010/3785 4135/8248/3880
f 4134/9189/3891 4135/9190/3880 4136/9191/4258
f 4134/9189/3891 4136/9191/4258 4137/9192/4259
f 4134/9193/3891 4137/9194/4259 4138/9195/4260
f 4134/8267/3891 4138/9196/4260 3994/9197/4261
f 4134/8267/3891 3994/9197/4261 3966/8791/4118
f 4140/9198/4262 4141/9199/4208 4133/9200/4257
f 4140/9198/4262 4133/9200/4257 4139/9201/4263
f 4140/9202/4262 4139/9203/4263 4091/9105/4228
f 4140/9202/4262 4091/9105/4228 4089/9104/4227
f 4140/9204/4262 4089/9205/4227 4065/9206/4209
f 4140/9204/4262 4065/9206/4209 4141/9207/4208
f 4098/9119/4115 3672/8057/3803 3680/8070/3809
f 4098/9119/4115 3680/8070/3809 3958/8783/4115
f 4098/9119/4115 3958/8783/4115 4142/9208/4264
f 4098/9119/4115 4142/9208/4264 4099/9120/4233
f 3960/8785/4115 3959/8784/4115 4143/9209/4264
f 3960/8785/4115 4143/9209/4264 4144/9210/4264
f 3960/8785/4115 4144/9210/4264 3957/8782/4115
f 3960/8785/4115 3957/8782/4115 3682/8073/3809
f 3963/8788/4115 3962/8787/4115 4145/9211/4264
f 3963/8788/4115 4145/9211/4264 4146/9212/4264
f 3963/8788/4115 4146/9212/4264 3959/8784/4115
f 3963/8788/4115 3959/8784/4115 3686/8078/3809
f 4147/9213/4115 3689/8083/3809 3688/8082/3809
f 4147/9213/4115 3688/8082/3809 3965/8790/4115
f 4147/9213/4115 3965/8790/4115 4148/9214/4264
f 4147/9213/4115 4148/9214/4264 4149/9215/4264
f 4147/9213/4115 4149/9215/4264 3962/8787/4115
f 4147/9213/4115 3962/8787/4115 3689/8083/3809
f 3964/8789/4116 3750/8273/4117 3966/8793/4119
f 3964/8789/4116 3966/8793/4119 4272/9216/4265
f 3964/8789/4116 4272/9216/4265 4150/9217/4266
f 3964/8789/4116 3995/8863/4140 4150/9217/4266
f 3964/8789/4116 3749/8272/3894 3995/8863/4140
f 4151/9218/4267 3873/9219/4027 3872/9220/4026
f 4151/9218/4267 3872/9220/4026 4152/9221/4268
f 4151/9222/4267 4152/9223/4268 4153/9224/4269
f 4151/9218/4267 4153/9225/4269 4154/9226/4044
f 4151/9218/4267 4154/9226/4044 3873/9219/4027
f 4155/8440/3962 3969/7555/3612 3756/8289/3903
f 4155/9227/3962 3756/9228/3903 4045/9007/4190
f 4155/9227/3962 4045/9007/4190 4044/9006/4189
f 4155/8442/3962 4044/9229/4189 4425/9011/4270
f 4155/8442/3962 4425/9011/4270 3816/8443/3963
f 4156/9230/4271 4157/9231/4047 4158/9232/4046
f 4156/9233/4271 4158/9150/4046 4304/9149/4242
f 4156/9233/4271 4304/9149/4242 4159/9234/4272
f 4156/9233/4271 4159/9234/4272 4160/9235/4273
f 4156/9236/4271 4160/9237/4273 4161/9238/4274
f 4156/9236/4271 4161/9238/4274 4157/9239/4047
f 4162/9240/4275 4157/9239/4047 4163/9241/4276
f 4162/9242/4275 4163/9243/4276 4164/9244/4277
f 4162/9242/4275 4164/9244/4277 3996/9245/4141
f 4162/9246/4275 3996/9247/4141 4157/9248/4047
f 4161/9238/4274 4160/9237/4273 4165/9249/4278
f 4161/9238/4274 4165/9249/4278 4336/9250/4279
f 4161/9238/4274 4336/9250/4279 4163/9241/4276
f 4161/9238/4274 4163/9241/4276 4157/9239/4047
f 4168/9251/4280 4002/9252/4151 4166/9253/4281
f 4168/9251/4280 4166/9253/4281 4167/9254/4282
f 4168/9255/4280 4167/9256/4282 4169/9257/4283
f 4168/9255/4280 4169/9257/4283 4083/9093/4222
f 4168/9255/4280 4083/9093/4222 4002/8894/4151
f 4170/9258/4284 4002/9252/4151 4171/9259/4150
f 4170/9258/4284 4171/9259/4150 4172/9260/4255
f 4170/9258/4284 4172/9260/4255 4173/9261/4285
f 4170/9258/4284 4173/9261/4285 4166/9253/4281
f 4170/9258/4284 4166/9253/4281 4002/9252/4151
f 3989/8926/4134 3949/8761/4109 4016/8927/4162
f 4103/9125/4235 4102/9124/4234 4174/9262/4286
f 4103/9125/4235 4174/9262/4286 4175/9263/4287
f 4103/9125/4235 4175/9263/4287 4094/9111/4230
f 4103/9125/4235 4094/9111/4230 4104/9110/4153
f 4178/9264/4239 4042/8996/4186 4176/9265/4288
f 4178/9266/4239 4176/9267/4288 4177/9268/4289
f 4178/9269/4239 4177/9270/4289 4152/9271/4268
f 4178/9141/4239 4152/9272/4268 3872/9273/4026
f 4178/9141/4239 3872/9273/4026 4111/9142/4025
f 4179/9274/4290 3841/8502/3994 3840/8501/3993
f 4179/9274/4290 3840/8501/3993 4180/9043/4203
f 4179/9275/4290 4180/9276/4203 4345/9277/4291
f 4179/9275/4290 4345/9277/4291 4205/9278/3995
f 4179/9274/4290 4205/8503/3995 3841/8502/3994
f 4181/9279/4292 4182/9280/4053 4183/9281/4293
f 4181/9282/4292 4183/9283/4293 4184/9284/4294
f 4181/9282/4292 4184/9284/4294 4185/9285/4295
f 4181/9279/4292 4185/9286/4295 4190/9287/4296
f 4181/9279/4292 4190/9287/4296 4186/9288/3876
f 4181/9279/4292 4186/9288/3876 4182/9280/4053
f 3769/8319/3910 3768/8318/3909 4187/9289/4297
f 3769/8319/3910 4187/9289/4297 4188/9290/4298
f 3769/8319/3910 4188/9290/4298 4189/9291/4299
f 3769/8319/3910 4189/9291/4299 4183/9292/4293
f 3769/8319/3910 4183/9292/4293 4182/8642/4053
f 4190/9293/4296 4185/9294/4295 4191/9295/4300
f 4190/9293/4296 4191/9295/4300 4192/9296/4301
f 4190/9293/4296 4192/9296/4301 4193/9297/3877
f 4190/9287/4296 4193/9298/3877 4186/9288/3876
f 4194/9299/4302 4193/9297/3877 4192/9296/4301
f 4194/9299/4302 4192/9296/4301 4195/9300/4303
f 4194/9299/4302 4195/9300/4303 4196/9301/4304
f 4194/9299/4302 4196/9301/4304 4327/9302/4305
f 4194/9299/4302 4327/9302/4305 4212/9303/4306
f 4194/9299/4302 4212/9303/4306 4213/9304/3913
f 4194/9299/4302 4213/9304/3913 4193/9297/3877
f 4139/9201/4263 4133/9200/4257 4132/9305/4256
f 4139/9203/4263 4132/9306/4256 4092/9106/4229
f 4139/9203/4263 4092/9106/4229 4091/9105/4228
f 4197/9307/4307 4083/9093/4222 4169/9257/4283
f 4197/9307/4307 4169/9257/4283 4198/9308/4308
f 4197/9309/4307 4198/9310/4308 4199/9311/4309
f 4197/9309/4307 4199/9311/4309 4130/9178/4254
f 4197/9309/4307 4130/9178/4254 4084/9096/4223
f 4197/9309/4307 4084/9096/4223 4083/9095/4222
f 4167/9254/4282 4166/9253/4281 4173/9261/4285
f 4167/9254/4282 4173/9261/4285 4200/9312/4310
f 4167/9254/4282 4200/9312/4310 4215/9313/4311
f 4167/9254/4282 4215/9313/4311 4201/9314/4312
f 4167/9256/4282 4201/9315/4312 4169/9257/4283
f 4198/9308/4308 4169/9257/4283 4201/9315/4312
f 4198/9308/4308 4201/9315/4312 4202/9316/4313
f 4198/9308/4308 4202/9316/4313 4219/9317/4314
f 4198/9310/4308 4219/9318/4314 4199/9311/4309
f 4203/9143/4240 3871/8581/4024 4109/8592/4029
f 4203/9319/4240 4109/9137/4029 4107/9136/4238
f 4203/9143/4240 4107/9134/4238 4397/9320/4315
f 4203/9143/4240 4397/9320/4315 4112/9144/4241
f 4204/9321/4316 3430/7430/3565 4205/8503/3995
f 4204/9322/4316 4205/9323/3995 4367/9324/4317
f 4204/9322/4316 4367/9324/4317 4206/9325/4318
f 4204/9322/4316 4206/9325/4318 4207/9326/4319
f 4204/9321/4316 4207/9327/4319 4208/9328/4320
f 4204/9321/4316 4208/9328/4320 3430/7430/3565
f 4208/9328/4320 4207/9327/4319 4619/9329/4321
f 4208/9328/4320 4619/9329/4321 4115/9330/4243
f 4208/9328/4320 4115/9330/4243 3431/7431/3566
f 4208/9328/4320 3431/7431/3566 3430/7430/3565
f 4076/9084/4218 4075/9083/4217 4209/9331/4322
f 4076/9086/4218 4209/9332/4322 4210/9333/4323
f 4076/9086/4218 4210/9333/4323 4056/9040/4200
f 4076/9086/4218 4056/9040/4200 3212/6891/3307
f 4212/9303/4306 4327/9302/4305 4211/9334/4324
f 4212/9335/4306 4211/9336/4324 3768/9337/3909
f 4212/9338/4306 3768/9339/3909 4213/9340/3913
f 4215/9313/4311 4200/9312/4310 4298/9341/4325
f 4215/9313/4311 4298/9341/4325 4214/9342/4326
f 4215/9313/4311 4214/9342/4326 4220/9343/4327
f 4215/9344/4311 4220/9345/4327 4202/9316/4313
f 4215/9313/4311 4202/9346/4313 4201/9314/4312
f 4216/9347/4328 4202/9316/4313 4217/9348/4329
f 4216/9349/4328 4217/9350/4329 4218/9351/4330
f 4216/9349/4328 4218/9351/4330 4369/9352/4331
f 4216/9349/4328 4369/9352/4331 4219/9353/4314
f 4216/9347/4328 4219/9317/4314 4202/9316/4313
f 4220/9354/4327 4214/9355/4326 4221/9356/4332
f 4220/9354/4327 4221/9356/4332 4222/9357/4333
f 4220/9345/4327 4222/9358/4333 4217/9348/4329
f 4220/9345/4327 4217/9348/4329 4202/9316/4313
f 3809/8426/3955 3808/8425/3954 4714/9359/4334
f 3809/8426/3955 4714/9359/4334 4223/9360/4335
f 3809/8426/3955 4223/9360/4335 4105/9129/4236
f 3809/8426/3955 4105/9129/4236 3550/7757/3691
f 3809/8426/3955 3550/7757/3691 3249/6952/3336
f 4224/9361/4336 4021/8620/4045 4154/8619/4044
f 4224/9362/4336 4154/9363/4044 4153/9224/4269
f 4224/9362/4336 4153/9224/4269 4225/9364/4337
f 4224/9362/4336 4225/9364/4337 4018/9365/4166
f 4224/9366/4336 4018/8935/4166 4021/8945/4045
f 4226/9367/4338 4185/9285/4295 4184/9284/4294
f 4226/9367/4338 4184/9284/4294 4227/9368/4339
f 4226/9367/4338 4227/9368/4339 4572/9369/4340
f 4226/9367/4338 4572/9369/4340 4228/9370/4341
f 4226/9367/4338 4228/9370/4341 4185/9285/4295
f 4228/9371/4341 4572/9372/4340 4229/9373/4342
f 4228/9371/4341 4229/9373/4342 4230/9374/4343
f 4228/9371/4341 4230/9374/4343 4191/9295/4300
f 4228/9371/4341 4191/9295/4300 4185/9294/4295
f 4187/9375/4297 3768/9337/3909 4211/9336/4324
f 4187/9375/4297 4211/9336/4324 4328/9376/4344
f 4187/9375/4297 4328/9376/4344 4404/9377/4345
f 4187/9289/4297 4404/9378/4345 4188/9290/4298
f 4130/9178/4254 4085/9097/4224 4084/9096/4223
f 4164/9244/4277 4163/9243/4276 4231/9379/4346
f 4164/9244/4277 4231/9379/4346 4302/9380/4347
f 4164/9244/4277 4302/9380/4347 4232/9381/4348
f 4164/9382/4277 4232/9383/4348 4048/9384/4194
f 4164/9382/4277 4048/9384/4194 3996/9385/4141
f 4189/9291/4299 4188/9290/4298 4233/9386/4245
f 4189/9291/4299 4233/9386/4245 4116/9387/4244
f 4189/9291/4299 4116/9387/4244 4227/9388/4339
f 4189/9291/4299 4227/9388/4339 4184/9389/4294
f 4189/9291/4299 4184/9389/4294 4183/9292/4293
f 4128/9171/4250 4127/9172/4249 4234/9390/4349
f 4128/9171/4250 4234/9390/4349 4235/9391/4350
f 4128/9171/4248 4236/9392/4351 4235/9391/4350
f 4128/9171/4248 4126/9170/4246 4236/9392/4351
f 4117/9161/4246 4080/9160/4221 4351/9393/4352
f 4117/9161/4246 4351/9393/4352 4237/9394/4351
f 4117/9161/4246 4237/9394/4351 4118/9162/4246
f 4117/9161/4246 4118/9162/4246 3895/8647/4058
f 4119/9163/4246 4118/9162/4246 4238/9395/4351
f 4119/9163/4246 4238/9395/4351 4239/9396/4351
f 4119/9163/4246 4239/9396/4351 4120/9164/4246
f 4119/9163/4246 4120/9164/4246 3898/8651/4058
f 4240/9397/4246 3900/8653/4058 4121/9165/4246
f 4240/9397/4246 4121/9165/4246 4241/9398/4351
f 4240/9397/4246 4241/9398/4351 4242/9399/4351
f 4240/9397/4246 4242/9399/4351 4123/9167/4246
f 4240/9397/4246 4123/9167/4246 3901/8654/4058
f 4240/9397/4246 3901/8654/4058 3900/8653/4058
f 4243/9400/4246 3903/8656/4058 4124/9168/4246
f 4243/9400/4246 4124/9168/4246 4244/9401/4351
f 4243/9400/4246 4244/9401/4351 4245/9402/4351
f 4243/9400/4246 4245/9402/4351 4126/9170/4246
f 4243/9400/4246 4126/9170/4246 3904/8657/4058
f 4243/9400/4246 3904/8657/4058 3903/8656/4058
f 4246/9403/4353 4192/9296/4301 4191/9295/4300
f 4246/9403/4353 4191/9295/4300 4230/9374/4343
f 4246/9403/4353 4230/9374/4343 4195/9300/4303
f 4246/9403/4353 4195/9300/4303 4192/9296/4301
f 4247/9404/4354 4293/9405/4355 4248/9406/4356
f 4247/9407/4354 4248/9408/4356 4249/9409/4357
f 4247/9407/4354 4249/9409/4357 4319/9410/4358
f 4247/9404/4354 4319/9411/4358 4250/9412/4359
f 4247/9404/4354 4250/9412/4359 4290/9413/4360
f 4247/9404/4354 4290/9413/4360 4293/9405/4355
f 4253/9414/4361 4251/9415/4362 4252/9416/4363
f 4253/9417/4361 4252/9418/4363 4323/9419/4364
f 4253/9417/4361 4323/9419/4364 4254/9420/4365
f 4253/9421/4361 4254/9422/4365 4326/9423/4366
f 4253/9424/4361 4326/9425/4366 4281/9426/4367
f 4253/9414/4361 4281/9427/4367 4251/9415/4362
f 4129/9175/4253 4094/9111/4230 4175/9263/4287
f 4129/9175/4253 4175/9263/4287 4255/9428/4368
f 4129/9175/4253 4255/9428/4368 4256/9429/4369
f 4129/9175/4253 4256/9429/4369 4074/9082/4216
f 4222/9357/4333 4221/9356/4332 4370/9430/4370
f 4222/9431/4333 4370/9432/4370 4580/9433/4371
f 4222/9431/4333 4580/9433/4371 4218/9434/4330
f 4222/9358/4333 4218/9435/4330 4217/9348/4329
f 4257/9436/3725 4078/9088/4220 4099/9121/4233
f 4257/9436/3725 4099/9121/4233 4258/9437/4372
f 4257/9436/3725 4258/9437/4372 4259/9438/3725
f 4257/9436/3725 4259/9438/3725 4260/9439/3725
f 4257/9436/3725 4260/9439/3725 4079/9089/3725
f 4257/9436/3725 4079/9089/3725 4078/9088/4220
f 4261/9440/4264 3958/8783/4115 3957/8782/4115
f 4261/9440/4264 3957/8782/4115 4144/9210/4264
f 4261/9440/4264 4144/9210/4264 4262/9441/4373
f 4261/9440/4264 4262/9441/4373 4263/9442/4373
f 4261/9440/4264 4263/9442/4373 4142/9208/4264
f 4261/9440/4264 4142/9208/4264 3958/8783/4115
f 4146/9212/4264 4145/9211/4264 4264/9443/4373
f 4146/9212/4264 4264/9443/4373 4265/9444/4373
f 4146/9212/4264 4265/9444/4373 4143/9209/4264
f 4146/9212/4264 4143/9209/4264 3959/8784/4115
f 4149/9215/4264 4148/9214/4264 4266/9445/4373
f 4149/9215/4264 4266/9445/4373 4267/9446/4373
f 4149/9215/4264 4267/9446/4373 4145/9211/4264
f 4149/9215/4264 4145/9211/4264 3962/8787/4115
f 4268/9447/4264 3965/8790/4115 3964/8789/4116
f 4268/9447/4264 3964/8789/4116 4150/9217/4266
f 4268/9447/4264 4150/9217/4266 4269/9448/4373
f 4268/9447/4264 4269/9448/4373 4270/9449/4373
f 4268/9447/4264 4270/9449/4373 4148/9214/4264
f 4268/9447/4264 4148/9214/4264 3965/8790/4115
f 3994/9197/4261 4138/9196/4260 4271/9450/4374
f 3994/9197/4375 4271/9450/4376 4272/9451/4265
f 3994/9197/4375 4272/9451/4265 3966/8791/4119
f 3995/9452/4140 3749/8270/3894 3748/8269/3893
f 4273/9453/4377 4277/8936/4167 4018/8935/4166
f 4273/9454/4377 4018/9365/4166 4225/9364/4337
f 4273/9454/4377 4225/9364/4337 4152/9223/4268
f 4273/9455/4377 4152/9271/4268 4274/9456/4378
f 4273/9455/4377 4274/9456/4378 4275/9457/4379
f 4273/9455/4377 4275/9457/4379 4276/9458/4380
f 4273/9455/4377 4276/9458/4380 4277/9459/4167
f 4276/9460/4380 4275/9461/4379 4278/9462/4381
f 4276/9460/4380 4278/9462/4381 4279/9463/4382
f 4276/9460/4380 4279/9463/4382 4040/8993/4185
f 4276/9460/4380 4040/8993/4185 4039/8992/4184
f 4276/9460/4380 4039/8992/4184 4277/9464/4167
f 4024/8950/4172 4022/8949/4171 4050/9018/4195
f 4024/8950/4172 4050/9018/4195 4048/9017/4194
f 4024/8950/4172 4048/9017/4194 4304/9465/4242
f 4024/8950/4172 4304/9465/4242 4280/9466/4173
f 4282/9467/4383 4251/9468/4362 4281/9469/4367
f 4282/9470/4383 4281/9471/4367 4283/9472/4384
f 4282/9470/4383 4283/9472/4384 4284/9473/4385
f 4282/9470/4383 4284/9473/4385 4285/9474/4386
f 4282/9467/4383 4285/9475/4386 4286/9476/4387
f 4282/9467/4383 4286/9476/4387 4251/9468/4362
f 4287/9477/4388 4251/9468/4362 4286/9476/4387
f 4287/9477/4388 4286/9476/4387 4288/9478/4389
f 4287/9479/4388 4288/9480/4389 4862/9481/4390
f 4287/9479/4388 4862/9481/4390 4322/9482/4391
f 4287/9479/4388 4322/9482/4391 4252/9418/4363
f 4287/9479/4388 4252/9418/4363 4251/9483/4362
f 4289/9484/4392 4293/9485/4355 4290/9486/4360
f 4289/9484/4392 4290/9486/4360 4312/9487/4393
f 4289/9484/4392 4312/9487/4393 4316/9488/4394
f 4289/9484/4392 4316/9488/4394 4291/9489/4395
f 4289/9484/4392 4291/9489/4395 4294/9490/4396
f 4289/9484/4392 4294/9490/4396 4293/9485/4355
f 4292/9491/4397 4293/9492/4355 4294/9493/4396
f 4292/9491/4397 4294/9493/4396 4403/9494/4398
f 4292/9491/4397 4403/9494/4398 4295/9495/4399
f 4292/9496/4397 4295/9497/4399 4393/9498/4400
f 4292/9496/4397 4393/9498/4400 4248/9408/4356
f 4292/9491/4397 4248/9499/4356 4293/9492/4355
f 4297/9500/4401 4219/9501/4314 4369/9502/4331
f 4297/9500/4401 4369/9502/4331 4296/9503/4402
f 4297/9500/4401 4296/9503/4402 4214/9504/4326
f 4297/9505/4401 4214/9506/4326 4298/9507/4325
f 4297/9508/4401 4298/9509/4325 4199/9510/4309
f 4297/9500/4401 4199/9511/4309 4219/9501/4314
f 4176/9265/4288 4042/8996/4186 4040/8995/4185
f 4176/9265/4288 4040/8995/4185 4299/9512/4403
f 4176/9265/4288 4299/9512/4403 4300/9513/4404
f 4176/9265/4288 4300/9513/4404 4301/9514/4405
f 4176/9267/4288 4301/9515/4405 4177/9268/4289
f 4232/9383/4348 4302/9516/4347 4303/9517/4406
f 4232/9383/4348 4303/9517/4406 4159/9518/4272
f 4232/9383/4348 4159/9518/4272 4304/9519/4242
f 4232/9383/4348 4304/9519/4242 4048/9384/4194
f 4256/9429/4369 4255/9428/4368 4305/9520/4407
f 4256/9429/4369 4305/9520/4407 4075/9083/4217
f 4256/9429/4369 4075/9083/4217 4074/9082/4216
f 4306/9521/4408 4281/9426/4367 4326/9425/4366
f 4306/9521/4408 4326/9425/4366 4307/9522/4409
f 4306/9523/4408 4307/9524/4409 4325/9525/4410
f 4306/9523/4408 4325/9525/4410 4308/9526/4411
f 4306/9527/4408 4308/9528/4411 4283/9529/4384
f 4306/9527/4408 4283/9529/4384 4281/9530/4367
f 4311/9531/4412 4290/9486/4360 4250/9532/4359
f 4311/9531/4412 4250/9532/4359 4309/9533/4413
f 4311/9531/4412 4309/9533/4413 4310/9534/4414
f 4311/9535/4412 4310/9536/4414 4348/9537/4415
f 4311/9538/4412 4348/9539/4415 4312/9540/4393
f 4311/9531/4412 4312/9487/4393 4290/9486/4360
f 4152/9223/4268 4225/9364/4337 4153/9224/4269
f 4177/9268/4289 4301/9515/4405 4313/9541/4416
f 4177/9270/4289 4313/9542/4416 4314/9543/4417
f 4177/9270/4289 4314/9543/4417 4274/9456/4378
f 4177/9270/4289 4274/9456/4378 4152/9271/4268
f 4317/9544/4418 4248/9408/4356 4393/9498/4400
f 4317/9544/4418 4393/9498/4400 4315/9545/4419
f 4317/9546/4418 4315/9547/4419 4316/9548/4394
f 4317/9549/4418 4316/9550/4394 4348/9551/4415
f 4317/9544/4418 4348/9552/4415 4249/9409/4357
f 4317/9544/4418 4249/9409/4357 4248/9408/4356
f 4318/9553/4420 4249/9409/4357 4348/9552/4415
f 4318/9554/4420 4348/9555/4415 4310/9556/4414
f 4318/9554/4420 4310/9556/4414 4309/9557/4413
f 4318/9558/4420 4309/9559/4413 4319/9560/4358
f 4318/9553/4420 4319/9410/4358 4249/9409/4357
f 4322/9482/4391 4862/9481/4390 4320/9561/4421
f 4322/9562/4391 4320/9563/4421 4321/9564/4422
f 4322/9562/4391 4321/9564/4422 4284/9565/4385
f 4322/9566/4391 4284/9567/4385 4323/9568/4364
f 4322/9482/4391 4323/9419/4364 4252/9418/4363
f 4250/9569/4359 4319/9560/4358 4309/9559/4413
f 4324/9570/4423 4254/9420/4365 4323/9419/4364
f 4324/9570/4423 4323/9419/4364 4308/9571/4411
f 4324/9570/4423 4308/9571/4411 4325/9572/4410
f 4324/9573/4423 4325/9574/4410 4307/9575/4409
f 4324/9573/4423 4307/9575/4409 4254/9576/4365
f 4254/9576/4365 4307/9575/4409 4326/9577/4366
f 4328/9376/4344 4211/9336/4324 4327/9578/4305
f 4328/9579/4344 4327/9302/4305 4329/9580/4424
f 4328/9376/4344 4329/9581/4424 4330/9582/4425
f 4328/9376/4344 4330/9582/4425 4404/9377/4345
f 4332/9583/4426 4172/9180/4255 4130/9179/4254
f 4332/9583/4426 4130/9179/4254 4331/9584/4427
f 4332/9585/4426 4331/9586/4427 4458/9587/4428
f 4332/9588/4426 4458/9589/4428 4333/9590/4429
f 4332/9591/4426 4333/9592/4429 4334/9593/4430
f 4332/9594/4426 4334/9595/4430 4691/9596/4431
f 4332/9594/4426 4691/9596/4431 4600/9597/4432
f 4332/9594/4426 4600/9597/4432 4609/9598/4433
f 4332/9594/4426 4609/9598/4433 4298/9599/4325
f 4332/9600/4426 4298/9341/4325 4200/9312/4310
f 4332/9600/4426 4200/9312/4310 4173/9261/4285
f 4332/9600/4426 4173/9261/4285 4172/9260/4255
f 4336/9250/4279 4165/9249/4278 4335/9601/4434
f 4336/9602/4279 4335/9603/4434 4231/9379/4346
f 4336/9602/4279 4231/9379/4346 4163/9243/4276
f 4284/9473/4385 4283/9472/4384 4308/9604/4411
f 4284/9605/4385 4308/9571/4411 4323/9419/4364
f 4337/9606/4435 4218/9434/4330 4580/9433/4371
f 4337/9606/4435 4580/9433/4371 4338/9607/4436
f 4337/9608/4435 4338/9609/4436 4574/9610/4437
f 4337/9608/4435 4574/9610/4437 4369/9352/4331
f 4337/9608/4435 4369/9352/4331 4218/9351/4330
f 4279/9463/4382 4278/9462/4381 4409/9611/4438
f 4279/9463/4382 4409/9611/4438 4299/9612/4403
f 4279/9463/4382 4299/9612/4403 4040/8993/4185
f 4341/9613/4439 4159/9518/4272 4303/9517/4406
f 4341/9613/4439 4303/9517/4406 4339/9614/4440
f 4341/9613/4439 4339/9614/4440 4340/9615/4441
f 4341/9616/4439 4340/9617/4441 4342/9618/4442
f 4341/9616/4439 4342/9618/4442 4160/9235/4273
f 4341/9616/4439 4160/9235/4273 4159/9234/4272
f 4057/9042/4202 4510/9041/4201 4343/9619/4443
f 4057/9042/4202 4343/9619/4443 4344/9620/4444
f 4057/9042/4202 4344/9620/4444 4206/9621/4318
f 4057/9042/4202 4206/9621/4318 4345/9622/4291
f 4057/9042/4202 4345/9622/4291 4180/9043/4203
f 4346/9623/4445 4195/9300/4303 4230/9374/4343
f 4346/9623/4445 4230/9374/4343 4347/9624/4446
f 4346/9623/4445 4347/9624/4446 4329/9580/4424
f 4346/9623/4445 4329/9580/4424 4196/9301/4304
f 4346/9623/4445 4196/9301/4304 4195/9300/4303
f 4316/9488/4394 4312/9487/4393 4348/9625/4415
f 4349/9626/4447 3998/7558/3614 4071/9627/4214
f 4349/9626/4447 4071/9627/4214 4450/9628/4448
f 4349/9626/4447 4450/9628/4448 4350/9629/4449
f 4349/9626/4447 4350/9629/4449 4439/9630/4450
f 4349/9626/4447 4439/9630/4450 3481/7559/3615
f 4349/9626/4447 3481/7559/3615 3998/7558/3614
f 4351/9631/4352 4080/9090/4221 4079/9089/3725
f 4351/9631/4352 4079/9089/3725 4260/9439/3725
f 4351/9631/4352 4260/9439/3725 4352/9632/4451
f 4351/9393/4352 4352/9633/4451 4237/9394/4351
f 4238/9395/4351 4118/9162/4246 4237/9394/4351
f 4238/9395/4351 4237/9394/4351 4353/9634/4452
f 4238/9395/4351 4353/9634/4452 4354/9635/4452
f 4238/9395/4351 4354/9635/4452 4239/9396/4351
f 4355/9636/4351 4120/9164/4246 4239/9396/4351
f 4355/9636/4351 4239/9396/4351 4356/9637/4452
f 4355/9636/4351 4356/9637/4452 4357/9638/4452
f 4355/9636/4351 4357/9638/4452 4241/9398/4351
f 4355/9636/4351 4241/9398/4351 4121/9165/4246
f 4355/9636/4351 4121/9165/4246 4120/9164/4246
f 4358/9639/4351 4123/9167/4246 4242/9399/4351
f 4358/9639/4351 4242/9399/4351 4359/9640/4452
f 4358/9639/4351 4359/9640/4452 4360/9641/4452
f 4358/9639/4351 4360/9641/4452 4244/9401/4351
f 4358/9639/4351 4244/9401/4351 4124/9168/4246
f 4358/9639/4351 4124/9168/4246 4123/9167/4246
f 4245/9402/4351 4244/9401/4351 4361/9642/4452
f 4245/9402/4351 4361/9642/4452 4362/9643/4452
f 4245/9402/4351 4362/9643/4452 4236/9392/4351
f 4245/9402/4351 4236/9392/4351 4126/9170/4246
f 4235/9391/4350 4234/9390/4349 4363/9644/4351
f 4235/9391/4350 4363/9644/4351 4364/9645/4453
f 4235/9646/4454 4364/9647/4455 4366/9648/4456
f 4235/9646/4454 4366/9648/4456 4128/9174/4252
f 4365/9649/4457 4128/9174/4252 4366/9648/4456
f 4365/9650/4457 4366/9651/4456 4331/9584/4427
f 4365/9650/4457 4331/9584/4427 4130/9179/4254
f 4365/9652/4457 4130/9653/4254 4199/9654/4309
f 4365/9652/4457 4199/9654/4309 4136/9191/4258
f 4365/9652/4457 4136/9191/4258 4135/9190/3880
f 4365/9652/4457 4135/9190/3880 4128/9655/4252
f 4345/9622/4291 4206/9621/4318 4367/9656/4317
f 4345/9622/4291 4367/9656/4317 4205/8503/3995
f 4199/9657/4309 4298/9658/4325 4368/9659/4458
f 4199/9657/4309 4368/9659/4458 4137/9194/4259
f 4199/9654/4309 4137/9192/4259 4136/9191/4258
f 4296/9660/4402 4369/9661/4331 4574/9662/4437
f 4296/9660/4402 4574/9662/4437 4370/9663/4370
f 4296/9664/4402 4370/9430/4370 4221/9356/4332
f 4296/9503/4402 4221/9665/4332 4214/9504/4326
f 4371/9666/4459 4107/9134/4238 4106/9133/4237
f 4371/9667/4459 4106/9132/4237 4105/9131/4236
f 4371/9666/4459 4105/9129/4236 4223/9360/4335
f 4371/9666/4459 4223/9360/4335 4372/9668/4460
f 4371/9666/4459 4372/9668/4460 4397/9320/4315
f 4371/9666/4459 4397/9320/4315 4107/9134/4238
f 4271/9450/4374 4138/9196/4260 4373/9669/4461
f 4271/9670/4376 4373/9671/4462 4374/9672/4373
f 4271/9670/4376 4374/9672/4373 4150/9217/4266
f 4271/9670/4376 4150/9217/4266 4272/9216/4265
f 4271/9670/4463 4373/9671/4462 4375/9673/4464
f 4271/9670/4463 4375/9673/4464 3995/8863/4140
f 4271/9670/4463 3995/8863/4140 3994/8862/4139
f 4258/9674/4372 4099/9120/4233 4142/9208/4264
f 4258/9674/4372 4142/9208/4264 4263/9442/4373
f 4258/9674/4372 4263/9442/4373 4376/9675/4465
f 4258/9437/4372 4376/9676/4465 4259/9438/3725
f 4377/9677/4373 4144/9210/4264 4143/9209/4264
f 4377/9677/4373 4143/9209/4264 4265/9444/4373
f 4377/9677/4373 4265/9444/4373 4378/9678/4466
f 4377/9677/4373 4378/9678/4466 4379/9679/4466
f 4377/9677/4373 4379/9679/4466 4262/9441/4373
f 4377/9677/4373 4262/9441/4373 4144/9210/4264
f 4267/9446/4373 4266/9445/4373 4380/9680/4466
f 4267/9446/4373 4380/9680/4466 4381/9681/4466
f 4267/9446/4373 4381/9681/4466 4264/9443/4373
f 4267/9446/4373 4264/9443/4373 4145/9211/4264
f 4270/9449/4373 4269/9448/4373 4382/9682/4466
f 4270/9449/4373 4382/9682/4466 4383/9683/4466
f 4270/9449/4373 4383/9683/4466 4266/9445/4373
f 4270/9449/4373 4266/9445/4373 4148/9214/4264
f 4150/9217/4266 3995/8863/4140 4375/9673/4464
f 4150/9217/4266 4375/9673/4464 4374/9672/4373
f 4150/9217/4266 4374/9672/4373 4269/9448/4373
f 4386/9684/4467 3820/8452/3972 3886/8618/4043
f 4386/9684/4467 3886/8618/4043 4384/9685/4468
f 4386/9686/4467 4384/9687/4468 4385/9688/4469
f 4386/9686/4467 4385/9688/4469 4044/9689/4189
f 4386/9690/4467 4044/9006/4189 3820/9005/3972
f 4314/9543/4417 4313/9542/4416 4387/9691/4470
f 4314/9543/4417 4387/9691/4470 4278/9692/4381
f 4314/9543/4417 4278/9692/4381 4275/9457/4379
f 4314/9543/4417 4275/9457/4379 4274/9456/4378
f 3973/8804/4122 3972/8803/4121 4388/9693/4471
f 3973/8804/4122 4388/9693/4471 4389/9694/4211
f 3973/9024/4122 4389/9695/4211 3836/9025/3989
f 4342/9618/4442 4340/9617/4441 4514/9696/4472
f 4342/9618/4442 4514/9696/4472 4390/9697/4473
f 4342/9698/4442 4390/9699/4473 4391/9700/4474
f 4342/9698/4442 4391/9700/4474 4165/9249/4278
f 4342/9698/4442 4165/9249/4278 4160/9237/4273
f 4288/9478/4389 4286/9476/4387 4285/9475/4386
f 4288/9478/4389 4285/9475/4386 4392/9701/4475
f 4288/9478/4389 4392/9701/4475 4854/9702/4476
f 4288/9478/4389 4854/9702/4476 4857/9703/4477
f 4288/9480/4389 4857/9704/4477 4862/9481/4390
f 4321/9564/4422 4320/9563/4421 4392/9705/4475
f 4321/9706/4422 4392/9707/4475 4285/9474/4386
f 4321/9706/4422 4285/9474/4386 4284/9473/4385
f 4315/9547/4419 4393/9708/4400 4394/9709/4478
f 4315/9547/4419 4394/9709/4478 4401/9710/4479
f 4315/9547/4419 4401/9710/4479 4291/9711/4395
f 4315/9547/4419 4291/9711/4395 4316/9548/4394
f 4329/9580/4424 4327/9302/4305 4196/9301/4304
f 4138/9195/4260 4137/9194/4259 4368/9659/4458
f 4138/9195/4260 4368/9659/4458 4652/9712/4480
f 4138/9195/4260 4652/9712/4480 4395/9713/4481
f 4138/9196/4260 4395/9714/4481 4373/9669/4461
f 4396/9715/4482 4112/9144/4241 4397/9320/4315
f 4396/9716/4482 4397/9717/4315 4634/9718/4483
f 4396/9716/4482 4634/9718/4483 4398/9719/4484
f 4396/9720/4482 4398/9721/4484 4038/9147/4181
f 4396/9720/4482 4038/9147/4181 4112/9146/4241
f 4434/8287/3902 4045/9009/4190 3756/8288/3903
f 4295/9495/4399 4403/9494/4398 4399/9722/4485
f 4295/9497/4399 4399/9723/4485 4848/9724/4486
f 4295/9497/4399 4848/9724/4486 4394/9725/4478
f 4295/9497/4399 4394/9725/4478 4393/9498/4400
f 4400/9726/4487 4294/9490/4396 4291/9489/4395
f 4400/9726/4487 4291/9489/4395 4401/9727/4479
f 4400/9726/4487 4401/9727/4479 4850/9728/4488
f 4400/9726/4487 4850/9728/4488 4402/9729/4489
f 4400/9726/4487 4402/9729/4489 4403/9730/4398
f 4400/9726/4487 4403/9730/4398 4294/9490/4396
f 4233/9731/4245 4188/9732/4298 4404/9733/4345
f 4233/9734/4245 4404/9377/4345 4405/9735/4490
f 4233/9159/4245 4405/9736/4490 4406/9737/4491
f 4233/9159/4245 4406/9737/4491 4407/9738/4492
f 4233/9159/4245 4407/9738/4492 4408/9739/4493
f 4233/9159/4245 4408/9739/4493 3931/8714/4088
f 4300/9513/4404 4299/9512/4403 4409/9740/4438
f 4300/9513/4404 4409/9740/4438 4505/9741/4494
f 4300/9513/4404 4505/9741/4494 4410/9742/4495
f 4300/9513/4404 4410/9742/4495 4411/9743/4496
f 4300/9513/4404 4411/9743/4496 4301/9514/4405
f 4302/9380/4347 4231/9379/4346 4335/9603/4434
f 4302/9380/4347 4335/9603/4434 4412/9744/4497
f 4302/9380/4347 4412/9744/4497 4700/9745/4498
f 4302/9380/4347 4700/9745/4498 4413/9746/4499
f 4302/9516/4347 4413/9747/4499 4339/9614/4440
f 4302/9516/4347 4339/9614/4440 4303/9517/4406
f 4414/9748/4125 4415/9749/4124 4416/9750/4500
f 4414/9748/4125 4416/9750/4500 4417/9751/4501
f 4414/9748/4125 4417/9751/4501 4418/9752/4502
f 4414/9748/4125 4418/9752/4502 4419/9753/4503
f 4414/9754/4125 4419/9755/4503 4388/9693/4471
f 4414/9754/4125 4388/9693/4471 3972/8803/4121
f 4420/9073/4212 4389/9072/4211 4422/9756/4504
f 4420/9073/4212 4422/9756/4504 3833/9757/3986
f 4420/9073/4212 3833/9757/3986 4442/9758/4505
f 4420/9759/4212 4442/9760/4505 4421/9761/4506
f 4420/9073/4212 4421/9762/4506 4617/9763/4507
f 4420/9073/4212 4617/9763/4507 4449/9074/4213
f 4388/9764/4471 4419/9765/4503 4052/9030/4196
f 4388/9766/4471 4052/9028/4196 4422/9767/4504
f 4388/9766/4471 4422/9767/4504 4389/9768/4211
f 4423/9769/4508 4044/9770/4189 4426/9771/4509
f 4423/9769/4508 4426/9771/4509 4424/9772/4510
f 4423/9773/4508 4424/9774/4510 3755/8285/3901
f 4423/9773/4508 3755/8285/3901 4425/9775/4270
f 4423/9773/4508 4425/9775/4270 4044/9776/4189
f 4385/9688/4469 4384/9687/4468 4681/9777/4511
f 4385/9778/4469 4681/9779/4511 4695/9780/4512
f 4385/9688/4469 4695/9781/4512 4627/9782/4513
f 4385/9688/4469 4627/9782/4513 4426/9783/4509
f 4385/9688/4469 4426/9783/4509 4044/9689/4189
f 4427/9784/4514 3816/8443/3963 4425/9011/4270
f 4427/9784/4514 4425/9011/4270 4428/9785/4515
f 4427/9786/4514 4428/9787/4515 4429/9788/4516
f 4427/9786/4514 4429/9788/4516 4430/9789/4517
f 4427/9786/4514 4430/9789/4517 4431/9790/4518
f 4427/9786/4514 4431/9790/4518 4432/9791/4519
f 4427/9792/4514 4432/9014/4519 3819/8447/3968
f 4427/9792/4514 3819/8447/3968 3816/9793/3963
f 4433/8614/4041 3504/7622/3636 3503/7621/3635
f 4433/8614/4041 3503/7621/3635 4434/8287/3902
f 4433/9794/4041 4434/9795/3902 4435/9796/4520
f 4433/9797/4041 4435/9798/4520 4436/9799/4521
f 4433/8614/4041 4436/9800/4521 4437/9801/4522
f 4433/8614/4041 4437/9801/4522 4438/9802/4523
f 4433/8614/4041 4438/9802/4523 3885/8615/4042
f 4441/8481/3985 3482/7561/3616 3481/7560/3615
f 4441/8481/3985 3481/7560/3615 4439/9803/4450
f 4441/8481/3985 4439/9803/4450 4720/9804/4524
f 4441/8481/3985 4720/9804/4524 4440/9805/4525
f 4441/8481/3985 4440/9805/4525 4445/9806/4526
f 4441/9807/3985 4445/9808/4526 4442/9809/4505
f 4441/9810/3985 4442/9758/4505 3833/9757/3986
f 4443/9031/4197 4052/9030/4196 4444/9811/4527
f 4443/9812/4197 4444/9813/4527 4445/9814/4526
f 4443/9032/4197 4445/9806/4526 4446/9815/4528
f 4443/9032/4197 4446/9815/4528 4415/8812/4124
f 4443/9032/4197 4415/8812/4124 3761/8305/3905
f 4447/9816/4529 4165/9249/4278 4391/9700/4474
f 4447/9816/4529 4391/9700/4474 4390/9699/4473
f 4447/9816/4529 4390/9699/4473 4448/9817/4530
f 4447/9818/4529 4448/9819/4530 4512/9820/4531
f 4447/9818/4529 4512/9820/4531 4412/9744/4497
f 4447/9818/4529 4412/9744/4497 4335/9603/4434
f 4447/9816/4529 4335/9601/4434 4165/9249/4278
f 4449/9821/4213 4617/9822/4507 4678/9823/4532
f 4449/9824/4213 4678/9825/4532 4350/9826/4449
f 4449/9075/4213 4350/9827/4449 4450/9828/4448
f 4449/9075/4213 4450/9828/4448 4071/9076/4214
f 4411/9743/4496 4410/9742/4495 4451/9829/4533
f 4411/9743/4496 4451/9829/4533 4584/9830/4534
f 4411/9831/4496 4584/9832/4534 4452/9833/4535
f 4411/9831/4496 4452/9833/4535 4313/9541/4416
f 4411/9831/4496 4313/9541/4416 4301/9515/4405
f 4432/9834/4519 4431/9835/4518 4595/9836/4536
f 4432/9834/4519 4595/9836/4536 4453/9837/4537
f 4432/9834/4519 4453/9837/4537 3754/8280/3900
f 4432/9834/4519 3754/8280/3900 3819/8279/3899
f 4432/9014/4193 3819/8447/3968 3818/8446/3967
f 4435/9838/4520 4434/9839/3902 4424/9840/4510
f 4435/9841/4520 4424/9772/4510 4426/9771/4509
f 4435/9842/4520 4426/9843/4509 4498/9844/4538
f 4435/9842/4520 4498/9844/4538 4454/9845/4539
f 4435/9846/4520 4454/9847/4539 4436/9848/4521
f 3755/8285/3901 4424/9774/4510 4434/8286/3902
f 4052/9028/4196 3833/9027/3986 4422/9767/4504
f 4459/9849/4540 4366/9648/4456 4364/9647/4455
f 4459/9849/4540 4364/9647/4455 4481/9850/4541
f 4459/9849/4540 4481/9850/4541 4551/9851/4542
f 4459/9849/4540 4551/9851/4542 4455/9852/4543
f 4459/9849/4540 4455/9852/4543 4456/9853/4544
f 4459/9854/4540 4456/9855/4544 4457/9856/4545
f 4459/9854/4540 4457/9856/4545 4458/9857/4428
f 4459/9858/4540 4458/9859/4428 4366/9651/4456
f 4458/9859/4428 4331/9584/4427 4366/9651/4456
f 4408/9739/4493 4407/9738/4492 4460/9860/4546
f 4408/9739/4493 4460/9860/4546 3806/8422/3953
f 4408/9739/4493 3806/8422/3953 4088/9101/4226
f 4408/9739/4493 4088/9101/4226 3931/8714/4088
f 4298/9599/4325 4609/9598/4433 4461/9861/4547
f 4298/9599/4325 4461/9861/4547 4462/9862/4548
f 4298/9863/4325 4462/9864/4548 4463/9865/4549
f 4298/9866/4325 4463/9867/4549 4652/9868/4480
f 4298/9658/4325 4652/9712/4480 4368/9659/4458
f 4460/9860/4546 4407/9738/4492 4464/9869/4550
f 4460/9860/4546 4464/9869/4550 4465/9870/4551
f 4460/9860/4546 4465/9870/4551 3808/8423/3954
f 4460/9860/4546 3808/8423/3954 3806/8422/3953
f 4419/9753/4503 4418/9752/4502 4624/9871/4552
f 4419/9872/4503 4624/9873/4552 4466/9874/4553
f 4419/9875/4503 4466/9876/4553 4843/9877/4554
f 4419/9875/4503 4843/9877/4554 4467/9878/4555
f 4419/9875/4503 4467/9878/4555 4421/9879/4506
f 4419/9880/4503 4421/9761/4506 4444/9881/4527
f 4419/9765/4503 4444/9811/4527 4052/9030/4196
f 4352/9632/4451 4260/9439/3725 4468/9882/3725
f 4352/9632/4451 4468/9882/3725 4469/9883/4556
f 4352/9633/4451 4469/9884/4556 4353/9634/4452
f 4352/9633/4451 4353/9634/4452 4237/9394/4351
f 4354/9635/4452 4353/9634/4452 4470/9885/4557
f 4354/9635/4452 4470/9885/4557 4471/9886/4557
f 4354/9635/4452 4471/9886/4557 4356/9637/4452
f 4354/9635/4452 4356/9637/4452 4239/9396/4351
f 4472/9887/4452 4241/9398/4351 4357/9638/4452
f 4472/9887/4452 4357/9638/4452 4473/9888/4557
f 4472/9887/4452 4473/9888/4557 4474/9889/4557
f 4472/9887/4452 4474/9889/4557 4359/9640/4452
f 4472/9887/4452 4359/9640/4452 4242/9399/4351
f 4472/9887/4452 4242/9399/4351 4241/9398/4351
f 4360/9641/4452 4359/9640/4452 4475/9890/4557
f 4360/9641/4452 4475/9890/4557 4476/9891/4557
f 4360/9641/4452 4476/9891/4557 4361/9642/4452
f 4360/9641/4452 4361/9642/4452 4244/9401/4351
f 4477/9892/4452 4236/9392/4351 4362/9643/4452
f 4477/9892/4452 4362/9643/4452 4478/9893/4557
f 4477/9892/4452 4478/9893/4557 4479/9894/4557
f 4477/9892/4452 4479/9894/4557 4364/9645/4453
f 4477/9892/4452 4364/9645/4453 4235/9391/4350
f 4477/9892/4452 4235/9391/4350 4236/9392/4351
f 4364/9645/4453 4363/9644/4351 4480/9895/4452
f 4364/9645/4453 4480/9895/4452 4481/9896/4541
f 4364/9645/4453 4479/9894/4557 4481/9896/4541
f 4259/9438/3725 4376/9676/4465 4482/9897/3725
f 4259/9438/3725 4482/9897/3725 4468/9882/3725
f 4259/9438/3725 4468/9882/3725 4260/9439/3725
f 4483/9898/4466 4263/9442/4373 4262/9441/4373
f 4483/9898/4466 4262/9441/4373 4379/9679/4466
f 4483/9898/4466 4379/9679/4466 4484/9899/4558
f 4483/9898/4466 4484/9899/4558 4485/9900/4559
f 4483/9898/4466 4485/9900/4559 4376/9675/4465
f 4483/9898/4466 4376/9675/4465 4263/9442/4373
f 4486/9901/4466 4265/9444/4373 4264/9443/4373
f 4486/9901/4466 4264/9443/4373 4381/9681/4466
f 4486/9901/4466 4381/9681/4466 4487/9902/4558
f 4486/9901/4466 4487/9902/4558 4488/9903/4558
f 4486/9901/4466 4488/9903/4558 4378/9678/4466
f 4486/9901/4466 4378/9678/4466 4265/9444/4373
f 4383/9683/4466 4382/9682/4466 4489/9904/4558
f 4383/9683/4466 4489/9904/4558 4490/9905/4558
f 4383/9683/4466 4490/9905/4558 4380/9680/4466
f 4383/9683/4466 4380/9680/4466 4266/9445/4373
f 4491/9906/4466 4269/9448/4373 4374/9672/4373
f 4491/9906/4466 4374/9672/4373 4492/9907/4466
f 4491/9906/4466 4492/9907/4466 4493/9908/4558
f 4491/9906/4466 4493/9908/4558 4494/9909/4558
f 4491/9906/4466 4494/9909/4558 4382/9682/4466
f 4491/9906/4466 4382/9682/4466 4269/9448/4373
f 4495/9910/4466 4374/9672/4373 4375/9673/4464
f 4495/9910/4466 4375/9673/4464 4373/9671/4462
f 4495/9910/4466 4373/9671/4462 4564/9911/4560
f 4495/9910/4466 4564/9911/4560 4496/9912/4558
f 4495/9910/4466 4496/9912/4558 4492/9907/4466
f 4495/9910/4466 4492/9907/4466 4374/9672/4373
f 4492/9907/4466 4374/9672/4373 4373/9671/4462
f 4492/9907/4466 4373/9671/4462 4564/9911/4561
f 4492/9907/4466 4564/9911/4561 4497/9913/4558
f 4492/9907/4466 4497/9913/4558 4493/9908/4558
f 4428/9914/4515 4425/9915/4270 3755/8283/3901
f 4428/9914/4515 3755/8283/3901 4454/9916/4539
f 4428/9917/4515 4454/9845/4539 4498/9844/4538
f 4428/9918/4515 4498/9919/4538 4629/9920/4562
f 4428/9918/4515 4629/9920/4562 4499/9921/4563
f 4428/9922/4515 4499/9923/4563 4500/9924/4564
f 4428/9922/4515 4500/9924/4564 4501/9925/4565
f 4428/9787/4515 4501/9926/4565 4429/9788/4516
f 3754/8280/3900 4453/9837/4537 4436/9800/4521
f 3754/9927/3900 4436/9928/4521 4454/9929/4539
f 3754/8282/3900 4454/9916/4539 3755/8283/3901
f 4278/9692/4381 4387/9691/4470 4502/9930/4566
f 4278/9462/4381 4502/9931/4566 4503/9932/4567
f 4278/9462/4381 4503/9932/4567 4504/9933/4568
f 4278/9462/4381 4504/9933/4568 4409/9611/4438
f 4505/9934/4494 4409/9611/4438 4504/9933/4568
f 4505/9934/4494 4504/9933/4568 4503/9932/4567
f 4505/9934/4494 4503/9932/4567 4506/9935/4569
f 4505/9934/4494 4506/9935/4569 4507/9936/4570
f 4505/9741/4494 4507/9937/4570 4451/9829/4533
f 4505/9741/4494 4451/9829/4533 4410/9742/4495
f 4174/9262/4286 4102/9124/4234 4646/9938/4571
f 4174/9262/4286 4646/9938/4571 4255/9428/4368
f 4174/9262/4286 4255/9428/4368 4175/9263/4287
f 4452/9833/4535 4584/9832/4534 4508/9939/4572
f 4452/9940/4535 4508/9941/4572 4502/9930/4566
f 4452/9940/4535 4502/9930/4566 4387/9691/4470
f 4452/9940/4535 4387/9691/4470 4313/9542/4416
f 4210/9942/4323 4209/9943/4322 4509/9944/4573
f 4210/9942/4323 4509/9944/4573 4515/9945/4574
f 4210/9942/4323 4515/9945/4574 4343/9946/4443
f 4210/9942/4323 4343/9946/4443 4510/9947/4201
f 4210/9948/4323 4510/9949/4201 4056/9950/4200
f 4398/9719/4484 4634/9718/4483 4508/9951/4572
f 4398/9719/4484 4508/9951/4572 4583/9952/4575
f 4398/9719/4484 4583/9952/4575 4511/9953/4576
f 4398/9954/4484 4511/9955/4576 4101/8986/4182
f 4398/9954/4484 4101/8986/4182 4038/8985/4181
f 4413/9747/4499 4700/9956/4498 4699/9957/4577
f 4413/9747/4499 4699/9957/4577 4515/9958/4574
f 4413/9747/4499 4515/9958/4574 4340/9615/4441
f 4413/9747/4499 4340/9615/4441 4339/9614/4440
f 4512/9959/4531 4448/9817/4530 4513/9960/4578
f 4512/9820/4531 4513/9961/4578 4754/9962/4579
f 4512/9820/4531 4754/9962/4579 4700/9745/4498
f 4512/9820/4531 4700/9745/4498 4412/9744/4497
f 4515/9963/4574 4509/9964/4573 4514/9965/4472
f 4515/9966/4574 4514/9696/4472 4340/9617/4441
f 4469/9883/4556 4468/9882/3725 4482/9897/3725
f 4469/9883/4556 4482/9897/3725 4485/9967/4559
f 4469/9883/4556 4485/9967/4559 4533/9968/4580
f 4469/9884/4556 4533/9969/4580 4470/9885/4557
f 4469/9884/4556 4470/9885/4557 4353/9634/4452
f 4516/9970/4557 4356/9637/4452 4471/9886/4557
f 4516/9970/4557 4471/9886/4557 4536/9971/4581
f 4516/9970/4557 4536/9971/4581 4537/9972/4581
f 4516/9970/4557 4537/9972/4581 4473/9888/4557
f 4516/9970/4557 4473/9888/4557 4357/9638/4452
f 4516/9970/4557 4357/9638/4452 4356/9637/4452
f 4474/9889/4557 4473/9888/4557 4540/9973/4581
f 4474/9889/4557 4540/9973/4581 4517/9974/4581
f 4474/9889/4557 4517/9974/4581 4475/9890/4557
f 4474/9889/4557 4475/9890/4557 4359/9640/4452
f 4518/9975/4557 4361/9642/4452 4476/9891/4557
f 4518/9975/4557 4476/9891/4557 4544/9976/4581
f 4518/9975/4557 4544/9976/4581 4546/9977/4581
f 4518/9975/4557 4546/9977/4581 4478/9893/4557
f 4518/9975/4557 4478/9893/4557 4362/9643/4452
f 4518/9975/4557 4362/9643/4452 4361/9642/4452
f 4481/9896/4541 4480/9895/4452 4519/9978/4557
f 4481/9896/4541 4519/9978/4557 4551/9979/4582
f 4481/9896/4541 4549/9980/4581 4551/9979/4583
f 4481/9896/4541 4479/9894/4557 4549/9980/4581
f 4485/9967/4559 4482/9897/3725 4376/9676/4465
f 4520/9981/4558 4379/9679/4466 4378/9678/4466
f 4520/9981/4558 4378/9678/4466 4488/9903/4558
f 4520/9981/4558 4488/9903/4558 4521/9982/4584
f 4520/9981/4558 4521/9982/4584 4522/9983/4584
f 4520/9981/4558 4522/9983/4584 4484/9899/4558
f 4520/9981/4558 4484/9899/4558 4379/9679/4466
f 4523/9984/4558 4381/9681/4466 4380/9680/4466
f 4523/9984/4558 4380/9680/4466 4490/9905/4558
f 4523/9984/4558 4490/9905/4558 4524/9985/4584
f 4523/9984/4558 4524/9985/4584 4525/9986/4584
f 4523/9984/4558 4525/9986/4584 4487/9902/4558
f 4523/9984/4558 4487/9902/4558 4381/9681/4466
f 4494/9909/4558 4493/9908/4558 4526/9987/4584
f 4494/9909/4558 4526/9987/4584 4527/9988/4584
f 4494/9909/4558 4527/9988/4584 4489/9904/4558
f 4494/9909/4558 4489/9904/4558 4382/9682/4466
f 4497/9913/4558 4492/9907/4466 4496/9912/4558
f 4497/9913/4558 4496/9912/4558 4565/9989/4584
f 4497/9913/4558 4565/9989/4584 4528/9990/4585
f 4497/9913/4558 4528/9990/4585 4529/9991/4584
f 4497/9913/4558 4529/9991/4584 4493/9908/4558
f 4395/9992/4481 4652/9993/4480 4655/9994/4586
f 4395/9992/4481 4655/9994/4586 4530/9995/4587
f 4395/9714/4481 4530/9996/4587 4531/9997/4588
f 4395/9714/4481 4531/9997/4588 4563/9998/4589
f 4395/9714/4481 4563/9998/4589 4564/9999/4590
f 4395/9714/4481 4564/9999/4590 4373/9669/4461
f 4115/9330/4243 4619/9329/4321 4618/10000/4591
f 4115/9330/4243 4618/10000/4591 4227/9368/4339
f 4115/10001/4243 4227/9388/4339 4116/9387/4244
f 4532/10002/4581 4470/9885/4557 4533/9969/4580
f 4532/10003/4581 4533/10004/4580 4534/10005/4592
f 4532/10003/4581 4534/10005/4592 4535/10006/4593
f 4532/10003/4581 4535/10006/4593 4536/10007/4581
f 4532/10002/4581 4536/9971/4581 4471/9886/4557
f 4532/10002/4581 4471/9886/4557 4470/9885/4557
f 4537/10008/4581 4536/10007/4581 4538/10009/4593
f 4537/10008/4581 4538/10009/4593 4539/10010/4593
f 4537/10008/4581 4539/10010/4593 4540/10011/4581
f 4537/9972/4581 4540/9973/4581 4473/9888/4557
f 4541/10012/4581 4475/9890/4557 4517/9974/4581
f 4541/10013/4581 4517/10014/4581 4542/10015/4593
f 4541/10013/4581 4542/10015/4593 4543/10016/4593
f 4541/10013/4581 4543/10016/4593 4544/10017/4581
f 4541/10012/4581 4544/9976/4581 4476/9891/4557
f 4541/10012/4581 4476/9891/4557 4475/9890/4557
f 4545/10018/4581 4478/9893/4557 4546/9977/4581
f 4545/10019/4581 4546/10020/4581 4547/10021/4593
f 4545/10019/4581 4547/10021/4593 4548/10022/4593
f 4545/10019/4581 4548/10022/4593 4549/10023/4581
f 4545/10018/4581 4549/9980/4581 4479/9894/4557
f 4545/10018/4581 4479/9894/4557 4478/9893/4557
f 4551/9979/4582 4519/9978/4557 4550/10024/4581
f 4551/10025/4582 4550/10026/4581 4455/10027/4543
f 4551/10025/4583 4552/10028/4593 4455/10027/4543
f 4551/10029/4542 4552/10030/4593 4549/10031/4594
f 4554/10032/4595 4485/9900/4559 4484/9899/4558
f 4554/10032/4595 4484/9899/4558 4522/9983/4584
f 4554/10033/4595 4522/10034/4584 4553/10035/4596
f 4554/10036/4595 4553/10037/4596 4534/10038/4592
f 4554/10036/4595 4534/10038/4592 4533/9968/4580
f 4554/10036/4595 4533/9968/4580 4485/9967/4559
f 4555/10039/4584 4488/9903/4558 4487/9902/4558
f 4555/10039/4584 4487/9902/4558 4525/9986/4584
f 4555/10040/4584 4525/10041/4584 4556/10042/4597
f 4555/10040/4584 4556/10042/4597 4557/10043/4597
f 4555/10040/4584 4557/10043/4597 4521/10044/4584
f 4555/10039/4584 4521/9982/4584 4488/9903/4558
f 4558/10045/4584 4490/9905/4558 4489/9904/4558
f 4558/10045/4584 4489/9904/4558 4527/9988/4584
f 4558/10046/4584 4527/10047/4584 4559/10048/4597
f 4558/10046/4584 4559/10048/4597 4560/10049/4597
f 4558/10046/4584 4560/10049/4597 4524/10050/4584
f 4558/10045/4584 4524/9985/4584 4490/9905/4558
f 4529/10051/4584 4528/10052/4585 4561/10053/4597
f 4529/10051/4584 4561/10053/4597 4562/10054/4597
f 4529/10051/4584 4562/10054/4597 4526/10055/4584
f 4529/9991/4584 4526/9987/4584 4493/9908/4558
f 4563/10056/4598 4496/9912/4558 4564/9911/4560
f 4563/10057/4599 4564/10058/4600 4497/10059/4558
f 4563/10057/4599 4497/10059/4558 4528/10060/4585
f 4563/10061/4601 4531/10062/4588 4528/10052/4585
f 4563/10061/4598 4531/10062/4588 4565/10063/4584
f 4563/10056/4598 4565/9989/4584 4496/9912/4558
f 4330/9582/4425 4329/9581/4424 4566/10064/4602
f 4330/10065/4425 4566/10066/4602 4567/10067/4603
f 4330/10068/4425 4567/10069/4603 4568/10070/4604
f 4330/10068/4425 4568/10070/4604 4569/10071/4605
f 4330/10068/4425 4569/10071/4605 4570/10072/4606
f 4330/10068/4425 4570/10072/4606 4405/9736/4490
f 4330/9582/4425 4405/9735/4490 4404/9377/4345
f 4509/9944/4573 4209/9943/4322 4571/10073/4607
f 4509/10074/4573 4571/10075/4607 4513/9960/4578
f 4509/10074/4573 4513/9960/4578 4448/9817/4530
f 4509/10074/4573 4448/9817/4530 4390/9699/4473
f 4509/9964/4573 4390/10076/4473 4514/9965/4472
f 4229/10077/4342 4572/10078/4340 4567/10079/4603
f 4229/9373/4342 4567/10080/4603 4566/10081/4602
f 4229/9373/4342 4566/10081/4602 4347/9624/4446
f 4229/9373/4342 4347/9624/4446 4230/9374/4343
f 4573/10082/4608 4370/9663/4370 4574/9662/4437
f 4573/10083/4608 4574/10084/4437 4575/10085/4609
f 4573/10083/4608 4575/10085/4609 4839/10086/4610
f 4573/10083/4608 4839/10086/4610 4577/10087/4611
f 4573/10083/4608 4577/10087/4611 4576/10088/4612
f 4573/10083/4608 4576/10088/4612 4370/10089/4370
f 4576/10090/4612 4577/10091/4611 4578/10092/4613
f 4576/10090/4612 4578/10092/4613 4579/10093/4614
f 4576/10090/4612 4579/10093/4614 4580/9433/4371
f 4576/10090/4612 4580/9433/4371 4370/9432/4370
f 4338/10094/4436 4580/10095/4371 4579/10096/4614
f 4338/10094/4436 4579/10096/4614 4581/10097/4615
f 4338/10094/4436 4581/10097/4615 4582/10098/4616
f 4338/10099/4436 4582/10100/4616 4575/10101/4609
f 4338/10099/4436 4575/10101/4609 4574/10102/4437
f 4583/10103/4575 4508/10104/4572 4584/10105/4534
f 4583/10103/4575 4584/10105/4534 4451/10106/4533
f 4583/10107/4575 4451/9829/4533 4507/9937/4570
f 4583/10107/4575 4507/9937/4570 4630/10108/4617
f 4583/10107/4575 4630/10108/4617 4585/10109/4618
f 4583/9952/4575 4585/10110/4618 4511/9953/4576
f 4587/10111/4619 4415/8812/4124 4446/9815/4528
f 4587/10111/4619 4446/9815/4528 4586/10112/4620
f 4587/10113/4619 4586/10114/4620 4588/10115/4621
f 4587/10113/4619 4588/10115/4621 4589/10116/4622
f 4587/10113/4619 4589/10116/4622 4590/10117/4623
f 4587/10118/4619 4590/10119/4623 4417/9751/4501
f 4587/10118/4619 4417/9751/4501 4416/9750/4500
f 4587/10111/4619 4416/10120/4500 4415/8812/4124
f 4442/10121/4505 4445/10122/4526 4444/10123/4527
f 4442/9760/4505 4444/9881/4527 4421/9761/4506
f 4591/10124/4624 4418/9752/4502 4417/9751/4501
f 4591/10124/4624 4417/9751/4501 4430/9789/4517
f 4591/10124/4624 4430/9789/4517 4429/9788/4516
f 4591/10124/4624 4429/9788/4516 4501/9926/4565
f 4591/10124/4624 4501/9926/4565 4592/10125/4625
f 4591/10124/4624 4592/10125/4625 4624/9871/4552
f 4591/10124/4624 4624/9871/4552 4418/9752/4502
f 4329/9580/4424 4347/9624/4446 4566/10081/4602
f 4590/10117/4623 4589/10116/4622 4593/10126/4626
f 4590/10117/4623 4593/10126/4626 4594/10127/4627
f 4590/10117/4623 4594/10127/4627 4595/10128/4536
f 4590/10119/4623 4595/10129/4536 4430/9789/4517
f 4590/10119/4623 4430/9789/4517 4417/9751/4501
f 4592/10125/4625 4501/9926/4565 4596/10130/4628
f 4592/10125/4625 4596/10130/4628 4597/10131/4629
f 4592/10125/4625 4597/10131/4629 4609/9598/4433
f 4592/10125/4625 4609/9598/4433 4600/9597/4432
f 4592/10125/4625 4600/9597/4432 4598/10132/4630
f 4592/10125/4625 4598/10132/4630 4607/10133/4631
f 4592/10125/4625 4607/10133/4631 4624/9871/4552
f 4599/10134/4632 4600/10135/4432 4601/10136/4633
f 4599/10134/4632 4601/10136/4633 4602/10137/4634
f 4599/10134/4632 4602/10137/4634 4603/10138/4635
f 4599/10134/4632 4603/10138/4635 4604/10139/4636
f 4599/10134/4632 4604/10139/4636 4598/10140/4630
f 4599/10134/4632 4598/10140/4630 4600/10135/4432
f 4606/10141/4637 4600/10142/4432 4691/10143/4431
f 4606/10141/4637 4691/10143/4431 4605/10144/4638
f 4606/10141/4637 4605/10144/4638 4602/10145/4634
f 4606/10146/4637 4602/10137/4634 4601/10136/4633
f 4606/10146/4637 4601/10136/4633 4600/10135/4432
f 4604/10139/4636 4603/10138/4635 4621/10147/4639
f 4604/10139/4636 4621/10147/4639 4607/10148/4631
f 4604/10139/4636 4607/10148/4631 4598/10140/4630
f 4608/10149/4640 4609/10150/4433 4597/10151/4629
f 4608/10149/4640 4597/10151/4629 4610/10152/4641
f 4608/10149/4640 4610/10152/4641 4611/10153/4642
f 4608/10149/4640 4611/10153/4642 4612/10154/4643
f 4608/10149/4640 4612/10154/4643 4613/10155/4644
f 4608/10149/4640 4613/10155/4644 4609/10150/4433
f 4614/10156/4645 4609/10150/4433 4613/10155/4644
f 4614/10156/4645 4613/10155/4644 4612/10154/4643
f 4614/10157/4645 4612/10158/4643 4615/10159/4646
f 4614/10157/4645 4615/10159/4646 4461/10160/4547
f 4614/10157/4645 4461/10160/4547 4609/10161/4433
f 4596/10162/4628 4501/10163/4565 4682/10164/4647
f 4596/10162/4628 4682/10164/4647 4610/10152/4641
f 4596/10162/4628 4610/10152/4641 4597/10151/4629
f 4595/10129/4536 4431/9790/4518 4430/9789/4517
f 4467/9878/4555 4843/9877/4554 4844/10165/4648
f 4467/9878/4555 4844/10165/4648 4616/10166/4649
f 4467/10167/4555 4616/10168/4649 4617/10169/4507
f 4467/9878/4555 4617/10170/4507 4421/9879/4506
f 4618/10171/4591 4619/10172/4321 4620/10173/4650
f 4618/10171/4591 4620/10173/4650 4568/10174/4604
f 4618/10171/4591 4568/10174/4604 4567/10079/4603
f 4618/10171/4591 4567/10079/4603 4572/10078/4340
f 4618/10000/4591 4572/9369/4340 4227/9368/4339
f 4621/10175/4639 4603/10176/4635 4868/10177/4651
f 4621/10175/4639 4868/10177/4651 4622/10178/4652
f 4621/10179/4639 4622/10180/4652 4623/10181/4653
f 4621/10179/4639 4623/10181/4653 4624/9873/4552
f 4621/10147/4639 4624/10182/4552 4607/10148/4631
f 4466/9874/4553 4624/9873/4552 4623/10181/4653
f 4466/9874/4553 4623/10181/4653 4622/10180/4652
f 4466/9874/4553 4622/10180/4652 4843/10183/4554
f 4625/10184/4654 4501/9925/4565 4500/9924/4564
f 4625/10184/4654 4500/9924/4564 4626/10185/4655
f 4625/10184/4654 4626/10185/4655 4682/10186/4647
f 4625/10184/4654 4682/10186/4647 4501/9925/4565
f 4681/9779/4511 4384/9685/4468 3886/8618/4043
f 4681/9779/4511 3886/8618/4043 3885/8617/4042
f 4681/9779/4511 3885/8617/4042 4695/9780/4656
f 4627/10187/4513 4695/10188/4512 4694/10189/4657
f 4627/10187/4513 4694/10189/4657 4628/10190/4658
f 4627/10187/4513 4628/10190/4658 4629/10191/4562
f 4627/9782/4513 4629/9920/4562 4498/9919/4538
f 4627/9782/4513 4498/9919/4538 4426/9783/4509
f 4630/10108/4617 4507/9937/4570 4506/10192/4569
f 4630/10193/4617 4506/9935/4569 4631/10194/4659
f 4630/10195/4617 4631/10196/4659 4632/10197/4660
f 4630/10108/4617 4632/10198/4660 4585/10109/4618
f 4633/10199/4661 4502/9930/4566 4508/9941/4572
f 4633/10200/4661 4508/9951/4572 4634/9718/4483
f 4633/10199/4661 4634/10201/4483 4696/10202/4662
f 4633/10199/4661 4696/10202/4662 4503/10203/4567
f 4633/10199/4661 4503/10203/4567 4502/9930/4566
f 4440/10204/4525 4720/10205/4524 4635/10206/4663
f 4440/10207/4525 4635/10208/4663 4616/10168/4649
f 4440/10207/4525 4616/10168/4649 4446/10209/4528
f 4440/9805/4525 4446/9815/4528 4445/9806/4526
f 4535/10006/4593 4534/10005/4592 4636/10210/4664
f 4535/10006/4593 4636/10210/4664 4637/10211/4665
f 4535/10006/4593 4637/10211/4665 4538/10009/4593
f 4535/10006/4593 4538/10009/4593 4536/10007/4581
f 4638/10212/4593 4540/10011/4581 4539/10010/4593
f 4638/10212/4593 4539/10010/4593 4639/10213/4665
f 4638/10212/4593 4639/10213/4665 4640/10214/4665
f 4638/10212/4593 4640/10214/4665 4542/10015/4593
f 4638/10212/4593 4542/10015/4593 4517/10014/4581
f 4638/10212/4593 4517/10014/4581 4540/10011/4581
f 4641/10215/4593 4544/10017/4581 4543/10016/4593
f 4641/10215/4593 4543/10016/4593 4642/10216/4665
f 4641/10215/4593 4642/10216/4665 4643/10217/4665
f 4641/10215/4593 4643/10217/4665 4547/10021/4593
f 4641/10215/4593 4547/10021/4593 4546/10020/4581
f 4641/10215/4593 4546/10020/4581 4544/10017/4581
f 4455/10027/4543 4550/10026/4581 4644/10218/4666
f 4455/10027/4543 4644/10218/4666 4645/10219/4667
f 4455/9852/4543 4645/10220/4668 4456/9853/4544
f 4305/9520/4407 4255/9428/4368 4646/9938/4571
f 4305/10221/4407 4646/10222/4571 4712/10223/4669
f 4305/10221/4407 4712/10223/4669 4647/10224/4670
f 4305/10221/4407 4647/10224/4670 4571/10073/4607
f 4305/10221/4407 4571/10073/4607 4209/9943/4322
f 4305/9520/4407 4209/9331/4322 4075/9083/4217
f 4648/10225/4671 4458/10226/4428 4457/10227/4545
f 4648/10228/4671 4457/9856/4545 4649/10229/4672
f 4648/10225/4671 4649/10230/4672 4650/10231/4673
f 4648/10225/4671 4650/10231/4673 4651/10232/4674
f 4648/10225/4671 4651/10232/4674 4350/9629/4449
f 4648/10225/4671 4350/9629/4449 4333/9592/4429
f 4648/10225/4671 4333/9592/4429 4458/10226/4428
f 4654/10233/4675 4652/10234/4480 4463/9865/4549
f 4654/10233/4675 4463/9865/4549 4681/10235/4676
f 4654/10233/4675 4681/10235/4676 4653/10236/4677
f 4654/10233/4675 4653/10236/4677 4650/10231/4673
f 4654/10233/4675 4650/10231/4673 4649/10230/4672
f 4654/10237/4675 4649/10229/4672 4655/9994/4586
f 4654/10233/4675 4655/10238/4586 4652/10234/4480
f 4511/9953/4576 4585/10110/4618 4646/10222/4571
f 4511/10239/4576 4646/9938/4571 4102/9124/4234
f 4511/10239/4576 4102/9124/4234 4101/9123/4182
f 4656/10240/4597 4522/10034/4584 4521/10044/4584
f 4656/10240/4597 4521/10044/4584 4557/10043/4597
f 4656/10240/4597 4557/10043/4597 4657/10241/4678
f 4656/10240/4597 4657/10241/4678 4658/10242/4679
f 4656/10240/4597 4658/10242/4679 4553/10035/4596
f 4656/10240/4597 4553/10035/4596 4522/10034/4584
f 4659/10243/4597 4525/10041/4584 4524/10050/4584
f 4659/10243/4597 4524/10050/4584 4560/10049/4597
f 4659/10243/4597 4560/10049/4597 4660/10244/4678
f 4659/10243/4597 4660/10244/4678 4661/10245/4678
f 4659/10243/4597 4661/10245/4678 4556/10042/4597
f 4659/10243/4597 4556/10042/4597 4525/10041/4584
f 4662/10246/4597 4527/10047/4584 4526/10055/4584
f 4662/10246/4597 4526/10055/4584 4562/10054/4597
f 4662/10246/4597 4562/10054/4597 4663/10247/4678
f 4662/10246/4597 4663/10247/4678 4664/10248/4678
f 4662/10246/4597 4664/10248/4678 4559/10048/4597
f 4662/10246/4597 4559/10048/4597 4527/10047/4584
f 4665/10249/4597 4528/10052/4585 4565/10063/4584
f 4665/10249/4597 4565/10063/4584 4531/10062/4588
f 4665/10249/4597 4531/10062/4588 4708/10250/4680
f 4665/10249/4597 4708/10250/4680 4666/10251/4681
f 4665/10249/4597 4666/10251/4681 4667/10252/4682
f 4665/10249/4597 4667/10252/4682 4528/10052/4585
f 4667/10252/4682 4528/10052/4585 4531/10062/4588
f 4667/10252/4682 4531/10062/4588 4708/10250/4683
f 4667/10252/4682 4708/10250/4683 4668/10253/4678
f 4667/10252/4682 4668/10253/4678 4669/10254/4678
f 4667/10252/4682 4669/10254/4678 4561/10053/4597
f 4667/10252/4682 4561/10053/4597 4528/10052/4585
f 4453/9837/4537 4595/9836/4536 4673/10255/4684
f 4453/9837/4537 4673/10255/4684 4670/10256/4685
f 4453/9837/4537 4670/10256/4685 4628/10257/4658
f 4453/10258/4537 4628/10190/4658 4437/10259/4522
f 4453/9837/4537 4437/9801/4522 4436/9800/4521
f 4671/10260/4686 4595/10128/4536 4594/10127/4627
f 4671/10260/4686 4594/10127/4627 4672/10261/4687
f 4671/10260/4686 4672/10261/4687 4673/10262/4684
f 4671/10260/4686 4673/10262/4684 4595/10128/4536
f 4586/10112/4620 4446/9815/4528 4674/10263/4688
f 4586/10112/4620 4674/10263/4688 4675/10264/4689
f 4586/10114/4620 4675/10265/4689 4676/10266/4690
f 4586/10114/4620 4676/10266/4690 4677/10267/4691
f 4586/10114/4620 4677/10267/4691 4588/10115/4621
f 4677/10267/4691 4676/10266/4690 4593/10126/4626
f 4677/10267/4691 4593/10126/4626 4589/10116/4622
f 4677/10267/4691 4589/10116/4622 4588/10115/4621
f 4350/10268/4449 4678/10269/4532 4334/10270/4430
f 4350/9629/4449 4334/9593/4430 4333/9592/4429
f 4593/10126/4626 4676/10266/4690 4679/10271/4692
f 4593/10126/4626 4679/10271/4692 4680/10272/4693
f 4593/10126/4626 4680/10272/4693 4672/10261/4687
f 4593/10126/4626 4672/10261/4687 4594/10127/4627
f 4681/10235/4676 4463/9865/4549 4462/9864/4548
f 4681/10273/4676 4462/10274/4548 4695/10275/4512
f 4611/10153/4642 4610/10152/4641 4682/10164/4647
f 4611/10276/4642 4682/10277/4647 4718/10278/4694
f 4611/10279/4642 4718/10280/4694 4683/10281/4695
f 4611/10282/4642 4683/10283/4695 4684/10284/4696
f 4611/10153/4642 4684/10285/4696 4685/10286/4697
f 4611/10153/4642 4685/10286/4697 4612/10154/4643
f 4634/10287/4483 4397/9320/4315 4372/9668/4460
f 4634/10287/4483 4372/9668/4460 4686/10288/4698
f 4634/10287/4483 4686/10288/4698 4687/10289/4699
f 4634/10201/4483 4687/10290/4699 4696/10202/4662
f 4343/9946/4443 4515/9945/4574 4699/10291/4577
f 4343/10292/4443 4699/10293/4577 4688/10294/4700
f 4343/10292/4443 4688/10294/4700 4689/10295/4701
f 4343/9619/4443 4689/10296/4701 4690/10297/4702
f 4343/9619/4443 4690/10297/4702 4344/9620/4444
f 4691/10298/4431 4334/10299/4430 4678/10300/4532
f 4691/10301/4431 4678/10302/4532 4635/10303/4663
f 4691/10143/4431 4635/10206/4663 4722/10304/4703
f 4691/10143/4431 4722/10304/4703 4605/10144/4638
f 4207/9327/4319 4206/9621/4318 4344/9620/4444
f 4207/9327/4319 4344/9620/4444 4690/10297/4702
f 4207/9327/4319 4690/10297/4702 4692/10305/4704
f 4207/9327/4319 4692/10305/4704 4796/10306/4705
f 4207/9327/4319 4796/10306/4705 4693/10307/4706
f 4207/9327/4319 4693/10307/4706 4619/9329/4321
f 4461/10308/4707 4762/10309/4708 4615/10310/4709
f 4461/10308/4707 4694/10311/4710 4762/10309/4708
f 4461/10308/4547 4694/10311/4657 4695/10312/4512
f 4461/10313/4547 4695/10314/4512 4462/10315/4548
f 4631/10194/4659 4506/9935/4569 4503/9932/4567
f 4631/10194/4659 4503/9932/4567 4696/10316/4662
f 4631/10196/4659 4696/10317/4662 4697/10318/4711
f 4631/10196/4659 4697/10318/4711 4698/10319/4712
f 4631/10196/4659 4698/10319/4712 4632/10197/4660
f 4688/10320/4700 4699/10321/4577 4700/10322/4498
f 4688/10294/4700 4700/10323/4498 4754/10324/4579
f 4688/10294/4700 4754/10324/4579 4795/10325/4713
f 4688/10294/4700 4795/10325/4713 4689/10295/4701
f 4701/10326/4714 4457/9856/4545 4456/9855/4544
f 4701/10326/4714 4456/9855/4544 4702/10327/4715
f 4701/10326/4714 4702/10327/4715 4530/9995/4587
f 4701/10326/4714 4530/9995/4587 4655/9994/4586
f 4701/10326/4714 4655/9994/4586 4649/10229/4672
f 4701/10326/4714 4649/10229/4672 4457/9856/4545
f 4645/10219/4668 4455/10027/4543 4703/10328/4665
f 4645/10219/4668 4703/10328/4665 4704/10329/4716
f 4645/10219/4668 4704/10329/4716 4705/10330/4717
f 4645/10220/4668 4705/10331/4717 4706/10332/4718
f 4645/10220/4668 4706/10332/4718 4707/10333/4719
f 4645/10220/4668 4707/10333/4719 4456/9853/4544
f 4707/10333/4719 4706/10332/4718 4708/10334/4683
f 4707/10333/4719 4708/10334/4683 4530/9996/4587
f 4707/10333/4719 4530/9996/4587 4702/10335/4715
f 4707/10333/4719 4702/10335/4715 4456/9853/4544
f 4708/10334/4683 4531/9997/4588 4530/9996/4587
f 4674/10263/4688 4446/9815/4528 4616/10336/4649
f 4674/10263/4688 4616/10336/4649 4844/10337/4648
f 4674/10263/4688 4844/10337/4648 4846/10338/4720
f 4674/10263/4688 4846/10338/4720 4675/10264/4689
f 4439/9630/4450 4350/9629/4449 4651/10232/4674
f 4439/9630/4450 4651/10232/4674 4709/10339/4721
f 4439/10340/4450 4709/10341/4721 4874/10342/4722
f 4439/9803/4450 4874/10343/4722 4877/10344/4723
f 4439/9803/4450 4877/10344/4723 4720/9804/4524
f 4635/10208/4663 4678/10345/4532 4617/10169/4507
f 4635/10208/4663 4617/10169/4507 4616/10168/4649
f 4710/10346/4724 4646/10222/4571 4585/10110/4618
f 4710/10347/4724 4585/10109/4618 4758/10348/4725
f 4710/10347/4724 4758/10348/4725 4711/10349/4726
f 4710/10347/4724 4711/10349/4726 4712/10350/4669
f 4710/10346/4724 4712/10223/4669 4646/10222/4571
f 4465/9870/4551 4464/9869/4550 4713/10351/4727
f 4465/9870/4551 4713/10351/4727 4837/10352/4728
f 4465/9870/4551 4837/10352/4728 4840/10353/4729
f 4465/9870/4551 4840/10353/4729 4714/10354/4334
f 4465/9870/4551 4714/10354/4334 3808/8423/3954
f 4715/10355/4730 4629/9920/4562 4628/10356/4658
f 4715/10357/4730 4628/10257/4658 4670/10256/4685
f 4715/10357/4730 4670/10256/4685 4716/10358/4731
f 4715/10359/4730 4716/10360/4731 4717/10361/4732
f 4715/10359/4730 4717/10361/4732 4718/10362/4694
f 4715/10363/4730 4718/10278/4694 4626/10364/4655
f 4715/10363/4730 4626/10364/4655 4499/10365/4563
f 4715/10355/4730 4499/9921/4563 4629/9920/4562
f 4694/10366/4657 4762/10367/4733 4438/10368/4523
f 4694/10366/4657 4438/10368/4523 4437/10369/4522
f 4694/10189/4657 4437/10259/4522 4628/10190/4658
f 4719/10370/4734 4635/10206/4663 4720/10205/4524
f 4719/10371/4734 4720/10372/4524 4880/10373/4735
f 4719/10371/4734 4880/10373/4735 4721/10374/4736
f 4719/10371/4734 4721/10374/4736 4760/10375/4737
f 4719/10371/4734 4760/10375/4737 4722/10376/4703
f 4719/10370/4734 4722/10304/4703 4635/10206/4663
f 4636/10377/4664 4534/10038/4592 4553/10037/4596
f 4636/10377/4664 4553/10037/4596 4658/10378/4679
f 4636/10377/4664 4658/10378/4679 4723/10379/4738
f 4636/10210/4664 4723/10380/4738 4637/10211/4665
f 4724/10381/4665 4538/10009/4593 4637/10211/4665
f 4724/10381/4665 4637/10211/4665 4725/10382/4716
f 4724/10381/4665 4725/10382/4716 4726/10383/4716
f 4724/10381/4665 4726/10383/4716 4639/10213/4665
f 4724/10381/4665 4639/10213/4665 4539/10010/4593
f 4724/10381/4665 4539/10010/4593 4538/10009/4593
f 4727/10384/4665 4542/10015/4593 4640/10214/4665
f 4727/10384/4665 4640/10214/4665 4728/10385/4716
f 4727/10384/4665 4728/10385/4716 4729/10386/4716
f 4727/10384/4665 4729/10386/4716 4642/10216/4665
f 4727/10384/4665 4642/10216/4665 4543/10016/4593
f 4727/10384/4665 4543/10016/4593 4542/10015/4593
f 4730/10387/4665 4547/10021/4593 4643/10217/4665
f 4730/10387/4665 4643/10217/4665 4731/10388/4716
f 4730/10387/4665 4731/10388/4716 4732/10389/4716
f 4730/10387/4665 4732/10389/4716 4733/10390/4665
f 4730/10387/4665 4733/10390/4665 4548/10022/4593
f 4730/10387/4665 4548/10022/4593 4547/10021/4593
f 4733/10390/4665 4732/10389/4716 4734/10391/4716
f 4733/10390/4665 4734/10391/4716 4703/10328/4665
f 4733/10390/4665 4703/10328/4665 4552/10028/4593
f 4733/10390/4665 4552/10028/4593 4548/10022/4593
f 4703/10328/4665 4455/10027/4543 4552/10028/4593
f 4645/10392/4667 4736/10393/4739 4735/10394/4740
f 4645/10395/4668 4736/10396/4741 4644/10397/4742
f 4645/10395/4668 4644/10397/4666 4737/10398/4743
f 4738/10399/4744 4647/10400/4670 4712/10350/4669
f 4738/10399/4744 4712/10350/4669 4711/10349/4726
f 4738/10399/4744 4711/10349/4726 4739/10401/4745
f 4738/10399/4744 4739/10401/4745 4741/10402/4746
f 4738/10399/4744 4741/10402/4746 4740/10403/4747
f 4738/10399/4744 4740/10403/4747 4647/10400/4670
f 4740/10404/4747 4741/10405/4746 4742/10406/4748
f 4740/10403/4747 4742/10407/4748 4571/10075/4607
f 4740/10403/4747 4571/10075/4607 4647/10400/4670
f 4743/10408/4678 4557/10043/4597 4556/10042/4597
f 4743/10408/4678 4556/10042/4597 4661/10245/4678
f 4743/10408/4678 4661/10245/4678 4744/10409/4749
f 4743/10408/4678 4744/10409/4749 4745/10410/4749
f 4743/10408/4678 4745/10410/4749 4657/10241/4678
f 4743/10408/4678 4657/10241/4678 4557/10043/4597
f 4746/10411/4678 4560/10049/4597 4559/10048/4597
f 4746/10411/4678 4559/10048/4597 4664/10248/4678
f 4746/10411/4678 4664/10248/4678 4747/10412/4749
f 4746/10411/4678 4747/10412/4749 4748/10413/4749
f 4746/10411/4678 4748/10413/4749 4660/10244/4678
f 4746/10411/4678 4660/10244/4678 4560/10049/4597
f 4749/10414/4678 4562/10054/4597 4561/10053/4597
f 4749/10414/4678 4561/10053/4597 4669/10254/4678
f 4749/10414/4678 4669/10254/4678 4750/10415/4749
f 4749/10414/4678 4750/10415/4749 4751/10416/4749
f 4749/10414/4678 4751/10416/4749 4663/10247/4678
f 4749/10414/4678 4663/10247/4678 4562/10054/4597
f 4626/10185/4655 4500/9924/4564 4499/9923/4563
f 4742/10406/4748 4741/10405/4746 4752/10417/4750
f 4742/10406/4748 4752/10417/4750 4753/10418/4751
f 4742/10406/4748 4753/10418/4751 4754/10419/4579
f 4742/10406/4748 4754/10419/4579 4513/10420/4578
f 4742/10407/4748 4513/9960/4578 4571/10075/4607
f 4570/10072/4606 4569/10071/4605 4464/9869/4550
f 4570/10072/4606 4464/9869/4550 4407/9738/4492
f 4570/10072/4606 4407/9738/4492 4406/9737/4491
f 4570/10072/4606 4406/9737/4491 4405/9736/4490
f 4223/9360/4335 4714/9359/4334 4826/10421/4752
f 4223/9360/4335 4826/10421/4752 4825/10422/4753
f 4223/9360/4335 4825/10422/4753 4755/10423/4754
f 4223/9360/4335 4755/10423/4754 4686/10288/4698
f 4223/9360/4335 4686/10288/4698 4372/9668/4460
f 4632/10197/4660 4698/10319/4712 4756/10424/4755
f 4632/10197/4660 4756/10424/4755 4757/10425/4756
f 4632/10197/4660 4757/10425/4756 4758/10426/4725
f 4632/10198/4660 4758/10348/4725 4585/10109/4618
f 4757/10425/4756 4756/10424/4755 4759/10427/4757
f 4757/10425/4756 4759/10427/4757 4739/10428/4745
f 4757/10429/4756 4739/10401/4745 4711/10349/4726
f 4757/10429/4756 4711/10349/4726 4758/10348/4725
f 4760/10430/4737 4721/10431/4736 4602/10137/4634
f 4760/10430/4737 4602/10137/4634 4605/10432/4638
f 4760/10433/4737 4605/10144/4638 4722/10304/4703
f 4763/10434/4758 4615/10435/4646 4612/10154/4643
f 4763/10434/4758 4612/10154/4643 4685/10286/4697
f 4763/10436/4758 4685/10437/4697 4761/10438/4759
f 4763/10436/4758 4761/10438/4759 4762/10439/4733
f 4763/10440/4760 4615/10310/4709 4762/10309/4708
f 4689/10295/4701 4795/10325/4713 4764/10441/4761
f 4689/10296/4701 4764/10442/4761 4692/10305/4704
f 4689/10296/4701 4692/10305/4704 4690/10297/4702
f 4723/10379/4738 4658/10378/4679 4778/10443/4762
f 4723/10379/4738 4778/10443/4762 4765/10444/4763
f 4723/10380/4738 4765/10445/4763 4725/10382/4716
f 4723/10380/4738 4725/10382/4716 4637/10211/4665
f 4766/10446/4716 4639/10213/4665 4726/10383/4716
f 4766/10446/4716 4726/10383/4716 4767/10447/4764
f 4766/10446/4716 4767/10447/4764 4768/10448/4764
f 4766/10446/4716 4768/10448/4764 4728/10385/4716
f 4766/10446/4716 4728/10385/4716 4640/10214/4665
f 4766/10446/4716 4640/10214/4665 4639/10213/4665
f 4769/10449/4716 4642/10216/4665 4729/10386/4716
f 4769/10449/4716 4729/10386/4716 4770/10450/4764
f 4769/10449/4716 4770/10450/4764 4771/10451/4764
f 4769/10449/4716 4771/10451/4764 4731/10388/4716
f 4769/10449/4716 4731/10388/4716 4643/10217/4665
f 4769/10449/4716 4643/10217/4665 4642/10216/4665
f 4734/10391/4716 4732/10389/4716 4772/10452/4764
f 4734/10391/4716 4772/10452/4764 4773/10453/4764
f 4734/10391/4716 4773/10453/4764 4704/10329/4716
f 4734/10391/4716 4704/10329/4716 4703/10328/4665
f 4774/10454/4716 4775/10455/4764 4776/10456/4765
f 4774/10454/4716 4776/10456/4765 4735/10394/4740
f 4774/10454/4716 4735/10394/4740 4736/10393/4739
f 4759/10427/4757 4756/10424/4755 4777/10457/4766
f 4759/10427/4757 4777/10457/4766 4752/10417/4750
f 4759/10427/4757 4752/10417/4750 4741/10405/4746
f 4759/10427/4757 4741/10405/4746 4739/10428/4745
f 4778/10458/4762 4658/10242/4679 4657/10241/4678
f 4778/10458/4762 4657/10241/4678 4745/10410/4749
f 4778/10458/4762 4745/10410/4749 4779/10459/4767
f 4778/10443/4762 4779/10460/4767 4765/10444/4763
f 4780/10461/4749 4661/10245/4678 4660/10244/4678
f 4780/10461/4749 4660/10244/4678 4748/10413/4749
f 4780/10461/4749 4748/10413/4749 4781/10462/4768
f 4780/10461/4749 4781/10462/4768 4782/10463/4768
f 4780/10461/4749 4782/10463/4768 4744/10409/4749
f 4780/10461/4749 4744/10409/4749 4661/10245/4678
f 4783/10464/4749 4664/10248/4678 4663/10247/4678
f 4783/10464/4749 4663/10247/4678 4751/10416/4749
f 4783/10464/4749 4751/10416/4749 4784/10465/4768
f 4783/10464/4749 4784/10465/4768 4785/10466/4768
f 4783/10464/4749 4785/10466/4768 4747/10412/4749
f 4783/10464/4749 4747/10412/4749 4664/10248/4678
f 4786/10467/4749 4669/10254/4678 4668/10253/4678
f 4786/10467/4749 4668/10253/4678 4787/10468/4749
f 4786/10467/4749 4787/10468/4749 4788/10469/4768
f 4786/10467/4749 4788/10469/4768 4789/10470/4768
f 4786/10467/4749 4789/10470/4768 4750/10415/4749
f 4786/10467/4749 4750/10415/4749 4669/10254/4678
f 4790/10471/4769 4668/10253/4678 4708/10250/4683
f 4790/10472/4769 4708/10334/4683 4706/10332/4718
f 4790/10472/4769 4706/10332/4718 4811/10473/4770
f 4790/10472/4769 4811/10473/4770 4791/10474/4771
f 4790/10471/4769 4791/10475/4771 4787/10468/4749
f 4790/10471/4769 4787/10468/4749 4668/10253/4678
f 4687/10289/4699 4686/10288/4698 4755/10423/4754
f 4687/10289/4699 4755/10423/4754 4792/10476/4772
f 4687/10290/4699 4792/10477/4772 4697/10478/4711
f 4687/10290/4699 4697/10478/4711 4696/10202/4662
f 4569/10071/4605 4568/10070/4604 4793/10479/4773
f 4569/10071/4605 4793/10479/4773 4713/10351/4727
f 4569/10071/4605 4713/10351/4727 4464/9869/4550
f 4753/10418/4751 4752/10417/4750 4794/10480/4774
f 4753/10418/4751 4794/10480/4774 4795/10481/4713
f 4753/10418/4751 4795/10481/4713 4754/10419/4579
f 4796/10306/4705 4692/10305/4704 4764/10442/4761
f 4796/10482/4705 4764/10483/4761 4794/10480/4774
f 4796/10482/4705 4794/10480/4774 4797/10484/4775
f 4796/10482/4705 4797/10484/4775 4693/10485/4706
f 4794/10480/4774 4764/10483/4761 4795/10481/4713
f 4798/10486/4764 4725/10382/4716 4765/10445/4763
f 4798/10486/4764 4765/10445/4763 4881/10487/4776
f 4798/10486/4764 4881/10487/4776 4799/10488/4777
f 4798/10486/4764 4799/10488/4777 4767/10447/4764
f 4798/10486/4764 4767/10447/4764 4726/10383/4716
f 4798/10486/4764 4726/10383/4716 4725/10382/4716
f 4800/10489/4764 4728/10385/4716 4768/10448/4764
f 4800/10489/4764 4768/10448/4764 4801/10490/4777
f 4800/10489/4764 4801/10490/4777 4802/10491/4777
f 4800/10489/4764 4802/10491/4777 4770/10450/4764
f 4800/10489/4764 4770/10450/4764 4729/10386/4716
f 4800/10489/4764 4729/10386/4716 4728/10385/4716
f 4803/10492/4764 4731/10388/4716 4771/10451/4764
f 4803/10492/4764 4771/10451/4764 4804/10493/4777
f 4803/10492/4764 4804/10493/4777 4805/10494/4777
f 4803/10492/4764 4805/10494/4777 4772/10452/4764
f 4803/10492/4764 4772/10452/4764 4732/10389/4716
f 4803/10492/4764 4732/10389/4716 4731/10388/4716
f 4806/10495/4764 4704/10329/4716 4773/10453/4764
f 4806/10495/4764 4773/10453/4764 4807/10496/4777
f 4806/10495/4764 4807/10496/4777 4808/10497/4777
f 4806/10495/4764 4808/10497/4777 4809/10498/4778
f 4806/10495/4764 4809/10498/4778 4705/10330/4717
f 4806/10495/4764 4705/10330/4717 4704/10329/4716
f 4811/10473/4770 4706/10332/4718 4705/10331/4717
f 4811/10473/4770 4705/10331/4717 4809/10499/4778
f 4811/10500/4770 4809/10498/4778 4810/10501/4779
f 4811/10502/4770 4810/10503/4779 4812/10504/4780
f 4811/10500/4770 4812/10505/4780 4791/10475/4771
f 4813/10506/4768 4745/10410/4749 4744/10409/4749
f 4813/10506/4768 4744/10409/4749 4782/10463/4768
f 4813/10506/4768 4782/10463/4768 4814/10507/4781
f 4813/10506/4768 4814/10507/4781 4815/10508/4782
f 4813/10506/4768 4815/10508/4782 4779/10459/4767
f 4813/10506/4768 4779/10459/4767 4745/10410/4749
f 4816/10509/4768 4748/10413/4749 4747/10412/4749
f 4816/10509/4768 4747/10412/4749 4785/10466/4768
f 4816/10509/4768 4785/10466/4768 4817/10510/4781
f 4816/10509/4768 4817/10510/4781 4818/10511/4781
f 4816/10509/4768 4818/10511/4781 4781/10462/4768
f 4816/10509/4768 4781/10462/4768 4748/10413/4749
f 4819/10512/4768 4751/10416/4749 4750/10415/4749
f 4819/10512/4768 4750/10415/4749 4789/10470/4768
f 4819/10512/4768 4789/10470/4768 4820/10513/4781
f 4819/10512/4768 4820/10513/4781 4821/10514/4781
f 4819/10512/4768 4821/10514/4781 4784/10465/4768
f 4819/10512/4768 4784/10465/4768 4751/10416/4749
f 4822/10515/4768 4787/10468/4749 4791/10475/4771
f 4822/10515/4768 4791/10475/4771 4812/10505/4780
f 4822/10515/4768 4812/10505/4780 4823/10516/4781
f 4822/10515/4768 4823/10516/4781 4824/10517/4781
f 4822/10515/4768 4824/10517/4781 4788/10469/4768
f 4822/10515/4768 4788/10469/4768 4787/10468/4749
f 4825/10518/4753 4826/10519/4752 4827/10520/4783
f 4825/10518/4753 4827/10520/4783 4828/10521/4784
f 4825/10518/4753 4828/10521/4784 4792/10522/4772
f 4825/10422/4753 4792/10476/4772 4755/10423/4754
f 4828/10521/4784 4827/10520/4783 4829/10523/4785
f 4828/10521/4784 4829/10523/4785 4756/10424/4755
f 4828/10521/4784 4756/10424/4755 4698/10319/4712
f 4828/10521/4784 4698/10319/4712 4697/10318/4711
f 4828/10521/4784 4697/10318/4711 4792/10522/4772
f 4830/10524/4786 4619/10172/4321 4693/10485/4706
f 4830/10524/4786 4693/10485/4706 4831/10525/4787
f 4830/10524/4786 4831/10525/4787 4620/10173/4650
f 4830/10524/4786 4620/10173/4650 4619/10172/4321
f 4832/10526/4788 4752/10417/4750 4777/10457/4766
f 4832/10526/4788 4777/10457/4766 4829/10523/4785
f 4832/10526/4788 4829/10523/4785 4833/10527/4789
f 4832/10526/4788 4833/10527/4789 4797/10484/4775
f 4832/10526/4788 4797/10484/4775 4794/10480/4774
f 4832/10526/4788 4794/10480/4774 4752/10417/4750
f 4402/9729/4489 4850/9728/4488 5040/10528/4790
f 4402/10529/4489 5040/10530/4790 4834/10531/4791
f 4402/10529/4489 4834/10531/4791 4399/9722/4485
f 4402/10529/4489 4399/9722/4485 4403/9494/4398
f 4793/10532/4773 4568/10174/4604 4620/10173/4650
f 4793/10532/4773 4620/10173/4650 4835/10533/4792
f 4793/10532/4773 4835/10533/4792 4836/10534/4793
f 4793/10532/4773 4836/10534/4793 4837/10535/4728
f 4793/10479/4773 4837/10352/4728 4713/10351/4727
f 4582/10098/4616 4581/10097/4615 4838/10536/4794
f 4582/10098/4616 4838/10536/4794 5019/10537/4795
f 4582/10100/4616 5019/10538/4795 4839/10539/4610
f 4582/10100/4616 4839/10539/4610 4575/10101/4609
f 4829/10523/4785 4777/10457/4766 4756/10424/4755
f 4840/10540/4729 4837/10535/4728 4836/10534/4793
f 4840/10540/4729 4836/10534/4793 4841/10541/4796
f 4840/10540/4729 4841/10541/4796 4842/10542/4797
f 4840/10540/4729 4842/10542/4797 4714/10543/4334
f 4826/10421/4752 4714/9359/4334 4842/10544/4797
f 4826/10519/4752 4842/10542/4797 4841/10541/4796
f 4826/10519/4752 4841/10541/4796 4827/10520/4783
f 4844/10545/4648 4843/10546/4554 4622/10178/4652
f 4844/10545/4648 4622/10178/4652 4868/10177/4651
f 4844/10547/4648 4868/10548/4651 4845/10549/4732
f 4844/10547/4648 4845/10549/4732 4846/10550/4720
f 4847/10551/4798 4394/9709/4478 4848/10552/4486
f 4847/10551/4798 4848/10552/4486 5009/10553/4799
f 4847/10551/4798 5009/10553/4799 4849/10554/4800
f 4847/10551/4798 4849/10554/4800 4850/10555/4488
f 4847/10551/4798 4850/10555/4488 4401/9710/4479
f 4847/10551/4798 4401/9710/4479 4394/9709/4478
f 4851/10556/4801 4392/9705/4475 4320/9563/4421
f 4851/10556/4801 4320/9563/4421 4852/10557/4802
f 4851/10556/4801 4852/10557/4802 5006/10558/4803
f 4851/10556/4801 5006/10558/4803 4853/10559/4804
f 4851/10560/4801 4853/10561/4804 4854/10562/4476
f 4851/10560/4801 4854/10562/4476 4392/10563/4475
f 4857/9703/4477 4854/9702/4476 4855/10564/4805
f 4857/10565/4477 4855/10566/4805 4852/10567/4802
f 4857/10565/4477 4852/10567/4802 4856/10568/4806
f 4857/10569/4477 4856/10570/4806 4858/10571/4807
f 4857/9703/4477 4858/10572/4807 4859/10573/4808
f 4857/9703/4477 4859/10573/4808 4861/10574/4809
f 4857/9703/4477 4861/10574/4809 4862/10575/4390
f 4860/10576/4810 4862/10577/4390 4861/10578/4809
f 4860/10576/4810 4861/10578/4809 4859/10579/4808
f 4860/10576/4810 4859/10579/4808 4986/10580/4811
f 4860/10581/4810 4986/10582/4811 4856/10583/4806
f 4860/10581/4810 4856/10583/4806 4862/10584/4390
f 4856/10583/4806 4852/10557/4802 4320/9563/4421
f 4856/10585/4806 4320/9561/4421 4862/9481/4390
f 4721/10586/4736 4880/10587/4735 4863/10588/4812
f 4721/10431/4736 4863/10589/4812 4864/10590/4813
f 4721/10431/4736 4864/10590/4813 4603/10138/4635
f 4721/10431/4736 4603/10138/4635 4602/10137/4634
f 4867/10591/4814 4603/10592/4635 4864/10593/4813
f 4867/10594/4814 4864/10590/4813 4865/10595/4815
f 4867/10596/4814 4865/10597/4815 4866/10598/4816
f 4867/10596/4814 4866/10598/4816 4845/10549/4732
f 4867/10599/4814 4845/10600/4732 4868/10601/4651
f 4867/10602/4814 4868/10603/4651 4603/10604/4635
f 4650/10231/4673 4653/10236/4677 4917/10605/4817
f 4650/10231/4673 4917/10605/4817 4899/10606/4818
f 4650/10231/4673 4899/10606/4818 4709/10339/4721
f 4650/10231/4673 4709/10339/4721 4651/10232/4674
f 4680/10272/4693 4679/10271/4692 4869/10607/4819
f 4680/10272/4693 4869/10607/4819 4872/10608/4820
f 4680/10272/4693 4872/10608/4820 4673/10262/4684
f 4680/10272/4693 4673/10262/4684 4672/10261/4687
f 4718/10278/4694 4682/10277/4647 4626/10364/4655
f 4578/10092/4613 4577/10091/4611 4870/10609/4821
f 4578/10092/4613 4870/10609/4821 5022/10610/4822
f 4578/10092/4613 5022/10610/4822 4581/10611/4615
f 4578/10092/4613 4581/10611/4615 4579/10093/4614
f 4438/10612/4523 4762/10439/4733 4761/10438/4759
f 4438/10612/4523 4761/10438/4759 5044/10613/4823
f 4438/9802/4523 5044/10614/4823 4897/10615/4824
f 4438/9802/4523 4897/10615/4824 4871/10616/4825
f 4438/9802/4523 4871/10616/4825 3885/8615/4042
f 4872/10608/4820 4869/10607/4819 4873/10617/4826
f 4872/10618/4820 4873/10619/4826 4716/10358/4731
f 4872/10618/4820 4716/10358/4731 4670/10256/4685
f 4872/10618/4820 4670/10256/4685 4673/10255/4684
f 4877/10620/4723 4874/10621/4722 4898/10622/4827
f 4877/10620/4723 4898/10622/4827 4875/10623/4828
f 4877/10620/4723 4875/10623/4828 4876/10624/4829
f 4877/10625/4723 4876/10626/4829 4878/10627/4830
f 4877/10625/4723 4878/10627/4830 4879/10628/4831
f 4877/10344/4723 4879/10629/4831 4720/9804/4524
f 4879/10630/4831 4878/10631/4830 4863/10588/4812
f 4879/10630/4831 4863/10588/4812 4880/10587/4735
f 4879/10629/4831 4880/10632/4735 4720/9804/4524
f 4881/10487/4776 4765/10445/4763 4779/10459/4767
f 4881/10487/4776 4779/10459/4767 4815/10508/4782
f 4881/10633/4776 4815/10634/4782 4953/10635/4832
f 4881/10487/4776 4953/10636/4832 4799/10488/4777
f 4799/10488/4777 4953/10636/4832 4882/10637/4833
f 4799/10488/4777 4882/10637/4833 4801/10490/4777
f 4799/10488/4777 4801/10490/4777 4768/10448/4764
f 4799/10488/4777 4768/10448/4764 4767/10447/4764
f 4883/10638/4777 4770/10450/4764 4802/10491/4777
f 4883/10638/4777 4802/10491/4777 4906/10639/4833
f 4883/10638/4777 4906/10639/4833 4908/10640/4834
f 4883/10638/4777 4908/10640/4834 4804/10493/4777
f 4883/10638/4777 4804/10493/4777 4771/10451/4764
f 4883/10638/4777 4771/10451/4764 4770/10450/4764
f 4884/10641/4777 4772/10452/4764 4805/10494/4777
f 4884/10641/4777 4805/10494/4777 4885/10642/4833
f 4884/10641/4777 4885/10642/4833 4886/10643/4833
f 4884/10641/4777 4886/10643/4833 4807/10496/4777
f 4884/10641/4777 4807/10496/4777 4773/10453/4764
f 4884/10641/4777 4773/10453/4764 4772/10452/4764
f 4887/10644/4835 4888/10645/4836 4889/10646/4836
f 4887/10644/4835 4889/10646/4836 4890/10647/4835
f 4887/10644/4835 4890/10647/4835 4775/10455/4764
f 4775/10455/4764 4890/10647/4835 4776/10456/4765
f 4808/10497/4777 4807/10496/4777 4912/10648/4833
f 4808/10497/4777 4912/10648/4833 4913/10649/4833
f 4808/10497/4777 4913/10649/4833 4810/10501/4779
f 4808/10497/4777 4810/10501/4779 4809/10498/4778
f 4814/10507/4781 4782/10463/4768 4781/10462/4768
f 4814/10507/4781 4781/10462/4768 4818/10511/4781
f 4814/10507/4781 4818/10511/4781 4920/10650/4837
f 4814/10507/4781 4920/10650/4837 4891/10651/4838
f 4814/10507/4781 4891/10651/4838 4815/10508/4782
f 4892/10652/4781 4785/10466/4768 4784/10465/4768
f 4892/10652/4781 4784/10465/4768 4821/10514/4781
f 4892/10652/4781 4821/10514/4781 4927/10653/4839
f 4892/10652/4781 4927/10653/4839 4893/10654/4837
f 4892/10652/4781 4893/10654/4837 4817/10510/4781
f 4892/10652/4781 4817/10510/4781 4785/10466/4768
f 4894/10655/4781 4789/10470/4768 4788/10469/4768
f 4894/10655/4781 4788/10469/4768 4824/10517/4781
f 4894/10655/4781 4824/10517/4781 4931/10656/4837
f 4894/10655/4781 4931/10656/4837 4895/10657/4837
f 4894/10655/4781 4895/10657/4837 4820/10513/4781
f 4894/10655/4781 4820/10513/4781 4789/10470/4768
f 4683/10658/4695 4718/10659/4694 4717/10660/4732
f 4683/10661/4695 4717/10361/4732 4943/10662/4840
f 4683/10661/4695 4943/10662/4840 4896/10663/4841
f 4683/10664/4695 4896/10665/4841 4684/10285/4696
f 4685/10286/4697 4684/10285/4696 4946/10666/4842
f 4685/10667/4697 4946/10668/4842 4897/10669/4824
f 4685/10667/4697 4897/10669/4824 5044/10670/4823
f 4685/10437/4697 5044/10613/4823 4761/10438/4759
f 4898/10671/4827 4874/10342/4722 4709/10341/4721
f 4898/10671/4827 4709/10341/4721 4899/10672/4818
f 4898/10671/4827 4899/10672/4818 4900/10673/4827
f 4898/10622/4827 4900/10674/4827 4875/10623/4828
f 4846/10550/4720 4845/10549/4732 4866/10598/4816
f 4846/10550/4720 4866/10598/4816 4901/10675/4843
f 4846/10338/4720 4901/10676/4843 4948/10677/4844
f 4846/10338/4720 4948/10677/4844 4675/10264/4689
f 4831/10525/4787 4693/10485/4706 4797/10484/4775
f 4831/10525/4787 4797/10484/4775 4902/10678/4845
f 4831/10525/4787 4902/10678/4845 4903/10679/4846
f 4831/10525/4787 4903/10679/4846 4620/10173/4650
f 4904/10680/4833 4801/10490/4777 4882/10637/4833
f 4904/10681/4833 4882/10682/4833 4905/10683/4847
f 4904/10681/4833 4905/10683/4847 4956/10684/4833
f 4904/10681/4833 4956/10684/4833 4906/10685/4833
f 4904/10680/4833 4906/10639/4833 4802/10491/4777
f 4904/10680/4833 4802/10491/4777 4801/10490/4777
f 4907/10686/4833 4804/10493/4777 4908/10640/4834
f 4907/10687/4833 4908/10688/4834 4909/10689/4833
f 4907/10687/4833 4909/10689/4833 4959/10690/4833
f 4907/10687/4833 4959/10690/4833 4885/10691/4833
f 4907/10686/4833 4885/10642/4833 4805/10494/4777
f 4907/10686/4833 4805/10494/4777 4804/10493/4777
f 4886/10692/4833 4885/10691/4833 4910/10693/4833
f 4886/10692/4833 4910/10693/4833 4911/10694/4833
f 4886/10692/4833 4911/10694/4833 4912/10695/4833
f 4886/10643/4833 4912/10648/4833 4807/10496/4777
f 4916/10696/4848 4810/10501/4779 4913/10649/4833
f 4916/10697/4848 4913/10698/4833 4914/10699/4833
f 4916/10697/4848 4914/10699/4833 4988/10700/4849
f 4916/10697/4848 4988/10700/4849 4915/10701/4850
f 4916/10702/4848 4915/10703/4850 4933/10704/4851
f 4916/10702/4848 4933/10704/4851 4812/10504/4780
f 4916/10702/4848 4812/10504/4780 4810/10503/4779
f 4919/10705/4827 4900/10673/4827 4899/10672/4818
f 4919/10705/4827 4899/10672/4818 4917/10706/4817
f 4919/10705/4827 4917/10706/4817 4918/10707/4852
f 4919/10708/4827 4918/10709/4852 4871/10710/4825
f 4919/10708/4827 4871/10710/4825 4875/10623/4828
f 4919/10708/4827 4875/10623/4828 4900/10674/4827
f 4891/10711/4838 4920/10712/4837 4921/10713/4853
f 4891/10711/4838 4921/10713/4853 4922/10714/4854
f 4891/10715/4838 4922/10716/4854 4923/10717/4855
f 4891/10715/4838 4923/10717/4855 4953/10635/4832
f 4891/10715/4838 4953/10635/4832 4815/10634/4782
f 4924/10718/4837 4818/10511/4781 4817/10510/4781
f 4924/10718/4837 4817/10510/4781 4893/10654/4837
f 4924/10719/4837 4893/10720/4837 4969/10721/4837
f 4924/10719/4837 4969/10721/4837 4968/10722/4856
f 4924/10719/4837 4968/10722/4856 4920/10712/4837
f 4924/10718/4837 4920/10650/4837 4818/10511/4781
f 4925/10723/4837 4821/10514/4781 4820/10513/4781
f 4925/10723/4837 4820/10513/4781 4895/10657/4837
f 4925/10724/4837 4895/10725/4837 4926/10726/4837
f 4925/10724/4837 4926/10726/4837 4972/10727/4837
f 4925/10724/4837 4972/10727/4837 4927/10728/4839
f 4925/10723/4837 4927/10653/4839 4821/10514/4781
f 4929/10729/4837 4824/10517/4781 4823/10516/4781
f 4929/10729/4837 4823/10516/4781 4928/10730/4837
f 4929/10731/4837 4928/10732/4837 4981/10733/4837
f 4929/10731/4837 4981/10733/4837 4930/10734/4837
f 4929/10731/4837 4930/10734/4837 4931/10735/4837
f 4929/10729/4837 4931/10656/4837 4824/10517/4781
f 4933/10704/4851 4915/10703/4850 4932/10736/4857
f 4933/10737/4851 4932/10738/4857 4978/10739/4837
f 4933/10737/4851 4978/10739/4837 4928/10732/4837
f 4933/10740/4851 4928/10730/4837 4823/10516/4781
f 4933/10740/4851 4823/10516/4781 4812/10505/4780
f 4918/10707/4858 4917/10706/4817 4934/10741/332
f 4935/10742/332 4918/10707/4858 4917/10706/4817
f 4827/10520/4783 4841/10541/4796 4936/10743/4859
f 4827/10520/4783 4936/10743/4859 4937/10744/4860
f 4827/10520/4783 4937/10744/4860 4833/10527/4789
f 4827/10520/4783 4833/10527/4789 4829/10523/4785
f 4716/10358/4731 4873/10619/4826 4938/10745/4861
f 4716/10360/4731 4938/10746/4861 4943/10662/4840
f 4716/10360/4731 4943/10662/4840 4717/10361/4732
f 4935/10747/332 4939/10748/4862 5044/10749/4863
f 4937/10744/4860 4936/10743/4859 4940/10750/4864
f 4937/10744/4860 4940/10750/4864 4902/10678/4845
f 4937/10744/4860 4902/10678/4845 4797/10484/4775
f 4937/10744/4860 4797/10484/4775 4833/10527/4789
f 4903/10679/4846 4902/10678/4845 4940/10750/4864
f 4903/10679/4846 4940/10750/4864 4836/10534/4793
f 4903/10679/4846 4836/10534/4793 4835/10533/4792
f 4903/10679/4846 4835/10533/4792 4620/10173/4650
f 4865/10595/4815 4864/10590/4813 4863/10589/4812
f 4865/10751/4815 4863/10752/4812 4941/10753/4865
f 4865/10751/4815 4941/10753/4865 4942/10754/4866
f 4865/10751/4815 4942/10754/4866 4901/10755/4843
f 4865/10751/4815 4901/10755/4843 4866/10756/4816
f 4896/10757/4841 4943/10758/4840 4938/10759/4861
f 4896/10757/4841 4938/10759/4861 4944/10760/4867
f 4896/10757/4841 4944/10760/4867 4945/10761/4868
f 4896/10757/4841 4945/10761/4868 4946/10762/4842
f 4896/10665/4841 4946/10666/4842 4684/10285/4696
f 4947/10763/4869 4675/10265/4689 4948/10764/4844
f 4947/10763/4869 4948/10764/4844 4949/10765/4870
f 4947/10763/4869 4949/10765/4870 4679/10271/4692
f 4947/10763/4869 4679/10271/4692 4676/10266/4690
f 4947/10763/4869 4676/10266/4690 4675/10265/4689
f 4950/10766/4871 4953/10635/4832 4923/10717/4855
f 4950/10766/4871 4923/10717/4855 4922/10716/4854
f 4950/10766/4871 4922/10716/4854 4951/10767/4872
f 4950/10768/4871 4951/10769/4872 4952/10770/4873
f 4950/10768/4871 4952/10770/4873 4953/10771/4832
f 4952/10770/4873 4951/10769/4872 4954/10772/4874
f 4952/10770/4873 4954/10772/4874 4905/10683/4847
f 4952/10770/4873 4905/10683/4847 4882/10682/4833
f 4952/10770/4873 4882/10682/4833 4953/10771/4832
f 4955/10773/4833 4906/10685/4833 4956/10684/4833
f 4955/10774/4833 4956/10775/4833 4957/10776/4875
f 4955/10774/4833 4957/10776/4875 4958/10777/4875
f 4955/10774/4833 4958/10777/4875 4909/10778/4833
f 4955/10773/4833 4909/10689/4833 4908/10688/4834
f 4955/10773/4833 4908/10688/4834 4906/10685/4833
f 4959/10779/4833 4909/10778/4833 4960/10780/4875
f 4959/10779/4833 4960/10780/4875 4961/10781/4875
f 4959/10779/4833 4961/10781/4875 4910/10782/4833
f 4959/10690/4833 4910/10693/4833 4885/10691/4833
f 4962/10783/4833 4912/10695/4833 4911/10694/4833
f 4962/10784/4833 4911/10785/4833 4963/10786/4875
f 4962/10784/4833 4963/10786/4875 4964/10787/4875
f 4962/10784/4833 4964/10787/4875 4914/10788/4833
f 4962/10783/4833 4914/10699/4833 4913/10698/4833
f 4962/10783/4833 4913/10698/4833 4912/10695/4833
f 4949/10789/4870 4948/10790/4844 4965/10791/4862
f 4949/10789/4870 4965/10791/4862 4942/10754/4866
f 4949/10789/4870 4942/10754/4866 4966/10792/4862
f 4949/10789/4870 4966/10792/4862 4944/10760/4867
f 4949/10789/4870 4944/10760/4867 4967/10793/4862
f 4949/10789/4870 4967/10793/4862 4873/10794/4826
f 4949/10765/4870 4873/10617/4826 4869/10607/4819
f 4949/10765/4870 4869/10607/4819 4679/10271/4692
f 4968/10795/4856 4969/10796/4837 4970/10797/4876
f 4968/10795/4856 4970/10797/4876 5001/10798/4877
f 4968/10722/4856 5001/10799/4877 4921/10713/4853
f 4968/10722/4856 4921/10713/4853 4920/10712/4837
f 4971/10800/4837 4893/10720/4837 4927/10728/4839
f 4971/10800/4837 4927/10728/4839 4972/10727/4837
f 4971/10801/4837 4972/10802/4837 4973/10803/4878
f 4971/10801/4837 4973/10803/4878 4974/10804/4878
f 4971/10801/4837 4974/10804/4878 4969/10796/4837
f 4971/10800/4837 4969/10721/4837 4893/10720/4837
f 4975/10805/4837 4895/10725/4837 4931/10735/4837
f 4975/10805/4837 4931/10735/4837 4930/10734/4837
f 4975/10806/4837 4930/10807/4837 4976/10808/4878
f 4975/10806/4837 4976/10808/4878 4977/10809/4878
f 4975/10806/4837 4977/10809/4878 4926/10810/4837
f 4975/10805/4837 4926/10726/4837 4895/10725/4837
f 4978/10811/4837 4932/10812/4857 4979/10813/4878
f 4978/10811/4837 4979/10813/4878 4980/10814/4878
f 4978/10811/4837 4980/10814/4878 4981/10815/4837
f 4978/10739/4837 4981/10733/4837 4928/10732/4837
f 4836/10534/4793 4940/10750/4864 4936/10743/4859
f 4836/10534/4793 4936/10743/4859 4841/10541/4796
f 4941/10753/4865 4863/10752/4812 4878/10627/4830
f 4941/10753/4865 4878/10627/4830 4876/10626/4829
f 4941/10753/4865 4876/10626/4829 4982/10816/4879
f 4941/10753/4865 4982/10816/4879 4966/10792/4862
f 4941/10753/4865 4966/10792/4862 4942/10754/4866
f 4983/10817/4880 4875/10623/4828 4871/10710/4825
f 4983/10818/4880 4871/10819/4825 4984/10820/4881
f 4983/10818/4880 4984/10820/4881 4945/10761/4868
f 4983/10818/4880 4945/10761/4868 4982/10816/4879
f 4983/10818/4880 4982/10816/4879 4875/10821/4828
f 4982/10816/4879 4876/10626/4829 4875/10821/4828
f 4984/10820/4881 4871/10819/4825 4897/10822/4824
f 4984/10823/4881 4897/10669/4824 4946/10668/4842
f 4984/10820/4881 4946/10762/4842 4945/10761/4868
f 4985/10824/4862 4948/10790/4844 4901/10755/4843
f 4985/10824/4862 4901/10755/4843 4942/10754/4866
f 4985/10824/4862 4942/10754/4866 4965/10791/4862
f 4985/10824/4862 4965/10791/4862 4948/10790/4844
f 4986/10825/4811 4859/10826/4808 4996/10827/4882
f 4986/10825/4811 4996/10827/4882 4987/10828/4883
f 4986/10582/4811 4987/10829/4883 4994/10830/4884
f 4986/10582/4811 4994/10830/4884 5012/10831/4885
f 4986/10582/4811 5012/10831/4885 4858/10832/4807
f 4986/10582/4811 4858/10832/4807 4856/10583/4806
f 4988/10833/4849 4914/10788/4833 4989/10834/4875
f 4988/10833/4849 4989/10834/4875 4990/10835/4886
f 4988/10833/4849 4990/10835/4886 4991/10836/4887
f 4988/10833/4849 4991/10836/4887 4932/10812/4857
f 4988/10837/4849 4932/10736/4857 4915/10703/4850
f 4945/10761/4868 4944/10760/4867 4966/10792/4862
f 4945/10761/4868 4966/10792/4862 4982/10816/4879
f 4992/10838/4862 4944/10760/4867 4938/10759/4861
f 4992/10838/4862 4938/10759/4861 4873/10794/4826
f 4992/10838/4862 4873/10794/4826 4967/10793/4862
f 4992/10838/4862 4967/10793/4862 4944/10760/4867
f 4995/10839/4888 4996/10840/4882 4859/10573/4808
f 4995/10839/4888 4859/10573/4808 4993/10841/4889
f 4995/10842/4888 4993/10843/4889 4994/10844/4884
f 4995/10845/4888 4994/10830/4884 4987/10829/4883
f 4995/10846/4888 4987/10847/4883 4996/10848/4882
f 4997/10849/4890 4905/10850/4847 4954/10851/4874
f 4997/10849/4890 4954/10851/4874 5001/10798/4877
f 4997/10849/4890 5001/10798/4877 4970/10797/4876
f 4997/10849/4890 4970/10797/4876 4957/10776/4875
f 4997/10849/4890 4957/10776/4875 4956/10775/4833
f 4997/10849/4890 4956/10775/4833 4905/10850/4847
f 4958/10777/4875 4957/10776/4875 4974/10804/4878
f 4958/10777/4875 4974/10804/4878 4973/10803/4878
f 4958/10777/4875 4973/10803/4878 4960/10780/4875
f 4958/10777/4875 4960/10780/4875 4909/10778/4833
f 4998/10852/4875 4910/10782/4833 4961/10781/4875
f 4998/10852/4875 4961/10781/4875 4977/10809/4878
f 4998/10852/4875 4977/10809/4878 4976/10808/4878
f 4998/10852/4875 4976/10808/4878 4963/10786/4875
f 4998/10852/4875 4963/10786/4875 4911/10785/4833
f 4998/10852/4875 4911/10785/4833 4910/10782/4833
f 4964/10787/4875 4963/10786/4875 4999/10853/4878
f 4964/10787/4875 4999/10853/4878 4980/10814/4878
f 4964/10787/4875 4980/10814/4878 4989/10834/4875
f 4964/10787/4875 4989/10834/4875 4914/10788/4833
f 5000/10854/4891 4922/10714/4854 4921/10713/4853
f 5000/10854/4891 4921/10713/4853 5001/10799/4877
f 5000/10855/4891 5001/10856/4877 5002/10857/4892
f 5000/10855/4891 5002/10857/4892 4951/10858/4872
f 5000/10859/4891 4951/10767/4872 4922/10716/4854
f 4974/10804/4878 4957/10776/4875 4970/10797/4876
f 4974/10804/4878 4970/10797/4876 4969/10796/4837
f 5003/10860/4878 4972/10802/4837 4926/10810/4837
f 5003/10860/4878 4926/10810/4837 4977/10809/4878
f 5003/10860/4878 4977/10809/4878 4961/10781/4875
f 5003/10860/4878 4961/10781/4875 4960/10780/4875
f 5003/10860/4878 4960/10780/4875 4973/10803/4878
f 5003/10860/4878 4973/10803/4878 4972/10802/4837
f 4999/10853/4878 4963/10786/4875 4976/10808/4878
f 4999/10853/4878 4976/10808/4878 4930/10807/4837
f 4999/10853/4878 4930/10807/4837 4981/10815/4837
f 4999/10853/4878 4981/10815/4837 4980/10814/4878
f 4979/10813/4878 4932/10812/4857 4991/10836/4887
f 4979/10813/4878 4991/10836/4887 4990/10835/4886
f 4979/10813/4878 4990/10835/4886 4989/10834/4875
f 4979/10813/4878 4989/10834/4875 4980/10814/4878
f 4954/10861/4874 4951/10858/4872 5002/10857/4892
f 4954/10862/4874 5002/10863/4892 5001/10864/4877
f 5005/10865/4893 4852/10567/4802 4855/10566/4805
f 5005/10866/4893 4855/10564/4805 5010/10867/4894
f 5005/10866/4893 5010/10867/4894 5013/10868/4895
f 5005/10869/4893 5013/10870/4895 5004/10871/4896
f 5005/10872/4893 5004/10873/4896 5006/10874/4803
f 5005/10865/4893 5006/10875/4803 4852/10567/4802
f 5007/10876/4897 4848/9724/4486 4399/9723/4485
f 5007/10877/4897 4399/9722/4485 4834/10531/4791
f 5007/10878/4897 4834/10879/4791 5026/10880/4898
f 5007/10878/4897 5026/10880/4898 5038/10881/4899
f 5007/10882/4897 5038/10883/4899 5008/10884/4900
f 5007/10882/4897 5008/10884/4900 5009/10885/4799
f 5007/10876/4897 5009/10886/4799 4848/9724/4486
f 5010/10867/4894 4855/10564/4805 4854/9702/4476
f 5010/10887/4894 4854/10562/4476 4853/10561/4804
f 5010/10887/4894 4853/10561/4804 5015/10888/4901
f 5010/10867/4894 5015/10889/4901 5013/10868/4895
f 5011/10890/4902 4859/10573/4808 4858/10572/4807
f 5011/10891/4902 4858/10892/4807 5012/10893/4885
f 5011/10894/4902 5012/10895/4885 5004/10896/4896
f 5011/10894/4902 5004/10896/4896 5013/10897/4895
f 5011/10890/4902 5013/10868/4895 5014/10898/4903
f 5011/10890/4902 5014/10898/4903 4859/10573/4808
f 5014/10898/4903 5013/10868/4895 5015/10889/4901
f 5014/10899/4903 5015/10900/4901 5016/10901/4904
f 5014/10902/4903 5016/10903/4904 4993/10843/4889
f 5014/10898/4903 4993/10841/4889 4859/10573/4808
f 4849/10904/4800 5009/10885/4799 5008/10884/4900
f 4849/10904/4800 5008/10884/4900 5017/10905/4905
f 4849/10906/4800 5017/10907/4905 5040/10528/4790
f 4849/10906/4800 5040/10528/4790 4850/9728/4488
f 5018/10908/4906 4577/10087/4611 4839/10086/4610
f 5018/10909/4906 4839/10539/4610 5019/10538/4795
f 5018/10910/4906 5019/10911/4795 5020/10912/4907
f 5018/10908/4906 5020/10913/4907 5021/10914/4908
f 5018/10908/4906 5021/10914/4908 4870/10915/4821
f 5018/10908/4906 4870/10915/4821 4577/10087/4611
f 4838/10536/4794 4581/10097/4615 5022/10916/4822
f 4838/10536/4794 5022/10916/4822 5036/10917/4909
f 4838/10536/4794 5036/10917/4909 5039/10918/4910
f 4838/10536/4794 5039/10918/4910 5023/10919/4911
f 4838/10536/4794 5023/10919/4911 5019/10537/4795
f 5024/10920/4912 5031/10921/4913 5033/10922/4914
f 5024/10923/4912 5033/10924/4914 5025/10925/4915
f 5024/10926/4912 5025/10927/4915 5026/10880/4898
f 5024/10920/4912 5026/10928/4898 5032/10929/4916
f 5024/10920/4912 5032/10929/4916 5031/10921/4913
f 5028/10930/4917 5027/10931/4918 5020/10912/4907
f 5028/10930/4917 5020/10912/4907 5023/10932/4911
f 5028/10933/4917 5023/10919/4911 5029/10934/4919
f 5028/10935/4917 5029/10936/4919 5035/10937/4920
f 5028/10930/4917 5035/10938/4920 5027/10931/4918
f 5030/10939/4921 5031/10940/4913 5032/10941/4916
f 5030/10939/4921 5032/10941/4916 5017/10907/4905
f 5030/10942/4921 5017/10905/4905 5008/10884/4900
f 5030/10942/4921 5008/10884/4900 5038/10883/4899
f 5030/10942/4921 5038/10883/4899 5033/10943/4914
f 5030/10939/4921 5033/10944/4914 5031/10940/4913
f 5034/10945/4922 5027/10946/4918 5035/10947/4920
f 5034/10948/4922 5035/10949/4920 5039/10950/4910
f 5034/10948/4922 5039/10950/4910 5036/10951/4909
f 5034/10948/4922 5036/10951/4909 5021/10952/4908
f 5034/10945/4922 5021/10914/4908 5020/10913/4907
f 5034/10945/4922 5020/10913/4907 5027/10946/4918
f 5016/10901/4904 5015/10900/4901 5037/10953/4923
f 5016/10954/4904 5037/10955/4923 4994/10830/4884
f 5016/10903/4904 4994/10844/4884 4993/10843/4889
f 5038/10881/4899 5026/10880/4898 5025/10927/4915
f 5038/10956/4899 5025/10925/4915 5033/10924/4914
f 5037/10953/4923 5015/10900/4901 4853/10957/4804
f 5037/10955/4923 4853/10559/4804 5006/10558/4803
f 5037/10955/4923 5006/10558/4803 5004/10958/4896
f 5037/10955/4923 5004/10958/4896 5012/10831/4885
f 5037/10955/4923 5012/10831/4885 4994/10830/4884
f 5029/10934/4919 5023/10919/4911 5039/10918/4910
f 5029/10936/4919 5039/10959/4910 5035/10937/4920
f 5032/10929/4916 5026/10928/4898 4834/10960/4791
f 5032/10929/4916 4834/10960/4791 5040/10961/4790
f 5032/10941/4916 5040/10528/4790 5017/10907/4905
f 5019/10911/4795 5023/10932/4911 5020/10912/4907
f 4870/10962/4821 5021/10952/4908 5036/10951/4909
f 4870/10962/4821 5036/10951/4909 5022/10963/4822
f 1196/10964/1259 5041/10965/1384 1197/10966/1260
f 1487/2793/1570 1672/2800/1574 1542/2794/1571
f 3380/7291/3506 3383/7317/3510 5042/10967/3508
f 2959/6310/3037 2977/6351/3055 2981/6329/3047
f 5043/10968/3961 3813/10969/3960 3817/10970/3966
f 3201/6873/3296 3310/7112/3408 3255/6962/3339
f 76/112/88 75/111/87 5045/10971/332
f 75/111/87 80/118/94 5045/10971/332
f 80/118/94 82/120/96 5045/10971/332
f 82/120/96 76/112/88 5045/10971/332
f 2680/5585/2750 2642/5249/4924 5046/10972/4925
f 2642/5249/4924 2167/4447/4926 5046/10972/4925
f 2167/4446/4926 2495/4954/4927 5046/10973/4925
f 2495/4954/4927 2680/5669/2750 5046/10973/4925
f 3770/8644/4928 3736/8238/4929 5047/10974/4930
f 3736/8238/4929 4182/8643/4055 5047/10974/4930
f 4182/8643/4055 4186/8239/4056 5047/10974/4930
f 4186/8239/4056 3770/8644/4928 5047/10974/4930
f 5049/7626/4931 3406/7627/3539 5048/10975/4932
f 3406/7629/3539 3591/7630/4933 5048/10976/4932
f 3591/7630/4933 3408/7628/4934 5048/10976/4932
f 3408/7628/4934 5049/10977/4931 5048/10976/4932
f 4552/10028/4593 4551/10025/4583 5050/10978/4935
f 4551/10025/4583 4549/10023/4581 5050/10978/4935
f 4549/10023/4581 4548/10022/4593 5050/10978/4935
f 4548/10022/4593 4552/10028/4593 5050/10978/4935
f 2676/5663/2779 2495/4954/4936 5051/10979/4937
f 2495/4954/4936 2493/5246/2635 5051/10979/4937
f 2493/10980/2635 2379/10981/4938 5051/10982/4937
f 2379/10981/4938 2676/10983/2779 5051/10982/4937
f 2643/10984/2751 2497/10985/2627 5052/10986/4939
f 2497/10985/2627 2646/10987/2677 5052/10986/4939
f 2646/5595/2677 2644/5589/2752 5052/10988/4939
f 2644/5589/2752 2643/5588/2751 5052/10988/4939
f 3622/7957/3755 5053/10989/4940 3620/7960/4941
f 3620/7938/3758 3621/7939/3760 5053/10990/4940
f 3621/7939/3760 3524/7937/4942 5053/10990/4940
f 3524/7934/4942 3622/7935/4943 5053/10991/4940
