# Blender 4.4.0
# www.blender.org
mtllib temp.mtl
o Mesh1.0
v 0.463796 -0.318982 -0.244618
v 0.542074 -0.318982 -0.244618
v 0.542074 -0.318982 -0.185910
v 0.463796 -0.318982 -0.189824
v 0.436399 -0.315068 -0.189824
v 0.436399 -0.315068 -0.240704
v 0.440313 -0.311155 -0.248532
v 0.483366 -0.315068 -0.252446
v 0.530333 -0.315068 -0.252446
v 0.569472 -0.307241 -0.248532
v 0.545988 -0.303327 -0.252446
v 0.577299 -0.291585 -0.248532
v 0.592955 -0.291585 -0.240704
v 0.585127 -0.303327 -0.236791
v 0.565558 -0.315068 -0.240704
v 0.565558 -0.311155 -0.189824
v 0.549902 -0.311155 -0.178082
v 0.463796 -0.315068 -0.178082
v -0.659491 -0.318982 -0.213307
v -0.624266 -0.318982 -0.205479
v -0.624266 -0.318982 -0.158513
v -0.686888 -0.318982 -0.154599
v -0.710372 -0.318982 -0.197652
v -0.714286 -0.315068 -0.213307
v -0.675147 -0.311155 -0.221135
v -0.624266 -0.315068 -0.217221
v -0.643836 -0.303327 -0.225049
v -0.612524 -0.295499 -0.225049
v -0.592955 -0.299413 -0.217221
v -0.604697 -0.315068 -0.201566
v -0.604697 -0.315068 -0.162427
v -0.585127 -0.307241 -0.197652
v -0.585127 -0.307241 -0.162427
v -0.596869 -0.307241 -0.150685
v -0.624266 -0.315068 -0.146771
v -0.710372 -0.318982 -0.154599
v -0.702544 -0.315068 -0.146771
v -0.733855 -0.307241 -0.146771
v -0.733855 -0.315068 -0.158513
v -0.733855 -0.315068 -0.197652
v -0.753425 -0.303327 -0.193738
v -0.741683 -0.307241 -0.213307
v 0.479452 -0.311155 -0.174168
v 0.436399 -0.303327 -0.174168
v 0.420744 -0.303327 -0.178082
v 0.463796 -0.318982 -0.166341
v 0.542074 -0.318982 -0.162427
v 0.542074 -0.318982 -0.103718
v 0.463796 -0.318982 -0.099804
v 0.436399 -0.315068 -0.107632
v 0.436399 -0.315068 -0.158513
v 0.436399 -0.311155 -0.170254
v 0.549902 -0.315068 -0.170254
v 0.565558 -0.315068 -0.162427
v 0.585127 -0.299413 -0.170254
v 0.585127 -0.303327 -0.158513
v 0.585127 -0.303327 -0.111546
v 0.565558 -0.315068 -0.111546
v 0.573385 -0.307241 -0.099804
v 0.538160 -0.315068 -0.095890
v -0.604697 -0.299413 -0.138943
v -0.686888 -0.311155 -0.142857
v 0.483366 -0.315068 -0.091977
v 0.561644 -0.303327 -0.091977
v 0.479452 -0.307241 -0.091977
v 0.440313 -0.311155 -0.095890
v 0.428571 -0.295499 -0.091977
v 0.412916 -0.299413 -0.099804
v 0.416830 -0.307241 -0.107632
v 0.463796 -0.318982 0.099804
v 0.542074 -0.318982 0.103718
v 0.463796 -0.318982 0.166340
v 0.436399 -0.315068 0.158513
v 0.436399 -0.315068 0.107632
v 0.510763 -0.127202 -0.174168
v 0.440313 -0.311155 0.095890
v 0.487280 -0.115460 -0.178082
v 0.483366 -0.315068 0.091977
v 0.467710 -0.127202 -0.174168
v 0.487280 -0.111546 -0.170254
v 0.538160 -0.315068 0.095890
v 0.542074 -0.318982 0.162427
v 0.526419 -0.115460 -0.170254
v 0.565558 -0.315068 0.111546
v 0.557730 -0.142857 -0.174168
v 0.565558 -0.315068 0.162427
v 0.549902 -0.315068 0.170254
v 0.502935 -0.103718 -0.158513
v 0.573385 -0.307241 0.099804
v 0.561644 -0.303327 0.091977
v 0.534247 -0.107632 -0.158513
v 0.589041 -0.287671 0.095890
v 0.561644 -0.127202 -0.170254
v 0.596869 -0.291585 0.103718
v 0.585127 -0.303327 0.111546
v -0.592955 -0.123288 -0.138943
v -0.573385 -0.142857 -0.138943
v -0.565558 -0.142857 -0.127202
v -0.686888 -0.318982 0.154599
v -0.589041 -0.111546 -0.127202
v -0.710372 -0.318982 0.178082
v -0.604697 -0.115460 -0.138943
v -0.710372 -0.318982 0.154599
v -0.702544 -0.315068 0.146771
v -0.600783 -0.111546 -0.236791
v -0.733855 -0.127202 -0.142857
v -0.675147 -0.315068 0.146771
v -0.757339 -0.135029 -0.221135
v -0.726027 -0.115460 -0.225049
v -0.624266 -0.318982 0.154599
v -0.698630 -0.115460 -0.150685
v -0.624266 -0.318982 0.205480
v -0.655577 -0.111546 -0.138943
v -0.686888 -0.318982 0.205480
v -0.733855 -0.315068 0.178082
v -0.663405 -0.123288 -0.123288
v -0.741683 -0.142857 -0.123288
v -0.495108 -0.123288 -0.052838
v -0.502935 -0.142857 -0.056751
v -0.714286 -0.318982 0.197652
v -0.491194 -0.127202 -0.068493
v -0.733855 -0.315068 0.197652
v -0.491194 -0.135029 -0.052838
v -0.753425 -0.307241 0.181996
v -0.479452 -0.127202 -0.037182
v -0.733855 -0.315068 0.158513
v -0.479452 -0.111546 -0.045010
v -0.733855 -0.307241 0.146771
v -0.499022 -0.107632 -0.056751
v -0.753425 -0.303327 0.158513
v -0.514677 -0.123288 -0.056751
v -0.753425 -0.295499 0.142857
v -0.009785 -0.127202 -0.001957
v -0.722113 -0.303327 0.142857
v -0.009785 -0.138943 0.001957
v -0.084149 -0.138943 -0.001957
v -0.604697 -0.307241 0.146771
v -0.088063 -0.127202 0.001957
v -0.009785 -0.119374 0.009785
v -0.671233 -0.311155 0.138943
v 0.048924 -0.142857 -0.009785
v -0.592955 -0.291585 0.142857
v -0.084149 -0.131115 -0.001957
v -0.577299 -0.295499 0.150685
v -0.084149 -0.123288 0.005871
v -0.585127 -0.307241 0.162427
v -0.009785 -0.119374 0.005871
v -0.604697 -0.315068 0.158513
v 0.052838 -0.135029 -0.013699
v -0.604697 -0.315068 0.201566
v 0.052838 -0.127202 0.005871
v 0.111546 -0.142857 0.001957
v -0.624266 -0.315068 0.217221
v 0.115460 -0.138943 0.009785
v -0.659491 -0.318982 0.217221
v 0.115460 -0.127202 0.001957
v 0.479452 -0.311155 0.174168
v 0.052838 -0.127202 -0.001957
v 0.545988 -0.307241 0.174168
v -0.009785 -0.127202 0.017613
v 0.549902 -0.311155 0.178082
v -0.009785 -0.138943 0.013699
v 0.463796 -0.315068 0.178082
v -0.088063 -0.127202 0.013699
v 0.436399 -0.303327 0.174168
v 0.436399 -0.311155 0.170254
v -0.138943 -0.131115 0.001957
v 0.412916 -0.299413 0.170254
v -0.138943 -0.142857 0.005871
v 0.416830 -0.307241 0.158513
v -0.107632 -0.142857 0.005871
v 0.197652 -0.131115 0.005871
v 0.272016 -0.127202 0.001957
v 0.197652 -0.135029 -0.009785
v 0.463796 -0.318982 0.185910
v 0.542074 -0.318982 0.185910
v 0.542074 -0.318982 0.244618
v 0.197652 -0.142857 0.009785
v 0.463796 -0.318982 0.244618
v -0.369863 -0.127202 0.111546
v -0.377691 -0.142857 0.115460
v 0.436399 -0.315068 0.240705
v -0.373777 -0.138943 0.099804
v 0.436399 -0.315068 0.189824
v -0.377691 -0.127202 0.095890
v 0.436399 -0.311155 0.181996
v -0.381605 -0.119374 0.107632
v -0.381605 -0.127202 0.119374
v -0.428571 -0.123288 0.099804
v 0.577299 -0.291585 0.174168
v -0.444227 -0.127202 0.119374
v 0.585127 -0.299413 0.181996
v -0.432485 -0.135029 0.123288
v 0.565558 -0.315068 0.189824
v -0.733855 -0.127202 0.142857
v -0.663405 -0.123288 0.123288
v -0.655577 -0.111546 0.142857
v 0.565558 -0.315068 0.240705
v -0.698630 -0.115460 0.150685
v -0.726027 -0.115460 0.225049
v 0.569472 -0.307241 0.248532
v 0.530333 -0.315068 0.252446
v -0.757339 -0.135029 0.221135
v -0.714286 -0.315068 0.213307
v -0.761252 -0.142857 0.142857
v 0.933464 -0.142857 0.225049
v 0.933464 -0.127202 0.279843
v -0.675147 -0.311155 0.221135
v 0.945205 -0.123288 0.279843
v -0.549902 -0.111546 0.138943
v -0.722113 -0.303327 0.221135
v -0.557730 -0.119374 0.131115
v -0.565558 -0.099804 0.127202
v -0.741683 -0.307241 0.213307
v -0.553816 -0.099804 0.174168
v -0.592955 -0.299413 0.217221
v -0.545988 -0.111546 0.225049
v -0.612524 -0.295499 0.225049
v -0.534247 -0.142857 0.232877
v 0.518591 -0.119374 0.248532
v -0.643836 -0.303327 0.225049
v 0.561644 -0.135029 0.248532
v 0.545988 -0.115460 0.244618
v 0.440313 -0.311155 0.248532
v 0.483366 -0.315068 0.252446
v 0.510763 -0.107632 0.244618
v 0.455969 -0.303327 0.252446
v 0.471624 -0.115460 0.248532
v 0.424658 -0.291585 0.252446
v 0.463796 -0.142857 0.252446
v 0.581213 -0.084149 -0.244618
v 0.412916 -0.295499 0.248532
v 0.628180 -0.138943 -0.244618
v 0.416830 -0.307241 0.240705
v 0.608611 -0.123288 -0.111546
v 0.581213 -0.084149 -0.127202
v 0.569472 -0.080235 -0.240704
v 0.545988 -0.303327 0.252446
v 0.581213 -0.076321 -0.248532
v 0.455969 -0.303327 -0.252446
v 0.416830 -0.076321 -0.248532
v 0.424658 -0.291585 -0.252446
v 0.545988 -0.056751 -0.248532
v 0.452055 -0.283757 -0.252446
v 0.585127 -0.056751 -0.244618
v 0.502935 -0.287671 -0.248532
v 0.596869 -0.072407 -0.248532
v 0.639922 -0.135029 -0.252446
v 0.416830 -0.307241 -0.240704
v 0.647750 -0.123288 -0.240704
v 0.647750 -0.138943 -0.240704
v 0.416830 -0.307241 -0.189824
v 0.592955 -0.060665 -0.240704
v 0.401174 -0.295499 -0.193738
v 0.616438 -0.088063 -0.131115
v 0.401174 -0.295499 -0.240704
v 0.647750 -0.123288 -0.119374
v 0.412916 -0.295499 -0.248532
v 0.620352 -0.080235 -0.115460
v 0.655577 -0.119374 -0.103718
v 0.585127 -0.303327 -0.189824
v 0.655577 -0.138943 -0.099804
v 0.600783 -0.291585 -0.228963
v 0.643836 -0.138943 -0.115460
v 0.596869 -0.291585 -0.185910
v -0.663405 -0.123288 -0.217221
v -0.702544 -0.127202 -0.217221
v -0.694716 -0.119374 -0.201566
v 0.585127 -0.299413 -0.181996
v -0.722113 -0.303327 -0.221135
v -0.655577 -0.119374 -0.201566
v -0.624266 -0.123288 -0.201566
v -0.753425 -0.287671 -0.217221
v -0.624266 -0.131115 -0.217221
v -0.737769 -0.279843 -0.225049
v -0.659491 -0.138943 -0.225049
v -0.608611 -0.131115 -0.158513
v -0.686888 -0.295499 -0.225049
v -0.632094 -0.123288 -0.162427
v -0.636008 -0.127202 -0.146771
v -0.608611 -0.138943 -0.146771
v -0.589041 -0.279843 -0.225049
v -0.569472 -0.119374 -0.123288
v -0.545988 -0.138943 -0.127202
v -0.561644 -0.138943 -0.115460
v 0.358121 -0.138943 -0.037182
v -0.569472 -0.272016 -0.217221
v 0.338552 -0.138943 -0.025440
v 0.346380 -0.127202 -0.017613
v -0.573385 -0.291585 -0.205479
v 0.362035 -0.131115 -0.029354
v 0.381605 -0.138943 -0.033268
v 0.409002 -0.283757 -0.174168
v -0.459883 -0.123288 -0.041096
v -0.452055 -0.127202 -0.052838
v 0.397260 -0.283757 -0.181996
v -0.471624 -0.111546 -0.056751
v -0.459883 -0.138943 -0.033268
v -0.009785 -0.131115 0.017613
v 0.545988 -0.307241 -0.174168
v 0.037182 -0.135029 0.017613
v 0.041096 -0.127202 0.005871
v 0.577299 -0.291585 -0.174168
v -0.084149 -0.127202 0.017613
v 0.600783 -0.272016 -0.178082
v -0.084149 -0.135029 0.009785
v 0.596869 -0.248532 -0.174168
v 0.600783 -0.272016 -0.170254
v -0.432485 -0.138943 0.095890
v -0.753425 -0.303327 -0.158513
v 0.647750 -0.123288 0.119374
v -0.753425 -0.295499 -0.142857
v 0.643836 -0.138943 0.115460
v 0.655577 -0.138943 0.099804
v -0.765166 -0.287671 -0.154599
v 0.655577 -0.119374 0.103718
v -0.765166 -0.291585 -0.193738
v 0.620352 -0.080235 0.115460
v 0.416830 -0.307241 -0.158513
v 0.616438 -0.088063 0.131115
v 0.647750 -0.123288 0.240705
v 0.401174 -0.295499 -0.111546
v -0.354207 -0.127202 0.111546
v -0.338552 -0.138943 0.111546
v 0.401174 -0.295499 -0.162427
v -0.350294 -0.131115 0.123288
v -0.358121 -0.119374 0.127202
v 0.412916 -0.299413 -0.170254
v -0.354207 -0.115460 0.111546
v -0.722113 -0.303327 -0.142857
v -0.342466 -0.119374 0.111546
v -0.737769 -0.275930 -0.138943
v -0.569472 -0.119374 0.123288
v -0.561644 -0.138943 0.115460
v -0.526419 -0.123288 0.115460
v -0.663405 -0.123288 0.217221
v 0.596869 -0.291585 -0.103718
v -0.659491 -0.138943 0.225049
v -0.624266 -0.131115 0.217221
v 0.589041 -0.287671 -0.095890
v -0.624266 -0.123288 0.201566
v 0.479452 -0.307241 0.091977
v -0.655577 -0.119374 0.201566
v 0.428571 -0.295499 0.091977
v -0.694716 -0.119374 0.201566
v -0.702544 -0.127202 0.217221
v 0.452055 -0.272016 0.091977
v 0.526419 -0.279843 0.091977
v 0.581213 -0.084149 0.244618
v 0.628180 -0.138943 0.244618
v 0.581213 -0.076321 0.248532
v 0.569472 -0.080235 0.240705
v 0.416830 -0.307241 0.107632
v 0.581213 -0.084149 0.127202
v 0.401174 -0.295499 0.154599
v 0.608611 -0.123288 0.111546
v 0.401174 -0.295499 0.107632
v 0.154599 -0.111546 -0.228963
v 0.150685 -0.135029 -0.225049
v 0.412916 -0.299413 0.099804
v 0.150685 -0.135029 -0.119374
v 0.585127 -0.303327 0.158513
v 0.150685 -0.115460 -0.111546
v 0.600783 -0.291585 0.119374
v 0.158513 -0.107632 -0.225049
v 0.596869 -0.291585 0.162427
v 0.158513 -0.111546 -0.232877
v 0.585127 -0.299413 0.170254
v 0.346380 -0.115460 -0.221135
v 0.338552 -0.115460 -0.232877
v 0.334638 -0.111546 -0.225049
v -0.737769 -0.275930 0.138943
v 0.334638 -0.107632 -0.119374
v -0.679061 -0.287671 0.138943
v 0.346380 -0.115460 -0.119374
v -0.753425 -0.303327 0.197652
v 0.346380 -0.135029 -0.217221
v 0.436399 -0.115460 -0.189824
v -0.765166 -0.291585 0.181996
v 0.416830 -0.135029 -0.178082
v 0.448141 -0.119374 -0.178082
v -0.585127 -0.307241 0.197652
v 0.463796 -0.107632 -0.189824
v -0.573385 -0.295499 0.166340
v -0.573385 -0.291585 0.205480
v 0.436399 -0.115460 -0.228963
v 0.412916 -0.131115 -0.193738
v 0.600783 -0.272016 0.170254
v 0.436399 -0.115460 -0.158513
v 0.432485 -0.115460 -0.115460
v 0.448141 -0.111546 -0.111546
v 0.416830 -0.307241 0.189824
v 0.463796 -0.103718 -0.158513
v 0.409002 -0.295499 0.178082
v 0.448141 -0.119374 -0.170254
v 0.416830 -0.135029 -0.170254
v -0.221135 -0.135029 -0.135029
v -0.154599 -0.131115 -0.150685
v 0.401174 -0.295499 0.232877
v -0.221135 -0.131115 -0.162427
v -0.272016 -0.127202 -0.131115
v 0.401174 -0.295499 0.189824
v -0.272016 -0.135029 -0.107632
v -0.291585 -0.131115 -0.103718
v 0.585127 -0.303327 0.236791
v 0.585127 -0.303327 0.189824
v -0.291585 -0.123288 -0.111546
v 0.600783 -0.291585 0.197652
v -0.272016 -0.107632 -0.119374
v 0.596869 -0.291585 0.240705
v -0.264188 -0.127202 -0.107632
v 0.600783 -0.272016 0.178082
v -0.248532 -0.107632 -0.107632
v 0.596869 -0.291585 0.185910
v -0.174168 -0.127202 -0.107632
v -0.753425 -0.287671 0.217221
v -0.248532 -0.135029 -0.103718
v -0.765166 -0.287671 0.205480
v 0.346380 -0.111546 -0.103718
v 0.346380 -0.135029 -0.103718
v 0.577299 -0.291585 0.252446
v 0.342466 -0.084149 -0.115460
v 0.549902 -0.283757 0.252446
v 0.420744 -0.103718 -0.111546
v 0.549902 -0.115460 -0.103718
v 0.502935 -0.287671 0.248532
v 0.557730 -0.115460 -0.158513
v 0.514677 -0.103718 -0.115460
v 0.397260 -0.272016 -0.248532
v 0.581213 -0.123288 -0.099804
v 0.405088 -0.248532 -0.248532
v 0.581213 -0.135029 -0.099804
v 0.068493 -0.127202 -0.107632
v 0.432485 -0.260274 -0.248532
v -0.017613 -0.127202 -0.111546
v 0.045010 -0.107632 -0.111546
v -0.694716 -0.279843 -0.225049
v 0.146771 -0.107632 -0.111546
v -0.663405 -0.283757 -0.228963
v 0.146771 -0.135029 -0.095890
v 0.146771 -0.123288 -0.068493
v 0.150685 -0.135029 -0.072407
v 0.228963 -0.123288 -0.068493
v -0.577299 -0.295499 -0.150685
v 0.146771 -0.119374 -0.060665
v -0.573385 -0.275930 -0.142857
v 0.013699 -0.123288 -0.068493
v -0.581213 -0.248532 -0.138943
v 0.045010 -0.135029 -0.068493
v -0.639922 -0.268102 -0.138943
v -0.679061 -0.287671 -0.138943
v -0.495108 -0.115460 -0.076321
v -0.467710 -0.123288 -0.060665
v -0.471624 -0.135029 -0.056751
v -0.690802 -0.268102 -0.138943
v -0.718200 -0.244618 -0.138943
v -0.330724 -0.123288 -0.052838
v -0.334638 -0.135029 -0.052838
v -0.753425 -0.228963 -0.138943
v -0.322896 -0.123288 -0.064579
v -0.765166 -0.264188 -0.142857
v -0.232877 -0.119374 -0.060665
v 0.393346 -0.279843 0.103718
v -0.330724 -0.123288 0.052838
v 0.405088 -0.275930 0.095890
v -0.346380 -0.135029 0.001957
v -0.686888 -0.295499 0.225049
v -0.663405 -0.283757 0.228963
v -0.103718 -0.135029 -0.005871
v -0.694716 -0.279843 0.228963
v 0.279843 -0.123288 0.001957
v 0.275930 -0.135029 0.021526
v -0.737769 -0.279843 0.225049
v 0.228963 -0.123288 0.068493
v 0.205480 -0.119374 0.060665
v -0.765166 -0.287671 -0.205479
v 0.205480 -0.119374 -0.060665
v -0.772994 -0.272016 -0.193738
v -0.228963 -0.123288 0.068493
v -0.056751 -0.135029 0.068493
v -0.772994 -0.264188 -0.213307
v -0.256360 -0.135029 0.072407
v -0.322896 -0.123288 0.064579
v -0.573385 -0.295499 -0.166341
v -0.232877 -0.119374 0.060665
v -0.561644 -0.272016 -0.201566
v -0.561644 -0.272016 -0.162427
v 0.013699 -0.123288 0.068493
v -0.475538 -0.127202 0.095890
v -0.463796 -0.127202 0.107632
v 0.393346 -0.244618 -0.174168
v -0.475538 -0.127202 0.150685
v -0.487280 -0.123288 0.091977
v 0.385519 -0.252446 -0.181996
v -0.487280 -0.123288 -0.091977
v 0.389432 -0.275930 -0.193738
v -0.463796 -0.127202 -0.091977
v -0.463796 -0.127202 0.080235
v 0.405088 -0.275930 -0.095890
v -0.471624 -0.135029 0.076321
v 0.001957 -0.127202 0.107632
v 0.393346 -0.279843 -0.103718
v -0.052838 -0.135029 0.095890
v 0.146771 -0.135029 0.095890
v 0.526419 -0.279843 -0.091977
v 0.150685 -0.115460 0.111546
v 0.565558 -0.264188 -0.091977
v 0.045010 -0.107632 0.111546
v 0.534247 -0.268102 -0.088063
v -0.080235 -0.107632 0.111546
v 0.463796 -0.268102 -0.088063
v -0.095890 -0.127202 0.107632
v 0.452055 -0.272016 -0.091977
v 0.444227 -0.244618 -0.091977
v -0.174168 -0.127202 0.107632
v 0.428571 -0.244618 -0.091977
v -0.189824 -0.107632 0.107632
v -0.248532 -0.107632 0.107632
v -0.264188 -0.127202 0.107632
v 0.397260 -0.279843 0.170254
v 0.389432 -0.275930 0.158513
v -0.248532 -0.135029 0.103718
v 0.346380 -0.115460 0.119374
v 0.389432 -0.279843 0.115460
v 0.346380 -0.135029 0.115460
v 0.342466 -0.135029 0.107632
v -0.573385 -0.275930 0.146771
v 0.346380 -0.111546 0.103718
v -0.561644 -0.272016 0.162427
v 0.334638 -0.107632 0.119374
v 0.397260 -0.272016 0.248532
v 0.346380 -0.115460 0.225049
v -0.240704 -0.135029 0.135029
v 0.393346 -0.279843 0.240705
v -0.232877 -0.135029 0.162427
v -0.150685 -0.131115 0.142857
v 0.608611 -0.275930 0.232877
v -0.154599 -0.135029 0.123288
v 0.436399 -0.115460 0.158513
v 0.604697 -0.272016 0.244618
v 0.416830 -0.135029 0.170254
v 0.448141 -0.119374 0.170254
v 0.549902 -0.283757 -0.252446
v 0.463796 -0.103718 0.158513
v 0.448141 -0.111546 0.111546
v 0.526419 -0.272016 -0.244618
v 0.432485 -0.115460 0.115460
v 0.553816 -0.244618 -0.248532
v 0.412916 -0.131115 0.154599
v 0.589041 -0.264188 -0.248532
v 0.604697 -0.272016 -0.244618
v 0.608611 -0.275930 -0.232877
v -0.679061 -0.260274 -0.248532
v -0.651663 -0.256360 -0.252446
v 0.448141 -0.119374 0.178082
v -0.636008 -0.272016 -0.228963
v 0.416830 -0.135029 0.178082
v 0.436399 -0.115460 0.189824
v 0.596869 -0.291585 -0.162427
v 0.463796 -0.107632 0.189824
v 0.487280 -0.115460 0.178082
v 0.608611 -0.272016 -0.158513
v 0.467710 -0.127202 0.174168
v -0.679061 -0.107632 0.225049
v 0.600783 -0.291585 -0.119374
v -0.686888 -0.099804 0.236791
v 0.608611 -0.272016 -0.111546
v -0.749511 -0.119374 0.236791
v 0.604697 -0.272016 -0.099804
v 0.745597 -0.115460 0.268102
v 0.757339 -0.135029 0.272016
v 0.608611 -0.232877 -0.095890
v 0.855186 -0.115460 0.268102
v 0.585127 -0.232877 -0.091977
v -0.847358 -0.111546 -0.221135
v -0.800391 -0.131115 -0.236791
v -0.859100 -0.127202 -0.236791
v 0.565558 -0.264188 0.091977
v -0.863014 -0.103718 -0.228963
v -0.808219 -0.107632 -0.228963
v 0.534247 -0.268102 0.088063
v 0.542074 -0.244618 0.088063
v -0.816047 -0.111546 -0.213307
v 0.573385 -0.244618 0.091977
v -0.776908 -0.095890 -0.236791
v -0.749511 -0.099804 -0.240704
v -0.784736 -0.123288 -0.236791
v 0.604697 -0.272016 0.103718
v 0.557730 -0.115460 -0.232877
v 0.608611 -0.272016 0.115460
v 0.545988 -0.115460 -0.244618
v 0.530333 -0.107632 -0.236791
v 0.530333 -0.107632 -0.189824
v -0.765166 -0.264188 0.142857
v 0.557730 -0.115460 -0.189824
v -0.753425 -0.228963 0.138943
v 0.581213 -0.131115 -0.232877
v -0.718200 -0.244618 0.138943
v 0.581213 -0.131115 -0.185910
v -0.694716 -0.123288 -0.162427
v -0.663405 -0.119374 -0.150685
v -0.690802 -0.268102 0.138943
v -0.663405 -0.115460 -0.166341
v -0.765166 -0.287671 0.154599
v -0.722113 -0.131115 -0.201566
v -0.772994 -0.272016 0.181996
v -0.722113 -0.131115 -0.158513
v -0.772994 -0.264188 0.154599
v 0.581213 -0.131115 -0.162427
v 0.409002 -0.283757 0.178082
v 0.420744 -0.123288 0.099804
v 0.393346 -0.260274 0.178082
v 0.412916 -0.131115 0.107632
v 0.393346 -0.244618 0.178082
v -0.291585 -0.123288 0.135029
v -0.291585 -0.131115 0.115460
v 0.608611 -0.272016 0.193738
v -0.272016 -0.127202 0.131115
v -0.272016 -0.107632 0.119374
v -0.772994 -0.264188 0.213307
v -0.291585 -0.107632 0.115460
v -0.772994 -0.272016 0.201566
v -0.291585 -0.123288 0.111546
v -0.722113 -0.260274 0.225049
v -0.322896 -0.107632 0.107632
v -0.765166 -0.248532 0.221135
v -0.346380 -0.123288 0.111546
v -0.589041 -0.279843 0.225049
v -0.350294 -0.127202 0.107632
v -0.616438 -0.248532 0.228963
v -0.334638 -0.131115 0.131115
v -0.636008 -0.272016 0.228963
v -0.342466 -0.111546 0.127202
v 0.452055 -0.283757 0.252446
v -0.632094 -0.123288 0.162427
v 0.475538 -0.272016 0.244618
v -0.663405 -0.119374 0.150685
v -0.663405 -0.115460 0.166340
v 0.448141 -0.244618 0.244618
v -0.608611 -0.131115 0.158513
v 0.424658 -0.236791 0.248532
v 0.354207 -0.123288 0.131115
v 0.365949 -0.131115 0.158513
v 0.362035 -0.131115 0.240705
v 0.405088 -0.256360 0.248532
v 0.354207 -0.123288 0.244618
v 0.350294 -0.115460 0.138943
v 0.608611 -0.272016 -0.193738
v 0.342466 -0.084149 0.115460
v 0.612525 -0.244618 -0.185910
v 0.346380 -0.084149 0.103718
v 0.608611 -0.228963 -0.178082
v 0.393346 -0.103718 0.111546
v 0.397260 -0.279843 -0.170254
v 0.369863 -0.127202 0.131115
v 0.389432 -0.279843 -0.158513
v 0.373777 -0.131115 0.240705
v 0.377691 -0.127202 0.158513
v 0.381605 -0.256360 -0.162427
v 0.412916 -0.084149 0.240705
v 0.385519 -0.244618 -0.170254
v 0.377691 -0.123288 0.252446
v -0.569472 -0.272016 0.217221
v -0.561644 -0.272016 0.201566
v 0.412916 -0.088063 0.131115
v -0.557730 -0.248532 0.205480
v -0.561644 -0.236791 0.217221
v 0.557730 -0.115460 0.189824
v 0.561644 -0.127202 0.178082
v -0.577299 -0.248532 0.225049
v 0.526419 -0.115460 0.178082
v 0.393346 -0.279843 -0.240704
v 0.530333 -0.107632 0.189824
v 0.389432 -0.279843 -0.221135
v 0.557730 -0.115460 0.232877
v 0.381605 -0.256360 -0.236791
v 0.385519 -0.248532 -0.244618
v 0.581213 -0.131115 0.232877
v 0.412916 -0.076321 0.248532
v 0.636008 -0.295499 -0.248532
v 0.377691 -0.099804 0.252446
v 0.643836 -0.295499 -0.248532
v 0.639922 -0.295499 -0.131115
v 0.636008 -0.295499 -0.127202
v -0.878669 -0.107632 -0.228963
v -0.874755 -0.127202 -0.232877
v 0.632094 -0.291585 -0.244618
v -0.890411 -0.123288 -0.221135
v 0.636008 -0.248532 -0.252446
v -0.894325 -0.107632 -0.213307
v 0.639922 -0.244618 -0.256360
v -0.890411 -0.095890 -0.221135
v 0.647750 -0.295499 -0.123288
v 0.647750 -0.291585 -0.244618
v 0.855186 -0.099804 -0.244618
v 0.647750 -0.291585 -0.127202
v 0.859100 -0.123288 -0.232877
v 0.647750 -0.248532 -0.119374
v 0.847358 -0.127202 -0.217221
v 0.855186 -0.127202 -0.217221
v 0.639922 -0.252446 -0.119374
v 0.866928 -0.115460 -0.209393
v 0.870842 -0.088063 -0.236791
v 0.647750 -0.244618 -0.252446
v 0.851272 -0.080235 -0.252446
v 0.639922 -0.193738 -0.244618
v 0.855186 -0.099804 -0.260274
v -0.953033 -0.099804 -0.170254
v 0.647750 -0.193738 -0.240704
v -0.941292 -0.127202 -0.174168
v -0.949119 -0.127202 -0.158513
v 0.647750 -0.244618 -0.244618
v -0.945205 -0.095890 -0.150685
v -0.933464 -0.084149 -0.189824
v -0.616438 -0.248532 -0.228963
v -0.937378 -0.095890 -0.181996
v -0.933464 -0.103718 -0.174168
v -0.636008 -0.248532 -0.248532
v -0.632094 -0.225049 -0.252446
v 0.526419 -0.115460 -0.178082
v -0.612524 -0.217221 -0.228963
v 0.499022 -0.103718 -0.189824
v -0.577299 -0.248532 -0.225049
v 0.389432 -0.279843 -0.119374
v 0.381605 -0.256360 -0.111546
v -0.080235 -0.107632 -0.111546
v -0.095890 -0.127202 -0.107632
v -0.557730 -0.248532 -0.205479
v -0.189824 -0.107632 -0.107632
v -0.557730 -0.240704 -0.158513
v -0.178082 -0.084149 -0.119374
v -0.565558 -0.252446 -0.146771
v -0.056751 -0.084149 -0.119374
v -0.769080 -0.221135 -0.142857
v -0.272016 -0.084149 -0.119374
v -0.776908 -0.244618 -0.154599
v -0.772994 -0.268102 -0.158513
v -0.487280 -0.115460 -0.091977
v 0.632094 -0.287671 -0.135029
v -0.471624 -0.115460 -0.119374
v -0.463796 -0.123288 -0.115460
v 0.636008 -0.248532 -0.127202
v 0.636008 -0.244618 -0.244618
v 0.643836 -0.201566 -0.119374
v -0.354207 -0.123288 0.154599
v 0.636008 -0.201566 -0.119374
v -0.350294 -0.115460 0.158513
v -0.377691 -0.115460 0.162427
v 0.432485 -0.240704 -0.080235
v -0.475538 -0.123288 0.158513
v 0.401174 -0.240704 -0.091977
v -0.178082 -0.084149 0.119374
v -0.272016 -0.084149 0.119374
v 0.428571 -0.244618 0.091977
v 0.401174 -0.240704 0.091977
v -0.694716 -0.119374 0.181996
v 0.432485 -0.240704 0.080235
v 0.444227 -0.244618 0.091977
v -0.702544 -0.127202 0.146771
v -0.491194 -0.119374 0.150685
v 0.381605 -0.256360 0.158513
v -0.475538 -0.115460 0.158513
v 0.381605 -0.256360 0.111546
v -0.487280 -0.103718 0.146771
v 0.636008 -0.295499 0.107632
v -0.487280 -0.115460 0.091977
v 0.647750 -0.295499 0.111546
v 0.643836 -0.295499 0.248532
v -0.953033 -0.099804 0.170254
v 0.636008 -0.295499 0.244618
v -0.949119 -0.127202 0.158513
v 0.632094 -0.287671 0.111546
v -0.941292 -0.127202 0.174168
v 0.636008 -0.248532 0.103718
v -0.933464 -0.103718 0.174168
v 0.639922 -0.252446 0.099804
v -0.937378 -0.095890 0.181996
v -0.933464 -0.084149 0.189824
v 0.643836 -0.291585 0.103718
v -0.945205 -0.095890 0.150685
v 0.647750 -0.248532 0.103718
v 0.416830 -0.084149 0.115460
v 0.420744 -0.080235 0.240705
v 0.643836 -0.201566 0.099804
v 0.647750 -0.197652 0.107632
v 0.534247 -0.107632 0.158513
v 0.561644 -0.127202 0.170254
v 0.647750 -0.244618 0.244618
v 0.557730 -0.115460 0.158513
v 0.549902 -0.115460 0.103718
v 0.647750 -0.291585 0.244618
v 0.514677 -0.103718 0.115460
v 0.647750 -0.244618 0.252446
v 0.502935 -0.103718 0.158513
v -0.565558 -0.252446 0.146771
v 0.526419 -0.115460 0.170254
v -0.557730 -0.240704 0.158513
v 0.487280 -0.111546 0.170254
v 0.510763 -0.127202 0.174168
v 0.389432 -0.275930 0.185910
v 0.389432 -0.279843 0.209393
v 0.381605 -0.256360 0.193738
v 0.499022 -0.103718 0.189824
v 0.381605 -0.244618 0.181996
v -0.878669 -0.107632 0.228963
v -0.863014 -0.103718 0.228963
v -0.890411 -0.095890 0.221135
v 0.381605 -0.256360 0.236791
v -0.894325 -0.107632 0.213307
v -0.890411 -0.123288 0.221135
v 0.639922 -0.244618 0.252446
v -0.874755 -0.127202 0.232877
v 0.639922 -0.193738 0.244618
v 0.444227 -0.115460 0.244618
v 0.632094 -0.197652 0.240705
v 0.475538 -0.107632 0.244618
v 0.636008 -0.244618 0.244618
v 0.463796 -0.107632 0.232877
v 0.632094 -0.287671 0.236791
v 0.436399 -0.115460 0.228963
v 0.636008 -0.244618 0.111546
v 0.416830 -0.127202 0.240705
v 0.863014 -0.123288 -0.275930
v 0.581213 -0.217221 -0.248532
v 0.855186 -0.115460 -0.268102
v 0.608611 -0.232877 -0.244618
v 0.866928 -0.119374 -0.256360
v -0.906067 -0.123288 -0.201566
v -0.913894 -0.111546 -0.197652
v 0.632094 -0.197652 -0.240704
v -0.679061 -0.107632 -0.225049
v -0.350294 -0.123288 -0.119374
v 0.616438 -0.248532 -0.232877
v -0.393346 -0.107632 -0.119374
v -0.561644 -0.236791 -0.217221
v -0.346380 -0.107632 -0.115460
v -0.322896 -0.107632 -0.107632
v -0.381605 -0.103718 -0.095890
v -0.780822 -0.248532 -0.197652
v -0.326810 -0.099804 -0.099804
v 0.616438 -0.248532 -0.158513
v 0.616438 -0.244618 -0.107632
v -0.326810 -0.041096 -0.127202
v 0.608611 -0.272016 0.158513
v 0.616438 -0.248532 0.115460
v 0.612525 -0.244618 0.162427
v 0.475538 -0.103718 -0.115460
v 0.506849 -0.084149 -0.119374
v -0.639922 -0.268102 0.138943
v 0.573385 -0.084149 -0.119374
v -0.651663 -0.260274 0.135029
v -0.514677 -0.123288 -0.072407
v -0.636008 -0.248532 0.135029
v -0.228963 -0.123288 -0.068493
v -0.624266 -0.240704 0.138943
v -0.581213 -0.248532 0.142857
v -0.592955 -0.185910 0.138943
v -0.565558 -0.221135 0.142857
v 0.589041 -0.119374 0.001957
v 0.592955 -0.123288 -0.068493
v 0.592955 -0.123288 0.068493
v 0.405088 -0.119374 0.060665
v 0.405088 -0.119374 -0.060665
v 0.596869 -0.248532 0.174168
v 0.146771 -0.123288 0.068493
v 0.608611 -0.228963 0.170254
v -0.483366 -0.103718 0.091977
v 0.592955 -0.185910 0.174168
v -0.483366 -0.103718 -0.091977
v 0.608611 -0.228963 0.178082
v 0.420744 -0.103718 0.111546
v 0.475538 -0.103718 0.115460
v 0.612525 -0.244618 0.185910
v 0.616438 -0.248532 0.232877
v 0.581213 -0.123288 0.099804
v 0.573385 -0.084149 0.119374
v 0.506849 -0.084149 0.119374
v 0.401174 -0.205479 0.252446
v 0.385519 -0.232877 0.248532
v -0.346380 -0.107632 0.107632
v -0.330724 -0.099804 0.099804
v 0.589041 -0.264188 0.248532
v -0.346380 -0.103718 -0.107632
v 0.608611 -0.232877 0.244618
v -0.362035 -0.103718 0.091977
v 0.581213 -0.217221 0.248532
v -0.354207 -0.103718 0.150685
v 0.553816 -0.244618 0.248532
v 0.475538 -0.272016 -0.244618
v -0.322896 -0.123288 0.115460
v -0.589041 -0.111546 0.127202
v 0.448141 -0.244618 -0.244618
v -0.592955 -0.123288 0.138943
v -0.604697 -0.115460 0.138943
v 0.463796 -0.260274 -0.236791
v 0.491194 -0.272016 -0.236791
v 0.506849 -0.275930 -0.244618
v -0.600783 -0.111546 0.236791
v -0.589041 -0.115460 0.236791
v 0.514677 -0.272016 -0.236791
v -0.585127 -0.107632 0.244618
v 0.534247 -0.260274 -0.236791
v -0.765166 -0.248532 -0.221135
v -0.776908 -0.236791 -0.213307
v -0.420744 -0.103718 0.154599
v -0.765166 -0.209393 -0.221135
v -0.913894 -0.111546 0.197652
v -0.733855 -0.225049 -0.225049
v -0.906067 -0.123288 0.201566
v -0.722113 -0.260274 -0.225049
v 0.217221 -0.115460 0.232877
v 0.275930 -0.123288 0.236791
v 0.338552 -0.115460 0.232877
v 0.334638 -0.111546 0.225049
v -0.624266 -0.240704 -0.138943
v 0.158513 -0.107632 0.225049
v -0.636008 -0.248532 -0.135029
v 0.158513 -0.115460 0.232877
v -0.651663 -0.260274 -0.135029
v -0.616438 -0.091977 0.240705
v 0.608611 -0.232877 0.099804
v -0.686888 -0.084149 0.236791
v -0.749511 -0.099804 0.240705
v 0.608611 -0.240704 0.080235
v 0.628180 -0.225049 0.084149
v -0.761252 -0.123288 0.240705
v 0.620352 -0.217221 0.099804
v 0.592955 -0.060665 0.240705
v 0.608611 -0.185910 0.095890
v 0.596869 -0.060665 0.138943
v 0.616438 -0.205479 0.107632
v 0.581213 -0.048924 0.240705
v 0.585127 -0.056751 0.248532
v 0.596869 -0.072407 0.248532
v 0.636008 -0.201566 0.107632
v 0.354207 -0.115460 0.240705
v 0.377691 -0.088063 0.240705
v -0.733855 -0.225049 0.225049
v -0.765166 -0.209393 0.221135
v 0.855186 -0.099804 0.244618
v 0.859100 -0.123288 0.244618
v -0.776908 -0.236791 0.213307
v 0.855186 -0.099804 0.260274
v 0.851272 -0.080235 0.252446
v 0.526419 -0.272016 0.244618
v 0.870842 -0.088063 0.236791
v 0.745597 -0.060665 -0.275930
v 0.741683 -0.119374 -0.275930
v 0.534247 -0.260274 0.236791
v 0.733855 -0.048924 -0.279843
v 0.514677 -0.272016 0.236791
v 0.741683 0.001957 -0.275930
v 0.506849 -0.275930 0.244618
v 0.741683 -0.001957 -0.264188
v 0.491194 -0.272016 0.236791
v 0.741683 -0.001957 -0.248532
v 0.463796 -0.260274 0.236791
v 0.741683 -0.091977 -0.248532
v 0.436399 -0.213307 -0.244618
v 0.745597 -0.115460 -0.268102
v 0.444227 -0.209393 -0.236791
v 0.510763 -0.107632 -0.244618
v 0.448141 -0.236791 -0.236791
v 0.518591 -0.119374 -0.248532
v 0.471624 -0.115460 -0.248532
v -0.651663 -0.256360 0.252446
v 0.475538 -0.107632 -0.244618
v -0.636008 -0.248532 0.248532
v 0.499022 -0.103718 -0.232877
v -0.651663 -0.236791 0.256360
v -0.679061 -0.260274 0.252446
v -0.690802 -0.228963 0.256360
v 0.655577 -0.107632 -0.099804
v -0.698630 -0.248532 0.248532
v 0.632094 -0.080235 -0.099804
v 0.655577 -0.107632 -0.060665
v -0.718200 -0.236791 -0.228963
v 0.667319 -0.107632 -0.072407
v -0.706458 -0.260274 -0.228963
v 0.714286 -0.107632 -0.099804
v -0.698630 -0.248532 -0.248532
v 0.718200 -0.115460 -0.103718
v -0.698630 -0.225049 -0.252446
v 0.859100 -0.080235 -0.099804
v -0.682975 -0.236791 -0.256360
v 0.859100 -0.119374 -0.103718
v 0.855186 -0.080235 -0.103718
v 0.389432 -0.248532 -0.095890
v 0.855186 -0.076321 -0.095890
v 0.859100 -0.080235 0.099804
v 0.393346 -0.185910 -0.095890
v 0.863014 -0.119374 -0.095890
v 0.381605 -0.213307 -0.103718
v 0.655577 -0.107632 0.099804
v -0.639922 -0.279843 -0.013699
v -0.686888 -0.279843 -0.017613
v 0.718200 -0.115460 0.103718
v -0.643836 -0.275930 -0.033268
v 0.714286 -0.107632 0.099804
v -0.639922 -0.268102 -0.041096
v -0.636008 -0.272016 -0.025440
v 0.667319 -0.107632 0.072407
v -0.636008 -0.275930 0.021526
v 0.655577 -0.107632 0.060665
v -0.643836 -0.279843 0.017613
v 0.632094 -0.080235 0.099804
v -0.690802 -0.279843 0.009785
v -0.698630 -0.279843 0.001957
v -0.510763 -0.091977 0.119374
v -0.694716 -0.275930 0.029354
v -0.553816 -0.091977 0.142857
v -0.702544 -0.275930 0.021526
v 0.866928 -0.072407 0.248532
v -0.702544 -0.275930 -0.017613
v 0.874755 -0.091977 0.260274
v -0.694716 -0.275930 -0.029354
v 0.882583 -0.119374 0.244618
v -0.702544 -0.268102 -0.041096
v 0.874755 -0.119374 0.232877
v 0.718200 -0.048924 -0.275930
v 0.718200 -0.115460 -0.275930
v 0.714286 -0.103718 -0.275930
v 0.710372 -0.060665 -0.268102
v 0.718200 0.001957 -0.275930
v -0.643836 -0.272016 0.041096
v -0.702544 -0.268102 0.041096
v 0.726027 -0.088063 -0.248532
v -0.636008 -0.268102 0.009785
v 0.726027 -0.088063 -0.123288
v -0.636008 -0.256360 0.041096
v 0.737769 -0.091977 -0.060665
v -0.636008 -0.248532 0.064579
v 0.722113 -0.103718 -0.244618
v 0.471624 -0.279843 0.001957
v 0.745597 -0.107632 -0.248532
v 0.455969 -0.275930 -0.017613
v 0.444227 -0.115460 -0.244618
v 0.483366 -0.275930 -0.017613
v 0.463796 -0.107632 -0.232877
v 0.483366 -0.275930 0.017613
v 0.455969 -0.275930 0.025440
v 0.287671 -0.115460 -0.236791
v 0.440313 -0.275930 0.005871
v 0.315068 -0.111546 -0.213307
v 0.514677 -0.279843 0.001957
v 0.542074 -0.275930 -0.017613
v 0.542074 -0.275930 0.009785
v -0.686888 -0.099804 -0.236791
v 0.522505 -0.275930 0.025440
v 0.874755 -0.115460 -0.217221
v 0.878669 -0.099804 -0.240704
v 0.874755 -0.080235 -0.256360
v 0.522505 -0.272016 -0.025440
v 0.866928 -0.072407 -0.248532
v 0.463796 -0.268102 0.088063
v 0.455969 -0.260274 0.060665
v -0.483366 -0.095890 -0.088063
v 0.471624 -0.264188 0.064579
v -0.475538 -0.091977 -0.103718
v 0.389432 -0.248532 0.099804
v -0.467710 -0.103718 -0.119374
v 0.381605 -0.213307 0.103718
v 0.393346 -0.185910 0.095890
v 0.072407 -0.084149 -0.119374
v 0.150685 -0.084149 -0.119374
v 0.385519 -0.244618 0.170254
v 0.377691 -0.225049 0.162427
v 0.248532 -0.084149 -0.119374
v 0.385519 -0.213307 0.178082
v 0.162427 -0.107632 -0.138943
v 0.397260 -0.185910 0.178082
v 0.690802 -0.103718 -0.095890
v 0.690802 -0.107632 -0.158513
v -0.612524 -0.217221 0.228963
v 0.714286 -0.107632 -0.248532
v -0.632094 -0.225049 0.252446
v 0.772994 -0.080235 -0.103718
v 0.757339 -0.076321 -0.119374
v -0.706458 -0.260274 0.228963
v -0.718200 -0.236791 0.228963
v 0.776908 -0.060665 -0.111546
v 0.788650 -0.076321 -0.095890
v 0.385519 -0.248532 0.244618
v 0.772994 -0.080235 0.103718
v 0.772994 -0.115460 0.103718
v 0.377691 -0.217221 0.240705
v 0.855186 -0.080235 0.103718
v 0.855186 -0.076321 0.095890
v 0.788650 -0.076321 0.095890
v 0.467710 -0.264188 -0.193738
v 0.776908 -0.060665 0.111546
v 0.487280 -0.272016 -0.193738
v 0.757339 -0.076321 0.119374
v 0.510763 -0.272016 -0.193738
v 0.726027 -0.088063 0.123288
v 0.737769 -0.091977 0.060665
v 0.722113 -0.103718 0.244618
v 0.714286 -0.107632 0.248532
v 0.616438 -0.217221 -0.232877
v 0.690802 -0.107632 0.158513
v 0.381605 -0.248532 -0.193738
v 0.690802 -0.103718 0.095890
v 0.377691 -0.217221 -0.185910
v 0.377691 -0.217221 -0.236791
v 0.315068 -0.111546 0.213307
v 0.178082 -0.107632 0.205480
v 0.162427 -0.107632 0.138943
v -0.565558 -0.221135 -0.142857
v 0.146771 -0.107632 0.111546
v -0.592955 -0.185910 -0.138943
v -0.706458 -0.268102 0.005871
v 0.154599 -0.111546 0.228963
v -0.702544 -0.256360 0.037182
v 0.248532 -0.084149 0.119374
v -0.694716 -0.252446 0.025440
v 0.150685 -0.084149 0.119374
v -0.698630 -0.256360 -0.005871
v 0.072407 -0.084149 0.119374
v -0.702544 -0.264188 -0.029354
v -0.702544 -0.248532 -0.048924
v 0.377691 -0.084149 0.135029
v 0.401174 -0.056751 0.240705
v -0.698630 -0.244618 -0.064579
v 0.401174 -0.052838 0.135029
v -0.647750 -0.256360 -0.056751
v 0.440313 -0.272016 -0.021526
v -0.463796 -0.103718 0.154599
v 0.428571 -0.264188 -0.005871
v -0.467710 -0.091977 0.146771
v 0.428571 -0.248532 -0.029354
v 0.444227 -0.256360 -0.041096
v 0.499022 -0.103718 0.232877
v 0.459883 -0.268102 -0.037182
v 0.455969 -0.260274 -0.060665
v 0.878669 -0.099804 0.240705
v 0.874755 -0.115460 0.217221
v 0.471624 -0.264188 -0.064579
v 0.874755 -0.080235 0.256360
v 0.518591 -0.268102 -0.041096
v 0.878669 -0.099804 0.264188
v 0.870842 -0.111546 0.252446
v 0.538160 -0.264188 -0.041096
v 0.542074 -0.244618 -0.088063
v 0.530333 -0.107632 0.236791
v 0.545988 -0.225049 -0.048924
v 0.553816 -0.264188 -0.025440
v 0.557730 -0.272016 -0.005871
v 0.753425 -0.091977 0.260274
v 0.745597 -0.091977 0.252446
v 0.565558 -0.252446 -0.017613
v 0.843444 -0.091977 0.260274
v 0.851272 -0.091977 0.272016
v 0.573385 -0.248532 0.001957
v 0.749511 -0.091977 0.272016
v 0.561644 -0.264188 0.013699
v 0.745597 -0.060665 0.275930
v 0.440313 -0.268102 0.025440
v 0.753425 -0.080235 0.272016
v 0.455969 -0.264188 0.041096
v 0.745597 -0.076321 0.252446
v 0.432485 -0.248532 0.029354
v 0.741683 -0.001957 0.264188
v 0.428571 -0.260274 0.013699
v 0.420744 -0.236791 0.013699
v 0.420744 -0.244618 -0.005871
v 0.741683 0.001957 0.275930
v 0.733855 -0.048924 0.279843
v 0.542074 -0.272016 0.029354
v -0.913894 -0.099804 -0.205479
v 0.553816 -0.256360 0.033268
v 0.538160 -0.264188 0.041096
v -0.902153 -0.095890 -0.232877
v 0.518591 -0.268102 0.041096
v -0.913894 -0.111546 -0.228963
v -0.553816 -0.099804 -0.174168
v -0.545988 -0.111546 -0.225049
v -0.561644 -0.088063 -0.236791
v -0.557730 -0.080235 -0.228963
v -0.526419 -0.275930 0.225049
v -0.553816 -0.091977 -0.142857
v -0.534247 -0.272016 0.142857
v -0.522505 -0.272016 0.146771
v -0.553816 -0.107632 -0.127202
v -0.518591 -0.268102 0.225049
v 0.178082 -0.107632 -0.205479
v -0.522505 -0.264188 0.240705
v -0.534247 -0.268102 0.240705
v -0.510763 -0.091977 -0.119374
v 0.616438 -0.217221 0.232877
v -0.499022 -0.095890 -0.142857
v -0.495108 -0.091977 -0.119374
v -0.510763 -0.076321 -0.095890
v 0.510763 -0.272016 0.193738
v -0.518591 -0.088063 -0.088063
v 0.487280 -0.272016 0.193738
v -0.518591 -0.095890 0.064579
v 0.467710 -0.264188 0.193738
v -0.518591 -0.107632 -0.123288
v 0.385519 -0.232877 -0.248532
v 0.385519 -0.189824 -0.244618
v 0.401174 -0.205479 -0.248532
v 0.416830 -0.084149 -0.115460
v 0.483366 -0.264188 -0.185910
v 0.526419 -0.256360 -0.185910
v 0.534247 -0.260274 -0.193738
v 0.334638 -0.084149 0.119374
v -0.913894 -0.099804 0.205480
v -0.651663 -0.236791 -0.256360
v -0.913894 -0.111546 0.228963
v -0.902153 -0.095890 0.232877
v -0.526419 -0.272016 -0.225049
v -0.530333 -0.272016 -0.135029
v -0.542074 -0.268102 -0.228963
v -0.534247 -0.264188 -0.240704
v -0.522505 -0.264188 -0.240704
v -0.847358 -0.111546 0.221135
v -0.518591 -0.268102 -0.225049
v -0.808219 -0.107632 0.228963
v -0.522505 -0.268102 -0.146771
v -0.776908 -0.095890 0.236791
v -0.855186 -0.091977 0.225049
v 0.448141 -0.248532 -0.189824
v 0.448141 -0.232877 -0.185910
v -0.866928 -0.084149 0.232877
v 0.467710 -0.232877 -0.189824
v -0.898239 -0.111546 0.228963
v 0.495108 -0.244618 -0.189824
v 0.608611 -0.228963 -0.170254
v 0.592955 -0.185910 -0.174168
v 0.608611 -0.189824 -0.170254
v 0.855186 -0.095890 0.275930
v 0.616438 -0.217221 -0.158513
v 0.671233 -0.107632 -0.268102
v 0.667319 -0.103718 -0.158513
v -0.518591 -0.264188 -0.131115
v 0.667319 -0.099804 -0.275930
v -0.518591 -0.252446 -0.135029
v -0.522505 -0.221135 -0.123288
v -0.526419 -0.260274 -0.127202
v 0.663405 -0.088063 -0.154599
v -0.542074 -0.264188 -0.138943
v -0.933464 -0.107632 -0.150685
v -0.937378 -0.107632 0.001957
v -0.538160 -0.225049 -0.127202
v -0.945205 -0.095890 0.001957
v -0.545988 -0.225049 -0.138943
v -0.945205 -0.084149 -0.060665
v -0.545988 -0.225049 -0.232877
v -0.941292 -0.084149 -0.150685
v 0.334638 -0.084149 -0.119374
v 0.616438 -0.213307 -0.107632
v 0.608611 -0.185910 -0.095890
v 0.616438 -0.217221 -0.095890
v 0.256360 -0.037182 -0.142857
v 0.628180 -0.225049 -0.084149
v 0.342466 -0.037182 -0.142857
v 0.608611 -0.240704 -0.080235
v -0.181996 -0.037182 -0.142857
v -0.636008 -0.256360 -0.041096
v -0.056751 -0.037182 -0.142857
v -0.636008 -0.244618 -0.060665
v -0.636008 -0.236791 -0.048924
v 0.628180 -0.080235 -0.060665
v -0.643836 -0.252446 -0.029354
v 0.624266 -0.095890 -0.025440
v -0.639922 -0.264188 -0.017613
v 0.647750 -0.107632 -0.041096
v -0.643836 -0.256360 0.017613
v 0.663405 -0.088063 0.068493
v -0.647750 -0.256360 0.064579
v 0.663405 -0.088063 0.154599
v -0.647750 -0.252446 0.076321
v 0.667319 -0.080235 0.154599
v 0.671233 -0.080235 0.068493
v -0.675147 -0.256360 0.076321
v 0.663405 -0.088063 -0.068493
v -0.690802 -0.252446 0.060665
v 0.671233 -0.080235 -0.068493
v 0.667319 -0.080235 -0.154599
v -0.542074 -0.264188 0.142857
v 0.628180 -0.099804 -0.029354
v -0.542074 -0.264188 0.232877
v 0.628180 -0.099804 0.029354
v -0.545988 -0.225049 0.232877
v -0.545988 -0.225049 0.138943
v 0.632094 -0.084149 -0.001957
v -0.538160 -0.225049 0.131115
v 0.639922 -0.084149 -0.021526
v -0.530333 -0.264188 0.135029
v 0.651663 -0.080235 -0.005871
v 0.639922 -0.084149 0.021526
v -0.522505 -0.225049 0.131115
v -0.518591 -0.264188 0.138943
v -0.941292 -0.084149 0.150685
v -0.945205 -0.084149 0.060665
v -0.518591 -0.252446 0.146771
v -0.933464 -0.107632 0.150685
v -0.518591 -0.248532 0.228963
v 0.628180 -0.080235 0.060665
v 0.616438 -0.217221 0.115460
v 0.624266 -0.095890 0.025440
v 0.616438 -0.213307 0.162427
v 0.616438 -0.060665 0.052838
v 0.608611 -0.189824 0.181996
v 0.616438 -0.217221 0.189824
v 0.667319 -0.103718 0.158513
v -0.780822 -0.248532 0.181996
v 0.671233 -0.107632 0.268102
v 0.667319 -0.099804 0.275930
v -0.780822 -0.248532 0.201566
v -0.181996 -0.037182 0.142857
v -0.780822 -0.217221 0.181996
v -0.326810 -0.041096 0.142857
v -0.776908 -0.244618 0.154599
v 0.483366 -0.264188 0.185910
v -0.236791 -0.025440 0.154599
v 0.526419 -0.256360 0.185910
v 0.495108 -0.244618 0.189824
v -0.338552 -0.025440 0.154599
v 0.467710 -0.232877 0.189824
v -0.326810 -0.037182 0.119374
v 0.448141 -0.232877 0.185910
v 0.448141 -0.248532 0.189824
v -0.056751 -0.084149 0.119374
v 0.553816 -0.228963 0.240705
v 0.545988 -0.240704 0.189824
v 0.076321 -0.037182 0.142857
v -0.056751 -0.037182 0.142857
v 0.534247 -0.260274 0.193738
v 0.714286 -0.107632 0.268102
v 0.714286 -0.103718 0.275930
v 0.545988 -0.213307 0.185910
v -0.745597 -0.084149 0.228963
v 0.522505 -0.232877 0.189824
v 0.718200 -0.048924 0.275930
v 0.718200 0.001957 0.275930
v -0.780822 -0.217221 0.205480
v 0.710372 -0.060665 0.268102
v -0.542074 -0.225049 -0.240704
v 0.667319 -0.080235 -0.275930
v -0.557730 -0.185910 -0.232877
v -0.565558 -0.150685 -0.240704
v 0.714286 -0.064579 -0.248532
v -0.553816 -0.146771 -0.244618
v 0.714286 -0.001957 -0.256360
v -0.530333 -0.221135 -0.240704
v -0.518591 -0.248532 -0.228963
v -0.866928 -0.084149 -0.232877
v -0.518591 -0.221135 -0.236791
v -0.518591 -0.221135 -0.135029
v -0.890411 -0.084149 -0.232877
v -0.776908 -0.217221 -0.154599
v -0.866928 0.005871 -0.228963
v -0.780822 -0.217221 -0.201566
v -0.855186 -0.013699 -0.225049
v -0.694716 -0.260274 -0.135029
v -0.679061 -0.264188 -0.135029
v -0.855186 -0.091977 -0.225049
v -0.675147 -0.256360 -0.076321
v -0.776908 -0.060665 -0.228963
v -0.745597 -0.084149 -0.228963
v -0.706458 -0.248532 -0.135029
v 0.393346 -0.103718 -0.111546
v -0.647750 -0.252446 -0.076321
v 0.381605 -0.080235 -0.127202
v 0.373777 -0.095890 -0.240704
v 0.389432 -0.099804 -0.244618
v 0.573385 -0.244618 -0.091977
v -0.362035 -0.095890 -0.091977
v 0.545988 -0.225049 -0.088063
v -0.412916 -0.052838 -0.095890
v -0.401174 -0.052838 -0.091977
v -0.377691 -0.088063 0.091977
v -0.632094 -0.232877 -0.076321
v -0.420744 -0.091977 -0.091977
v -0.639922 -0.217221 -0.029354
v -0.467710 -0.088063 -0.088063
v -0.424658 -0.095890 -0.072407
v -0.448141 -0.052838 -0.095890
v -0.639922 -0.217221 0.029354
v -0.636008 -0.236791 0.048924
v -0.463796 -0.088063 0.123288
v -0.698630 -0.244618 0.064579
v -0.491194 -0.095890 0.084149
v -0.690802 -0.248532 0.076321
v -0.698630 -0.228963 0.060665
v -0.499022 -0.095890 0.080235
v -0.499022 -0.095890 -0.088063
v 0.545988 -0.225049 0.048924
v 0.545988 -0.225049 0.088063
v 0.569472 -0.080235 0.127202
v 0.569472 -0.244618 0.080235
v 0.432485 -0.080235 0.127202
v -0.679061 -0.264188 0.135029
v -0.694716 -0.260274 0.135029
v 0.726027 -0.088063 0.248532
v 0.714286 -0.080235 0.248532
v -0.710372 -0.213307 0.138943
v 0.722113 -0.060665 0.240705
v -0.702544 -0.225049 0.135029
v -0.706458 -0.248532 0.135029
v 0.714286 -0.001957 0.256360
v -0.530333 -0.221135 0.240705
v 0.714286 -0.064579 0.248532
v -0.518591 -0.221135 0.236791
v 0.667319 -0.080235 0.275930
v -0.542074 -0.146771 0.240705
v -0.553816 -0.146771 0.244618
v 0.675147 -0.076321 -0.244618
v -0.542074 -0.225049 0.240705
v 0.855186 -0.095890 -0.275930
v 0.878669 -0.099804 -0.264188
v -0.565558 -0.150685 0.240705
v 0.843444 -0.091977 -0.260274
v 0.753425 -0.091977 -0.260274
v 0.749511 -0.091977 -0.272016
v -0.557730 -0.185910 0.232877
v 0.753425 -0.080235 -0.272016
v -0.542074 -0.146771 -0.240704
v 0.851272 -0.080235 -0.275930
v 0.866928 -0.080235 -0.279843
v -0.772994 -0.201566 -0.213307
v 0.874755 -0.056751 -0.275930
v 0.440313 -0.221135 -0.193738
v 0.866928 -0.005871 -0.279843
v 0.874755 0.017613 -0.275930
v 0.874755 -0.001957 -0.252446
v 0.569472 -0.240704 -0.080235
v 0.874755 -0.056751 -0.248532
v 0.859100 -0.056751 -0.248532
v -0.698630 -0.248532 -0.033268
v 0.839530 -0.076321 -0.248532
v -0.698630 -0.217221 -0.033268
v 0.745597 -0.076321 -0.252446
v -0.698630 -0.228963 -0.060665
v 0.389432 -0.088063 -0.248532
v 0.401174 -0.056751 -0.240704
v 0.565558 -0.236791 -0.060665
v 0.409002 -0.056751 -0.248532
v 0.561644 -0.221135 -0.056751
v 0.545988 -0.213307 -0.064579
v 0.420744 -0.080235 -0.240704
v 0.542074 -0.193738 -0.048924
v 0.432485 -0.080235 -0.127202
v 0.569472 -0.221135 -0.021526
v -0.686888 -0.084149 -0.236791
v 0.420744 -0.221135 -0.017613
v 0.440313 -0.217221 -0.041096
v -0.686888 -0.072407 -0.232877
v 0.448141 -0.225049 -0.048924
v -0.616438 -0.091977 -0.240704
v 0.565558 -0.236791 0.025440
v -0.510763 -0.099804 -0.170254
v -0.510763 -0.095890 -0.178082
v -0.499022 -0.091977 -0.170254
v 0.573385 -0.221135 0.005871
v 0.569472 -0.205479 0.021526
v -0.545988 -0.091977 -0.166341
v 0.549902 -0.201566 0.041096
v -0.326810 -0.037182 -0.119374
v -0.338552 -0.025440 -0.142857
v 0.448141 -0.225049 0.048924
v 0.675147 -0.099804 -0.048924
v -0.538160 -0.174168 0.131115
v 0.667319 -0.099804 -0.048924
v 0.667319 -0.080235 -0.064579
v -0.526419 -0.174168 0.135029
v 0.679061 -0.076321 -0.060665
v -0.518591 -0.221135 0.138943
v 0.690802 -0.091977 -0.045010
v 0.686888 -0.099804 0.001957
v -0.776908 -0.217221 0.154599
v 0.675147 -0.099804 0.001957
v -0.769080 -0.221135 0.142857
v 0.667319 -0.088063 0.001957
v -0.769080 -0.185910 0.150685
v 0.667319 -0.080235 0.048924
v -0.749511 -0.178082 0.138943
v 0.667319 -0.060665 0.048924
v 0.440313 -0.221135 0.193738
v 0.679061 -0.076321 -0.001957
v 0.448141 -0.236791 0.236791
v 0.667319 -0.080235 -0.048924
v 0.679061 -0.076321 -0.045010
v -0.522505 -0.181996 0.228963
v 0.667319 -0.060665 -0.048924
v 0.659491 -0.060665 -0.064579
v 0.424658 -0.166341 -0.248532
v 0.675147 -0.091977 0.048924
v 0.448141 -0.181996 -0.244618
v 0.690802 -0.088063 0.045010
v 0.545988 -0.240704 -0.189824
v 0.679061 -0.076321 0.060665
v 0.545988 -0.213307 -0.185910
v 0.694716 -0.091977 0.001957
v 0.553816 -0.213307 -0.193738
v 0.679061 -0.064579 0.045010
v 0.553816 -0.228963 -0.236791
v 0.549902 -0.201566 -0.236791
v -0.514677 -0.091977 0.127202
v 0.557730 -0.209393 -0.244618
v -0.518591 -0.088063 0.115460
v -0.553816 -0.076321 0.142857
v -0.526419 -0.174168 -0.135029
v -0.553816 -0.056751 0.217221
v -0.530333 -0.174168 -0.123288
v -0.557730 -0.080235 0.228963
v -0.538160 -0.205479 -0.123288
v 0.409002 -0.056751 0.248532
v 0.455969 -0.193738 -0.048924
v 0.448141 -0.193738 -0.084149
v 0.545988 -0.056751 0.248532
v 0.530333 -0.052838 0.240705
v 0.412916 -0.048924 0.240705
v 0.874755 -0.056751 0.275930
v 0.874755 -0.056751 0.256360
v 0.874755 -0.001957 0.252446
v 0.448141 -0.193738 0.084149
v 0.874755 0.017613 0.275930
v 0.866928 -0.005871 0.279843
v 0.455969 -0.193738 0.048924
v 0.866928 -0.080235 0.279843
v 0.440313 -0.217221 0.041096
v 0.851272 -0.080235 0.275930
v 0.675147 -0.076321 0.244618
v -0.694716 -0.225049 0.076321
v -0.632094 -0.232877 0.076321
v 0.401174 -0.052838 -0.135029
v -0.636008 -0.232877 0.135029
v 0.412916 -0.048924 -0.240704
v -0.929550 -0.076321 -0.185910
v 0.377691 -0.217221 0.189824
v 0.381605 -0.185910 0.185910
v -0.518591 -0.060665 -0.178082
v 0.397260 -0.166341 0.178082
v -0.698630 -0.225049 0.252446
v -0.542074 -0.060665 -0.166341
v -0.718200 -0.209393 0.228963
v -0.538160 -0.009785 -0.189824
v -0.522505 -0.005871 -0.185910
v -0.506849 -0.064579 -0.174168
v 0.444227 -0.209393 0.236791
v -0.499022 -0.060665 -0.158513
v 0.436399 -0.213307 0.244618
v -0.518591 0.001957 -0.166341
v 0.522505 -0.232877 -0.189824
v -0.506849 -0.029354 -0.135029
v 0.510763 -0.240704 -0.209393
v -0.499022 -0.060665 -0.127202
v 0.522505 -0.228963 -0.209393
v -0.506849 -0.029354 -0.115460
v 0.526419 -0.209393 -0.189824
v -0.510763 -0.060665 -0.123288
v 0.377691 -0.225049 -0.162427
v -0.499022 -0.060665 -0.107632
v 0.377691 -0.225049 -0.111546
v 0.381605 -0.189824 -0.158513
v -0.518591 -0.072407 -0.080235
v 0.385519 -0.201566 -0.170254
v -0.514677 -0.084149 -0.060665
v -0.506849 -0.084149 -0.088063
v 0.381605 -0.185910 -0.107632
v -0.495108 -0.088063 -0.107632
v -0.698630 -0.217221 0.029354
v -0.698630 -0.213307 0.111546
v -0.424658 -0.095890 0.088063
v 0.377691 -0.225049 0.115460
v -0.432485 -0.052838 0.099804
v 0.381605 -0.189824 0.158513
v 0.381605 -0.185910 0.107632
v -0.452055 -0.048924 0.091977
v -0.452055 -0.048924 -0.076321
v 0.385519 -0.189824 0.244618
v -0.471624 -0.045010 -0.103718
v 0.381605 -0.185910 0.232877
v -0.467710 -0.045010 -0.080235
v -0.471624 -0.045010 0.076321
v 0.385519 -0.213307 -0.178082
v -0.471624 -0.005871 -0.080235
v -0.467710 -0.005871 -0.091977
v 0.397260 -0.185910 -0.174168
v 0.397260 -0.166341 -0.178082
v 0.616438 -0.060665 -0.052838
v 0.381605 -0.185910 -0.185910
v 0.616438 -0.060665 -0.127202
v -0.557730 -0.217221 -0.205479
v 0.616438 -0.037182 -0.052838
v -0.557730 -0.209393 -0.158513
v -0.949119 -0.084149 0.001957
v -0.945205 -0.064579 0.068493
v -0.636008 -0.232877 -0.135029
v -0.639922 -0.213307 -0.107632
v -0.949119 -0.064579 -0.001957
v -0.639922 -0.213307 0.080235
v -0.945205 -0.064579 -0.068493
v 0.557730 -0.185910 -0.025440
v -0.890411 -0.084149 0.232877
v 0.569472 -0.193738 -0.005871
v -0.866928 -0.056751 0.228963
v -0.886497 -0.056751 0.225049
v 0.636008 -0.201566 0.099804
v -0.906067 -0.076321 0.213307
v 0.632094 -0.170254 0.099804
v -0.929550 -0.076321 0.185910
v 0.718200 -0.091977 -0.264188
v -0.569472 -0.189824 0.146771
v 0.741683 -0.060665 -0.260274
v -0.557730 -0.209393 0.158513
v 0.737769 -0.068493 -0.272016
v 0.632094 -0.162427 -0.232877
v -0.573385 -0.084149 -0.232877
v 0.636008 -0.162427 -0.240704
v -0.682975 -0.025440 -0.232877
v -0.573385 -0.021526 -0.232877
v -0.553816 -0.001957 -0.228963
v -0.655577 -0.209393 -0.256360
v -0.553816 -0.056751 -0.225049
v -0.636008 -0.205479 -0.248532
v -0.577299 -0.209393 -0.225049
v -0.499022 -0.029354 -0.099804
v -0.495108 -0.064579 -0.088063
v -0.487280 -0.041096 -0.103718
v -0.475538 -0.033268 -0.088063
v 0.675147 -0.060665 -0.072407
v 0.694716 -0.056751 -0.068493
v -0.592955 -0.174168 -0.225049
v -0.565558 -0.197652 -0.217221
v -0.487280 -0.060665 0.162427
v -0.467710 -0.045010 0.162427
v -0.495108 -0.029354 0.162427
v -0.565558 -0.185910 -0.201566
v -0.510763 -0.029354 0.154599
v -0.499022 -0.060665 0.150685
v 0.608611 -0.189824 -0.181996
v -0.499022 -0.084149 0.119374
v 0.589041 -0.154599 -0.178082
v -0.506849 -0.060665 0.131115
v -0.502935 -0.068493 0.111546
v 0.589041 -0.154599 -0.170254
v -0.495108 -0.080235 0.088063
v 0.612525 -0.185910 -0.154599
v -0.776908 -0.060665 0.228963
v -0.694716 -0.225049 -0.076321
v -0.690802 -0.041096 0.232877
v -0.772994 -0.033268 0.232877
v -0.698630 -0.213307 -0.111546
v -0.855186 -0.013699 0.225049
v -0.702544 -0.225049 -0.135029
v -0.776908 0.001957 0.228963
v -0.839530 0.005871 0.228963
v -0.866928 0.005871 0.228963
v -0.710372 -0.213307 -0.138943
v -0.686888 -0.072407 0.232877
v -0.573385 -0.084149 0.232877
v -0.639922 -0.017613 0.232877
v -0.639922 -0.213307 -0.138943
v 0.647750 -0.197652 -0.127202
v 0.839530 -0.076321 0.252446
v 0.643836 -0.162427 -0.236791
v 0.643836 -0.166341 -0.119374
v 0.859100 -0.056751 0.248532
v 0.424658 -0.217221 0.025440
v 0.432485 -0.193738 0.029354
v 0.424658 -0.185910 0.005871
v 0.416830 -0.213307 0.001957
v 0.722113 -0.009785 -0.240704
v 0.604697 -0.170254 0.103718
v 0.612525 -0.185910 0.119374
v 0.714286 -0.080235 -0.248532
v 0.714286 -0.080235 -0.142857
v -0.557730 -0.217221 0.205480
v 0.596869 -0.060665 -0.127202
v 0.589041 -0.052838 -0.138943
v -0.565558 -0.185910 0.201566
v 0.561644 -0.041096 -0.142857
v -0.565558 -0.197652 0.217221
v 0.620352 -0.037182 -0.142857
v -0.577299 -0.209393 0.225049
v 0.710372 -0.076321 -0.123288
v -0.592955 -0.174168 0.225049
v 0.682975 -0.076321 -0.150685
v 0.682975 -0.076321 -0.072407
v -0.655577 -0.209393 0.256360
v -0.686888 -0.201566 0.252446
v 0.714286 -0.076321 -0.068493
v -0.636008 -0.205479 0.248532
v 0.710372 -0.060665 -0.107632
v 0.718200 -0.041096 -0.131115
v 0.722113 -0.064579 -0.135029
v 0.545988 -0.178082 -0.244618
v 0.741683 0.001957 -0.166341
v 0.565558 -0.166341 -0.248532
v 0.737769 -0.052838 -0.131115
v 0.483366 -0.240704 -0.209393
v 0.467710 -0.225049 -0.209393
v -0.495108 -0.080235 -0.060665
v 0.487280 -0.232877 -0.221135
v -0.495108 -0.060665 -0.076321
v 0.616438 -0.213307 -0.185910
v -0.495108 -0.041096 -0.088063
v 0.612525 -0.185910 -0.228963
v 0.690802 -0.048924 0.052838
v 0.694716 -0.056751 0.068493
v 0.397260 -0.162427 -0.170254
v -0.409002 -0.045010 0.088063
v 0.428571 -0.142857 -0.174168
v -0.432485 -0.005871 -0.088063
v -0.702544 -0.201566 -0.138943
v -0.436399 -0.005871 0.084149
v -0.448141 -0.009785 0.095890
v -0.690802 -0.178082 -0.138943
v -0.514677 -0.080235 0.080235
v -0.749511 -0.178082 -0.138943
v -0.502935 -0.084149 0.064579
v -0.514677 -0.084149 0.060665
v 0.424658 -0.193738 -0.017613
v -0.518591 -0.072407 0.064579
v -0.510763 -0.060665 0.084149
v -0.518591 -0.068493 0.111546
v 0.561644 -0.236791 0.056751
v 0.604697 -0.236791 0.060665
v 0.385519 -0.201566 0.170254
v 0.397260 -0.162427 0.170254
v -0.479452 -0.033268 0.084149
v -0.471624 -0.029354 0.146771
v 0.612525 -0.185910 0.228963
v 0.722113 -0.064579 0.135029
v 0.608611 -0.189824 0.244618
v 0.710372 -0.076321 0.123288
v 0.510763 -0.240704 0.209393
v 0.714286 -0.080235 0.142857
v 0.616438 -0.060665 0.127202
v 0.522505 -0.228963 0.209393
v 0.510763 -0.228963 0.217221
v 0.616438 -0.037182 0.052838
v 0.487280 -0.232877 0.221135
v 0.483366 -0.236791 0.209393
v 0.620352 -0.037182 0.142857
v 0.467710 -0.225049 0.209393
v -0.921722 -0.021526 -0.197652
v 0.463796 -0.209393 0.189824
v -0.933464 -0.025440 -0.170254
v 0.647750 -0.193738 0.240705
v -0.929550 0.009785 -0.178082
v 0.643836 -0.162427 0.236791
v -0.909980 0.025440 -0.205479
v 0.639922 -0.162427 0.240705
v -0.898239 -0.001957 -0.221135
v -0.882583 0.017613 -0.228963
v 0.557730 -0.209393 0.244618
v -0.874755 0.041096 -0.225049
v 0.565558 -0.166341 0.252446
v -0.855186 0.021526 -0.232877
v 0.545988 -0.178082 0.244618
v 0.549902 -0.201566 0.236791
v -0.690802 -0.041096 -0.232877
v 0.510763 -0.228963 -0.217221
v -0.772994 -0.033268 -0.232877
v 0.502935 -0.209393 -0.225049
v -0.694716 -0.029354 -0.240704
v 0.522505 -0.213307 -0.213307
v -0.569472 -0.189824 -0.146771
v -0.945205 -0.052838 -0.001957
v -0.589041 -0.162427 -0.142857
v -0.945205 -0.025440 -0.072407
v -0.937378 -0.025440 -0.142857
v -0.628180 -0.150685 -0.138943
v 0.401174 -0.236791 -0.080235
v 0.569472 -0.080235 -0.127202
v 0.424658 -0.189824 -0.084149
v 0.401174 -0.185910 -0.080235
v 0.385519 -0.225049 -0.060665
v -0.236791 -0.025440 -0.154599
v 0.373777 -0.232877 -0.072407
v -0.178082 -0.025440 -0.154599
v 0.373777 -0.228963 -0.091977
v 0.076321 -0.037182 -0.142857
v 0.001957 -0.025440 -0.154599
v 0.338552 -0.185910 -0.072407
v 0.084149 -0.025440 -0.154599
v 0.342466 -0.189824 -0.091977
v 0.146771 -0.037182 -0.142857
v 0.354207 -0.185910 -0.095890
v 0.150685 -0.025440 -0.154599
v 0.604697 -0.236791 -0.060665
v 0.624266 -0.217221 -0.064579
v 0.416830 -0.048924 -0.135029
v 0.600783 -0.221135 -0.056751
v -0.514677 -0.084149 -0.001957
v -0.518591 -0.072407 -0.013699
v 0.401174 -0.236791 0.080235
v -0.518591 -0.072407 0.001957
v 0.373777 -0.232877 0.072407
v 0.385519 -0.225049 0.060665
v -0.937378 -0.025440 0.142857
v 0.401174 -0.185910 0.080235
v -0.945205 -0.025440 0.072407
v 0.424658 -0.189824 0.084149
v -0.506849 -0.064579 -0.005871
v 0.624266 -0.217221 0.064579
v -0.514677 -0.052838 -0.005871
v -0.518591 -0.052838 0.001957
v 0.639922 -0.205479 0.068493
v 0.647750 -0.185910 0.084149
v -0.495108 -0.060665 0.095890
v 0.636008 -0.189824 0.095890
v 0.373777 -0.228963 0.091977
v 0.342466 -0.037182 0.142857
v 0.373777 -0.225049 0.099804
v 0.342466 -0.189824 0.095890
v 0.338552 -0.185910 0.072407
v -0.178082 -0.025440 0.154599
v 0.146771 -0.037182 0.142857
v 0.256360 -0.037182 0.142857
v 0.389432 -0.166341 0.103718
v 0.150685 -0.025440 0.154599
v 0.354207 -0.166341 0.095890
v 0.084149 -0.025440 0.154599
v -0.639922 -0.213307 0.138943
v -0.647750 -0.217221 0.111546
v 0.416830 -0.048924 0.135029
v -0.651663 -0.201566 0.131115
v 0.444227 -0.037182 0.142857
v -0.651663 -0.185910 0.138943
v 0.354207 -0.025440 0.154599
v -0.628180 -0.150685 0.138943
v 0.260274 -0.025440 0.154599
v 0.553816 -0.213307 0.193738
v 0.542074 -0.185910 0.193738
v -0.917808 -0.017613 0.205480
v -0.929550 -0.021526 0.181996
v -0.686888 -0.209393 -0.252446
v -0.718200 -0.209393 -0.228963
v -0.573385 -0.021526 0.232877
v -0.698630 -0.185910 -0.228963
v -0.671233 -0.193738 -0.248532
v -0.553816 -0.001957 0.228963
v -0.573385 0.041096 0.232877
v 0.452055 -0.189824 -0.236791
v 0.444227 -0.197652 -0.193738
v 0.851272 -0.076321 -0.275930
v -0.745597 -0.185910 -0.225049
v -0.847358 -0.236791 -0.131115
v -0.847358 -0.236791 -0.217221
v -0.808219 -0.236791 -0.217221
v -0.808219 -0.236791 -0.131115
v -0.816047 -0.228963 -0.115460
v -0.878669 -0.225049 -0.115460
v 0.682975 -0.076321 0.001957
v -0.866928 -0.232877 -0.131115
v 0.682975 -0.076321 0.072407
v -0.866928 -0.232877 -0.213307
v 0.690802 -0.072407 0.025440
v -0.847358 -0.232877 -0.236791
v 0.663405 -0.056751 0.021526
v -0.878669 -0.221135 -0.225049
v -0.863014 -0.217221 -0.240704
v 0.647750 -0.052838 -0.001957
v -0.812133 -0.217221 -0.240704
v 0.663405 -0.056751 -0.021526
v 0.690802 -0.072407 -0.025440
v -0.808219 -0.228963 -0.232877
v 0.663405 -0.033268 -0.064579
v -0.792564 -0.185910 -0.232877
v 0.671233 -0.033268 -0.076321
v -0.800391 -0.228963 -0.217221
v 0.675147 -0.060665 0.072407
v -0.792564 -0.201566 -0.217221
v -0.800391 -0.228963 -0.131115
v 0.686888 -0.037182 0.076321
v 0.671233 -0.033268 0.076321
v -0.792564 -0.201566 -0.138943
v -0.784736 -0.217221 -0.115460
v -0.792564 -0.221135 -0.107632
v 0.682975 -0.076321 0.150685
v 0.612525 -0.205479 -0.060665
v 0.592955 -0.213307 -0.064579
v 0.561644 -0.221135 0.056751
v 0.545988 -0.225049 0.064579
v 0.847358 -0.076321 0.001957
v 0.545988 -0.213307 0.064579
v 0.843444 -0.076321 0.064579
v 0.592955 -0.213307 0.064579
v 0.827789 -0.076321 0.088063
v 0.600783 -0.221135 0.056751
v -0.538160 -0.056751 0.158513
v -0.542074 -0.037182 0.189824
v 0.612525 -0.205479 0.060665
v -0.549902 0.001957 0.193738
v -0.847358 -0.236791 0.131115
v -0.808219 -0.236791 0.131115
v -0.808219 -0.236791 0.217221
v -0.847358 -0.236791 0.217221
v 0.722113 -0.001957 0.240705
v -0.866928 -0.232877 0.213307
v -0.866928 -0.232877 0.131115
v 0.851272 -0.052838 0.275930
v -0.878669 -0.225049 0.115460
v 0.847358 0.005871 0.275930
v -0.816047 -0.228963 0.115460
v 0.847358 0.088063 0.275930
v -0.800391 -0.228963 0.131115
v 0.847358 0.009785 0.275930
v 0.851272 -0.048924 0.275930
v -0.792564 -0.221135 0.107632
v 0.851272 -0.001957 0.256360
v -0.784736 -0.217221 0.115460
v -0.792564 -0.201566 0.138943
v 0.855186 0.001957 0.252446
v -0.792564 -0.201566 0.217221
v 0.866928 -0.001957 0.248532
v -0.800391 -0.228963 0.217221
v -0.792564 -0.185910 0.232877
v 0.839530 -0.076321 -0.252446
v -0.808219 -0.228963 0.221135
v 0.851272 -0.064579 -0.256360
v 0.502935 -0.209393 0.225049
v 0.847358 -0.005871 -0.256360
v 0.475538 -0.213307 0.221135
v 0.847358 0.009785 -0.275930
v -0.772994 -0.201566 0.213307
v -0.757339 -0.174168 0.221135
v 0.530333 -0.052838 -0.240704
v -0.765166 -0.170254 0.213307
v 0.581213 -0.048924 -0.240704
v -0.772994 -0.185910 0.201566
v 0.855186 0.001957 -0.248532
v -0.843444 -0.228963 0.221135
v -0.878669 -0.221135 0.213307
v 0.753425 -0.056751 -0.115460
v 0.444227 -0.197652 0.193738
v 0.741683 -0.037182 -0.119374
v 0.452055 -0.189824 0.236791
v 0.753425 -0.056751 -0.095890
v 0.448141 -0.181996 0.244618
v 0.765166 -0.037182 -0.119374
v 0.424658 -0.166341 0.248532
v -0.506849 -0.037182 -0.088063
v 0.401174 -0.166341 0.248532
v -0.518591 -0.052838 -0.076321
v 0.592955 -0.189824 -0.248532
v -0.518591 -0.052838 -0.017613
v 0.589041 -0.154599 -0.244618
v 0.792564 -0.037182 -0.119374
v 0.608611 -0.189824 -0.244618
v 0.816047 -0.037182 -0.107632
v 0.596869 -0.154599 -0.236791
v 0.823875 -0.064579 -0.088063
v 0.827789 -0.076321 -0.088063
v 0.933464 -0.232877 -0.236791
v 0.929550 -0.228963 -0.287671
v 0.937378 -0.228963 -0.287671
v 0.843444 -0.076321 -0.064579
v 0.941292 -0.228963 -0.232877
v 0.839530 -0.064579 -0.064579
v 0.937378 -0.228963 -0.146771
v 0.843444 -0.064579 -0.041096
v 0.929550 -0.228963 -0.150685
v 0.925636 -0.228963 -0.228963
v 0.475538 -0.213307 -0.221135
v 0.690802 -0.052838 -0.017613
v 0.467710 -0.205479 -0.209393
v 0.702544 -0.068493 -0.001957
v 0.483366 -0.197652 -0.217221
v 0.718200 -0.072407 0.001957
v -0.878669 -0.225049 -0.154599
v 0.733855 -0.076321 -0.060665
v -0.898239 -0.225049 -0.138943
v 0.749511 -0.076321 -0.001957
v 0.463796 -0.209393 -0.189824
v 0.737769 -0.060665 -0.048924
v 0.749511 -0.068493 -0.072407
v 0.726027 -0.056751 -0.080235
v 0.452055 -0.193738 -0.185910
v 0.483366 -0.189824 -0.189824
v 0.726027 -0.037182 -0.111546
v 0.690802 -0.060665 -0.052838
v 0.455969 -0.181996 -0.193738
v 0.483366 -0.174168 -0.185910
v 0.694716 -0.056751 0.001957
v 0.686888 -0.056751 -0.001957
v 0.365949 -0.209393 -0.060665
v 0.679061 -0.048924 0.001957
v 0.679061 -0.048924 -0.048924
v 0.373777 -0.174168 -0.064579
v 0.733855 -0.076321 0.060665
v 0.714286 -0.076321 0.068493
v 0.726027 -0.056751 0.080235
v 0.346380 -0.181996 -0.060665
v 0.749511 -0.068493 0.072407
v 0.733855 -0.037182 0.068493
v 0.365949 -0.209393 0.060665
v 0.722113 -0.033268 0.056751
v 0.346380 -0.181996 0.060665
v 0.733855 -0.064579 0.037182
v 0.373777 -0.174168 0.064579
v 0.737769 -0.033268 0.021526
v 0.741683 0.001957 0.025440
v 0.753425 -0.033268 -0.001957
v 0.749511 -0.052838 -0.001957
v -0.643836 -0.209393 0.111546
v 0.737769 -0.037182 -0.021526
v -0.878669 -0.225049 0.154599
v 0.741683 0.001957 -0.025440
v 0.733855 -0.037182 -0.052838
v -0.898239 -0.225049 0.138943
v 0.823875 -0.076321 0.005871
v 0.452055 -0.193738 0.185910
v 0.835616 -0.056751 -0.017613
v 0.483366 -0.189824 0.189824
v 0.827789 -0.037182 0.001957
v 0.483366 -0.174168 0.185910
v 0.455969 -0.181996 0.193738
v 0.835616 -0.064579 0.025440
v 0.526419 -0.209393 0.189824
v 0.843444 -0.064579 0.041096
v 0.522505 -0.178082 0.185910
v 0.847358 -0.037182 0.033268
v 0.510763 -0.189824 0.189824
v 0.847358 -0.037182 0.064579
v 0.839530 -0.064579 0.064579
v 0.510763 -0.193738 0.209393
v 0.522505 -0.213307 0.213307
v 0.823875 -0.064579 0.088063
v 0.592955 -0.189824 0.248532
v 0.835616 -0.037182 0.088063
v 0.589041 -0.154599 0.244618
v 0.816047 -0.037182 0.107632
v 0.933464 -0.232877 0.236791
v 0.937378 -0.228963 0.146771
v 0.710372 -0.060665 0.107632
v 0.941292 -0.228963 0.232877
v 0.937378 -0.228963 0.283757
v 0.929550 -0.228963 0.283757
v 0.718200 -0.041096 0.131115
v 0.925636 -0.228963 0.228963
v 0.726027 -0.037182 0.111546
v 0.929550 -0.228963 0.150685
v 0.925636 -0.225049 -0.287671
v 0.925636 -0.174168 -0.232877
v 0.921722 -0.170254 -0.287671
v 0.698630 -0.052838 0.017613
v 0.925636 -0.166341 -0.299413
v 0.929550 -0.221135 -0.295499
v 0.753425 -0.056751 0.131115
v 0.749511 -0.076321 0.072407
v 0.933464 -0.166341 -0.303327
v 0.753425 -0.056751 0.095890
v 0.941292 -0.221135 -0.291585
v 0.741683 -0.037182 0.119374
v 0.749511 0.001957 0.146771
v 0.941292 -0.166341 -0.295499
v 0.741683 0.001957 0.166340
v 0.941292 -0.170254 -0.232877
v 0.753425 -0.033268 0.060665
v 0.941292 -0.170254 -0.142857
v 0.792564 -0.037182 0.119374
v 0.941292 -0.162427 -0.150685
v 0.941292 -0.162427 -0.084149
v 0.812133 -0.029354 0.103718
v 0.941292 -0.225049 -0.084149
v 0.784736 -0.029354 0.115460
v 0.925636 -0.225049 -0.150685
v 0.765166 -0.037182 0.119374
v 0.925636 -0.228963 -0.084149
v 0.925636 -0.170254 -0.091977
v 0.925636 -0.174168 -0.150685
v 0.729941 0.005871 0.154599
v 0.917808 -0.166341 -0.150685
v -0.506849 -0.048924 0.123288
v 0.917808 -0.166341 -0.232877
v -0.514677 -0.048924 0.150685
v 0.510763 -0.193738 -0.209393
v -0.898239 -0.001957 0.221135
v 0.510763 -0.189824 -0.189824
v -0.882583 0.017613 0.228963
v 0.522505 -0.178082 -0.185910
v -0.909980 0.025440 0.205480
v 0.933464 -0.228963 -0.088063
v 0.714286 0.013699 0.240705
v 0.741683 0.005871 0.252446
v 0.937378 -0.225049 0.001957
v 0.737769 0.017613 0.252446
v -0.710372 -0.146771 -0.138943
v 0.847358 0.017613 0.248532
v -0.737769 -0.146771 -0.146771
v 0.847358 0.009785 0.264188
v -0.757339 -0.166341 -0.150685
v 0.749511 0.005871 0.268102
v -0.769080 -0.185910 -0.150685
v -0.784736 -0.217221 -0.048924
v -0.502935 -0.056751 -0.013699
v -0.792564 -0.221135 0.001957
v -0.483366 -0.041096 -0.009785
v -0.890411 -0.225049 -0.048924
v -0.479452 -0.045010 -0.017613
v 0.921722 -0.225049 -0.072407
v -0.475538 -0.052838 -0.005871
v 0.906067 -0.221135 -0.001957
v 0.906067 -0.221135 -0.072407
v -0.518591 -0.052838 0.064579
v 0.906067 -0.166341 -0.084149
v -0.518591 -0.029354 -0.001957
v 0.925636 -0.228963 0.084149
v -0.518591 -0.025440 0.060665
v 0.933464 -0.228963 0.088063
v -0.506849 -0.052838 0.072407
v 0.925636 -0.225049 0.150685
v 0.925636 -0.170254 0.091977
v 0.921722 -0.225049 0.072407
v -0.491194 -0.041096 0.064579
v -0.487280 -0.064579 0.076321
v 0.941292 -0.225049 0.084149
v -0.495108 -0.056751 0.091977
v 0.941292 -0.170254 0.142857
v -0.506849 -0.037182 0.088063
v 0.941292 -0.221135 0.001957
v 0.741683 -0.037182 -0.068493
v -0.890411 -0.225049 0.048924
v 0.745597 -0.029354 -0.064579
v 0.757339 -0.029354 -0.088063
v -0.784736 -0.217221 0.048924
v 0.757339 -0.037182 -0.091977
v -0.757339 -0.166341 0.150685
v 0.784736 -0.029354 -0.115460
v -0.737769 -0.146771 0.146771
v -0.710372 -0.146771 0.138943
v 0.679061 -0.041096 -0.009785
v -0.690802 -0.178082 0.138943
v 0.679061 -0.041096 0.009785
v 0.925636 -0.225049 0.287671
v 0.663405 -0.045010 0.017613
v 0.925636 -0.174168 0.232877
v 0.925636 -0.174168 0.150685
v -0.506849 -0.025440 0.123288
v 0.608611 -0.189824 0.170254
v 0.612525 -0.185910 0.158513
v 0.753425 -0.005871 -0.228963
v 0.600783 -0.154599 0.162427
v 0.714286 -0.005871 -0.228963
v 0.589041 -0.154599 0.170254
v 0.702544 -0.001957 -0.240704
v -0.514677 -0.005871 -0.080235
v -0.812133 -0.217221 0.225049
v -0.495108 -0.033268 -0.072407
v -0.514677 -0.037182 -0.064579
v -0.804305 -0.189824 0.232877
v 0.835616 -0.037182 -0.088063
v -0.816047 -0.189824 0.221135
v 0.812133 -0.029354 -0.103718
v -0.819961 -0.213307 0.217221
v 0.835616 -0.029354 -0.076321
v -0.851272 -0.217221 0.217221
v 0.847358 -0.037182 -0.064579
v -0.819961 -0.213307 0.181996
v -0.843444 -0.209393 0.181996
v 0.847358 -0.033268 -0.052838
v -0.859100 -0.189824 0.217221
v 0.847358 -0.037182 -0.033268
v -0.866928 -0.185910 0.221135
v 0.839530 -0.029354 -0.017613
v -0.870842 -0.213307 0.221135
v -0.882583 -0.185910 0.217221
v -0.487280 -0.041096 0.033268
v -0.890411 -0.209393 0.205480
v -0.483366 -0.041096 0.048924
v 0.941292 -0.221135 0.287671
v -0.483366 -0.052838 0.009785
v 0.941292 -0.170254 0.232877
v -0.495108 -0.045010 0.041096
v 0.941292 -0.166341 0.295499
v -0.487280 -0.045010 0.005871
v 0.933464 -0.166341 0.303327
v 0.812133 -0.025440 -0.009785
v 0.929550 -0.221135 0.295499
v 0.823875 -0.009785 0.001957
v 0.941292 -0.162427 0.084149
v 0.812133 -0.025440 0.009785
v 0.941292 -0.162427 0.150685
v 0.839530 -0.029354 0.017613
v 0.925636 -0.166341 0.299413
v 0.847358 -0.033268 0.052838
v 0.835616 -0.029354 0.076321
v -0.557730 -0.185910 -0.135029
v -0.479452 -0.041096 0.076321
v -0.573385 -0.142857 -0.232877
v -0.506849 -0.017613 0.068493
v -0.757339 -0.174168 -0.221135
v -0.726027 -0.158513 -0.225049
v -0.776908 0.001957 -0.228963
v -0.714286 0.005871 -0.232877
v -0.902153 -0.221135 -0.080235
v -0.909980 -0.213307 -0.138943
v -0.710372 -0.017613 -0.232877
v -0.890411 -0.209393 -0.205479
v -0.549902 -0.013699 -0.174168
v -0.553816 0.001957 -0.193738
v -0.549902 0.001957 -0.166341
v 0.389432 -0.166341 -0.095890
v 0.393346 -0.154599 -0.107632
v 0.624266 -0.025440 -0.154599
v 0.393346 -0.154599 -0.158513
v 0.628180 -0.025440 -0.052838
v 0.636008 -0.189824 -0.095890
v 0.632094 -0.166341 -0.099804
v 0.741683 0.005871 -0.138943
v 0.647750 -0.166341 -0.099804
v 0.729941 0.005871 -0.154599
v 0.647750 -0.185910 -0.084149
v 0.639922 -0.205479 -0.068493
v -0.491194 -0.048924 0.001957
v 0.636008 -0.174168 -0.060665
v -0.491194 -0.048924 0.056751
v 0.628180 -0.193738 -0.056751
v -0.506849 -0.041096 0.037182
v -0.499022 -0.037182 0.021526
v 0.941292 -0.154599 -0.084149
v 0.937378 -0.162427 0.001957
v -0.499022 -0.037182 -0.048924
v -0.502935 -0.041096 -0.052838
v -0.902153 -0.221135 0.001957
v -0.518591 -0.025440 -0.041096
v -0.902153 -0.221135 0.080235
v -0.913894 -0.217221 0.048924
v 0.686888 -0.037182 -0.076321
v -0.913894 -0.217221 -0.048924
v 0.690802 -0.017613 -0.076321
v 0.694716 -0.025440 -0.060665
v 0.686888 -0.041096 -0.056751
v 0.906067 -0.221135 0.072407
v 0.671233 -0.033268 -0.048924
v 0.898239 -0.213307 0.076321
v 0.902153 -0.162427 -0.001957
v 0.679061 -0.013699 -0.056751
v 0.898239 -0.213307 -0.076321
v -0.909980 -0.213307 0.138943
v 0.671233 -0.033268 0.048924
v 0.663405 -0.033268 0.064579
v 0.538160 -0.181996 0.041096
v 0.679061 -0.013699 0.056751
v 0.694716 -0.025440 0.060665
v 0.538160 -0.185910 0.076321
v 0.545988 -0.213307 0.091977
v 0.589041 -0.213307 0.088063
v 0.690802 -0.017613 0.076321
v 0.906067 -0.166341 0.084149
v 0.675147 -0.009785 0.072407
v 0.917808 -0.166341 0.150685
v 0.909980 -0.154599 0.088063
v 0.874755 -0.162427 0.084149
v 0.628180 -0.025440 0.052838
v 0.890411 -0.166341 0.080235
v -0.491194 -0.041096 0.095890
v -0.495108 -0.017613 0.123288
v -0.475538 -0.037182 0.103718
v 0.941292 -0.154599 0.084149
v -0.557730 -0.185910 0.138943
v 0.589041 -0.052838 0.138943
v -0.573385 -0.142857 0.138943
v 0.561644 -0.041096 0.142857
v -0.565558 -0.142857 0.131115
v 0.479452 -0.048924 0.135029
v 0.471624 -0.052838 0.142857
v 0.917808 -0.166341 0.232877
v 0.471624 -0.052838 -0.205479
v 0.467710 -0.205479 0.209393
v 0.538160 -0.052838 -0.205479
v 0.483366 -0.197652 0.217221
v -0.573385 0.041096 -0.232877
v -0.553816 0.084149 -0.225049
v -0.745597 -0.185910 0.225049
v -0.549902 0.029354 -0.221135
v -0.698630 -0.185910 0.228963
v -0.726027 -0.158513 0.225049
v 0.690802 -0.045010 0.001957
v 0.663405 -0.045010 -0.017613
v 0.651663 -0.041096 -0.001957
v -0.671233 -0.193738 0.248532
v 0.921722 -0.170254 0.287671
v -0.522505 -0.181996 -0.228963
v -0.847358 0.017613 0.252446
v -0.534247 -0.142857 -0.232877
v -0.859100 0.025440 0.240705
v 0.471624 -0.052838 0.205480
v -0.545988 -0.111546 -0.138943
v 0.162427 -0.221135 -0.228963
v 0.275930 -0.221135 -0.228963
v 0.162427 -0.221135 -0.193738
v 0.471624 -0.052838 -0.142857
v 0.150685 -0.221135 -0.127202
v 0.154599 -0.217221 -0.228963
v 0.557730 -0.041096 -0.197652
v 0.557730 -0.013699 -0.178082
v 0.154599 -0.135029 -0.232877
v 0.287671 -0.217221 -0.232877
v 0.452055 -0.033268 -0.178082
v 0.342466 -0.221135 -0.228963
v 0.455969 -0.048924 -0.205479
v 0.338552 -0.213307 -0.232877
v 0.553816 -0.029354 -0.217221
v 0.342466 -0.135029 -0.228963
v 0.452055 -0.029354 -0.217221
v 0.346380 -0.213307 -0.221135
v 0.467710 0.005871 -0.225049
v 0.342466 -0.217221 -0.115460
v 0.545988 0.005871 -0.225049
v 0.334638 -0.221135 -0.127202
v 0.557730 -0.009785 -0.213307
v 0.272016 -0.221135 -0.111546
v 0.338552 -0.213307 -0.103718
v 0.479452 -0.048924 -0.135029
v 0.158513 -0.221135 -0.107632
v 0.749511 0.001957 -0.146771
v -0.882583 -0.185910 -0.217221
v 0.765166 -0.009785 -0.154599
v -0.898239 -0.181996 -0.201566
v 0.769080 0.005871 -0.146771
v 0.749511 0.017613 -0.154599
v -0.870842 -0.189824 -0.228963
v -0.448141 -0.009785 -0.095890
v -0.459883 0.001957 -0.107632
v -0.859100 -0.189824 -0.232877
v 0.162427 -0.213307 -0.103718
v 0.158513 -0.135029 -0.103718
v -0.945205 -0.029354 -0.001957
v 0.150685 -0.213307 -0.115460
v -0.941292 -0.001957 -0.001957
v -0.272016 -0.221135 -0.174168
v -0.283757 -0.221135 -0.170254
v -0.283757 -0.213307 -0.189824
v -0.452055 0.001957 0.099804
v -0.272016 -0.209393 -0.189824
v -0.467710 -0.005871 0.091977
v -0.264188 -0.209393 -0.174168
v -0.268102 -0.205479 -0.103718
v -0.279843 -0.209393 -0.091977
v 0.538160 -0.052838 0.205480
v 0.463796 -0.041096 0.217221
v -0.287671 -0.209393 -0.174168
v -0.287671 -0.205479 -0.103718
v 0.452055 -0.033268 0.178082
v -0.291585 -0.178082 -0.107632
v 0.557730 -0.045010 0.178082
v -0.287671 -0.174168 -0.174168
v -0.268102 -0.185910 -0.095890
v 0.557730 -0.021526 0.225049
v -0.275930 -0.189824 -0.088063
v 0.557730 -0.009785 0.213307
v -0.287671 -0.185910 -0.084149
v 0.545988 0.009785 0.228963
v 0.471624 0.009785 0.228963
v -0.761252 -0.166341 -0.197652
v 0.452055 -0.021526 0.225049
v -0.772994 -0.185910 -0.201566
v 0.847358 0.029354 0.268102
v -0.569472 -0.178082 -0.158513
v 0.714286 0.013699 -0.252446
v 0.714286 0.072407 -0.256360
v 0.150685 -0.213307 -0.221135
v 0.718200 0.127202 -0.275930
v 0.726027 0.088063 -0.279843
v -0.542074 -0.221135 -0.099804
v -0.522505 -0.221135 -0.099804
v 0.444227 -0.017613 -0.205479
v -0.526419 -0.217221 -0.048924
v -0.542074 -0.217221 0.001957
v 0.452055 -0.005871 -0.181996
v -0.553816 -0.213307 -0.099804
v 0.463796 0.009785 -0.205479
v -0.553816 -0.213307 -0.115460
v -0.542074 -0.217221 -0.127202
v 0.260274 -0.025440 -0.154599
v -0.522505 -0.217221 -0.127202
v 0.354207 -0.025440 -0.154599
v 0.444227 -0.037182 -0.142857
v -0.526419 -0.111546 -0.127202
v -0.518591 -0.170254 -0.123288
v -0.514677 -0.213307 -0.115460
v -0.514677 -0.174168 -0.115460
v -0.522505 -0.213307 0.001957
v 0.444227 -0.025440 -0.154599
v 0.452055 0.005871 -0.189824
v -0.917808 -0.205479 -0.103718
v 0.639922 0.005871 -0.189824
v -0.921722 -0.181996 -0.131115
v 0.639922 -0.005871 -0.142857
v -0.909980 -0.189824 -0.166341
v -0.499022 -0.037182 0.048924
v 0.890411 -0.166341 -0.080235
v 0.874755 -0.162427 -0.084149
v -0.502935 -0.025440 0.041096
v 0.909980 -0.154599 -0.088063
v 0.589041 -0.213307 -0.088063
v 0.545988 -0.213307 -0.091977
v -0.483366 -0.033268 0.033268
v 0.538160 -0.185910 -0.076321
v 0.440313 -0.166341 -0.013699
v -0.471624 0.009785 0.115460
v -0.483366 0.021526 0.111546
v 0.444227 -0.189824 -0.037182
v -0.483366 0.017613 -0.095890
v -0.784736 -0.209393 0.001957
v 0.745597 0.017613 0.275930
v -0.780822 -0.209393 -0.103718
v -0.706458 -0.209393 0.001957
v 0.737769 0.084149 0.275930
v -0.780822 -0.209393 0.103718
v 0.726027 0.088063 0.279843
v 0.565558 -0.185910 0.009785
v 0.553816 -0.166341 -0.009785
v 0.549902 -0.162427 0.009785
v -0.502935 -0.025440 -0.041096
v 0.557730 -0.181996 0.025440
v -0.909980 -0.189824 0.166340
v -0.921722 -0.181996 0.131115
v -0.514677 -0.021526 0.033268
v -0.917808 -0.205479 0.103718
v -0.514677 0.001957 0.048924
v 0.158513 -0.221135 0.111546
v -0.440313 -0.045010 0.123288
v 0.272016 -0.221135 0.115460
v -0.471624 -0.045010 0.111546
v 0.162427 -0.221135 0.138943
v -0.436399 -0.033268 0.107632
v 0.154599 -0.221135 0.228963
v -0.428571 -0.033268 0.127202
v 0.154599 -0.213307 0.119374
v -0.440313 -0.045010 0.138943
v 0.158513 -0.135029 0.107632
v 0.162427 -0.213307 0.107632
v -0.471624 -0.045010 0.127202
v -0.475538 -0.037182 0.107632
v 0.338552 -0.213307 0.115460
v -0.471624 -0.037182 0.135029
v 0.338552 -0.221135 0.131115
v -0.475538 -0.021526 0.123288
v 0.342466 -0.217221 0.228963
v 0.334638 -0.221135 0.232877
v -0.436399 -0.033268 0.142857
v 0.275930 -0.221135 0.225049
v -0.471624 -0.021526 0.138943
v -0.440313 -0.017613 0.123288
v 0.213307 -0.217221 0.232877
v -0.483366 -0.013699 0.138943
v 0.158513 -0.213307 0.232877
v -0.506849 0.001957 0.150685
v 0.154599 -0.135029 0.232877
v -0.479452 -0.021526 0.162427
v 0.150685 -0.213307 0.221135
v -0.514677 -0.001957 0.166340
v 0.342466 -0.135029 0.232877
v -0.538160 0.005871 0.170254
v 0.334638 -0.213307 0.232877
v 0.448141 -0.013699 0.205480
v 0.452055 -0.005871 0.181996
v 0.557730 -0.013699 0.178082
v -0.804305 -0.189824 -0.232877
v 0.565558 -0.029354 0.178082
v 0.549902 0.009785 0.201566
v -0.780822 -0.158513 -0.225049
v 0.545988 0.009785 -0.201566
v 0.639922 -0.005871 -0.178082
v 0.381605 -0.185910 -0.232877
v 0.393346 -0.154599 -0.228963
v 0.397260 -0.154599 -0.240704
v 0.753425 0.013699 -0.166341
v -0.346380 -0.005871 -0.127202
v -0.346380 0.005871 -0.185910
v 0.283757 -0.135029 -0.232877
v -0.326810 -0.005871 -0.178082
v 0.334638 -0.135029 -0.232877
v -0.628180 -0.193738 -0.228963
v -0.651663 -0.193738 -0.244618
v -0.651663 -0.178082 -0.228963
v -0.620352 -0.150685 -0.225049
v 0.624266 -0.025440 0.154599
v -0.765166 -0.170254 -0.213307
v 0.639922 -0.005871 0.142857
v 0.639922 0.005871 0.189824
v -0.596869 -0.209393 -0.103718
v 0.444227 -0.025440 0.154599
v -0.694716 -0.209393 -0.115460
v -0.581213 -0.201566 -0.115460
v 0.463796 0.009785 0.205480
v -0.694716 -0.029354 0.240705
v -0.682975 -0.017613 0.232877
v -0.710372 -0.013699 0.236791
v -0.780822 -0.205479 -0.115460
v -0.643836 -0.209393 -0.103718
v -0.639922 0.045010 0.228963
v -0.679061 0.025440 0.232877
v -0.780822 -0.166341 -0.138943
v -0.769080 -0.174168 -0.119374
v -0.221135 0.005871 -0.189824
v -0.178082 0.005871 -0.189824
v 0.346380 -0.213307 -0.119374
v -0.041096 0.005871 -0.189824
v 0.346380 -0.135029 -0.115460
v 0.095890 0.005871 -0.189824
v 0.150685 0.005871 -0.189824
v 0.616438 -0.181996 -0.060665
v 0.268102 0.005871 -0.189824
v 0.604697 -0.201566 -0.080235
v 0.358121 0.005871 -0.189824
v -0.921722 -0.205479 0.001957
v 0.737769 -0.005871 -0.052838
v -0.929550 -0.185910 0.048924
v 0.753425 0.001957 -0.052838
v -0.929550 -0.185910 -0.048924
v 0.757339 -0.013699 -0.060665
v -0.526419 -0.217221 0.099804
v -0.518591 -0.213307 0.115460
v -0.538160 -0.217221 0.115460
v -0.542074 -0.217221 0.099804
v -0.514677 0.005871 0.127202
v -0.510763 0.017613 0.138943
v 0.459883 -0.170254 -0.037182
v 0.741683 0.005871 0.138943
v 0.475538 -0.178082 -0.048924
v 0.749511 0.017613 0.154599
v 0.459883 -0.181996 -0.084149
v 0.745597 0.013699 0.123288
v -0.702544 -0.201566 0.138943
v 0.749511 -0.001957 0.123288
v -0.694716 -0.209393 0.115460
v 0.745597 -0.029354 0.103718
v 0.769080 -0.029354 0.017613
v -0.553816 -0.213307 0.099804
v 0.745597 -0.017613 0.064579
v -0.553816 -0.213307 0.115460
v 0.737769 0.001957 0.084149
v -0.596869 -0.209393 0.103718
v 0.749511 -0.009785 0.095890
v -0.553816 -0.209393 0.001957
v 0.761252 -0.009785 0.099804
v 0.757339 -0.005871 0.119374
v 0.459883 -0.181996 0.084149
v 0.753425 0.009785 0.091977
v 0.475538 -0.178082 0.048924
v 0.745597 0.017613 0.099804
v 0.459883 -0.170254 0.037182
v 0.741683 -0.001957 0.111546
v -0.780822 -0.205479 0.115460
v 0.741683 -0.025440 0.127202
v 0.628180 -0.193738 0.056751
v -0.001957 -0.025440 0.154599
v 0.616438 -0.181996 0.060665
v 0.636008 -0.174168 0.060665
v 0.001957 0.005871 0.189824
v -0.041096 0.005871 0.189824
v -0.545988 -0.174168 0.119374
v -0.561644 -0.174168 0.115460
v -0.581213 -0.201566 0.115460
v 0.268102 0.005871 0.189824
v 0.150685 0.005871 0.189824
v 0.632094 -0.166341 0.099804
v 0.612525 -0.166341 0.091977
v 0.452055 0.005871 0.189824
v 0.358121 0.005871 0.189824
v 0.604697 -0.201566 0.060665
v 0.600783 -0.201566 0.091977
v 0.589041 -0.185910 0.091977
v -0.549902 0.013699 0.170254
v 0.596869 -0.166341 0.091977
v -0.549902 0.029354 0.221135
v -0.769080 -0.174168 0.119374
v 0.675147 -0.009785 -0.072407
v -0.780822 -0.166341 0.138943
v 0.679061 0.009785 -0.052838
v -0.522505 -0.174168 0.115460
v 0.679061 0.013699 -0.068493
v 0.690802 0.005871 -0.076321
v 0.600783 -0.154599 0.115460
v 0.639922 -0.025440 -0.001957
v 0.639922 -0.033268 -0.001957
v 0.639922 -0.025440 0.017613
v -0.772994 -0.185910 0.181996
v 0.639922 -0.013699 0.013699
v 0.643836 -0.021526 -0.001957
v -0.761252 -0.166341 0.181996
v 0.639922 -0.013699 -0.013699
v 0.639922 -0.025440 -0.017613
v -0.225049 -0.217221 0.174168
v 0.749511 0.001957 -0.001957
v -0.221135 -0.217221 0.154599
v 0.753425 0.009785 0.009785
v -0.213307 -0.213307 0.170254
v 0.741683 0.029354 -0.001957
v 0.753425 0.009785 -0.009785
v 0.737769 -0.005871 0.052838
v -0.221135 -0.201566 0.193738
v 0.749511 0.009785 0.064579
v -0.232877 -0.201566 0.193738
v 0.741683 0.013699 0.052838
v -0.236791 -0.205479 0.174168
v -0.232877 -0.209393 0.154599
v -0.213307 -0.201566 0.123288
v 0.690802 0.005871 0.076321
v -0.228963 -0.197652 0.123288
v 0.679061 0.013699 0.068493
v -0.228963 -0.185910 0.111546
v 0.679061 0.009785 0.052838
v -0.150685 -0.189824 0.115460
v -0.154599 -0.205479 0.135029
v -0.491194 0.001957 0.127202
v -0.209393 -0.205479 0.138943
v -0.479452 0.009785 0.123288
v -0.154599 -0.205479 0.158513
v -0.459883 -0.013699 0.127202
v -0.209393 -0.201566 0.158513
v 0.397260 -0.154599 0.240705
v 0.393346 -0.154599 0.228963
v -0.479452 0.013699 0.135029
v -0.487280 0.005871 0.138943
v 0.589041 -0.154599 0.178082
v -0.714286 0.005871 0.232877
v 0.600783 -0.154599 0.193738
v -0.628180 -0.193738 0.228963
v -0.679061 0.025440 -0.232877
v -0.620352 -0.150685 0.225049
v -0.518591 -0.005871 -0.119374
v -0.651663 -0.178082 0.228963
v -0.526419 0.005871 -0.111546
v -0.651663 -0.193738 0.244618
v 0.326810 -0.166341 0.107632
v 0.769080 -0.029354 -0.017613
v 0.780822 0.001957 -0.013699
v 0.346380 -0.213307 0.119374
v 0.346380 -0.135029 0.221135
v 0.780822 0.001957 0.013699
v -0.538160 0.009785 0.150685
v 0.217221 -0.135029 0.232877
v -0.549902 0.001957 0.170254
v 0.268102 -0.146771 0.232877
v -0.526419 0.013699 0.123288
v 0.240705 -0.127202 0.240705
v -0.522505 -0.001957 0.135029
v -0.542074 0.001957 0.127202
v -0.252446 0.005871 -0.189824
v -0.346380 0.025440 -0.209393
v 0.718200 -0.209393 -0.275930
v 0.726027 -0.213307 -0.256360
v -0.256360 0.029354 -0.209393
v 0.714286 -0.209393 -0.248532
v 0.710372 -0.197652 -0.252446
v 0.001957 0.005871 -0.189824
v 0.714286 -0.158513 -0.264188
v -0.041096 0.029354 -0.209393
v 0.001957 0.029354 -0.209393
v 0.726027 -0.201566 -0.279843
v 0.741683 -0.209393 -0.275930
v 0.095890 0.029354 -0.209393
v 0.741683 -0.209393 -0.248532
v 0.150685 0.029354 -0.209393
v 0.745597 -0.197652 -0.256360
v 0.761252 -0.209393 -0.256360
v 0.268102 0.029354 -0.209393
v 0.804305 -0.213307 -0.248532
v 0.362035 0.029354 -0.209393
v 0.741683 -0.209393 -0.189824
v -0.941292 0.005871 -0.103718
v 0.726027 -0.209393 -0.181996
v -0.941292 0.013699 -0.001957
v 0.737769 -0.209393 -0.123288
v -0.937378 0.017613 -0.131115
v 0.714286 -0.209393 -0.127202
v 0.655577 -0.025440 -0.084149
v 0.831703 -0.209393 -0.256360
v 0.659491 -0.021526 -0.068493
v 0.647750 -0.013699 -0.072407
v 0.870842 -0.209393 -0.248532
v 0.643836 -0.013699 -0.084149
v 0.874755 -0.209393 -0.185910
v 0.671233 0.005871 -0.095890
v 0.874755 -0.209393 -0.123288
v 0.679061 -0.001957 -0.088063
v 0.874755 -0.209393 -0.001957
v 0.804305 -0.213307 0.248532
v 0.698630 -0.001957 -0.064579
v 0.737769 -0.209393 -0.001957
v 0.710372 -0.001957 -0.072407
v 0.706458 0.005871 -0.052838
v 0.694716 -0.001957 -0.052838
v 0.542074 -0.185910 -0.193738
v 0.639922 -0.005871 -0.033268
v 0.518591 -0.170254 -0.193738
v 0.647750 0.029354 -0.119374
v 0.534247 -0.178082 -0.236791
v 0.647750 0.029354 0.001957
v -0.275930 -0.178082 -0.189824
v 0.639922 -0.005871 0.033268
v -0.275930 -0.162427 -0.178082
v -0.522505 -0.001957 -0.001957
v -0.264188 -0.170254 -0.178082
v -0.526419 0.005871 -0.029354
v -0.651663 -0.201566 -0.131115
v -0.526419 0.005871 0.029354
v -0.651663 -0.185910 -0.138943
v -0.663405 -0.193738 -0.123288
v -0.647750 -0.185910 -0.115460
v 0.647750 -0.013699 -0.013699
v 0.643836 0.001957 -0.017613
v 0.639922 -0.009785 -0.025440
v -0.671233 -0.131115 -0.142857
v 0.784736 0.005871 -0.001957
v 0.769080 0.009785 0.001957
v 0.326810 -0.166341 -0.107632
v 0.248532 -0.135029 -0.099804
v 0.647750 0.029354 0.119374
v 0.694716 -0.001957 0.052838
v 0.706458 0.005871 0.052838
v -0.690802 -0.178082 -0.115460
v -0.690802 -0.197652 -0.123288
v 0.698630 -0.001957 0.064579
v 0.710372 -0.001957 0.072407
v 0.600783 -0.154599 -0.162427
v -0.941292 0.005871 0.103718
v 0.600783 -0.154599 -0.111546
v -0.929550 0.009785 0.178082
v 0.612525 -0.185910 -0.111546
v -0.937378 0.017613 0.131115
v 0.596869 -0.166341 -0.091977
v 0.589041 -0.185910 -0.091977
v 0.600783 -0.201566 -0.091977
v -0.311155 0.005871 0.189824
v 0.604697 -0.201566 -0.060665
v -0.252446 0.005871 0.189824
v 0.612525 -0.166341 -0.091977
v -0.256360 0.029354 0.209393
v -0.346380 0.025440 0.209393
v 0.330724 -0.166341 -0.095890
v -0.346380 0.005871 0.185910
v -0.346380 -0.005871 0.158513
v 0.577299 -0.201566 -0.091977
v -0.350294 0.025440 0.181996
v -0.350294 0.025440 -0.181996
v 0.565558 -0.178082 -0.052838
v 0.542074 -0.174168 -0.056751
v 0.526419 -0.174168 -0.076321
v -0.221135 0.005871 0.189824
v -0.178082 0.005871 0.189824
v 0.526419 -0.178082 -0.048924
v -0.221135 0.029354 0.209393
v 0.890411 -0.209393 -0.072407
v -0.041096 0.029354 0.209393
v 0.890411 -0.162427 -0.001957
v -0.178082 0.029354 0.209393
v 0.890411 -0.209393 0.072407
v 0.095890 0.005871 0.189824
v 0.890411 -0.205479 -0.103718
v 0.095890 0.029354 0.209393
v 0.001957 0.029354 0.209393
v -0.518591 -0.174168 0.103718
v -0.522505 -0.135029 0.001957
v -0.518591 -0.135029 0.103718
v 0.362035 0.029354 0.209393
v 0.268102 0.029354 0.209393
v 0.577299 -0.201566 0.091977
v 0.679061 0.001957 -0.072407
v 0.694716 0.013699 -0.095890
v 0.604697 -0.201566 0.080235
v 0.686888 0.025440 -0.091977
v 0.667319 0.013699 -0.080235
v 0.639922 -0.009785 0.025440
v 0.643836 0.001957 0.017613
v 0.647750 -0.013699 0.013699
v 0.890411 -0.205479 0.103718
v -0.839530 0.005871 -0.228963
v 0.874755 -0.209393 0.123288
v -0.847358 0.017613 -0.252446
v 0.526419 -0.178082 0.048924
v -0.835616 0.005871 -0.248532
v 0.526419 -0.174168 0.076321
v 0.542074 -0.174168 0.056751
v -0.812133 0.005871 -0.232877
v 0.565558 -0.178082 0.052838
v 0.827789 -0.013699 -0.154599
v 0.831703 -0.009785 -0.166341
v 0.843444 -0.001957 -0.158513
v 0.150685 -0.135029 0.119374
v 0.835616 0.001957 -0.142857
v 0.819961 -0.001957 -0.146771
v 0.248532 -0.135029 0.099804
v 0.765166 -0.001957 -0.170254
v 0.150685 -0.135029 0.221135
v 0.679061 0.025440 -0.103718
v -0.663405 -0.193738 0.123288
v -0.690802 -0.197652 0.123288
v -0.510763 0.017613 0.115460
v -0.510763 0.025440 0.127202
v -0.217221 -0.197652 0.178082
v -0.217221 -0.185910 0.174168
v 0.639922 -0.005871 0.178082
v -0.221135 -0.181996 0.193738
v 0.518591 0.041096 -0.225049
v -0.816047 -0.170254 0.228963
v 0.647750 0.029354 -0.209393
v -0.819961 -0.193738 0.181996
v -0.549902 0.017613 -0.170254
v -0.549902 0.005871 -0.095890
v -0.847358 -0.193738 0.181996
v -0.526419 0.005871 -0.189824
v 0.518591 -0.170254 0.193738
v -0.526419 0.025440 -0.209393
v 0.491194 -0.166341 0.193738
v -0.518591 0.009785 -0.209393
v 0.772994 0.009785 -0.162427
v -0.898239 -0.181996 0.201566
v 0.827789 0.001957 -0.170254
v 0.835616 0.013699 -0.158513
v 0.819961 0.009785 -0.150685
v 0.808219 0.005871 -0.154599
v 0.467710 -0.174168 0.236791
v 0.718200 0.021526 0.091977
v 0.475538 -0.166341 0.244618
v 0.718200 0.009785 0.076321
v 0.726027 0.013699 0.060665
v 0.745597 0.013699 0.072407
v 0.874755 -0.209393 0.185910
v 0.741683 0.029354 0.080235
v 0.870842 -0.209393 0.248532
v 0.847358 0.009785 -0.264188
v 0.831703 -0.209393 0.256360
v 0.753425 0.009785 -0.268102
v 0.761252 -0.209393 0.256360
v 0.745597 0.017613 -0.275930
v 0.741683 -0.209393 0.248532
v 0.847358 0.021526 -0.275930
v 0.741683 -0.209393 0.189824
v 0.737769 -0.209393 0.123288
v 0.870842 0.009785 -0.248532
v 0.741683 -0.209393 0.275930
v 0.847358 0.017613 -0.252446
v 0.726027 -0.213307 0.256360
v 0.745597 -0.197652 0.256360
v 0.745597 0.005871 -0.225049
v 0.745597 -0.158513 0.268102
v 0.769080 0.009785 -0.228963
v 0.741683 -0.119374 0.275930
v 0.733855 -0.138943 0.279843
v 0.761252 0.021526 -0.228963
v 0.726027 -0.201566 0.279843
v 0.718200 -0.209393 0.275930
v 0.737769 0.017613 -0.236791
v 0.710372 0.009785 -0.228963
v 0.726027 -0.205479 0.181996
v 0.714286 -0.209393 0.248532
v 0.714286 -0.205479 0.185910
v 0.769080 0.005871 -0.244618
v 0.714286 -0.209393 0.127202
v 0.741683 0.017613 -0.252446
v 0.765166 0.021526 -0.244618
v 0.792564 0.029354 -0.236791
v -0.518591 -0.005871 -0.209393
v -0.530333 -0.001957 -0.201566
v 0.718200 -0.115460 0.275930
v -0.530333 0.005871 -0.213307
v 0.714286 -0.158513 0.264188
v 0.710372 -0.197652 0.252446
v -0.514677 0.009785 -0.217221
v -0.510763 0.001957 -0.201566
v 0.733855 -0.138943 -0.279843
v -0.518591 -0.001957 -0.185910
v -0.518591 0.037182 -0.213307
v 0.745597 -0.158513 -0.268102
v -0.514677 0.037182 -0.201566
v 0.753425 -0.146771 -0.275930
v 0.859100 -0.154599 -0.268102
v 0.749511 -0.154599 -0.260274
v 0.745597 -0.158513 -0.248532
v -0.354207 0.048924 -0.221135
v -0.675147 -0.178082 -0.228963
v 0.651663 0.072407 -0.099804
v 0.765166 -0.197652 -0.256360
v 0.757339 -0.193738 -0.248532
v -0.487280 0.029354 0.084149
v 0.823875 -0.193738 -0.248532
v -0.487280 0.029354 -0.084149
v 0.835616 -0.197652 -0.256360
v -0.479452 0.025440 -0.111546
v -0.471624 0.005871 -0.111546
v 0.874755 -0.197652 -0.252446
v -0.455969 0.021526 -0.111546
v 0.855186 -0.185910 -0.236791
v -0.444227 0.009785 -0.091977
v 0.874755 -0.189824 -0.225049
v -0.455969 0.029354 -0.099804
v 0.882583 -0.197652 -0.232877
v -0.444227 0.009785 0.091977
v 0.714286 -0.209393 0.064579
v 0.706458 -0.197652 0.060665
v -0.545988 0.009785 -0.001957
v 0.706458 -0.197652 -0.123288
v -0.452055 0.021526 0.111546
v 0.710372 -0.197652 -0.185910
v 0.651663 0.072407 0.099804
v 0.714286 -0.189824 -0.189824
v 0.647750 0.029354 0.209393
v 0.714286 -0.189824 -0.248532
v 0.499022 0.052838 0.236791
v 0.714286 -0.158513 -0.248532
v 0.487280 0.048924 0.225049
v 0.874755 -0.189824 -0.185910
v 0.455969 0.029354 0.209393
v 0.882583 -0.197652 -0.185910
v 0.870842 0.088063 0.275930
v -0.737769 -0.146771 -0.217221
v 0.851272 0.146771 0.275930
v -0.921722 -0.170254 -0.170254
v 0.847358 0.095890 0.268102
v 0.753425 0.088063 0.275930
v 0.847358 0.076321 0.268102
v -0.268102 -0.158513 -0.107632
v -0.264188 -0.174168 -0.127202
v 0.749511 0.005871 -0.268102
v 0.882583 -0.197652 -0.135029
v 0.874755 -0.189824 -0.123288
v 0.870842 0.088063 -0.275930
v 0.874755 0.088063 -0.272016
v -0.522505 0.013699 -0.185910
v -0.154599 -0.205479 -0.162427
v -0.221135 -0.209393 -0.158513
v -0.221135 -0.197652 -0.178082
v -0.510763 0.013699 -0.185910
v -0.154599 -0.193738 -0.181996
v -0.522505 0.045010 -0.119374
v -0.142857 -0.185910 -0.174168
v -0.526419 0.052838 -0.135029
v -0.142857 -0.197652 -0.150685
v -0.154599 -0.205479 -0.138943
v -0.514677 0.025440 -0.209393
v -0.221135 -0.205479 -0.135029
v -0.154599 -0.193738 -0.119374
v -0.510763 0.041096 -0.146771
v -0.221135 -0.193738 -0.119374
v -0.232877 -0.193738 -0.131115
v 0.686888 0.009785 -0.111546
v -0.232877 -0.201566 -0.154599
v 0.679061 0.021526 -0.115460
v -0.256360 -0.193738 -0.131115
v 0.702544 0.029354 -0.115460
v -0.256360 -0.193738 -0.154599
v -0.232877 -0.185910 -0.178082
v 0.710372 0.013699 -0.080235
v 0.440313 -0.209393 -0.048924
v 0.440313 -0.209393 -0.076321
v 0.686888 0.025440 -0.076321
v 0.452055 -0.205479 -0.072407
v 0.710372 0.029354 -0.076321
v 0.448141 -0.201566 -0.048924
v 0.718200 0.017613 -0.060665
v 0.432485 -0.193738 -0.025440
v 0.420744 -0.197652 -0.029354
v 0.706458 0.033268 -0.060665
v 0.702544 0.021526 -0.048924
v 0.428571 -0.201566 -0.052838
v 0.718200 0.017613 0.060665
v 0.432485 -0.197652 -0.076321
v 0.428571 -0.185910 -0.052838
v 0.702544 0.021526 0.048924
v 0.428571 -0.181996 -0.072407
v 0.706458 0.033268 0.060665
v 0.444227 -0.189824 -0.088063
v 0.710372 0.029354 0.076321
v 0.710372 0.013699 0.080235
v 0.440313 -0.170254 -0.076321
v 0.686888 0.025440 0.084149
v 0.452055 -0.178082 -0.076321
v 0.769080 0.001957 0.146771
v 0.455969 -0.189824 -0.072407
v 0.765166 0.005871 0.123288
v 0.769080 0.017613 0.135029
v 0.440313 -0.209393 0.048924
v 0.776908 0.017613 0.154599
v 0.428571 -0.205479 0.037182
v 0.448141 -0.201566 0.013699
v 0.452055 -0.193738 0.025440
v 0.753425 0.013699 0.166340
v 0.444227 -0.197652 0.056751
v 0.428571 -0.201566 0.068493
v 0.420744 -0.205479 0.056751
v -0.667319 -0.185910 0.115460
v -0.510763 0.017613 0.135029
v -0.534247 0.025440 0.123288
v -0.530333 -0.001957 0.123288
v -0.690802 -0.178082 0.115460
v -0.526419 0.001957 0.107632
v -0.542074 0.009785 0.111546
v -0.545988 0.037182 0.111546
v -0.686888 -0.142857 0.119374
v -0.549902 0.013699 0.115460
v 0.882583 -0.197652 0.135029
v 0.874755 -0.189824 0.123288
v -0.514677 0.001957 0.127202
v 0.874755 -0.189824 0.185910
v -0.553816 0.084149 0.225049
v 0.882583 -0.197652 0.185910
v -0.549902 0.091977 0.213307
v -0.553816 0.170254 0.209393
v 0.710372 -0.197652 0.185910
v -0.565558 0.162427 0.217221
v 0.714286 -0.189824 0.189824
v 0.847358 0.017613 0.252446
v 0.706458 -0.197652 0.123288
v 0.847358 0.080235 0.248532
v 0.714286 -0.189824 0.123288
v 0.870842 0.017613 0.252446
v 0.714286 -0.189824 0.060665
v 0.874755 0.084149 0.252446
v 0.714286 -0.189824 -0.123288
v -0.244618 -0.209393 0.146771
v -0.252446 -0.205479 0.178082
v 0.847358 0.076321 0.252446
v 0.870842 0.084149 0.252446
v -0.256360 -0.201566 0.150685
v 0.874755 0.017613 0.252446
v -0.244618 -0.193738 0.119374
v 0.874755 0.088063 0.272016
v -0.569472 -0.178082 0.158513
v 0.714286 0.013699 0.252446
v -0.589041 -0.162427 0.142857
v 0.714286 0.072407 0.256360
v -0.585127 -0.150685 0.158513
v -0.577299 -0.158513 0.201566
v -0.792564 0.001957 -0.295499
v -0.784736 0.001957 -0.283757
v -0.804305 0.001957 -0.248532
v 0.882583 -0.197652 0.232877
v -0.808219 0.013699 -0.303327
v -0.792564 0.021526 -0.311155
v 0.874755 -0.189824 0.225049
v -0.776908 0.013699 -0.307241
v 0.874755 -0.197652 0.252446
v -0.796477 0.005871 -0.244618
v -0.772994 0.017613 -0.295499
v -0.804305 0.029354 -0.240704
v -0.921722 -0.170254 0.170254
v -0.780822 0.037182 -0.311155
v 0.765166 -0.197652 0.256360
v -0.769080 0.041096 -0.307241
v 0.757339 -0.193738 0.248532
v 0.745597 -0.189824 0.244618
v 0.737769 0.084149 -0.275930
v 0.745597 -0.158513 0.248532
v 0.741683 0.146771 -0.275930
v 0.855186 -0.185910 0.236791
v 0.749511 0.091977 -0.272016
v 0.823875 -0.193738 0.248532
v 0.847358 0.088063 -0.275930
v 0.835616 -0.197652 0.256360
v 0.847358 0.076321 -0.268102
v 0.745597 0.076321 -0.268102
v -0.675147 -0.178082 0.228963
v -0.808219 0.021526 -0.228963
v -0.819961 0.041096 -0.240704
v 0.401174 -0.166341 -0.248532
v -0.831703 0.033268 -0.228963
v -0.804305 0.037182 -0.225049
v 0.424658 -0.138943 -0.248532
v -0.745597 0.037182 -0.232877
v -0.142857 -0.189824 -0.131115
v -0.675147 0.076321 -0.228963
v -0.119374 -0.193738 -0.150685
v -0.119374 -0.185910 -0.131115
v -0.549902 0.091977 -0.213307
v -0.142857 -0.170254 -0.119374
v -0.545988 0.029354 -0.088063
v -0.557730 -0.119374 -0.127202
v -0.526419 0.037182 -0.185910
v -0.933464 -0.170254 -0.084149
v 0.655577 0.001957 0.033268
v 0.647750 0.001957 0.037182
v 0.647750 0.005871 0.025440
v -0.929550 -0.166341 -0.138943
v 0.655577 0.013699 0.025440
v -0.275930 -0.170254 -0.076321
v 0.663405 0.013699 0.037182
v 0.655577 0.005871 0.045010
v -0.315068 -0.166341 -0.080235
v 0.647750 0.009785 0.048924
v -0.311155 -0.166341 -0.091977
v 0.659491 0.005871 0.064579
v 0.655577 0.021526 0.056751
v 0.643836 0.021526 0.045010
v 0.863014 -0.185910 -0.178082
v 0.859100 -0.185910 -0.103718
v 0.639922 0.013699 0.033268
v 0.647750 0.021526 0.029354
v 0.448141 -0.185910 -0.045010
v 0.776908 0.001957 0.080235
v 0.389432 -0.205479 -0.009785
v 0.776908 0.005871 0.048924
v 0.397260 -0.197652 -0.025440
v 0.788650 0.013699 0.072407
v 0.397260 -0.197652 0.001957
v 0.780822 0.017613 0.091977
v 0.373777 -0.193738 -0.005871
v 0.765166 0.021526 0.088063
v 0.385519 -0.193738 -0.021526
v 0.761252 0.005871 0.072407
v 0.765166 0.013699 0.048924
v 0.538160 -0.162427 0.029354
v -0.455969 0.033268 0.111546
v -0.463796 0.025440 0.119374
v 0.350294 -0.205479 0.025440
v 0.365949 -0.201566 0.009785
v 0.377691 -0.201566 0.017613
v 0.358121 -0.197652 0.029354
v -0.545988 0.037182 0.162427
v 0.334638 -0.185910 0.033268
v 0.326810 -0.189824 0.021526
v 0.338552 -0.197652 0.009785
v 0.416830 -0.193738 0.045010
v 0.401174 -0.193738 0.056751
v 0.409002 -0.181996 0.048924
v -0.808219 0.021526 0.228963
v -0.745597 0.037182 0.232877
v 0.420744 -0.178082 0.052838
v -0.804305 0.037182 0.228963
v 0.428571 -0.193738 0.033268
v -0.831703 0.033268 0.228963
v 0.432485 -0.197652 0.013699
v -0.819961 0.041096 0.240705
v 0.428571 -0.185910 0.017613
v -0.804305 0.029354 0.240705
v 0.424658 -0.185910 -0.001957
v 0.436399 -0.193738 -0.009785
v -0.675147 0.076321 0.228963
v 0.401174 -0.189824 0.068493
v -0.741683 0.060665 0.228963
v 0.420744 -0.185910 0.072407
v -0.792564 0.001957 0.295499
v -0.804305 0.001957 0.248532
v 0.393346 -0.174168 0.068493
v -0.784736 0.001957 0.283757
v 0.381605 -0.185910 0.056751
v -0.776908 0.013699 0.307241
v -0.792564 0.021526 0.311155
v 0.616438 -0.166341 0.060665
v -0.808219 0.013699 0.303327
v 0.628180 -0.166341 0.048924
v -0.835616 0.005871 0.248532
v -0.796477 0.005871 0.244618
v 0.647750 -0.166341 0.072407
v -0.812133 0.005871 0.232877
v -0.772994 0.017613 0.295499
v -0.929550 -0.166341 0.138943
v -0.933464 -0.170254 0.084149
v 0.859100 -0.166341 0.060665
v 0.718200 0.127202 0.275930
v 0.859100 -0.185910 0.103718
v 0.741683 0.146771 0.275930
v -0.142857 -0.193738 0.146771
v -0.142857 -0.185910 0.127202
v 0.718200 0.217221 0.275930
v -0.142857 -0.162427 0.127202
v 0.714286 0.150685 0.268102
v -0.142857 -0.150685 0.146771
v -0.142857 -0.162427 0.170254
v -0.792564 0.056751 0.252446
v -0.142857 -0.185910 0.166340
v -0.769080 0.041096 0.307241
v -0.150685 -0.174168 0.107632
v -0.835616 0.041096 -0.252446
v -0.154599 -0.193738 0.178082
v -0.843444 0.033268 -0.268102
v -0.150685 -0.174168 0.185910
v -0.808219 0.037182 -0.303327
v -0.240704 -0.185910 0.193738
v 0.499022 0.052838 -0.232877
v -0.232877 -0.178082 0.201566
v 0.487280 0.048924 -0.225049
v -0.240704 -0.162427 0.189824
v 0.495108 0.072407 -0.228963
v 0.514677 0.072407 -0.232877
v -0.252446 -0.181996 0.197652
v -0.260274 -0.193738 0.178082
v -0.530333 0.037182 -0.217221
v -0.264188 -0.170254 0.189824
v -0.260274 -0.178082 0.178082
v -0.221135 0.029354 -0.209393
v -0.256360 -0.189824 0.162427
v -0.256360 0.048924 -0.221135
v 0.506849 -0.166341 -0.236791
v -0.221135 0.048924 -0.221135
v 0.522505 -0.162427 -0.244618
v -0.178082 0.029354 -0.209393
v -0.178082 0.048924 -0.221135
v -0.761252 -0.142857 -0.142857
v -0.041096 0.048924 -0.221135
v 0.001957 0.048924 -0.221135
v 0.095890 0.048924 -0.221135
v 0.150685 0.048924 -0.221135
v 0.636008 -0.170254 -0.115460
v 0.455969 0.029354 -0.209393
v 0.362035 0.048924 -0.221135
v 0.455969 0.048924 -0.221135
v -0.686888 -0.142857 -0.119374
v 0.420744 -0.189824 -0.041096
v 0.792564 0.005871 -0.150685
v 0.397260 -0.181996 -0.025440
v 0.788650 0.009785 -0.197652
v 0.424658 -0.178082 -0.033268
v 0.796477 0.021526 -0.209393
v 0.440313 -0.178082 -0.052838
v 0.808219 0.017613 -0.150685
v 0.808219 0.013699 -0.103718
v 0.428571 -0.181996 -0.021526
v 0.800391 0.005871 -0.107632
v 0.362035 -0.189824 0.005871
v 0.788650 0.013699 -0.103718
v 0.346380 -0.185910 0.005871
v 0.753425 0.009785 -0.060665
v 0.350294 -0.178082 0.017613
v 0.765166 0.025440 -0.080235
v 0.792564 0.025440 -0.103718
v 0.365949 -0.181996 0.017613
v 0.788650 0.017613 -0.150685
v 0.377691 -0.178082 0.001957
v 0.776908 0.017613 -0.197652
v 0.784736 0.029354 -0.193738
v 0.776908 0.037182 -0.221135
v 0.385519 -0.193738 0.001957
v 0.780822 0.025440 -0.225049
v 0.393346 -0.178082 -0.009785
v 0.397260 -0.189824 0.009785
v -0.467710 0.033268 -0.103718
v 0.448141 -0.189824 -0.005871
v 0.772994 0.005871 -0.060665
v 0.444227 -0.174168 -0.005871
v 0.784736 0.009785 -0.013699
v 0.381605 -0.193738 0.025440
v 0.769080 0.013699 0.005871
v 0.397260 -0.178082 0.017613
v 0.769080 0.025440 -0.005871
v 0.373777 -0.181996 0.029354
v 0.780822 0.013699 -0.060665
v 0.776908 0.029354 -0.068493
v 0.448141 -0.185910 0.033268
v 0.792564 0.017613 -0.017613
v 0.436399 -0.181996 0.056751
v 0.792564 0.009785 -0.021526
v 0.643836 -0.166341 0.099804
v -0.549902 0.013699 -0.013699
v -0.549902 0.025440 -0.005871
v 0.655577 -0.166341 0.048924
v -0.545988 0.021526 0.009785
v -0.549902 0.009785 0.084149
v -0.545988 0.005871 0.076321
v 0.643836 -0.146771 0.236791
v -0.545988 0.091977 -0.091977
v 0.632094 -0.162427 0.232877
v 0.632094 -0.146771 0.236791
v 0.698630 0.041096 -0.099804
v 0.694716 0.037182 -0.115460
v -0.780822 -0.158513 0.225049
v 0.682975 0.029354 -0.056751
v -0.252446 -0.185910 0.135029
v 0.694716 0.037182 -0.072407
v -0.244618 -0.181996 0.146771
v -0.256360 -0.166341 0.138943
v 0.808219 0.013699 0.001957
v 0.800391 0.005871 -0.001957
v -0.260274 -0.166341 0.123288
v 0.792564 0.005871 0.021526
v -0.228963 -0.150685 0.185910
v 0.796477 0.013699 0.021526
v 0.784736 0.013699 0.048924
v 0.780822 0.009785 0.013699
v 0.534247 -0.178082 0.236791
v 0.655577 0.025440 0.037182
v 0.522505 -0.162427 0.244618
v 0.667319 0.009785 0.056751
v 0.506849 -0.166341 0.236791
v 0.667319 0.021526 0.052838
v 0.682975 0.021526 0.064579
v 0.679061 0.017613 0.076321
v 0.780822 0.025440 0.048924
v 0.788650 0.029354 0.076321
v 0.745597 -0.189824 -0.244618
v 0.682975 0.029354 0.056751
v -0.577299 -0.166341 -0.213307
v -0.596869 -0.146771 -0.217221
v 0.671233 0.029354 0.080235
v 0.702544 0.029354 0.084149
v -0.577299 -0.158513 -0.201566
v 0.702544 0.041096 0.076321
v 0.671233 0.037182 0.068493
v 0.467710 -0.174168 -0.236791
v 0.761252 0.021526 0.068493
v 0.479452 -0.170254 -0.193738
v 0.772994 0.033268 0.076321
v 0.769080 0.029354 0.045010
v 0.745597 -0.189824 -0.185910
v 0.694716 0.037182 0.072407
v -0.221135 -0.181996 -0.189824
v -0.232877 -0.162427 -0.181996
v -0.221135 -0.162427 -0.189824
v -0.178082 0.048924 0.221135
v -0.154599 -0.174168 -0.189824
v -0.221135 0.048924 0.221135
v -0.119374 -0.185910 -0.170254
v 0.001957 0.048924 0.221135
v -0.119374 -0.166341 -0.178082
v -0.119374 -0.150685 -0.166341
v -0.041096 0.048924 0.221135
v 0.150685 0.029354 0.209393
v 0.377691 -0.178082 -0.013699
v 0.150685 0.048924 0.221135
v 0.389432 -0.170254 -0.009785
v 0.095890 0.048924 0.221135
v 0.409002 -0.174168 -0.017613
v 0.455969 0.048924 0.221135
v 0.409002 -0.178082 0.001957
v 0.362035 0.048924 0.221135
v 0.397260 -0.181996 -0.001957
v 0.651663 0.048924 0.221135
v 0.381605 -0.185910 0.005871
v 0.385519 -0.170254 0.013699
v 0.847358 0.017613 0.275930
v 0.369863 -0.170254 0.005871
v 0.870842 0.084149 -0.252446
v 0.847358 0.076321 -0.252446
v 0.330724 -0.178082 0.009785
v 0.847358 0.029354 -0.268102
v 0.322896 -0.166341 0.021526
v 0.874755 0.146771 -0.275930
v 0.334638 -0.158513 0.009785
v 0.870842 0.146771 -0.248532
v 0.342466 -0.170254 0.005871
v 0.350294 -0.181996 0.029354
v -0.933464 0.025440 -0.001957
v 0.338552 -0.166341 0.029354
v -0.917808 0.029354 -0.119374
v -0.913894 0.033268 -0.181996
v -0.248532 -0.166341 0.111546
v -0.228963 -0.166341 0.107632
v 0.753425 0.029354 -0.009785
v 0.753425 0.041096 -0.001957
v 0.714286 -0.189824 0.248532
v 0.761252 0.029354 0.005871
v 0.745597 -0.189824 0.185910
v 0.753425 0.029354 0.009785
v 0.479452 -0.170254 0.193738
v 0.710372 0.025440 0.068493
v -0.577299 -0.166341 0.213307
v 0.706458 0.033268 0.064579
v -0.596869 -0.146771 0.217221
v -0.475538 0.033268 0.111546
v 0.714286 -0.158513 0.248532
v 0.514677 0.052838 0.228963
v 0.651663 0.072407 0.225049
v 0.514677 0.072407 0.232877
v -0.694716 -0.142857 -0.225049
v -0.812133 0.048924 -0.295499
v -0.788650 0.052838 -0.307241
v 0.753425 -0.189824 0.001957
v 0.812133 -0.193738 -0.185910
v 0.757339 0.029354 -0.236791
v 0.823875 -0.189824 -0.236791
v 0.745597 0.025440 -0.252446
v 0.737769 0.076321 -0.240704
v 0.823875 -0.189824 -0.185910
v 0.804305 0.025440 -0.103718
v 0.823875 -0.178082 -0.209393
v 0.835616 -0.178082 -0.232877
v 0.800391 0.025440 -0.150685
v 0.632094 -0.146771 -0.236791
v 0.769080 0.033268 -0.072407
v 0.639922 -0.146771 -0.240704
v 0.710372 0.025440 -0.099804
v 0.874755 -0.178082 -0.209393
v 0.726027 0.037182 -0.107632
v 0.726027 0.033268 -0.091977
v 0.863014 -0.170254 -0.197652
v 0.710372 0.037182 -0.084149
v 0.816047 -0.193738 -0.064579
v -0.913894 0.033268 0.181996
v -0.917808 0.029354 0.119374
v 0.812133 -0.193738 0.185910
v 0.816047 -0.193738 0.064579
v 0.804305 0.025440 0.001957
v -0.142857 -0.166341 -0.181996
v 0.796477 0.033268 0.001957
v -0.154599 -0.150685 -0.185910
v 0.796477 0.029354 0.021526
v -0.142857 -0.146771 -0.170254
v -0.256360 -0.158513 -0.127202
v 0.772994 0.033268 0.048924
v -0.256360 -0.174168 -0.123288
v 0.780822 0.033268 0.013699
v -0.232877 -0.174168 -0.119374
v -0.232877 -0.154599 -0.123288
v -0.256360 -0.146771 -0.142857
v 0.780822 0.033268 -0.009785
v -0.256360 -0.181996 -0.174168
v -0.256360 -0.150685 -0.162427
v -0.256360 -0.162427 -0.178082
v 0.729941 0.029354 0.060665
v 0.722113 0.041096 0.076321
v -0.232877 -0.142857 -0.142857
v -0.232877 -0.146771 -0.166341
v 0.776908 0.033268 0.095890
v -0.119374 -0.162427 -0.127202
v -0.119374 -0.146771 -0.138943
v -0.545988 0.048924 0.107632
v -0.142857 -0.150685 -0.127202
v -0.808219 0.037182 0.303327
v -0.142857 -0.138943 -0.146771
v -0.788650 0.052838 0.307241
v -0.812133 0.048924 0.295499
v -0.843444 0.033268 0.279843
v -0.154599 -0.174168 -0.111546
v -0.780822 0.037182 0.311155
v -0.154599 -0.150685 -0.115460
v -0.221135 -0.174168 -0.111546
v -0.792564 0.056751 -0.252446
v -0.221135 -0.150685 -0.115460
v -0.772994 0.052838 -0.299413
v 0.463796 -0.174168 -0.091977
v -0.800391 0.064579 -0.256360
v -0.812133 0.056751 -0.244618
v 0.436399 -0.170254 -0.072407
v 0.745597 0.025440 -0.268102
v 0.855186 -0.166341 0.084149
v 0.859100 -0.166341 0.048924
v 0.859100 -0.166341 -0.060665
v 0.796477 0.033268 -0.197652
v 0.647750 -0.166341 -0.072407
v 0.628180 -0.166341 -0.048924
v 0.616438 -0.166341 -0.060665
v 0.538160 -0.170254 -0.033268
v 0.514677 -0.162427 -0.037182
v 0.530333 -0.154599 -0.017613
v 0.800391 0.041096 -0.225049
v 0.788650 0.048924 -0.221135
v 0.381605 -0.158513 -0.001957
v -0.103718 -0.193738 -0.009785
v -0.115460 -0.193738 -0.001957
v 0.726027 0.033268 0.091977
v -0.115460 -0.181996 -0.009785
v -0.103718 -0.181996 -0.013699
v -0.874755 0.041096 0.225049
v -0.064579 -0.181996 0.001957
v -0.064579 -0.189824 0.009785
v -0.855186 0.041096 0.221135
v -0.859100 0.103718 0.225049
v -0.088063 -0.189824 0.013699
v -0.866928 0.154599 0.221135
v -0.060665 -0.181996 0.021526
v -0.890411 0.041096 0.213307
v -0.072407 -0.174168 0.017613
v -0.831703 0.048924 0.299413
v -0.115460 -0.181996 0.005871
v -0.839530 0.064579 0.303327
v -0.847358 0.052838 0.279843
v -0.107632 -0.174168 0.001957
v -0.103718 -0.170254 -0.005871
v 0.745597 0.025440 0.268102
v 0.060665 -0.193738 -0.001957
v 0.745597 0.076321 0.268102
v 0.056751 -0.193738 0.009785
v 0.060665 -0.185910 -0.009785
v 0.745597 0.084149 0.248532
v 0.072407 -0.189824 -0.001957
v 0.753425 0.080235 0.268102
v 0.064579 -0.178082 0.009785
v 0.072407 -0.166341 0.001957
v 0.056751 -0.154599 0.013699
v 0.851272 0.095890 0.248532
v 0.052838 -0.174168 0.009785
v 0.870842 0.146771 0.252446
v 0.432485 -0.174168 0.005871
v 0.874755 0.146771 0.275930
v 0.440313 -0.170254 0.021526
v -0.816047 0.056751 -0.287671
v 0.463796 -0.154599 0.021526
v 0.444227 -0.162427 0.005871
v -0.796477 0.064579 -0.287671
v 0.436399 -0.181996 0.037182
v 0.847358 0.095890 -0.268102
v 0.393346 -0.185910 0.041096
v 0.851272 0.146771 -0.275930
v 0.401174 -0.174168 0.041096
v 0.784736 0.045010 -0.236791
v 0.863014 -0.185910 0.178082
v 0.823875 -0.189824 0.185910
v -0.847358 0.037182 -0.213307
v 0.863014 -0.170254 0.197652
v -0.859100 0.103718 -0.225049
v 0.874755 -0.178082 0.209393
v -0.843444 0.166340 -0.213307
v -0.796477 0.158513 -0.205479
v -0.804305 0.068493 -0.217221
v 0.463796 -0.174168 0.091977
v 0.436399 -0.170254 0.072407
v -0.424658 -0.193738 0.115460
v 0.714286 0.048924 -0.107632
v -0.420744 -0.193738 0.123288
v -0.448141 -0.189824 0.127202
v -0.452055 -0.185910 0.115460
v -0.483366 0.033268 0.084149
v -0.436399 -0.181996 0.111546
v -0.542074 0.033268 0.001957
v -0.416830 -0.181996 0.107632
v -0.405088 -0.189824 0.111546
v -0.534247 0.029354 -0.021526
v -0.518591 0.029354 0.009785
v -0.264188 -0.150685 0.142857
v -0.542074 0.029354 0.017613
v -0.256360 -0.146771 0.123288
v -0.549902 0.025440 0.084149
v -0.401174 -0.185910 0.123288
v -0.393346 -0.178082 0.115460
v -0.397260 -0.174168 0.131115
v -0.416830 -0.181996 0.131115
v -0.436399 -0.181996 0.135029
v 0.745597 0.084149 -0.248532
v -0.432485 -0.174168 0.123288
v 0.745597 0.150685 -0.248532
v -0.444227 -0.162427 0.127202
v -0.455969 -0.166341 0.135029
v 0.737769 0.150685 -0.240704
v 0.823875 -0.189824 0.236791
v 0.726027 0.088063 -0.240704
v 0.835616 -0.178082 0.232877
v -0.890411 0.041096 -0.213307
v 0.823875 -0.178082 0.209393
v -0.902153 0.056751 -0.189824
v -0.878669 0.154599 -0.197652
v -0.866928 0.154599 -0.221135
v -0.354207 0.048924 -0.193738
v -0.354207 0.048924 0.193738
v -0.694716 -0.142857 0.225049
v -0.354207 0.072407 -0.201566
v -0.354207 0.072407 -0.228963
v 0.749511 -0.123288 -0.256360
v 0.718200 0.037182 -0.001957
v 0.463796 -0.142857 -0.248532
v 0.714286 0.045010 0.001957
v 0.475538 -0.166341 -0.244618
v 0.714286 0.052838 -0.084149
v -0.902153 -0.189824 -0.225049
v -0.909980 -0.185910 -0.236791
v -0.545988 0.048924 -0.005871
v -0.894325 -0.181996 -0.236791
v -0.545988 0.091977 0.091977
v -0.894325 -0.178082 -0.225049
v -0.545988 0.045010 0.017613
v -0.906067 -0.178082 -0.217221
v -0.534247 0.045010 -0.001957
v -0.921722 -0.181996 -0.225049
v -0.542074 0.041096 -0.025440
v 0.863014 -0.174168 -0.228963
v -0.913894 0.048924 0.123288
v -0.913894 0.048924 -0.123288
v 0.870842 -0.111546 -0.252446
v 0.491194 -0.166341 -0.193738
v -0.350294 0.048924 0.221135
v -0.256360 0.048924 0.221135
v 0.843444 -0.170254 -0.197652
v -0.354207 0.072407 0.228963
v 0.863014 -0.103718 -0.217221
v -0.878669 0.154599 0.197652
v -0.902153 0.056751 0.189824
v 0.600783 -0.154599 -0.193738
v -0.671233 0.166340 0.217221
v -0.679061 0.088063 0.221135
v -0.741683 0.072407 0.217221
v -0.839530 0.052838 0.248532
v -0.804305 0.068493 0.217221
v -0.585127 -0.150685 -0.158513
v -0.851272 0.076321 0.213307
v -0.041096 -0.189824 -0.119374
v -0.048924 -0.185910 -0.127202
v -0.827789 0.056751 -0.260274
v 0.009785 -0.181996 -0.127202
v 0.013699 -0.181996 -0.115460
v -0.557730 0.166340 -0.221135
v -0.029354 -0.181996 -0.111546
v -0.549902 0.119374 -0.213307
v -0.048924 -0.185910 -0.060665
v -0.545988 0.115460 -0.091977
v -0.056751 -0.181996 -0.068493
v -0.256360 0.072407 -0.228963
v -0.221135 0.072407 -0.228963
v 0.334638 -0.166341 -0.056751
v -0.178082 0.072407 -0.228963
v 0.248532 -0.166341 -0.084149
v -0.041096 0.072407 -0.228963
v 0.001957 0.072407 -0.228963
v -0.248532 -0.166341 -0.084149
v -0.256360 -0.162427 -0.072407
v 0.268102 0.048924 -0.221135
v 0.542074 -0.166341 -0.060665
v 0.150685 0.072407 -0.228963
v 0.268102 0.072407 -0.228963
v 0.440313 -0.158513 -0.072407
v 0.389432 -0.166341 -0.064579
v 0.651663 0.048924 -0.221135
v 0.283757 -0.189824 -0.052838
v 0.455969 0.072407 -0.228963
v 0.318982 -0.189824 -0.052838
v 0.651663 0.072407 -0.228963
v 0.318982 -0.189824 0.052838
v 0.283757 -0.189824 0.052838
v 0.275930 -0.181996 0.045010
v 0.275930 -0.181996 -0.045010
v -0.902153 0.099804 -0.123288
v 0.283757 -0.181996 -0.056751
v 0.326810 -0.185910 -0.045010
v 0.718200 0.072407 -0.099804
v 0.318982 -0.181996 -0.056751
v 0.729941 0.060665 -0.107632
v 0.330724 -0.166341 -0.033268
v 0.330724 -0.178082 -0.025440
v 0.330724 -0.178082 0.025440
v 0.326810 -0.185910 0.045010
v -0.530333 0.041096 -0.033268
v 0.330724 -0.166341 0.033268
v 0.318982 -0.181996 0.056751
v -0.518591 0.037182 -0.021526
v 0.279843 -0.146771 -0.013699
v 0.655577 0.072407 0.001957
v 0.315068 -0.146771 -0.025440
v 0.659491 0.076321 0.095890
v 0.655577 0.091977 0.103718
v 0.463796 -0.150685 -0.001957
v -0.518591 0.041096 0.009785
v 0.463796 -0.154599 -0.021526
v -0.530333 0.048924 -0.021526
v 0.064579 -0.170254 -0.009785
v 0.052838 -0.174168 -0.005871
v 0.052838 -0.154599 -0.005871
v -0.256360 0.072407 0.228963
v 0.060665 -0.146771 -0.005871
v -0.041096 0.072407 0.228963
v -0.178082 0.072407 0.228963
v 0.401174 -0.166341 -0.001957
v 0.389432 -0.162427 -0.021526
v 0.095890 0.072407 0.228963
v 0.393346 -0.150685 -0.017613
v 0.001957 0.072407 0.228963
v 0.268102 0.048924 0.221135
v 0.393346 -0.150685 0.001957
v 0.268102 0.072407 0.228963
v 0.150685 0.072407 0.228963
v 0.338552 -0.146771 0.017613
v 0.283757 -0.181996 0.056751
v 0.651663 0.072407 0.228963
v 0.455969 0.072407 0.228963
v 0.315068 -0.146771 0.025440
v -0.812133 0.056751 0.244618
v 0.279843 -0.146771 0.013699
v -0.827789 0.056751 0.260274
v -0.800391 0.064579 0.256360
v 0.389432 -0.166341 0.064579
v 0.440313 -0.158513 0.072407
v 0.542074 -0.166341 0.060665
v 0.330724 -0.166341 0.095890
v 0.346380 -0.135029 0.103718
v -0.851272 0.048924 -0.252446
v 0.248532 -0.166341 0.084149
v -0.839530 0.068493 -0.256360
v 0.334638 -0.166341 0.056751
v -0.855186 0.076321 -0.248532
v 0.647750 -0.166341 0.099804
v -0.863014 0.064579 -0.260274
v -0.831703 0.048924 -0.299413
v -0.362035 -0.189824 0.111546
v -0.839530 0.064579 -0.303327
v -0.338552 -0.189824 0.107632
v -0.819961 0.064579 -0.307241
v -0.334638 -0.185910 0.119374
v -0.358121 -0.189824 0.127202
v -0.866928 0.088063 -0.260274
v -0.847358 0.080235 -0.299413
v -0.365949 -0.178082 0.107632
v -0.342466 -0.181996 0.099804
v 0.729941 0.033268 -0.001957
v -0.318982 -0.170254 0.103718
v 0.737769 0.041096 -0.001957
v 0.733855 0.041096 0.095890
v -0.330724 -0.158513 0.099804
v -0.311155 -0.146771 0.103718
v 0.726027 0.037182 0.091977
v -0.315068 -0.170254 0.115460
v 0.733855 0.045010 -0.095890
v -0.401174 -0.174168 0.103718
v -0.412916 -0.166341 0.107632
v 0.733855 0.072407 -0.095890
v -0.397260 -0.154599 0.111546
v -0.389432 -0.166341 0.107632
v -0.463796 -0.170254 0.123288
v -0.886497 0.158513 0.166340
v -0.459883 -0.142857 0.123288
v -0.902153 0.099804 0.123288
v -0.459883 -0.150685 0.111546
v -0.455969 -0.166341 0.111546
v -0.851272 0.068493 0.256360
v -0.835616 0.076321 0.248532
v -0.346380 -0.178082 0.127202
v -0.326810 -0.166341 0.127202
v -0.741683 0.060665 -0.228963
v -0.338552 -0.162427 0.123288
v -0.358121 -0.166341 0.127202
v -0.741683 0.072407 -0.217221
v -0.381605 -0.166341 0.135029
v -0.522505 0.041096 -0.240704
v -0.389432 -0.154599 0.127202
v -0.538160 0.048924 -0.232877
v -0.409002 -0.162427 0.127202
v -0.534247 0.068493 -0.244618
v -0.510763 0.045010 -0.244618
v -0.506849 0.041096 -0.232877
v -0.608611 -0.138943 0.146771
v 0.393346 -0.154599 0.158513
v -0.522505 0.072407 -0.115460
v -0.530333 0.080235 -0.131115
v 0.393346 -0.154599 0.107632
v -0.542074 0.080235 -0.228963
v -0.248532 -0.181996 0.166340
v -0.502935 0.068493 -0.228963
v -0.248532 -0.170254 0.174168
v -0.506849 0.048924 -0.209393
v -0.228963 -0.174168 0.174168
v -0.228963 -0.181996 0.158513
v -0.506849 0.052838 -0.154599
v 0.843444 -0.170254 0.197652
v -0.514677 0.068493 -0.178082
v -0.499022 0.080235 -0.146771
v 0.847358 -0.127202 0.217221
v -0.506849 0.076321 -0.111546
v 0.863014 -0.103718 0.217221
v -0.506849 0.048924 -0.115460
v 0.714286 0.045010 0.084149
v 0.863014 -0.174168 0.228963
v 0.714286 0.048924 0.107632
v 0.718200 0.072407 0.099804
v -0.851272 -0.170254 0.228963
v -0.812133 -0.162427 0.225049
v 0.733855 0.072407 0.095890
v -0.839530 -0.162427 0.197652
v 0.729941 0.060665 0.107632
v -0.851272 -0.154599 0.193738
v 0.726027 0.041096 0.107632
v -0.859100 -0.123288 0.228963
v 0.726027 0.041096 0.131115
v 0.714286 0.052838 0.135029
v -0.921722 -0.181996 0.225049
v -0.902153 -0.189824 0.225049
v -0.909980 -0.185910 0.236791
v -0.796477 0.158513 0.205480
v -0.917808 -0.174168 0.236791
v -0.671233 0.166340 -0.217221
v -0.921722 -0.150685 0.232877
v -0.679061 0.088063 -0.221135
v -0.921722 -0.146771 0.221135
v -0.679061 0.162427 -0.209393
v -0.906067 -0.178082 0.217221
v -0.675147 0.205480 -0.209393
v -0.894325 -0.181996 0.236791
v -0.565558 0.162427 -0.217221
v -0.894325 -0.178082 0.225049
v -0.569472 0.209393 -0.209393
v -0.902153 -0.174168 0.244618
v -0.870842 0.170254 -0.213307
v -0.851272 0.170254 -0.225049
v -0.909980 -0.123288 0.213307
v -0.510763 0.060665 -0.107632
v -0.800391 -0.162427 0.236791
v 0.729941 0.146771 0.123288
v -0.784736 -0.123288 0.236791
v 0.737769 0.072407 0.127202
v 0.749511 0.052838 0.127202
v 0.424658 -0.138943 0.248532
v 0.733855 0.048924 0.150685
v 0.753425 0.048924 0.150685
v 0.761252 0.064579 0.166340
v 0.749511 0.072407 0.166340
v 0.596869 -0.154599 0.236791
v 0.761252 0.072407 0.146771
v 0.577299 -0.131115 0.244618
v 0.772994 0.064579 0.154599
v -0.569472 0.209393 0.209393
v -0.921722 -0.146771 -0.221135
v -0.675147 0.205480 0.213307
v -0.921722 -0.150685 -0.232877
v -0.917808 -0.174168 -0.236791
v -0.772994 0.052838 0.299413
v -0.902153 -0.174168 -0.244618
v -0.796477 0.064579 0.287671
v -0.530333 0.142857 -0.244618
v -0.898239 -0.111546 -0.228963
v -0.545988 0.150685 -0.236791
v -0.538160 0.193738 -0.225049
v -0.518591 0.146771 -0.236791
v -0.526419 0.185910 -0.217221
v -0.514677 0.142857 -0.221135
v 0.855186 -0.185910 -0.201566
v -0.518591 0.111546 -0.111546
v 0.855186 -0.185910 -0.185910
v 0.843444 -0.181996 -0.197652
v -0.534247 0.138943 -0.123288
v 0.870842 -0.127202 -0.228963
v 0.866928 -0.181996 -0.193738
v -0.831703 0.084149 -0.307241
v 0.393346 -0.154599 -0.189824
v -0.819961 0.099804 -0.303327
v -0.808219 0.076321 -0.299413
v 0.863014 -0.174168 -0.181996
v 0.878669 -0.119374 -0.217221
v 0.483366 0.072407 -0.228963
v 0.651663 0.095890 -0.228963
v 0.847358 -0.174168 -0.185910
v 0.455969 0.095890 -0.228963
v -0.354207 0.095890 -0.228963
v -0.056751 -0.174168 -0.072407
v -0.256360 0.095890 -0.228963
v -0.099804 -0.166341 -0.025440
v -0.103718 -0.154599 -0.025440
v -0.221135 0.095890 -0.228963
v -0.048924 -0.166341 -0.068493
v -0.178082 0.095890 -0.228963
v -0.052838 -0.170254 -0.131115
v -0.021526 -0.170254 -0.138943
v 0.095890 0.072407 -0.228963
v -0.045010 -0.158513 -0.127202
v 0.009785 -0.158513 -0.127202
v 0.001957 0.095890 -0.228963
v 0.095890 0.095890 -0.228963
v 0.013699 -0.170254 -0.131115
v 0.362035 0.072407 -0.228963
v 0.859100 -0.166341 -0.048924
v 0.268102 0.095890 -0.228963
v 0.855186 -0.166341 -0.084149
v 0.362035 0.095890 -0.228963
v -0.279843 -0.150685 -0.119374
v -0.506849 0.080235 -0.209393
v -0.185910 -0.166341 -0.095890
v 0.784736 0.048924 -0.158513
v 0.757339 0.052838 -0.158513
v 0.761252 0.060665 -0.170254
v 0.784736 0.060665 -0.170254
v 0.808219 0.064579 -0.158513
v 0.800391 0.060665 -0.146771
v 0.604697 -0.138943 -0.091977
v 0.780822 0.056751 -0.146771
v 0.808219 0.048924 -0.138943
v 0.592955 -0.162427 -0.068493
v 0.823875 0.052838 -0.162427
v 0.831703 0.060665 -0.154599
v 0.819961 0.064579 -0.138943
v 0.592955 -0.146771 -0.068493
v 0.804305 0.060665 -0.123288
v 0.565558 -0.162427 -0.045010
v 0.792564 0.064579 -0.131115
v 0.804305 0.056751 -0.150685
v 0.714286 -0.166341 -0.099804
v -0.886497 0.162427 0.001957
v -0.886497 0.158513 -0.166341
v -0.471624 -0.185910 -0.080235
v -0.448141 -0.185910 -0.072407
v -0.459883 -0.181996 -0.060665
v 0.761252 0.142857 0.150685
v -0.479452 -0.178082 -0.068493
v -0.502935 -0.178082 -0.076321
v 0.765166 0.146771 0.162427
v -0.487280 -0.178082 -0.091977
v -0.354207 0.072407 0.201566
v -0.455969 -0.178082 -0.088063
v -0.354207 0.095890 0.228963
v 0.389432 -0.146771 -0.068493
v -0.354207 0.095890 0.201566
v 0.381605 -0.162427 -0.045010
v -0.354207 0.095890 -0.201566
v -0.440313 -0.170254 -0.072407
v -0.221135 0.072407 0.228963
v -0.452055 -0.162427 -0.080235
v -0.221135 0.095890 0.228963
v -0.440313 -0.150685 -0.060665
v -0.256360 0.095890 0.228963
v -0.436399 -0.166341 -0.056751
v -0.448141 -0.170254 -0.048924
v 0.001957 0.095890 0.228963
v -0.448141 -0.154599 -0.037182
v -0.041096 0.095890 0.228963
v -0.459883 -0.158513 -0.045010
v -0.463796 -0.166341 -0.056751
v 0.150685 0.095890 0.228963
v 0.095890 0.095890 0.228963
v 0.362035 0.072407 0.228963
v 0.275930 -0.135029 -0.021526
v 0.362035 0.095890 0.228963
v -0.041096 -0.178082 -0.056751
v 0.268102 0.095890 0.228963
v -0.033268 -0.166341 -0.115460
v -0.041096 -0.166341 -0.060665
v 0.651663 0.095890 0.228963
v -0.088063 -0.158513 -0.009785
v -0.091977 -0.170254 -0.013699
v -0.816047 0.056751 0.287671
v -0.095890 -0.162427 0.001957
v -0.111546 -0.162427 -0.005871
v -0.819961 0.072407 0.283757
v -0.808219 0.076321 0.299413
v -0.819961 0.064579 0.307241
v -0.933464 -0.170254 0.001957
v -0.819961 0.099804 0.303327
v -0.831703 0.084149 0.307241
v -0.941292 -0.174168 0.060665
v -0.941292 -0.174168 -0.060665
v -0.064579 -0.174168 0.009785
v 0.816047 0.064579 -0.166341
v 0.808219 0.068493 -0.150685
v 0.819961 0.076321 -0.158513
v 0.393346 -0.162427 0.005871
v 0.823875 0.088063 -0.170254
v 0.831703 0.076321 -0.174168
v 0.397260 -0.170254 0.017613
v 0.839530 0.076321 -0.166341
v 0.827789 0.213307 -0.170254
v 0.350294 -0.154599 0.001957
v 0.350294 -0.166341 0.013699
v 0.835616 0.213307 -0.158513
v 0.831703 0.080235 -0.154599
v 0.369863 -0.174168 0.048924
v 0.765166 0.064579 -0.146771
v 0.393346 -0.166341 0.056751
v 0.780822 0.068493 -0.150685
v 0.369863 -0.162427 0.029354
v 0.772994 0.076321 -0.154599
v 0.765166 0.084149 -0.150685
v 0.753425 0.080235 -0.150685
v 0.749511 0.080235 -0.166341
v 0.381605 -0.162427 0.045010
v 0.749511 0.209393 -0.158513
v 0.757339 0.213307 -0.170254
v 0.416830 -0.170254 0.064579
v 0.761252 0.080235 -0.170254
v 0.405088 -0.166341 0.048924
v 0.729941 0.072407 0.127202
v 0.389432 -0.146771 0.068493
v 0.749511 0.080235 0.146771
v 0.592955 -0.162427 0.068493
v 0.565558 -0.162427 0.045010
v -0.847358 0.080235 0.295499
v 0.592955 -0.146771 0.068493
v -0.866928 0.088063 0.260274
v -0.859100 0.088063 0.244618
v -0.812133 0.099804 -0.291585
v -0.448141 -0.150685 0.103718
v -0.886497 0.170254 -0.162427
v -0.440313 -0.162427 0.115460
v 0.796477 0.076321 -0.138943
v -0.311155 -0.146771 0.119374
v 0.796477 0.080235 -0.123288
v 0.808219 0.088063 -0.131115
v -0.322896 -0.146771 0.127202
v 0.812133 0.080235 -0.142857
v -0.154599 -0.154599 0.111546
v 0.792564 0.072407 -0.142857
v -0.146771 -0.146771 0.119374
v 0.808219 0.080235 -0.146771
v 0.796477 0.088063 -0.150685
v -0.761252 -0.162427 0.201566
v 0.788650 0.076321 -0.158513
v -0.745597 -0.146771 0.181996
v -0.843444 0.099804 0.244618
v -0.150685 -0.138943 0.166340
v -0.812133 0.099804 0.291585
v -0.154599 -0.154599 0.181996
v 0.772994 0.072407 -0.166341
v -0.221135 -0.166341 0.178082
v 0.769080 0.084149 -0.162427
v -0.225049 -0.150685 0.170254
v 0.804305 0.080235 -0.162427
v 0.557730 -0.142857 0.174168
v 0.827789 0.213307 -0.150685
v 0.819961 0.091977 -0.158513
v 0.812133 0.076321 -0.127202
v 0.428571 -0.142857 0.174168
v -0.518591 0.146771 -0.127202
v -0.549902 0.197652 -0.158513
v 0.729941 0.146771 -0.123288
v 0.710372 0.091977 -0.103718
v 0.710372 0.154599 -0.103718
v 0.393346 -0.154599 0.189824
v 0.718200 0.158513 -0.127202
v 0.412916 -0.131115 0.193738
v 0.714286 0.166340 -0.244618
v 0.726027 0.162427 -0.236791
v -0.737769 -0.146771 0.217221
v 0.741683 0.146771 -0.123288
v -0.745597 -0.142857 0.201566
v 0.741683 0.146771 0.123288
v -0.839530 0.095890 -0.299413
v -0.573385 -0.142857 0.232877
v 0.757339 0.142857 0.170254
v 0.757339 0.213307 0.170254
v 0.749511 0.142857 0.162427
v -0.839530 0.095890 0.299413
v 0.859100 -0.123288 0.232877
v -0.843444 0.099804 -0.244618
v -0.816047 0.111546 -0.295499
v -0.847358 0.115460 -0.248532
v 0.847358 -0.185910 0.240705
v 0.863014 -0.185910 0.240705
v -0.863014 0.103718 -0.244618
v 0.855186 -0.181996 0.252446
v 0.859100 -0.181996 0.228963
v -0.812133 0.170254 -0.217221
v 0.870842 -0.181996 0.236791
v -0.745597 0.178082 -0.209393
v 0.870842 -0.181996 0.252446
v -0.526419 0.142857 -0.170254
v 0.870842 -0.119374 0.252446
v -0.530333 0.185910 -0.166341
v 0.714286 0.150685 -0.268102
v 0.726027 0.150685 -0.248532
v 0.714286 0.170254 -0.252446
v 0.718200 0.217221 -0.275930
v -0.354207 0.115460 -0.225049
v 0.017613 -0.166341 -0.115460
v -0.256360 0.115460 -0.225049
v -0.221135 0.115460 -0.225049
v -0.479452 -0.162427 -0.068493
v -0.041096 0.095890 -0.228963
v -0.491194 -0.166341 -0.056751
v -0.502935 -0.181996 -0.060665
v -0.178082 0.115460 -0.225049
v -0.518591 -0.166341 -0.056751
v -0.041096 0.115460 -0.225049
v -0.518591 -0.142857 -0.060665
v 0.150685 0.095890 -0.228963
v -0.518591 -0.166341 -0.076321
v 0.095890 0.115460 -0.225049
v 0.150685 0.115460 -0.225049
v 0.401174 -0.154599 0.021526
v 0.268102 0.115460 -0.225049
v 0.401174 -0.166341 0.033268
v 0.362035 0.115460 -0.225049
v 0.385519 -0.170254 0.029354
v 0.483366 0.095890 -0.228963
v 0.651663 0.115460 -0.225049
v 0.655577 0.091977 -0.103718
v 0.659491 0.076321 -0.095890
v 0.385519 -0.162427 0.033268
v 0.381605 -0.162427 0.009785
v 0.526419 -0.150685 0.013699
v 0.710372 0.091977 0.103718
v 0.514677 -0.158513 0.033268
v -0.679061 0.162427 0.209393
v 0.393346 -0.166341 0.025440
v -0.745597 0.178082 0.209393
v -0.471624 -0.181996 0.080235
v -0.448141 -0.178082 0.076321
v -0.448141 -0.178082 0.091977
v 0.651663 0.115460 0.225049
v -0.471624 -0.178082 0.099804
v 0.455969 0.095890 0.228963
v -0.487280 -0.170254 0.095890
v -0.487280 -0.166341 0.076321
v 0.514677 0.095890 0.228963
v -0.467710 -0.170254 0.064579
v -0.350294 -0.170254 0.103718
v -0.354207 0.115460 0.225049
v -0.358121 -0.162427 0.115460
v -0.338552 -0.154599 0.111546
v -0.178082 0.095890 0.228963
v -0.178082 0.115460 0.225049
v -0.221135 0.115460 0.225049
v -0.448141 -0.181996 0.111546
v -0.432485 -0.166341 0.111546
v 0.095890 0.115460 0.225049
v -0.448141 -0.166341 0.123288
v 0.001957 0.115460 0.225049
v -0.467710 -0.170254 0.123288
v 0.268102 0.115460 0.225049
v -0.228963 -0.174168 0.142857
v 0.150685 0.115460 0.225049
v -0.225049 -0.162427 0.158513
v -0.240704 -0.162427 0.142857
v 0.726027 0.088063 0.240705
v -0.240704 -0.158513 0.170254
v -0.244618 -0.150685 0.154599
v 0.726027 0.150685 0.248532
v 0.737769 0.150685 0.240705
v -0.256360 -0.154599 0.193738
v -0.244618 -0.142857 0.174168
v -0.816047 0.111546 0.295499
v -0.256360 -0.135029 0.174168
v -0.264188 -0.146771 0.174168
v 0.851272 0.095890 -0.248532
v -0.855186 0.142857 -0.244618
v -0.866928 0.142857 -0.256360
v -0.870842 0.107632 -0.260274
v 0.816047 0.213307 -0.162427
v 0.823875 0.283757 -0.170254
v 0.522505 -0.142857 -0.248532
v 0.835616 0.240705 -0.170254
v 0.769080 0.213307 -0.170254
v -0.909980 -0.123288 -0.213307
v 0.769080 0.213307 -0.154599
v 0.710372 0.154599 0.103718
v -0.702544 -0.127202 -0.146771
v 0.651663 0.154599 0.103718
v -0.847358 0.170254 0.209393
v -0.812133 0.170254 0.217221
v -0.851272 0.170254 0.225049
v -0.291585 -0.158513 -0.111546
v -0.315068 -0.154599 -0.107632
v 0.749511 0.283757 -0.166341
v 0.761252 0.283757 -0.170254
v 0.757339 0.213307 -0.150685
v -0.518591 -0.146771 -0.080235
v -0.475538 -0.166341 -0.088063
v 0.761252 0.283757 -0.150685
v -0.495108 -0.150685 -0.080235
v 0.749511 0.283757 -0.154599
v -0.463796 -0.158513 -0.072407
v -0.545988 0.178082 -0.146771
v -0.549902 0.178082 -0.095890
v 0.565558 -0.146771 -0.068493
v -0.549902 0.178082 0.095890
v -0.545988 0.115460 0.091977
v 0.487280 -0.158513 -0.033268
v -0.847358 0.111546 0.299413
v -0.870842 0.107632 0.260274
v 0.354207 -0.174168 -0.013699
v -0.863014 0.103718 0.244618
v 0.358121 -0.162427 -0.017613
v 0.354207 -0.174168 0.013699
v -0.827789 0.115460 -0.307241
v -0.816047 0.166340 -0.299413
v 0.381605 -0.170254 -0.009785
v -0.808219 0.150685 -0.295499
v 0.369863 -0.154599 -0.009785
v 0.373777 -0.162427 -0.025440
v 0.890411 0.146771 -0.275930
v 0.131115 -0.178082 -0.005871
v 0.894325 0.146771 -0.127202
v 0.146771 -0.178082 -0.001957
v 0.131115 -0.178082 0.005871
v 0.874755 0.146771 -0.135029
v 0.103718 -0.158513 0.001957
v 0.859100 0.150685 -0.252446
v 0.103718 -0.154599 -0.009785
v 0.138943 -0.170254 -0.013699
v 0.745597 0.091977 -0.260274
v 0.146771 -0.162427 -0.005871
v 0.107632 -0.142857 -0.009785
v 0.745597 0.146771 -0.268102
v 0.753425 0.150685 -0.256360
v 0.142857 -0.166341 0.005871
v 0.745597 0.170254 -0.252446
v 0.107632 -0.150685 0.009785
v 0.745597 0.091977 0.260274
v 0.048924 -0.138943 0.001957
v 0.745597 0.150685 0.248532
v 0.362035 -0.158513 0.009785
v 0.749511 0.091977 0.272016
v 0.354207 -0.150685 0.025440
v 0.714286 0.170254 0.252446
v 0.377691 -0.138943 -0.021526
v 0.722113 0.170254 0.236791
v 0.381605 -0.150685 0.001957
v 0.745597 0.170254 0.252446
v 0.870842 0.146771 0.248532
v 0.358121 -0.162427 0.017613
v 0.859100 0.150685 0.252446
v 0.874755 0.146771 0.135029
v 0.495108 -0.146771 0.013699
v 0.894325 0.146771 0.127202
v 0.483366 -0.158513 0.033268
v 0.890411 0.146771 0.275930
v 0.745597 0.146771 0.268102
v 0.565558 -0.146771 0.068493
v 0.757339 0.154599 0.275930
v -0.448141 -0.162427 0.064579
v 0.745597 0.170254 0.275930
v 0.741683 0.217221 0.275930
v -0.467710 -0.150685 0.064579
v -0.432485 -0.142857 0.068493
v -0.428571 -0.162427 0.076321
v 0.741683 0.217221 -0.275930
v -0.432485 -0.166341 0.091977
v 0.745597 0.170254 -0.275930
v 0.757339 0.154599 -0.275930
v -0.373777 -0.166341 0.080235
v -0.377691 -0.162427 0.103718
v 0.847358 0.146771 -0.268102
v -0.424658 -0.154599 0.107632
v 0.851272 0.170254 -0.275930
v -0.483366 -0.166341 0.115460
v -0.847358 0.111546 -0.299413
v -0.475538 -0.150685 0.127202
v -0.487280 -0.142857 0.107632
v -0.851272 0.150685 -0.287671
v -0.835616 0.162427 -0.299413
v -0.264188 -0.162427 0.174168
v 0.722113 0.170254 -0.236791
v -0.264188 -0.150685 0.162427
v -0.252446 -0.158513 0.166340
v -0.866928 0.142857 0.256360
v -0.855186 0.142857 0.244618
v -0.847358 0.115460 0.248532
v 0.898239 0.154599 0.279843
v 0.851272 0.170254 0.275930
v 0.753425 0.150685 0.256360
v 0.522505 -0.142857 0.248532
v 0.847358 0.146771 0.268102
v 0.917808 -0.158513 -0.232877
v 0.651663 0.154599 -0.103718
v 0.651663 0.135029 -0.213307
v 0.647750 0.154599 -0.201566
v 0.647750 0.174168 -0.181996
v -0.221135 -0.142857 -0.181996
v 0.647750 0.166340 -0.084149
v -0.154599 -0.135029 -0.170254
v 0.706458 0.166340 -0.088063
v -0.545988 0.178082 0.185910
v 0.726027 0.162427 0.236791
v -0.514677 -0.135029 -0.115460
v 0.714286 0.166340 0.244618
v 0.718200 0.158513 0.127202
v -0.949119 -0.166341 -0.001957
v -0.949119 -0.158513 -0.076321
v -0.549902 0.193738 0.095890
v -0.941292 -0.158513 -0.131115
v -0.553816 0.209393 0.189824
v 0.048924 -0.170254 0.001957
v 0.866928 0.150685 -0.135029
v 0.863014 0.174168 -0.248532
v 0.048924 -0.154599 0.005871
v 0.859100 0.213307 -0.252446
v 0.847358 0.170254 -0.252446
v -0.929550 -0.123288 0.170254
v -0.354207 0.119374 -0.197652
v -0.937378 -0.135029 0.150685
v -0.354207 0.135029 -0.213307
v -0.941292 -0.158513 0.131115
v -0.949119 -0.158513 0.076321
v -0.256360 0.135029 -0.213307
v -0.937378 -0.146771 0.084149
v -0.221135 0.135029 -0.213307
v -0.949119 -0.158513 -0.001957
v 0.001957 0.115460 -0.225049
v -0.041096 0.135029 -0.213307
v 0.001957 0.135029 -0.213307
v -0.741683 -0.142857 0.123288
v 0.095890 0.135029 -0.213307
v -0.518591 -0.107632 0.111546
v 0.150685 0.135029 -0.213307
v 0.455969 0.115460 -0.225049
v 0.362035 0.135029 -0.213307
v 0.455969 0.135029 -0.213307
v 0.483366 0.115460 -0.225049
v -0.354207 0.119374 0.197652
v -0.256360 0.115460 0.225049
v -0.256360 0.135029 0.213307
v 0.945205 -0.162427 -0.232877
v -0.354207 0.135029 0.213307
v 0.949119 -0.158513 -0.299413
v -0.041096 0.115460 0.225049
v 0.949119 -0.154599 -0.228963
v -0.041096 0.135029 0.213307
v -0.178082 0.135029 0.213307
v -0.745597 -0.146771 -0.197652
v 0.150685 0.135029 0.213307
v 0.095890 0.135029 0.213307
v 0.362035 0.115460 0.225049
v 0.455969 0.115460 0.225049
v -0.929550 -0.123288 -0.170254
v 0.362035 0.135029 0.213307
v -0.937378 -0.135029 -0.150685
v 0.268102 0.135029 0.213307
v 0.514677 0.115460 0.225049
v 0.651663 0.135029 0.213307
v -0.091977 -0.146771 -0.017613
v 0.514677 0.135029 0.213307
v 0.455969 0.135029 0.213307
v 0.847358 0.170254 0.252446
v -0.154599 -0.135029 -0.131115
v 0.859100 0.213307 0.252446
v 0.733855 -0.170254 -0.095890
v 0.855186 -0.170254 -0.099804
v 0.863014 0.174168 0.248532
v 0.855186 -0.170254 -0.001957
v 0.866928 0.150685 0.135029
v 0.733855 -0.170254 0.095890
v -0.808219 0.150685 0.295499
v 0.859100 -0.166341 -0.103718
v -0.816047 0.166340 0.299413
v 0.772994 -0.158513 -0.103718
v -0.827789 0.115460 0.307241
v 0.863014 -0.162427 -0.095890
v 0.863014 -0.166341 -0.001957
v -0.839530 0.162427 0.295499
v -0.851272 0.150685 0.287671
v 0.495108 -0.146771 -0.013699
v -0.886497 0.170254 0.162427
v 0.381605 -0.154599 0.025440
v -0.835616 0.162427 0.244618
v 0.393346 -0.146771 0.021526
v 0.855186 -0.170254 0.099804
v 0.859100 -0.166341 0.103718
v 0.714286 -0.166341 0.099804
v -0.851272 0.170254 -0.272016
v -0.835616 0.162427 -0.244618
v 0.863014 -0.162427 0.095890
v 0.859100 -0.119374 0.103718
v -0.851272 0.170254 0.272016
v 0.772994 -0.158513 0.103718
v -0.870842 0.170254 0.213307
v 0.389432 -0.162427 0.045010
v 0.397260 -0.150685 0.045010
v -0.808219 0.174168 -0.287671
v 0.412916 -0.158513 0.041096
v 0.405088 -0.166341 0.052838
v -0.839530 0.178082 -0.287671
v -0.487280 -0.146771 0.080235
v -0.819961 0.197652 -0.283757
v 0.581213 -0.135029 0.099804
v -0.354207 0.154599 -0.201566
v -0.178082 0.135029 -0.213307
v 0.581213 -0.131115 0.115460
v -0.221135 0.154599 -0.201566
v -0.326810 -0.135029 0.103718
v -0.178082 0.154599 -0.201566
v -0.041096 0.154599 -0.201566
v -0.452055 -0.142857 0.127202
v 0.001957 0.154599 -0.201566
v 0.268102 0.135029 -0.213307
v 0.150685 0.154599 -0.201566
v 0.268102 0.154599 -0.201566
v 0.483366 0.135029 -0.213307
v 0.945205 -0.162427 0.232877
v 0.455969 0.154599 -0.201566
v 0.949119 -0.154599 0.228963
v -0.221135 0.135029 0.213307
v 0.949119 -0.158513 0.299413
v -0.221135 0.154599 0.201566
v 0.941292 -0.154599 -0.307241
v -0.256360 0.154599 0.201566
v 0.929550 -0.150685 -0.303327
v 0.945205 -0.127202 -0.295499
v 0.001957 0.135029 0.213307
v 0.917808 -0.154599 -0.150685
v 0.001957 0.154599 0.201566
v 0.921722 -0.150685 -0.228963
v -0.041096 0.154599 0.201566
v 0.416830 -0.127202 -0.240704
v 0.268102 0.154599 0.201566
v 0.150685 0.154599 0.201566
v 0.561644 -0.135029 -0.248532
v 0.514677 0.154599 0.201566
v 0.455969 0.154599 0.201566
v 0.577299 -0.131115 -0.240704
v 0.362035 0.154599 0.201566
v 0.706458 0.166340 0.088063
v 0.647750 0.166340 0.084149
v 0.647750 0.174168 0.181996
v 0.647750 0.154599 0.201566
v -0.553816 0.205480 -0.205479
v -0.256360 0.154599 -0.201566
v -0.350294 0.174168 -0.181996
v -0.256360 0.174168 -0.181996
v -0.221135 0.174168 -0.181996
v 0.882583 -0.154599 -0.072407
v -0.178082 0.174168 -0.181996
v 0.925636 -0.150685 -0.088063
v 0.095890 0.154599 -0.201566
v -0.937378 -0.146771 -0.084149
v 0.001957 0.174168 -0.181996
v -0.929550 -0.127202 -0.146771
v 0.095890 0.174168 -0.181996
v 0.362035 0.154599 -0.201566
v 0.268102 0.174168 -0.181996
v 0.362035 0.174168 -0.181996
v 0.483366 0.154599 -0.201566
v 0.455969 0.174168 -0.181996
v -0.354207 0.154599 0.201566
v -0.350294 0.174168 0.181996
v 0.722113 -0.138943 -0.107632
v -0.178082 0.154599 0.201566
v 0.772994 -0.115460 -0.103718
v -0.178082 0.174168 0.181996
v -0.221135 0.174168 0.181996
v -0.170254 -0.135029 -0.095890
v 0.095890 0.154599 0.201566
v -0.052838 -0.135029 -0.095890
v 0.095890 0.174168 0.181996
v 0.001957 0.174168 0.181996
v 0.045010 -0.135029 -0.095890
v 0.362035 0.174168 0.181996
v -0.056751 -0.166341 -0.088063
v 0.268102 0.174168 0.181996
v 0.420744 -0.123288 -0.099804
v -0.534247 0.197652 -0.158513
v -0.538160 0.205480 -0.197652
v -0.553816 0.213307 -0.178082
v -0.549902 0.209393 -0.091977
v 0.412916 -0.131115 -0.107632
v -0.549902 0.193738 -0.095890
v -0.342466 -0.162427 -0.091977
v -0.878669 0.178082 -0.221135
v -0.342466 -0.166341 -0.060665
v -0.358121 -0.162427 -0.064579
v -0.362035 -0.158513 -0.091977
v -0.346380 -0.154599 -0.107632
v 0.757339 0.213307 0.150685
v 0.146771 -0.166341 -0.072407
v 0.146771 -0.166341 -0.088063
v 0.749511 0.209393 0.158513
v 0.749511 0.283757 0.154599
v 0.761252 0.283757 0.150685
v 0.769080 0.213307 0.154599
v -0.056751 -0.166341 -0.072407
v 0.765166 0.283757 0.162427
v -0.056751 -0.135029 -0.068493
v 0.769080 0.213307 0.170254
v 0.761252 0.283757 0.170254
v 0.749511 0.283757 0.166340
v -0.839530 0.178082 0.287671
v -0.878669 0.178082 0.221135
v -0.315068 -0.158513 -0.068493
v 0.898239 0.154599 -0.279843
v -0.248532 -0.135029 -0.068493
v 0.898239 0.213307 -0.275930
v 0.902153 0.158513 -0.272016
v -0.315068 -0.135029 -0.068493
v 0.902153 0.158513 -0.123288
v -0.334638 -0.158513 -0.056751
v 0.902153 0.150685 0.001957
v 0.870842 0.146771 0.001957
v 0.823875 0.146771 0.001957
v -0.354207 -0.166341 0.001957
v -0.346380 -0.158513 0.001957
v 0.902153 0.213307 0.001957
v -0.342466 -0.166341 0.064579
v 0.902153 0.158513 0.123288
v -0.358121 -0.162427 0.060665
v 0.847358 0.150685 0.123288
v 0.808219 0.146771 0.123288
v 0.808219 0.146771 -0.123288
v -0.334638 -0.135029 0.052838
v 0.847358 0.150685 -0.123288
v -0.334638 -0.158513 0.056751
v 0.804305 0.154599 -0.131115
v 0.749511 0.154599 -0.131115
v 0.749511 0.213307 -0.131115
v 0.827789 0.213307 -0.131115
v 0.839530 0.158513 -0.131115
v 0.741683 0.158513 -0.135029
v 0.416830 -0.123288 -0.068493
v 0.741683 0.185910 -0.138943
v 0.866928 0.213307 -0.131115
v 0.600783 -0.127202 -0.060665
v 0.804305 0.154599 0.131115
v 0.839530 0.158513 0.131115
v -0.495108 -0.146771 -0.068493
v 0.827789 0.213307 0.131115
v -0.502935 -0.131115 -0.080235
v 0.749511 0.213307 0.131115
v 0.749511 0.154599 0.131115
v 0.741683 0.158513 0.135029
v -0.463796 -0.150685 -0.056751
v 0.741683 0.185910 0.138943
v -0.452055 -0.142857 -0.064579
v 0.866928 0.213307 0.131115
v -0.471624 -0.142857 -0.041096
v 0.827789 0.213307 -0.256360
v -0.440313 -0.142857 -0.045010
v 0.827789 0.174168 -0.260274
v -0.569472 0.225049 -0.181996
v 0.381605 -0.138943 -0.045010
v 0.859100 0.217221 -0.138943
v 0.863014 0.213307 -0.240704
v -0.099804 -0.150685 0.013699
v 0.866928 0.185910 -0.197652
v 0.534247 -0.150685 0.001957
v 0.866928 0.185910 0.197652
v 0.863014 0.213307 0.240705
v 0.060665 -0.142857 0.009785
v 0.745597 0.174168 0.264188
v 0.827789 0.174168 0.260274
v -0.819961 0.197652 0.283757
v -0.851272 0.201566 0.244618
v 0.377691 -0.150685 0.013699
v -0.808219 0.174168 0.287671
v 0.358121 -0.135029 0.013699
v -0.804305 0.193738 0.275930
v 0.432485 -0.166341 0.045010
v 0.745597 0.174168 -0.264188
v 0.432485 -0.154599 0.041096
v 0.448141 -0.158513 0.041096
v -0.346380 0.189824 -0.154599
v -0.256360 0.189824 -0.154599
v 0.440313 -0.166341 0.056751
v -0.041096 0.174168 -0.181996
v 0.412916 -0.158513 0.060665
v 0.436399 -0.154599 0.060665
v -0.178082 0.189824 -0.154599
v 0.416830 -0.146771 0.056751
v -0.041096 0.189824 -0.154599
v 0.432485 -0.146771 0.048924
v 0.150685 0.174168 -0.181996
v 0.095890 0.189824 -0.154599
v 0.150685 0.189824 -0.154599
v 0.416830 -0.123288 0.068493
v 0.600783 -0.127202 0.060665
v -0.342466 -0.162427 0.091977
v -0.252446 -0.166341 0.091977
v -0.256360 -0.166341 0.103718
v -0.315068 -0.154599 0.107632
v -0.346380 -0.154599 0.107632
v -0.362035 -0.158513 0.091977
v -0.256360 -0.162427 0.072407
v 0.483366 0.174168 -0.181996
v -0.056751 -0.166341 0.072407
v 0.643836 0.189824 -0.154599
v -0.056751 -0.166341 0.088063
v -0.902153 0.174168 0.001957
v 0.146771 -0.166341 0.072407
v -0.902153 0.174168 -0.150685
v 0.146771 -0.166341 0.088063
v 0.714286 0.174168 -0.107632
v -0.170254 -0.166341 0.095890
v 0.714286 0.174168 0.001957
v 0.710372 0.213307 0.001957
v 0.045010 -0.135029 0.068493
v 0.714286 0.213307 -0.127202
v 0.150685 -0.135029 0.072407
v 0.213307 -0.135029 0.068493
v 0.714286 0.174168 0.107632
v 0.714286 0.213307 0.127202
v -0.373777 -0.146771 0.068493
v -0.256360 0.174168 0.181996
v 0.604697 -0.138943 0.091977
v -0.256360 0.189824 0.154599
v -0.346380 0.189824 0.154599
v -0.041096 0.174168 0.181996
v -0.170254 -0.135029 0.095890
v -0.041096 0.189824 0.154599
v -0.178082 0.189824 0.154599
v 0.150685 0.174168 0.181996
v 0.150685 0.189824 0.154599
v 0.095890 0.189824 0.154599
v 0.514677 0.174168 0.181996
v 0.722113 -0.138943 0.107632
v 0.643836 0.189824 0.154599
v 0.514677 0.189824 0.154599
v 0.455969 0.174168 0.181996
v -0.272016 -0.135029 0.107632
v 0.455969 0.189824 0.154599
v 0.362035 0.189824 0.154599
v 0.898239 0.213307 0.275930
v 0.851272 0.217221 0.275930
v -0.236791 -0.146771 0.115460
v 0.902153 0.158513 0.272016
v 0.898239 0.213307 0.127202
v -0.334638 -0.142857 0.123288
v 0.851272 0.217221 -0.275930
v 0.898239 0.228963 -0.275930
v -0.448141 -0.146771 0.127202
v 0.902153 0.228963 -0.127202
v -0.436399 -0.150685 0.119374
v 0.898239 0.213307 -0.127202
v -0.256360 -0.154599 0.150685
v 0.902153 0.228963 0.001957
v 0.902153 0.228963 0.127202
v -0.726027 -0.131115 0.181996
v 0.859100 0.217221 0.138943
v 0.917808 -0.158513 0.232877
v 0.827789 0.221135 0.138943
v 0.819961 0.225049 0.131115
v 0.929550 -0.150685 0.303327
v 0.769080 0.225049 0.131115
v 0.921722 -0.150685 0.228963
v 0.917808 -0.154599 0.150685
v 0.929550 -0.150685 0.154599
v -0.749511 0.189824 0.217221
v 0.925636 -0.150685 0.088063
v -0.812133 0.189824 0.221135
v -0.812133 0.189824 -0.279843
v -0.812133 0.189824 -0.221135
v -0.749511 0.189824 -0.217221
v 0.733855 0.213307 -0.236791
v 0.953033 -0.131115 0.287671
v 0.949119 -0.127202 0.295499
v 0.941292 -0.154599 0.307241
v -0.753425 0.205480 -0.217221
v -0.741683 0.217221 -0.209393
v -0.675147 0.221135 -0.197652
v 0.733855 0.213307 0.236791
v 0.941292 -0.154599 -0.150685
v 0.945205 -0.142857 -0.225049
v 0.929550 -0.150685 -0.154599
v -0.816047 0.209393 0.248532
v -0.831703 0.213307 0.240705
v -0.596869 -0.138943 -0.201566
v -0.816047 0.209393 -0.248532
v 0.706458 0.170254 0.001957
v 0.647750 0.170254 0.001957
v -0.373777 -0.158513 -0.068493
v 0.455969 0.189824 -0.154599
v -0.373777 -0.127202 -0.068493
v 0.455969 0.205480 -0.119374
v 0.639922 0.205480 -0.119374
v 0.358121 -0.154599 -0.029354
v 0.639922 0.205480 0.001957
v 0.358121 -0.146771 -0.013699
v 0.342466 -0.150685 -0.017613
v 0.643836 0.189824 0.001957
v 0.377691 -0.150685 -0.037182
v 0.831703 0.232877 -0.275930
v -0.084149 -0.146771 0.009785
v 0.706458 0.221135 -0.123288
v -0.084149 -0.138943 0.017613
v 0.694716 0.221135 -0.275930
v 0.937378 -0.154599 0.001957
v 0.690802 0.236791 -0.275930
v -0.902153 0.174168 0.150685
v 0.917808 -0.154599 0.001957
v -0.894325 0.185910 0.185910
v -0.906067 0.181996 0.111546
v 0.409002 -0.146771 0.041096
v -0.549902 0.209393 0.001957
v -0.557730 0.221135 0.119374
v -0.561644 0.221135 0.185910
v 0.381605 -0.138943 0.045010
v 0.827789 0.213307 0.256360
v 0.369863 -0.123288 -0.045010
v 0.831703 0.232877 0.275930
v 0.369863 -0.123288 0.045010
v 0.823875 0.221135 0.248532
v 0.882583 -0.154599 0.072407
v 0.855186 -0.162427 0.084149
v 0.745597 0.217221 -0.264188
v 0.765166 0.221135 -0.272016
v -0.377691 -0.127202 0.107632
v 0.761252 0.221135 -0.127202
v 0.741683 0.221135 -0.135029
v -0.432485 -0.135029 0.107632
v -0.346380 0.205480 -0.119374
v -0.221135 0.189824 -0.154599
v -0.448141 -0.135029 0.103718
v -0.256360 0.205480 -0.119374
v -0.221135 0.205480 -0.119374
v -0.428571 -0.142857 0.107632
v 0.001957 0.189824 -0.154599
v -0.041096 0.205480 -0.119374
v 0.001957 0.205480 -0.119374
v 0.941292 -0.154599 0.150685
v 0.945205 -0.142857 0.225049
v 0.268102 0.189824 -0.154599
v 0.150685 0.205480 -0.119374
v 0.268102 0.205480 -0.119374
v 0.362035 0.189824 -0.154599
v -0.812133 -0.154599 0.197652
v 0.362035 0.205480 -0.119374
v -0.804305 -0.123288 0.232877
v -0.816047 -0.115460 0.201566
v 0.643836 0.205480 -0.119374
v 0.483366 0.189824 -0.154599
v 0.643836 0.174168 -0.181996
v 0.953033 -0.131115 -0.287671
v -0.906067 0.181996 -0.111546
v 0.945205 -0.123288 -0.279843
v -0.902153 0.189824 0.001957
v 0.714286 -0.107632 -0.268102
v -0.890411 0.197652 -0.146771
v -0.894325 0.185910 -0.185910
v -0.870842 0.201566 -0.213307
v -0.761252 -0.123288 -0.240704
v -0.221135 0.189824 0.154599
v -0.221135 0.205480 0.119374
v -0.256360 0.205480 0.119374
v -0.749511 -0.119374 -0.236791
v 0.001957 0.189824 0.154599
v 0.001957 0.205480 0.119374
v -0.041096 0.205480 0.119374
v 0.268102 0.189824 0.154599
v -0.350294 -0.127202 -0.107632
v 0.268102 0.205480 0.119374
v -0.365949 -0.123288 -0.088063
v 0.150685 0.205480 0.119374
v -0.870842 0.209393 -0.162427
v -0.315068 -0.127202 -0.107632
v -0.831703 0.213307 -0.240704
v -0.373777 -0.127202 0.064579
v -0.432485 -0.127202 0.064579
v 0.381605 -0.123288 -0.068493
v -0.675147 0.221135 0.205480
v -0.741683 0.217221 0.209393
v -0.753425 0.205480 0.217221
v -0.870842 0.209393 0.162427
v -0.890411 0.197652 0.146771
v -0.886497 0.205480 0.001957
v 0.346380 -0.138943 0.001957
v 0.741683 0.221135 0.135029
v 0.365949 -0.135029 -0.005871
v 0.745597 0.217221 0.264188
v -0.816047 0.205480 -0.213307
v 0.373777 -0.150685 -0.025440
v -0.346380 0.205480 0.119374
v 0.385519 -0.154599 -0.013699
v -0.338552 0.217221 -0.080235
v -0.178082 0.205480 -0.119374
v -0.221135 0.217221 -0.080235
v -0.178082 0.217221 -0.080235
v 0.381605 -0.123288 0.068493
v 0.095890 0.205480 -0.119374
v 0.001957 0.217221 -0.080235
v 0.095890 0.217221 -0.080235
v -0.596869 -0.138943 0.201566
v 0.268102 0.217221 -0.080235
v 0.362035 0.217221 -0.080235
v 0.483366 0.205480 -0.119374
v 0.483366 0.217221 -0.080235
v 0.639922 0.217221 -0.080235
v 0.749511 -0.154599 0.260274
v 0.749511 -0.123288 0.256360
v 0.851272 -0.154599 0.260274
v -0.863014 0.213307 0.001957
v 0.859100 -0.154599 0.268102
v 0.745597 -0.107632 0.248532
v -0.338552 0.217221 0.080235
v -0.178082 0.205480 0.119374
v -0.178082 0.217221 0.080235
v -0.221135 0.217221 0.080235
v 0.863014 -0.154599 0.248532
v 0.870842 -0.146771 0.260274
v 0.095890 0.205480 0.119374
v 0.863014 -0.142857 0.275930
v 0.753425 -0.146771 0.275930
v 0.095890 0.217221 0.080235
v 0.001957 0.217221 0.080235
v 0.362035 0.205480 0.119374
v 0.455969 0.205480 0.119374
v 0.863014 -0.142857 -0.275930
v 0.362035 0.217221 0.080235
v 0.870842 -0.146771 -0.260274
v 0.268102 0.217221 0.080235
v 0.863014 -0.154599 -0.248532
v 0.639922 0.205480 0.119374
v 0.851272 -0.154599 -0.260274
v 0.632094 0.217221 0.001957
v 0.636008 0.217221 0.080235
v 0.851272 -0.123288 -0.256360
v -0.816047 0.205480 0.213307
v -0.557730 0.221135 -0.119374
v -0.827789 0.213307 -0.193738
v -0.741683 0.225049 -0.181996
v -0.256360 0.217221 -0.080235
v 0.561644 -0.127202 -0.178082
v -0.334638 0.221135 -0.025440
v -0.221135 0.221135 -0.025440
v 0.581213 -0.131115 -0.115460
v -0.041096 0.217221 -0.080235
v -0.178082 0.221135 -0.025440
v -0.041096 0.221135 -0.025440
v 0.150685 0.217221 -0.080235
v 0.412916 -0.131115 -0.154599
v 0.095890 0.221135 -0.025440
v 0.150685 0.221135 -0.025440
v 0.455969 0.217221 -0.080235
v 0.933464 -0.142857 -0.225049
v 0.362035 0.221135 -0.025440
v 0.933464 -0.127202 -0.279843
v 0.455969 0.221135 -0.025440
v 0.933464 -0.131115 -0.291585
v 0.636008 0.217221 -0.080235
v 0.628180 0.221135 -0.025440
v 0.628180 0.221135 0.025440
v -0.256360 0.217221 0.080235
v -0.221135 0.221135 0.025440
v -0.334638 0.221135 0.025440
v 0.377691 -0.138943 0.001957
v -0.041096 0.217221 0.080235
v -0.138943 -0.146771 -0.013699
v -0.041096 0.221135 0.025440
v -0.142857 -0.154599 -0.001957
v -0.178082 0.221135 0.025440
v -0.225049 -0.154599 -0.001957
v 0.150685 0.217221 0.080235
v -0.287671 -0.146771 -0.005871
v -0.283757 -0.135029 -0.009785
v 0.150685 0.221135 0.025440
v -0.138943 -0.135029 -0.009785
v 0.095890 0.221135 0.025440
v -0.283757 -0.127202 0.001957
v 0.455969 0.217221 0.080235
v 0.365949 -0.138943 -0.017613
v 0.455969 0.221135 0.025440
v 0.362035 0.221135 0.025440
v 0.350294 -0.138943 -0.009785
v -0.741683 0.225049 0.181996
v 0.029354 -0.142857 -0.001957
v -0.827789 0.213307 0.193738
v 0.033268 -0.146771 0.009785
v -0.812133 0.221135 0.150685
v 0.037182 -0.131115 -0.005871
v -0.589041 0.221135 -0.193738
v -0.675147 0.228963 -0.174168
v -0.146771 -0.150685 0.009785
v -0.812133 0.221135 -0.150685
v -0.146771 -0.138943 0.009785
v -0.225049 -0.146771 0.009785
v -0.753425 0.228963 0.001957
v -0.287671 -0.146771 0.005871
v -0.283757 -0.135029 0.009785
v 0.749511 0.299413 -0.150685
v -0.291585 -0.135029 0.001957
v 0.741683 0.299413 -0.162427
v -0.573385 0.228963 -0.119374
v -0.467710 -0.131115 0.115460
v -0.573385 0.228963 0.068493
v 0.745597 0.307241 0.166340
v 0.741683 0.299413 0.162427
v 0.581213 -0.131115 0.162427
v -0.589041 0.228963 0.174168
v -0.581213 0.225049 0.197652
v 0.581213 -0.131115 0.185910
v 0.823875 0.221135 -0.248532
v 0.765166 0.283757 -0.162427
v 0.757339 0.307241 -0.166341
v -0.851272 -0.119374 0.197652
v 0.757339 0.307241 -0.154599
v 0.823875 0.283757 -0.154599
v 0.835616 0.279843 -0.154599
v 0.835616 0.299413 -0.150685
v 0.827789 0.307241 -0.154599
v 0.835616 0.283757 -0.166341
v 0.839530 0.240705 -0.158513
v 0.855186 0.283757 -0.158513
v 0.851272 -0.123288 0.256360
v 0.866928 0.283757 -0.162427
v 0.847358 0.240705 -0.170254
v 0.851272 0.240705 -0.158513
v 0.866928 -0.119374 0.256360
v 0.866928 0.283757 -0.150685
v 0.863014 -0.123288 0.275930
v -0.589041 -0.115460 -0.236791
v 0.769080 0.236791 -0.127202
v 0.819961 0.225049 -0.131115
v 0.827789 0.221135 -0.138943
v -0.585127 -0.107632 -0.244618
v 0.827789 0.236791 -0.127202
v 0.823875 0.236791 -0.264188
v -0.573385 -0.095890 -0.240704
v 0.714286 0.221135 0.123288
v -0.929550 -0.131115 -0.221135
v 0.706458 0.221135 0.001957
v 0.898239 0.236791 0.127202
v 0.898239 0.228963 0.275930
v 0.757339 0.303327 0.154599
v 0.757339 0.307241 0.166340
v 0.765166 0.221135 0.272016
v 0.761252 0.236791 0.275930
v 0.690802 0.236791 0.275930
v 0.342466 -0.146771 0.001957
v 0.898239 0.240705 0.275930
v 0.330724 -0.146771 -0.001957
v 0.694716 0.221135 -0.127202
v 0.197652 -0.150685 0.001957
v 0.197652 -0.146771 -0.009785
v 0.690802 0.236791 0.001957
v 0.272016 -0.146771 -0.001957
v 0.272016 -0.142857 0.009785
v 0.690802 0.240705 -0.272016
v 0.761252 0.240705 -0.272016
v 0.761252 0.236791 -0.275930
v -0.334638 0.228963 -0.017613
v -0.221135 0.228963 -0.017613
v 0.001957 0.221135 -0.025440
v -0.041096 0.228963 -0.017613
v 0.001957 0.228963 -0.017613
v -0.671233 -0.131115 0.142857
v 0.268102 0.221135 -0.025440
v -0.636008 -0.127202 0.146771
v 0.150685 0.228963 -0.017613
v 0.268102 0.228963 -0.017613
v -0.260274 -0.135029 0.150685
v 0.483366 0.221135 -0.025440
v 0.483366 0.225049 0.001957
v 0.639922 0.225049 0.001957
v 0.933464 -0.131115 0.291585
v 0.639922 0.221135 -0.025440
v 0.362035 0.228963 -0.017613
v -0.929550 -0.131115 0.221135
v 0.455969 0.228963 -0.017613
v -0.221135 0.228963 0.017613
v -0.334638 0.228963 0.017613
v 0.001957 0.221135 0.025440
v 0.757339 -0.135029 -0.272016
v 0.001957 0.228963 0.017613
v -0.041096 0.228963 0.017613
v 0.268102 0.221135 0.025440
v 0.268102 0.228963 0.017613
v 0.150685 0.228963 0.017613
v 0.823875 0.236791 0.264188
v -0.933464 -0.127202 0.001957
v 0.827789 0.236791 0.127202
v -0.929550 -0.127202 0.146771
v 0.769080 0.236791 0.131115
v 0.694716 0.221135 0.001957
v 0.827789 0.240705 -0.272016
v 0.898239 0.240705 -0.275930
v -0.679061 0.232877 -0.111546
v 0.115460 -0.135029 -0.009785
v -0.604697 0.232877 -0.131115
v -0.178082 0.228963 -0.017613
v -0.221135 0.268102 -0.017613
v 0.272016 -0.135029 -0.009785
v -0.178082 0.268102 -0.017613
v 0.291585 -0.135029 -0.001957
v 0.095890 0.228963 -0.017613
v 0.001957 0.268102 -0.017613
v 0.095890 0.268102 -0.017613
v 0.334638 -0.138943 0.013699
v 0.150685 0.268102 -0.017613
v 0.350294 -0.135029 0.005871
v 0.268102 0.268102 -0.017613
v 0.338552 -0.127202 0.001957
v 0.326810 -0.135029 -0.001957
v 0.620352 0.228963 -0.017613
v 0.455969 0.268102 -0.017613
v 0.596869 0.268102 -0.017613
v 0.624266 0.240705 -0.009785
v 0.620352 0.228963 0.017613
v 0.694716 0.221135 0.127202
v 0.694716 0.221135 0.275930
v -0.334638 0.268102 0.017613
v -0.350294 0.268102 0.009785
v -0.346380 0.240705 -0.001957
v -0.322896 -0.127202 0.127202
v -0.178082 0.228963 0.017613
v -0.178082 0.268102 0.017613
v -0.221135 0.268102 0.017613
v -0.722113 -0.131115 0.201566
v 0.095890 0.228963 0.017613
v 0.268102 -0.131115 0.240705
v 0.095890 0.268102 0.017613
v 0.001957 0.268102 0.017613
v 0.647750 -0.138943 0.240705
v 0.362035 0.228963 0.017613
v 0.455969 0.228963 0.017613
v 0.639922 -0.135029 0.252446
v 0.362035 0.268102 0.017613
v 0.268102 0.268102 0.017613
v 0.596869 0.268102 0.017613
v -0.561644 -0.088063 0.236791
v 0.455969 0.268102 0.017613
v 0.706458 0.221135 0.268102
v 0.718200 0.221135 0.275930
v -0.643836 0.232877 0.138943
v -0.573385 -0.095890 0.240705
v -0.682975 0.232877 0.001957
v 0.827789 0.240705 0.272016
v 0.741683 0.221135 0.275930
v -0.616438 0.232877 0.001957
v 0.761252 0.240705 -0.119374
v 0.835616 0.240705 -0.119374
v 0.835616 0.240705 0.119374
v 0.761252 0.240705 0.119374
v 0.898239 0.236791 -0.127202
v 0.898239 0.240705 0.001957
v -0.350294 0.268102 -0.009785
v -0.346380 0.275930 -0.009785
v -0.334638 0.268102 -0.017613
v -0.322896 0.275930 -0.013699
v -0.041096 0.268102 -0.017613
v -0.178082 0.272016 -0.013699
v -0.041096 0.272016 -0.013699
v 0.001957 0.272016 -0.013699
v 0.095890 0.272016 -0.013699
v 0.362035 0.268102 -0.017613
v 0.268102 0.272016 -0.013699
v 0.362035 0.272016 -0.013699
v 0.894325 0.240705 -0.123288
v 0.761252 0.240705 0.001957
v 0.894325 0.240705 0.123288
v -0.221135 0.272016 0.013699
v -0.322896 0.275930 0.013699
v -0.041096 0.268102 0.017613
v -0.041096 0.272016 0.013699
v -0.178082 0.272016 0.013699
v 0.150685 0.268102 0.017613
v 0.150685 0.272016 0.013699
v 0.095890 0.272016 0.013699
v 0.455969 0.272016 0.013699
v 0.362035 0.272016 0.013699
v 0.694716 0.240705 0.001957
v 0.690802 0.240705 0.272016
v 0.761252 0.240705 0.272016
v 0.890411 0.240705 -0.268102
v 0.878669 0.252446 -0.154599
v 0.874755 0.256360 -0.138943
v 0.878669 0.295499 -0.142857
v 0.859100 0.299413 -0.150685
v 0.455969 0.272016 -0.013699
v 0.577299 0.272016 -0.013699
v 0.577299 0.272016 0.013699
v 0.890411 0.240705 0.268102
v 0.890411 0.256360 -0.146771
v 0.878669 0.295499 -0.150685
v -0.221135 0.272016 -0.013699
v 0.150685 0.272016 -0.013699
v 0.268102 0.272016 0.013699
v -0.346380 0.275930 0.009785
v -0.326810 0.279843 -0.001957
v 0.001957 0.272016 0.013699
v 0.843444 0.299413 -0.162427
v 0.831703 0.303327 -0.170254
v 0.847358 0.307241 -0.166341
v 0.851272 0.303327 -0.154599
v 0.745597 0.307241 -0.170254
v 0.726027 0.307241 -0.162427
v 0.722113 0.318982 -0.158513
v 0.741683 0.318982 -0.158513
v 0.843444 0.322896 -0.162427
v 0.859100 0.299413 -0.162427
v 0.863014 0.315068 -0.162427
v 0.863014 0.318982 -0.150685
v 0.737769 0.311155 -0.146771
v 0.749511 0.299413 0.150685
v 0.733855 0.303327 0.150685
v 0.737769 0.315068 0.146771
v 0.741683 0.318982 0.158513
v 0.722113 0.318982 0.158513
v 0.726027 0.307241 0.162427
v 0.714286 0.287671 -0.150685
v 0.718200 0.291585 -0.138943
v 0.706458 0.295499 -0.142857
v 0.706458 0.299413 -0.154599
v 0.733855 0.303327 -0.150685
v 0.714286 0.287671 0.150685
v 0.718200 0.291585 0.138943
v 0.706458 0.299413 0.154599
v 0.706458 0.295499 0.142857
v 0.726027 0.315068 -0.142857
v 0.726027 0.315068 0.142857
v 0.847358 0.315068 -0.146771
v -0.699609 -0.318982 0.183953
v -0.013699 -0.135029 -0.002935
v -0.522505 0.031311 -0.212329
v -0.491194 -0.037182 -0.029354
v 0.480431 0.164384 -0.191781
v 0.000978 -0.138943 0.010763
v -0.028376 -0.122309 0.009785
v -0.534247 -0.002935 0.161448
vn -0.0000 -1.0000 -0.0000
vn -0.1414 -0.9899 -0.0000
vn -0.1928 -0.8357 -0.5143
vn -0.1275 -0.7223 -0.6798
vn -0.0000 -0.8944 -0.4472
vn 0.2094 -0.7121 -0.6702
vn 0.1330 -0.1773 -0.9751
vn 0.1516 -0.0758 -0.9855
vn 0.4364 -0.2182 -0.8729
vn 0.5773 -0.5773 -0.5774
vn 0.5230 -0.7191 -0.4576
vn 0.2287 -0.7432 -0.6288
vn 0.1644 -0.9864 -0.0000
vn 0.3262 -0.9425 0.0725
vn 0.3487 -0.8137 0.4650
vn 0.0329 -0.7230 0.6901
vn -0.0158 -0.9486 0.3162
vn -0.0694 -0.9717 -0.2256
vn -0.0542 -0.7581 -0.6498
vn -0.0000 -0.7071 -0.7071
vn 0.0701 -0.9464 -0.3154
vn 0.0250 -0.5253 -0.8505
vn 0.1059 -0.4234 -0.8997
vn 0.2408 -0.4815 -0.8427
vn 0.3904 -0.7807 -0.4880
vn 0.2453 -0.9197 -0.3066
vn 0.1961 -0.9806 -0.0000
vn 0.3714 -0.9285 -0.0000
vn 0.3482 -0.8704 0.3482
vn 0.3039 -0.8737 0.3799
vn 0.2453 -0.9197 0.3066
vn -0.0000 -0.8944 0.4472
vn -0.1961 -0.7845 0.5883
vn -0.2252 -0.8107 0.5405
vn -0.1644 -0.9864 -0.0000
vn -0.5145 -0.8575 -0.0000
vn -0.5307 -0.8339 -0.1516
vn -0.2598 -0.9094 -0.3248
vn -0.1610 -0.9662 -0.2013
vn 0.0352 -0.7735 0.6328
vn -0.0907 -0.4990 0.8619
vn -0.1812 -0.6645 0.7249
vn -0.2242 -0.8222 0.5232
vn -0.1343 -0.9401 0.3134
vn -0.2203 -0.9254 -0.3085
vn -0.0702 -0.6317 -0.7720
vn 0.0215 -0.9027 -0.4298
vn 0.1562 -0.9370 -0.3123
vn 0.3152 -0.7093 -0.6305
vn 0.5345 -0.8018 -0.2673
vn 0.5145 -0.8575 -0.0000
vn 0.2782 -0.8744 0.3975
vn 0.2397 -0.8151 0.5274
vn 0.0228 -0.8896 0.4562
vn 0.2923 -0.6942 0.6577
vn 0.0255 -0.4724 0.8810
vn -0.0000 -0.7071 0.7071
vn 0.0198 -0.9485 0.3162
vn 0.0279 -0.9202 0.3904
vn 0.0644 -0.4290 0.9010
vn -0.0000 -0.0000 1.0000
vn -0.0947 -0.0474 0.9944
vn -0.1275 -0.7223 0.6798
vn -0.0666 -0.2887 0.9551
vn -0.3100 -0.4428 0.8413
vn -0.3951 -0.7408 0.5433
vn -0.3408 -0.8519 0.3976
vn -0.2357 -0.8957 0.3771
vn -0.2357 -0.8957 -0.3771
vn 0.0279 -0.9202 -0.3904
vn 0.0228 -0.8896 -0.4562
vn 0.1562 -0.9370 0.3123
vn 0.0215 -0.9027 0.4298
vn 0.2397 -0.8151 -0.5274
vn 0.2294 -0.6882 -0.6883
vn 0.3793 -0.4636 -0.8008
vn 0.4635 -0.5150 -0.7210
vn 0.5628 -0.7675 -0.3070
vn 0.5016 -0.8359 -0.2229
vn 0.2782 -0.8744 -0.3975
vn -0.1643 -0.9859 -0.0329
vn -0.1961 -0.9806 -0.0000
vn -0.3714 -0.9285 -0.0000
vn -0.2252 -0.8107 -0.5405
vn -0.4467 -0.7444 -0.4963
vn -0.4082 -0.8165 -0.4082
vn -0.1231 -0.4924 -0.8616
vn -0.1961 -0.7845 -0.5883
vn 0.0702 -0.6317 -0.7720
vn 0.1010 -0.9091 -0.4041
vn 0.1294 -0.3308 -0.9348
vn 0.3100 -0.4428 -0.8413
vn 0.4004 -0.7675 -0.5006
vn 0.4056 -0.7605 -0.5070
vn 0.2673 -0.8018 -0.5345
vn 0.1048 -0.9435 0.3145
vn 0.0257 -0.4368 0.8992
vn 0.0404 -0.6861 -0.7264
vn 0.0352 -0.7735 -0.6328
vn -0.0907 -0.4990 -0.8619
vn -0.0810 -0.4458 0.8915
vn -0.0702 -0.6317 0.7720
vn -0.2182 -0.4364 0.8729
vn -0.4082 -0.8165 0.4083
vn -0.3548 -0.8870 0.2957
vn -0.2203 -0.9254 0.3085
vn -0.1882 -0.8784 -0.4392
vn 0.2673 -0.5345 -0.8018
vn 0.3057 -0.7031 -0.6420
vn 0.2265 -0.7926 -0.5661
vn 0.0329 -0.7230 -0.6901
vn 0.2287 -0.7432 0.6288
vn 0.2094 -0.7121 0.6702
vn -0.0691 -0.9678 0.2420
vn -0.0838 -0.9771 0.1954
vn -0.0995 -0.5970 0.7960
vn -0.1787 -0.6255 0.7595
vn -0.2598 -0.9094 0.3248
vn -0.1905 -0.9524 0.2381
vn 0.3904 -0.7807 0.4879
vn 0.2408 -0.4815 0.8427
vn 0.1059 -0.4234 0.8997
vn 0.0250 -0.5253 0.8505
vn 0.0420 -0.3783 0.9247
vn -0.1107 -0.2584 0.9597
vn -0.1025 -0.2733 0.9565
vn -0.1938 -0.3391 0.9206
vn -0.3414 -0.5975 0.7255
vn -0.3114 -0.7785 0.5449
vn -0.1928 -0.8357 0.5143
vn 0.1330 -0.1773 0.9751
vn -0.1107 -0.2584 -0.9597
vn -0.1025 -0.2733 -0.9565
vn -0.0000 -0.0000 -1.0000
vn 0.0779 0.0156 -0.9968
vn -0.0000 0.2425 -0.9701
vn -0.6000 -0.8000 -0.0000
vn -0.4460 -0.5946 -0.6690
vn -0.3414 -0.5975 -0.7255
vn -0.3114 -0.7785 -0.5449
vn 0.6000 -0.8000 -0.0000
vn 0.6951 -0.7161 0.0632
vn 0.5976 -0.7171 0.3586
vn 0.3369 -0.8422 0.4211
vn 0.3704 -0.9261 0.0712
vn -0.1787 -0.6255 -0.7595
vn -0.2866 -0.3503 -0.8917
vn -0.2808 -0.3370 -0.8987
vn -0.0630 -0.2048 -0.9768
vn -0.0457 -0.2744 -0.9605
vn -0.0995 -0.5970 -0.7960
vn 0.2691 -0.4036 -0.8745
vn 0.4749 -0.4071 -0.7802
vn 0.5838 -0.5004 -0.6394
vn 0.5611 -0.6664 -0.4910
vn 0.4071 -0.7802 -0.4749
vn -0.2297 -0.3215 0.9186
vn -0.4963 -0.4467 0.7444
vn -0.6200 -0.6587 0.4262
vn 0.0257 -0.4368 -0.8992
vn 0.0404 -0.6861 0.7264
vn 0.2673 -0.5345 0.8018
vn 0.1826 -0.3651 -0.9129
vn 0.4448 -0.3706 0.8154
vn 0.2573 -0.1170 0.9592
vn 0.2573 -0.1170 -0.9592
vn 0.2988 -0.1707 -0.9389
vn 0.1439 -0.3237 -0.9352
vn -0.4467 -0.7444 0.4963
vn -0.4082 -0.8165 0.4082
vn -0.7220 -0.6189 0.3094
vn -0.7912 -0.6086 0.0609
vn -0.7071 -0.7071 -0.0000
vn -0.5013 -0.7877 -0.3581
vn -0.4082 -0.8165 -0.4083
vn -0.3548 -0.8870 -0.2957
vn -0.1034 -0.4654 0.8791
vn -0.0359 -0.1614 0.9862
vn -0.0411 -0.1643 0.9856
vn -0.1231 -0.4924 0.8616
vn 0.5015 -0.8359 0.2229
vn 0.5628 -0.7675 0.3070
vn 0.4635 -0.5150 0.7210
vn 0.3793 -0.4636 0.8008
vn 0.2294 -0.6882 0.6883
vn -0.0947 -0.0474 -0.9944
vn -0.0666 -0.2887 -0.9551
vn 0.0644 -0.4290 -0.9010
vn -0.5367 -0.7155 -0.4472
vn -0.3951 -0.7408 -0.5433
vn -0.3408 -0.8519 -0.3976
vn 0.6447 -0.7252 0.2417
vn 0.5345 -0.8018 0.2673
vn -0.1449 -0.5218 -0.8407
vn -0.1056 -0.1995 -0.9742
vn 0.0461 0.0154 -0.9988
vn -0.5031 -0.8384 0.2096
vn -0.7911 -0.5934 0.1483
vn -0.7960 -0.5970 -0.0995
vn -0.5093 -0.8489 -0.1415
vn 0.7071 -0.7071 -0.0000
vn 0.7834 -0.6185 0.0618
vn 0.5611 -0.6664 0.4910
vn 0.4071 -0.7802 0.4749
vn 0.6759 -0.3862 0.6277
vn 0.2988 -0.1707 0.9389
vn 0.1439 -0.3237 0.9352
vn 0.3152 -0.7093 0.6305
vn 0.1826 -0.3652 0.9129
vn -0.3369 -0.8422 -0.4211
vn -0.3641 -0.7687 -0.5259
vn -0.2900 -0.6767 -0.6767
vn -0.1980 -0.6931 -0.6931
vn -0.5571 -0.7428 -0.3714
vn 0.5345 -0.6949 0.4811
vn 0.5230 -0.7191 0.4576
vn 0.4447 -0.3706 -0.8154
vn 0.5205 -0.4048 -0.7518
vn 0.5976 -0.7171 -0.3586
vn 0.4729 -0.7881 -0.3941
vn -0.2866 -0.3503 0.8917
vn -0.6155 -0.4924 0.6155
vn -0.6667 -0.6667 0.3333
vn -0.5071 -0.8452 0.1690
vn 0.1096 -0.2923 0.9500
vn -0.0844 0.0169 0.9963
vn -0.0000 0.2425 0.9701
vn -0.1938 -0.3391 -0.9206
vn -0.2592 -0.1728 -0.9503
vn -0.1145 0.0382 -0.9927
vn 0.0480 0.1121 -0.9925
vn -0.0381 0.1333 -0.9903
vn -0.1319 -0.0659 -0.9891
vn -0.0431 -0.2372 -0.9705
vn -0.0505 -0.2777 -0.9593
vn 0.3278 -0.8376 0.4370
vn -0.0810 -0.4457 -0.8915
vn -0.2182 -0.4364 -0.8729
vn -0.2036 -0.2851 -0.9366
vn 0.3796 -0.6327 0.6749
vn 0.4082 -0.4082 0.8165
vn 0.1871 -0.0863 0.9785
vn -0.0247 -0.1563 0.9874
vn -0.0309 -0.1543 0.9875
vn -0.1642 -0.0547 0.9849
vn -0.1675 -0.0628 0.9839
vn -0.5934 -0.4616 -0.6594
vn -0.4607 -0.2932 -0.8377
vn -0.3749 -0.2726 -0.8861
vn -0.3100 -0.4428 -0.8413
vn -0.0505 -0.2777 0.9593
vn -0.0431 -0.2372 0.9705
vn -0.0322 -0.2575 0.9657
vn -0.0869 -0.2823 0.9554
vn -0.0630 -0.2048 0.9768
vn -0.0457 -0.2744 0.9605
vn -0.6679 -0.6969 -0.2613
vn -0.6882 -0.6882 -0.2294
vn -0.9214 -0.3686 -0.1229
vn -0.9239 -0.3553 -0.1421
vn -0.6396 -0.4264 -0.6396
vn -0.6155 -0.4924 -0.6155
vn 0.7834 -0.6185 -0.0618
vn 0.8608 -0.5064 -0.0506
vn 0.8944 -0.4472 -0.0000
vn 0.8588 -0.4652 0.2147
vn 0.7249 -0.6645 0.1812
vn -0.5415 -0.2166 0.8123
vn -0.5744 -0.2154 0.7898
vn -0.8723 -0.3271 0.3635
vn -0.8359 -0.5016 0.2229
vn -0.6046 -0.6549 0.4534
vn 0.4575 -0.7625 0.4575
vn -0.3749 -0.2726 0.8861
vn -0.4607 -0.2932 0.8377
vn -0.6674 -0.5721 0.4767
vn -0.6136 -0.6903 0.3835
vn 0.1633 -0.4082 0.8981
vn -0.0000 -0.3162 0.9487
vn -0.0636 -0.6039 0.7946
vn -0.2902 -0.0829 0.9534
vn -0.6198 -0.7325 0.2817
vn -0.7175 -0.5740 0.3946
vn -0.7752 -0.5330 0.3392
vn -0.8523 -0.5209 0.0474
vn -0.8000 -0.6000 -0.0000
vn 0.3810 -0.2540 -0.8890
vn 0.8018 -0.2673 -0.5345
vn 0.8588 -0.4652 -0.2147
vn 0.7249 -0.6645 -0.1812
vn -0.2592 -0.1728 0.9503
vn -0.5970 -0.3980 0.6965
vn -0.6554 -0.5735 0.4915
vn -0.6656 -0.5547 0.4992
vn 0.8152 -0.5744 0.0741
vn 0.8165 -0.4082 0.4082
vn 0.4814 -0.3530 0.8023
vn 0.4653 -0.4266 0.7756
vn -0.0844 0.0169 -0.9963
vn -0.1088 0.3916 -0.9137
vn -0.2586 0.1217 -0.9583
vn 0.0523 0.0942 -0.9942
vn 0.1261 -0.0540 -0.9905
vn 0.1339 -0.0268 -0.9906
vn 0.4082 -0.4082 -0.8165
vn 0.7379 -0.5270 -0.4216
vn 0.7276 -0.4851 -0.4851
vn 0.6690 -0.5946 -0.4460
vn -0.1741 -0.6963 -0.6963
vn -0.0166 -0.6466 -0.7627
vn 0.2964 -0.6916 -0.6587
vn 0.0496 -0.1157 -0.9920
vn 0.0395 -0.1579 -0.9867
vn 0.6447 -0.7252 -0.2417
vn 0.6759 -0.3862 -0.6276
vn 0.7756 -0.3620 -0.5171
vn 0.8617 -0.5013 -0.0783
vn 0.6951 -0.7161 -0.0632
vn 0.9285 -0.3714 -0.0000
vn 0.8729 -0.4364 0.2182
vn 0.6423 -0.7494 0.1606
vn 0.5571 -0.3714 0.7428
vn 0.3594 -0.1284 0.9243
vn 0.1641 -0.0586 0.9847
vn 0.1018 -0.0636 0.9928
vn 0.1498 -0.0150 0.9886
vn 0.1633 -0.4082 -0.8981
vn 0.1292 -0.0431 -0.9907
vn 0.1239 -0.0496 -0.9911
vn 0.1181 -0.0472 -0.9919
vn 0.1498 -0.0150 -0.9886
vn 0.6202 -0.2481 -0.7442
vn 0.8870 -0.3548 -0.2957
vn 0.8891 -0.4001 -0.2223
vn 0.6423 -0.7494 -0.1606
vn -0.0411 -0.1643 -0.9856
vn -0.1675 -0.0628 -0.9839
vn -0.1642 -0.0547 -0.9849
vn -0.7863 -0.6116 -0.0874
vn -0.9272 -0.3709 -0.0530
vn -0.9448 -0.3149 -0.0900
vn -0.8018 -0.2673 -0.5345
vn -0.7663 -0.2873 -0.5747
vn -0.7220 -0.6189 -0.3094
vn -0.1414 -0.0000 -0.9899
vn -0.5924 -0.2369 0.7700
vn -0.5924 -0.4739 0.6516
vn -0.2215 -0.4798 0.8489
vn 0.8422 -0.3369 -0.4211
vn 0.8675 -0.4048 -0.2892
vn 0.6529 -0.7255 -0.2176
vn -0.6396 -0.4264 0.6396
vn -0.8890 -0.3810 0.2540
vn -0.8944 -0.4472 -0.0000
vn -0.9267 -0.3707 0.0618
vn -0.7697 -0.6297 0.1050
vn -0.0903 0.0722 0.9933
vn -0.0743 0.0594 0.9955
vn -0.3572 -0.1984 0.9127
vn -0.2808 -0.3370 0.8986
vn 0.2691 -0.4036 0.8745
vn 0.0524 -0.0786 0.9955
vn 0.0903 -0.0752 0.9931
vn 0.0496 -0.1157 0.9920
vn 0.0395 -0.1579 0.9867
vn 0.0779 0.0156 0.9968
vn 0.1010 0.4041 0.9091
vn 0.2120 0.2120 0.9540
vn 0.2293 0.2129 0.9498
vn -0.0525 0.0525 0.9972
vn -0.0273 0.0954 0.9951
vn 0.5205 -0.4048 0.7518
vn 0.8422 -0.3369 0.4211
vn 0.8666 -0.2476 0.4333
vn 0.7498 -0.1363 0.6475
vn 0.4301 -0.0782 0.8994
vn -0.5924 -0.4739 -0.6516
vn -0.7485 -0.4366 -0.4990
vn -0.7804 -0.3468 -0.5203
vn -0.6882 -0.2294 -0.6882
vn -0.4423 -0.1474 -0.8847
vn -0.3553 -0.1421 -0.9239
vn -0.3928 -0.3143 -0.8642
vn 0.5838 -0.5004 0.6394
vn 0.8729 -0.2182 0.4364
vn 0.8581 -0.1907 0.4767
vn 0.5112 -0.1136 0.8519
vn 0.4205 -0.1577 0.8935
vn 0.4749 -0.4071 0.7802
vn -0.5345 -0.2673 -0.8018
vn -0.8805 -0.4402 -0.1761
vn -0.8917 -0.4161 -0.1783
vn -0.7328 -0.2617 -0.6281
vn -0.5970 -0.3980 -0.6965
vn -0.7336 -0.0564 -0.6772
vn -0.6745 -0.0613 -0.7358
vn -0.0000 -0.1521 -0.9884
vn 0.7181 -0.6956 -0.0224
vn 1.0000 -0.0000 -0.0000
vn 0.0415 -0.0830 0.9957
vn -0.3130 -0.1423 0.9390
vn 0.4448 -0.1027 -0.8897
vn 0.4380 0.2021 -0.8760
vn 0.7548 -0.1078 -0.6470
vn -0.8552 -0.5131 0.0733
vn -0.9558 -0.2909 0.0416
vn 0.0903 -0.0752 -0.9931
vn 0.6092 -0.5077 -0.6092
vn 0.6882 -0.2294 -0.6882
vn 0.7803 -0.0975 -0.6177
vn 0.0995 -0.0124 -0.9950
vn 0.0994 -0.0373 -0.9943
vn 0.0524 -0.0786 -0.9955
vn -0.8296 -0.5185 0.2074
vn -0.8994 -0.3748 0.2249
vn -0.9487 -0.3162 -0.0000
vn 0.9864 -0.1644 -0.0000
vn 0.9917 -0.1266 0.0211
vn 0.8887 -0.1646 0.4279
vn 0.8567 -0.2068 0.4726
vn 0.8348 -0.3401 0.4329
vn -0.2533 -0.0230 0.9671
vn -0.7607 -0.0692 0.6454
vn -0.8489 -0.2215 0.4798
vn -0.8427 -0.2408 0.4815
vn -0.7663 -0.2873 0.5747
vn -0.8944 -0.0000 0.4472
vn -0.9951 0.0989 0.0033
vn -0.9965 0.0830 -0.0030
vn -0.9004 -0.4347 0.0155
vn -0.9058 -0.0697 0.4180
vn -0.0000 -0.9487 0.3162
vn -0.1323 -0.9263 0.3529
vn -0.0160 -0.1122 0.9936
vn -0.1644 -0.0000 0.9864
vn -0.1644 -0.0000 -0.9864
vn -0.0160 -0.1122 -0.9936
vn -0.1323 -0.9263 -0.3529
vn -0.0000 -0.9487 -0.3162
vn -0.9279 -0.3712 0.0337
vn -0.8900 -0.3461 -0.2967
vn -0.8301 -0.4842 -0.2767
vn -0.7581 -0.0542 -0.6498
vn -0.3906 -0.1302 -0.9113
vn 0.1690 -0.8452 -0.5071
vn 0.8751 -0.0796 -0.4773
vn 0.4636 -0.0421 -0.8850
vn 0.4611 -0.0355 -0.8867
vn 0.8867 0.0355 -0.4611
vn 0.7548 -0.1078 0.6470
vn 0.7171 -0.6966 0.0205
vn 0.8887 -0.1646 -0.4279
vn 0.9917 -0.1266 -0.0211
vn 0.8608 -0.5064 0.0506
vn -0.7103 -0.5209 -0.4735
vn -0.8464 -0.5253 -0.0876
vn -0.9347 -0.3505 -0.0584
vn -0.9272 -0.2649 -0.2649
vn -0.5821 -0.2425 -0.7761
vn -0.5655 -0.2513 -0.7855
vn -0.8664 -0.4874 0.1083
vn -0.8961 -0.4294 0.1120
vn -0.4448 -0.1027 0.8897
vn -0.0000 -0.0767 0.9971
vn -0.0000 0.1521 0.9884
vn -0.4953 0.1321 0.8586
vn -0.8938 -0.0372 0.4469
vn -0.9959 0.0905 -0.0000
vn 0.1559 0.0260 -0.9874
vn 0.2316 -0.0232 -0.9725
vn 0.2009 -0.0861 -0.9758
vn -1.0000 -0.0000 -0.0000
vn -0.9959 -0.0854 0.0294
vn -0.9953 -0.0865 0.0433
vn -0.9957 0.0830 -0.0415
vn 0.8684 -0.4895 0.0789
vn 0.8979 -0.4380 0.0438
vn 0.9612 -0.2746 0.0275
vn 0.9812 -0.1675 0.0957
vn 0.4205 -0.1577 -0.8935
vn 0.5112 -0.1136 -0.8519
vn 0.8581 -0.1907 -0.4767
vn 0.8729 -0.2182 -0.4364
vn 0.8165 -0.4082 -0.4082
vn -0.9278 -0.3711 0.0371
vn -0.9305 -0.3641 0.0405
vn -0.9498 -0.3109 0.0345
vn -0.9333 -0.3333 -0.1333
vn 0.9487 -0.3162 -0.0000
vn 0.9605 -0.2775 0.0213
vn 0.9045 -0.3015 0.3015
vn 0.8675 -0.4048 0.2892
vn 0.9835 -0.1540 0.0948
vn 0.8162 -0.1943 0.5441
vn 0.7756 -0.3620 0.5171
vn 0.8617 -0.5013 0.0783
vn 0.0415 -0.0830 -0.9957
vn -0.0000 -0.4472 -0.8944
vn 0.1693 -0.2257 -0.9594
vn 0.4576 -0.2615 -0.8498
vn 0.0820 -0.0469 -0.9955
vn 0.0731 -0.0199 -0.9971
vn 0.0820 -0.0468 -0.9955
vn 0.2121 -0.1212 -0.9697
vn 0.2242 -0.0747 -0.9717
vn 0.2473 -0.0674 -0.9666
vn 0.2574 -0.1170 0.9592
vn 0.2890 0.0181 0.9572
vn 0.2890 0.0181 -0.9572
vn 0.4301 -0.0782 -0.8994
vn 0.8666 -0.2476 -0.4333
vn 0.9812 -0.1675 -0.0957
vn 0.9612 -0.2746 -0.0275
vn 0.9252 -0.3776 -0.0378
vn 0.0711 -0.0711 0.9949
vn -0.1008 -0.0840 0.9914
vn -0.1045 0.0523 0.9931
vn 0.2558 0.0284 0.9663
vn 0.2316 -0.0232 0.9725
vn 0.1559 0.0260 0.9874
vn 0.0523 0.0942 0.9942
vn 0.0360 0.1262 0.9914
vn 0.1010 0.4041 -0.9091
vn 0.2120 0.2120 -0.9540
vn 0.7071 0.7071 -0.0000
vn 0.3094 0.7220 -0.6189
vn 0.1204 0.9631 -0.2408
vn 0.0381 0.3046 -0.9517
vn -0.0671 0.3356 -0.9396
vn -0.1881 0.9407 -0.2822
vn -0.4073 0.6788 -0.6110
vn -0.6975 0.6565 -0.2872
vn -0.4364 -0.2182 -0.8729
vn -0.6116 -0.0874 -0.7863
vn -0.5547 -0.0000 -0.8321
vn -0.1240 -0.0000 -0.9923
vn -0.0994 -0.0331 -0.9945
vn -0.0743 0.0594 -0.9955
vn -0.3572 -0.1984 -0.9127
vn 0.4576 -0.2615 0.8498
vn 0.1693 -0.2257 0.9594
vn -0.0000 -0.4472 0.8944
vn 0.2197 -0.0088 -0.9755
vn 0.2213 -0.9054 0.3622
vn 0.5558 -0.7719 0.3088
vn 0.6554 -0.4915 0.5735
vn -0.1101 0.0825 0.9905
vn 0.7897 -0.0509 -0.6114
vn 0.8495 -0.0944 -0.5191
vn 0.8242 -0.1374 -0.5494
vn 0.5494 -0.1374 -0.8242
vn -0.9965 -0.0830 -0.0000
vn -0.9996 -0.0027 -0.0293
vn -0.9949 0.0904 -0.0452
vn -0.0994 -0.0331 0.9945
vn -0.1240 -0.0000 0.9923
vn -0.5547 -0.0000 0.8321
vn -0.6116 -0.0874 0.7863
vn -0.4364 -0.2182 0.8729
vn -0.1088 0.3916 0.9137
vn -0.2586 0.1217 0.9583
vn -0.6975 0.6565 0.2872
vn -0.4073 0.6788 0.6110
vn -0.1881 0.9407 0.2822
vn -0.0671 0.3356 0.9396
vn 0.0381 0.3046 0.9517
vn 0.1204 0.9631 0.2408
vn 0.3094 0.7220 0.6189
vn 0.0445 0.2002 -0.9787
vn 0.1785 0.0669 -0.9817
vn 0.6261 0.2348 -0.7435
vn 0.9802 0.1400 -0.1400
vn 0.7276 0.4851 -0.4851
vn 0.2964 -0.6916 0.6587
vn 0.4558 -0.5698 0.6838
vn 0.3246 -0.1855 0.9275
vn 0.0280 -0.1960 0.9802
vn 0.0959 -0.6712 0.7351
vn -0.0268 -0.1339 0.9906
vn -0.3249 -0.2363 0.9157
vn -0.4533 -0.5125 0.7293
vn -0.0918 -0.7340 0.6729
vn -0.3145 -0.1048 -0.9435
vn -0.2408 -0.1204 -0.9631
vn -0.2297 -0.3215 -0.9186
vn -0.6533 -0.5048 -0.5642
vn -0.7581 -0.3790 -0.5307
vn -0.7353 -0.1114 -0.6685
vn -0.3469 -0.1542 -0.9251
vn -0.2040 -0.3400 -0.9180
vn -0.3535 -0.5891 -0.7266
vn -0.4706 -0.2689 0.8404
vn -0.2326 -0.1329 0.9635
vn -0.3284 0.0205 0.9443
vn -0.6148 0.0384 0.7877
vn -0.8729 -0.0873 0.4801
vn -0.8179 -0.2337 0.5258
vn 0.0166 -0.9798 -0.1993
vn 0.7243 -0.6337 -0.2716
vn 0.5488 -0.7683 -0.3293
vn 0.8675 -0.4957 -0.0413
vn 0.4252 -0.9035 0.0531
vn -0.1622 -0.9733 0.1622
vn -0.2224 -0.9636 -0.1482
vn -0.2516 -0.9560 -0.1509
vn -0.4286 -0.8571 -0.2857
vn -0.0000 -0.8320 -0.5547
vn -0.0554 -0.6920 -0.7197
vn -0.0232 -0.9530 -0.3022
vn -0.0317 -0.9813 0.1899
vn -0.0565 -0.8477 0.5275
vn -0.3482 -0.8704 0.3482
vn 0.6772 -0.6208 0.3950
vn 0.3015 -0.9045 0.3015
vn -0.0000 -0.9806 -0.1961
vn 0.3162 -0.9487 -0.0000
vn 0.0575 -0.9778 0.2013
vn -0.1125 -0.9896 0.0900
vn -0.1346 -0.9868 -0.0897
vn 0.1414 -0.9899 -0.0000
vn 0.1038 -0.9861 0.1297
vn -0.0351 -0.9838 0.1757
vn -0.1240 -0.9923 -0.0000
vn 0.0438 -0.9638 -0.2629
vn -0.0733 -0.9532 -0.2933
vn -0.0636 -0.6039 -0.7946
vn -0.2902 -0.0829 -0.9534
vn -0.7649 -0.6432 0.0348
vn -0.1842 -0.9577 -0.2210
vn -0.0000 -0.9864 -0.1644
vn -0.0000 -0.3162 -0.9487
vn -0.7623 -0.1732 -0.6237
vn -0.7919 -0.1092 -0.6008
vn -0.5205 -0.0208 -0.8536
vn -0.5462 -0.0182 -0.8375
vn -0.4777 -0.1493 -0.8658
vn -0.5071 -0.1690 -0.8452
vn -0.8320 -0.3328 0.4438
vn -0.8018 -0.2673 0.5345
vn -0.8735 -0.1664 0.4575
vn -0.9923 -0.1240 -0.0000
vn -0.7063 0.0471 0.7063
vn -0.6882 -0.2294 0.6882
vn 0.0994 -0.0373 0.9943
vn 0.0995 -0.0124 0.9950
vn 0.7803 -0.0975 0.6177
vn 0.6882 -0.2294 0.6882
vn 0.6092 -0.5077 0.6092
vn -0.7184 -0.4310 0.5460
vn -0.7581 -0.3790 0.5307
vn -0.2408 -0.1204 0.9631
vn -0.2400 -0.1440 0.9600
vn -0.7328 -0.2617 0.6281
vn -0.6287 -0.1886 0.7544
vn -0.8242 -0.1374 0.5494
vn 0.3935 0.9181 0.0477
vn 0.3712 0.9279 0.0337
vn -0.0000 1.0000 -0.0000
vn -0.0000 0.8944 -0.4472
vn 0.8890 -0.2540 -0.3810
vn 0.7785 -0.0778 -0.6228
vn 0.8320 -0.0000 -0.5547
vn 0.9965 -0.0000 0.0830
vn -0.9373 -0.2678 0.2232
vn -0.9494 -0.1826 0.2556
vn -0.9949 -0.0995 0.0181
vn -0.9603 -0.2744 0.0499
vn 0.4472 -0.0000 0.8944
vn 0.4217 -0.1125 0.8997
vn 0.1849 0.0347 0.9822
vn -0.9580 -0.2661 0.1064
vn -0.9932 0.0368 0.1104
vn -0.6543 0.7313 -0.1925
vn -0.8174 0.5752 0.0303
vn -0.8475 0.5297 -0.0353
vn -0.9847 -0.1231 -0.1231
vn -0.9580 -0.1064 -0.2661
vn -0.0526 -0.7017 -0.7105
vn -0.0000 -0.8000 -0.6000
vn -0.2075 -0.9684 -0.1383
vn -0.6470 -0.7548 -0.1078
vn -0.7913 -0.5087 -0.3391
vn -0.6642 -0.5133 -0.5435
vn -0.3621 -0.6912 -0.6254
vn -0.1302 -0.9113 -0.3906
vn -0.5622 -0.8081 -0.1757
vn -0.2945 -0.9203 -0.2577
vn -0.0097 -0.9893 -0.1455
vn -0.0231 -0.9375 -0.3472
vn -0.0000 -0.9285 -0.3714
vn -0.0712 -0.9972 -0.0237
vn 0.1957 -0.9785 0.0652
vn 0.1881 -0.9407 -0.2822
vn 0.0460 -0.9663 -0.2531
vn 0.9474 -0.3158 -0.0526
vn 0.9806 -0.1961 -0.0000
vn 0.6804 -0.2722 -0.6804
vn 0.4575 -0.7625 -0.4575
vn 0.4964 -0.7672 -0.4062
vn 0.7687 -0.5259 -0.3641
vn 0.8427 -0.4815 -0.2408
vn 0.8206 -0.5681 0.0631
vn 0.4614 -0.8517 0.2484
vn 0.2425 -0.9701 -0.0000
vn -0.4211 -0.8422 0.3369
vn -0.3714 -0.7428 0.5571
vn -0.6042 -0.3816 0.6996
vn -0.7672 -0.4062 0.4964
vn -0.7037 -0.6597 0.2639
vn -0.8571 -0.2857 0.4286
vn -0.9412 -0.3137 0.1255
vn -0.9259 -0.3704 0.0741
vn -0.7620 -0.6350 0.1270
vn 0.4813 -0.8595 0.1719
vn 0.6328 -0.5977 0.4922
vn 0.5773 -0.5774 0.5773
vn 0.0514 -0.8230 0.5658
vn 0.1550 -0.9687 0.1937
vn -0.0857 -0.8995 0.4284
vn 0.1726 -0.8631 0.4747
vn 0.1957 -0.9785 -0.0652
vn -0.0712 -0.9972 0.0237
vn -0.0623 -0.9972 0.0415
vn -0.0574 -0.9181 0.3921
vn 0.1690 -0.7885 0.5914
vn 0.0164 -0.9987 -0.0491
vn 0.6667 -0.6667 0.3333
vn 0.2673 -0.8018 0.5345
vn -0.6768 -0.7356 0.0294
vn 0.9965 -0.0000 -0.0830
vn 0.8320 -0.0000 0.5547
vn 0.7785 -0.0779 0.6228
vn 0.8890 -0.2540 0.3810
vn -0.0000 0.8944 0.4472
vn 0.3712 0.9279 -0.0337
vn 0.3935 0.9181 -0.0477
vn -0.6287 -0.1886 -0.7544
vn -0.8889 -0.1111 -0.4444
vn -0.7955 0.0549 -0.6035
vn -0.1565 0.0894 -0.9836
vn -0.0000 0.7071 -0.7071
vn -0.0944 0.5191 -0.8495
vn -0.3333 0.6667 -0.6667
vn -0.4472 0.8944 -0.0000
vn -0.5139 0.8566 -0.0467
vn -0.0875 -0.3281 -0.9406
vn -0.0000 -0.1961 -0.9806
vn 0.3246 -0.1855 -0.9275
vn 0.4558 -0.5698 -0.6838
vn -0.2401 -0.9707 -0.0104
vn 0.4240 -0.8480 -0.3180
vn 0.4471 -0.8942 0.0224
vn 0.4716 -0.8816 0.0205
vn 0.2981 0.7454 -0.5963
vn 0.3522 0.6163 -0.7044
vn 0.2107 0.2371 -0.9484
vn -0.1915 -0.2154 -0.9576
vn -0.0672 -0.1568 -0.9853
vn 0.0398 -0.2189 -0.9749
vn 0.2425 -0.0000 -0.9701
vn 0.7119 -0.1294 -0.6903
vn 0.5353 -0.8412 0.0765
vn 0.6398 -0.7678 0.0320
vn 0.9831 0.0578 0.1735
vn 0.3906 -0.1302 0.9113
vn 0.1155 -0.5774 0.8083
vn -0.5013 -0.3581 0.7877
vn -0.5592 -0.1864 0.8078
vn -0.8292 -0.0829 0.5528
vn -0.9950 -0.0995 -0.0000
vn -0.9959 -0.0902 0.0039
vn -0.5626 -0.8259 0.0359
vn 0.7538 -0.1396 0.6421
vn 0.5747 -0.2874 -0.7663
vn 0.5307 -0.7581 -0.3790
vn -0.0743 -0.8920 -0.4460
vn 0.9045 -0.3015 -0.3015
vn 0.9321 -0.3107 -0.1864
vn 0.8447 0.1988 0.4969
vn 0.7589 0.5692 0.3162
vn 0.9428 0.2357 0.2357
vn 0.9394 0.3416 0.0285
vn 0.8204 0.5707 -0.0357
vn 0.8703 0.4895 -0.0544
vn 0.4657 -0.6985 0.5433
vn 0.1343 -0.9401 0.3134
vn -0.0737 -0.9824 -0.1719
vn -0.1274 -0.7358 0.6651
vn -0.0557 -0.8350 0.5474
vn -0.7068 -0.7068 0.0283
vn -0.4472 -0.8944 -0.0000
vn -0.7001 -0.1400 -0.7001
vn -0.5445 -0.1906 -0.8168
vn -0.4851 -0.4851 -0.7276
vn -0.0000 -0.0995 -0.9950
vn 0.3123 -0.1562 -0.9370
vn 0.2120 -0.7420 -0.6360
vn 0.8856 -0.4639 -0.0211
vn 0.9658 -0.0508 0.2542
vn 0.9922 -0.1240 0.0103
vn 0.7960 -0.0995 0.5970
vn 0.4630 0.0882 -0.8819
vn 0.8021 0.0594 -0.5942
vn 0.8523 -0.0473 -0.5209
vn 0.7498 -0.1363 -0.6475
vn -0.9899 -0.0000 -0.1414
vn -0.9670 -0.1934 -0.1658
vn -0.0000 0.7071 0.7071
vn -0.0944 0.5191 0.8495
vn 0.0398 -0.2189 0.9749
vn -0.0672 -0.1568 0.9853
vn -0.1915 -0.2154 0.9576
vn 0.2107 0.2371 0.9484
vn 0.3522 0.6163 0.7044
vn 0.2981 0.7454 0.5963
vn -0.6667 0.3333 0.6667
vn -0.8484 0.5292 0.0084
vn -0.8575 0.5145 -0.0000
vn -0.5139 0.8566 0.0467
vn -0.3333 0.6667 0.6667
vn -0.5079 0.4515 0.7336
vn -0.2971 0.1350 0.9453
vn 0.0657 -0.1534 0.9860
vn -0.9283 -0.3094 0.2063
vn -0.8954 -0.1279 0.4264
vn -0.9336 -0.0445 0.3556
vn -0.8878 -0.1211 -0.4439
vn -0.8639 -0.2592 -0.4319
vn -0.8849 -0.2794 -0.3726
vn -0.2876 -0.0908 -0.9535
vn 0.0159 -0.0476 -0.9987
vn -0.7961 -0.1592 -0.5838
vn 0.9658 -0.0508 -0.2542
vn 0.9699 -0.0669 -0.2341
vn -0.8321 -0.0000 0.5547
vn -0.9965 -0.0000 0.0830
vn -0.9959 0.0112 0.0895
vn -0.9779 -0.1805 0.1053
vn -0.2400 -0.9600 0.1440
vn -0.3651 -0.9129 0.1826
vn -0.7022 -0.7022 0.1170
vn -0.4082 -0.4082 0.8165
vn -0.4915 -0.5735 0.6554
vn 0.5987 -0.7982 0.0665
vn 0.1404 -0.9826 0.1217
vn 0.1231 -0.8616 0.4924
vn -0.0000 -0.9864 0.1644
vn -0.1842 -0.9577 0.2210
vn -0.7649 -0.6432 -0.0348
vn 0.1292 -0.0431 0.9907
vn 0.1239 -0.0496 0.9911
vn 0.1240 -0.0248 0.9920
vn 0.4017 -0.6248 -0.6695
vn 0.6751 -0.7234 -0.1447
vn 0.5118 -0.8579 0.0452
vn 0.9546 -0.2973 0.0156
vn 0.9782 -0.1726 0.1151
vn 0.9938 -0.1104 -0.0092
vn 0.9950 -0.0995 -0.0000
vn 0.9740 -0.0300 -0.2248
vn 0.9412 0.1255 -0.3137
vn 0.7252 0.6447 -0.2417
vn -0.2996 -0.6492 0.6991
vn -0.6472 -0.7396 0.1849
vn -0.8001 0.1455 0.5819
vn -0.9913 0.0320 0.1279
vn -0.9914 0.0413 0.1239
vn 0.9474 -0.3158 0.0526
vn -0.2743 0.0549 -0.9601
vn -0.2400 -0.9600 -0.1440
vn 0.1404 -0.9826 -0.1217
vn 0.1231 -0.8616 -0.4924
vn -0.3405 0.0851 -0.9364
vn -0.3008 0.0501 -0.9524
vn -0.4082 -0.4082 -0.8165
vn -0.4915 -0.5735 -0.6554
vn 0.3157 0.0574 0.9471
vn 0.3158 0.0499 0.9475
vn 0.0159 -0.0476 0.9987
vn -0.2875 -0.0908 0.9535
vn -0.8849 -0.2794 0.3726
vn -0.8639 -0.2592 0.4319
vn -0.8909 -0.0891 0.4454
vn -0.7333 -0.1333 0.6667
vn 0.3158 0.0499 -0.9475
vn 0.3157 0.0574 -0.9471
vn -0.9333 -0.1333 -0.3333
vn -0.9635 -0.0332 -0.2658
vn -0.8835 0.0982 -0.4581
vn -0.6671 0.0741 -0.7413
vn 0.6263 0.7794 0.0139
vn 0.8242 0.5494 0.1374
vn 0.9564 0.2834 0.0708
vn 0.8001 0.1455 -0.5819
vn 0.1387 -0.9711 -0.1942
vn -0.2624 -0.8923 0.3674
vn -0.0000 -0.8321 -0.5547
vn -0.2049 -0.6660 -0.7172
vn 0.0828 -0.0828 0.9931
vn -0.9630 0.2593 0.0741
vn -0.9186 0.3215 0.2297
vn -0.9284 0.2901 0.2321
vn -0.5547 -0.8321 -0.0000
vn -0.4773 -0.8751 0.0796
vn 0.4654 -0.1034 0.8790
vn 0.0995 0.7960 0.5970
vn 0.9880 0.1235 0.0926
vn 0.7493 0.0937 -0.6556
vn 0.7599 -0.1733 -0.6266
vn 0.7013 -0.2584 -0.6644
vn -0.9013 -0.3605 -0.2403
vn -0.9456 -0.1455 -0.2910
vn -0.7714 0.0514 -0.6343
vn -0.7071 -0.0000 -0.7071
vn -0.6317 -0.1128 -0.7670
vn 0.8459 -0.3076 0.4358
vn 0.9401 -0.0482 0.3375
vn 0.9457 -0.0788 0.3152
vn 0.7071 -0.0000 0.7071
vn 0.7841 0.0747 0.6161
vn 0.7177 -0.1595 0.6778
vn 0.8310 -0.3152 0.4585
vn -0.2822 -0.9407 0.1881
vn -0.9782 -0.2038 0.0408
vn -0.5682 -0.2692 0.7776
vn 0.5345 -0.2673 0.8018
vn 0.3147 0.0968 -0.9442
vn 0.8678 0.1041 -0.4860
vn 0.9091 -0.1010 -0.4041
vn 0.9905 0.0762 -0.1143
vn -0.8320 -0.0000 -0.5547
vn -0.7607 -0.0692 -0.6454
vn -0.8208 -0.1642 -0.5472
vn -0.8048 0.1288 -0.5794
vn -0.5580 0.1800 -0.8101
vn -0.2340 0.0180 -0.9721
vn -0.2533 -0.0230 -0.9671
vn 0.8001 0.1455 0.5819
vn 0.9564 0.2834 -0.0708
vn 0.8242 0.5494 -0.1374
vn 0.6263 0.7794 -0.0139
vn 0.9699 -0.0669 0.2341
vn 0.9950 0.0995 -0.0000
vn 0.8168 0.1906 0.5445
vn 0.6539 0.1677 0.7377
vn 0.0344 0.0802 -0.9962
vn 0.1127 0.0102 -0.9936
vn 0.0974 -0.0584 -0.9935
vn 0.1320 -0.0495 -0.9900
vn 0.7452 -0.2794 -0.6055
vn -0.5079 0.4515 -0.7336
vn -0.2971 0.1350 -0.9453
vn -0.7035 0.1005 -0.7035
vn -0.9607 0.2609 -0.0949
vn -0.8480 0.5300 -0.0088
vn -0.9886 -0.1412 0.0514
vn -0.7548 -0.1078 -0.6470
vn -0.9772 0.1275 -0.1699
vn -0.6925 0.4328 -0.5771
vn 0.9487 -0.0000 0.3162
vn 0.9370 0.1562 0.3123
vn -0.1925 -0.1924 0.9623
vn -0.2242 -0.0747 0.9717
vn -0.6172 0.1543 -0.7715
vn -0.9484 0.2371 0.2107
vn -0.9009 0.3243 0.2883
vn 0.1010 -0.9091 0.4041
vn -0.9367 -0.2788 0.2119
vn -0.8591 -0.0205 -0.5114
vn -0.9367 -0.2788 -0.2119
vn -0.9009 0.3243 -0.2883
vn -0.9484 0.2371 -0.2107
vn -0.6172 0.1543 0.7715
vn -0.7383 -0.0671 0.6712
vn -0.4364 -0.8729 0.2182
vn -0.4378 -0.8756 -0.2043
vn -0.6949 -0.6949 -0.1853
vn -0.9539 -0.1590 -0.2544
vn -0.9479 -0.1580 0.2765
vn 0.5987 -0.7982 -0.0665
vn 0.9701 -0.2425 -0.0000
vn 0.9978 -0.0000 0.0665
vn 0.3162 -0.0000 -0.9487
vn -0.3931 -0.0655 -0.9172
vn -0.8371 0.0364 -0.5459
vn -0.5819 0.1455 -0.8001
vn -0.7353 -0.1114 0.6685
vn -0.7682 -0.0000 0.6402
vn -0.2425 -0.0000 0.9701
vn -0.3145 -0.1048 0.9435
vn 0.7276 0.4851 0.4851
vn 0.9802 0.1400 0.1400
vn 0.6261 0.2348 0.7435
vn 0.1867 0.0700 0.9799
vn -0.8544 -0.0854 -0.5126
vn 0.0657 -0.1534 -0.9860
vn 0.3906 -0.9113 0.1302
vn 0.7001 -0.7001 -0.1400
vn 0.9859 -0.1643 -0.0329
vn 0.1899 -0.0317 -0.9813
vn -0.9939 0.1104 -0.0000
vn -0.8847 0.1474 -0.4423
vn -0.8197 -0.1025 -0.5635
vn -0.7035 0.1005 0.7035
vn -0.9233 0.0543 0.3802
vn -0.8197 -0.1025 0.5635
vn -0.9825 -0.1245 0.1384
vn -0.9936 -0.1060 -0.0397
vn -0.9196 0.3678 0.1379
vn -0.9319 -0.3624 0.0173
vn -0.8057 0.4476 -0.3879
vn 0.9877 0.0494 -0.1482
vn 0.9806 -0.1569 -0.1177
vn -0.9949 0.1010 0.0078
vn -0.9592 0.0400 -0.2798
vn -0.9239 -0.0684 -0.3764
vn -0.6317 0.0702 0.7720
vn -0.9057 0.2058 0.3705
vn -0.9923 0.1240 -0.0000
vn -0.9879 -0.1098 -0.1098
vn -0.6671 -0.0741 0.7413
vn -0.3671 0.0245 0.9299
vn -0.5819 0.1455 0.8001
vn -0.7265 0.0908 0.6811
vn -0.6869 -0.0723 0.7231
vn 0.8944 -0.0000 0.4472
vn 0.8586 -0.0636 0.5088
vn 0.9495 -0.1055 0.2954
vn 0.9877 0.0494 0.1482
vn 0.8180 0.5726 -0.0545
vn 0.9829 0.1837 0.0092
vn 0.7845 0.1961 -0.5883
vn 0.8716 0.2432 -0.4257
vn 0.9867 0.0805 -0.1410
vn 0.9897 0.0202 -0.1414
vn 0.9273 -0.1583 -0.3392
vn 0.3359 0.1581 -0.9286
vn 0.8242 0.1705 -0.5400
vn 0.8944 -0.0000 -0.4472
vn 0.8586 -0.0636 -0.5088
vn -0.9995 -0.0071 0.0320
vn -0.8900 0.0989 -0.4450
vn -0.4673 0.0519 -0.8826
vn -0.5143 0.1928 -0.8357
vn -0.7493 0.0937 -0.6556
vn 0.3094 -0.2063 -0.9283
vn 0.1811 0.0259 -0.9831
vn 0.3170 0.2466 -0.9158
vn 0.6927 0.2721 -0.6679
vn 0.1104 -0.0000 -0.9939
vn 0.1005 0.0447 -0.9939
vn 0.4120 0.1831 -0.8926
vn 0.5176 0.0518 -0.8541
vn 0.4472 -0.0000 -0.8944
vn 0.9487 -0.0000 -0.3162
vn 0.8909 0.0891 -0.4454
vn 0.9454 0.2608 -0.1956
vn 0.9681 0.2472 -0.0412
vn 0.4630 0.0882 0.8819
vn 0.4741 0.1673 0.8644
vn 0.1756 0.1437 0.9739
vn 0.1756 0.1437 -0.9739
vn 0.2755 0.1531 -0.9490
vn 0.9490 0.1531 -0.2755
vn 0.9921 0.1252 -0.0096
vn -0.9641 0.2488 0.0933
vn -0.9718 0.0572 -0.2287
vn -0.9282 0.3420 -0.1466
vn -0.9308 -0.3650 -0.0183
vn -0.9891 0.0659 0.1319
vn -0.9780 0.1630 0.1304
vn -0.8282 -0.4338 0.3549
vn -0.3405 0.0851 0.9364
vn -0.3008 0.0501 0.9524
vn 0.9978 -0.0000 -0.0665
vn 0.3162 -0.0000 0.9487
vn 0.4576 0.2615 0.8498
vn 0.9806 0.1961 -0.0000
vn 0.9923 0.1235 0.0043
vn 0.9924 0.1230 0.0041
vn 0.8769 0.0731 0.4750
vn -0.7044 -0.0880 0.7044
vn -0.7022 0.1170 0.7022
vn -0.8957 0.2357 0.3771
vn -0.9157 0.2130 0.3407
vn -0.9487 -0.0000 0.3162
vn -0.8407 -0.1449 0.5218
vn 0.9450 0.3007 -0.1289
vn 0.9396 0.2936 -0.1762
vn 0.9825 0.1034 0.1551
vn -0.8282 -0.4338 -0.3549
vn -0.9891 0.0659 -0.1319
vn -0.9780 0.1630 -0.1304
vn 0.9681 0.2472 0.0412
vn 0.9454 0.2608 0.1956
vn 0.8909 0.0891 0.4454
vn 0.5176 0.0518 0.8541
vn 0.4120 0.1831 0.8926
vn 0.1005 0.0447 0.9939
vn 0.1104 -0.0000 0.9939
vn -0.0849 0.1528 0.9846
vn -0.3652 0.1826 0.9129
vn -0.4987 -0.1425 0.8550
vn 0.6927 0.2721 0.6679
vn 0.3170 0.2466 0.9158
vn 0.1811 0.0259 0.9831
vn 0.3094 -0.2063 0.9283
vn -0.8081 -0.3030 -0.5051
vn -0.1608 -0.0603 -0.9851
vn -0.1823 -0.0561 -0.9816
vn -0.1231 0.1231 -0.9847
vn -0.3934 -0.9179 0.0524
vn -0.6804 -0.6804 -0.2722
vn -0.5774 -0.5773 -0.5774
vn 0.9921 0.1253 -0.0104
vn 0.9486 0.2989 0.1040
vn 0.6228 0.0779 0.7785
vn -0.4470 0.0298 -0.8940
vn -0.3162 -0.0000 -0.9487
vn -0.4806 0.1442 -0.8650
vn -0.2205 0.1604 -0.9621
vn -0.2604 0.1894 0.9468
vn -0.7837 0.5225 0.3359
vn -0.9535 0.2860 -0.0953
vn -0.9594 0.1371 -0.2467
vn -0.9831 -0.0819 -0.1638
vn -0.9890 -0.1374 0.0549
vn -0.6472 -0.7614 -0.0381
vn 0.0295 -0.9453 -0.3249
vn 0.0972 -0.9720 -0.2138
vn 0.0995 -0.9945 -0.0332
vn -0.5547 -0.0000 0.8320
vn -0.7255 0.2176 0.6529
vn -0.8189 0.2457 0.5187
vn -0.8847 0.1474 0.4423
vn -0.7071 -0.0000 0.7071
vn 0.9899 -0.1414 -0.0000
vn 0.9923 0.1240 -0.0000
vn 0.9490 0.1531 0.2755
vn 0.3906 -0.9113 -0.1302
vn 0.7001 -0.7001 0.1400
vn 0.4851 -0.4851 0.7276
vn 0.2252 -0.5405 0.8107
vn -0.1350 -0.9453 0.2971
vn -0.3906 -0.9113 0.1302
vn -0.5715 -0.7619 0.3048
vn -0.9843 -0.1640 0.0656
vn -0.1960 -0.0327 0.9801
vn 0.9923 0.1236 -0.0036
vn 0.6963 0.1741 0.6963
vn 0.4444 0.1111 0.8889
vn 0.4380 0.2021 0.8760
vn -0.1231 0.1231 0.9847
vn -0.2075 -0.1383 0.9684
vn -0.3083 -0.1156 0.9442
vn -0.8081 -0.3030 0.5051
vn -0.9526 0.1361 0.2722
vn 0.2252 -0.5405 -0.8107
vn 0.2044 -0.2920 -0.9343
vn 0.4865 -0.1497 -0.8608
vn 0.5431 -0.2037 -0.8146
vn 0.4851 -0.4851 -0.7276
vn 0.3359 0.1581 0.9286
vn 0.3298 0.1015 0.9386
vn 0.1400 0.1400 0.9802
vn -0.1178 -0.9421 0.3140
vn 0.0100 0.0797 0.9968
vn 0.0128 0.0767 0.9970
vn 0.1644 -0.0000 0.9864
vn 0.7809 -0.0000 0.6247
vn 0.0313 -0.8458 0.5326
vn -0.0451 -0.9477 0.3159
vn -0.3874 -0.9040 -0.1808
vn -0.7943 -0.5957 -0.1191
vn -0.7805 -0.6244 -0.0312
vn -0.2494 -0.1995 -0.9476
vn -0.0000 -0.0905 -0.9959
vn -0.0325 -0.0758 -0.9966
vn -0.0000 -0.9806 0.1961
vn 0.6337 -0.7243 0.2716
vn 0.6903 -0.6136 0.3835
vn 0.3349 -0.1489 0.9304
vn -0.0000 -0.2425 0.9701
vn -0.1178 -0.9421 -0.3140
vn -0.0451 -0.9477 -0.3159
vn 0.0313 -0.8458 -0.5326
vn 0.7809 -0.0000 -0.6247
vn 0.1644 -0.0000 -0.9864
vn 0.0128 0.0767 -0.9970
vn 0.0100 0.0797 -0.9968
vn 0.6338 -0.7243 -0.2716
vn 0.6903 -0.6136 -0.3835
vn 0.6122 -0.6843 -0.3962
vn 0.8889 -0.4444 0.1111
vn 0.7171 -0.3586 0.5976
vn 0.7547 -0.3522 0.5535
vn -0.3579 -0.8352 0.4176
vn -0.7281 -0.6131 0.3066
vn -0.7794 -0.6260 0.0256
vn -0.7943 -0.5957 0.1191
vn -0.3874 -0.9040 0.1808
vn -0.7001 0.1400 -0.7001
vn -0.1990 -0.3980 0.8955
vn -0.0080 0.1034 0.9946
vn 0.2575 -0.0322 0.9657
vn 0.4576 0.2615 -0.8498
vn 0.9226 0.2442 -0.2985
vn 0.7671 0.5670 -0.3002
vn 0.7220 0.3094 -0.6189
vn -0.9611 0.2621 0.0874
vn -0.9877 -0.1482 -0.0494
vn -0.9189 -0.3938 0.0239
vn -0.6767 -0.2900 0.6767
vn -0.1569 0.1177 -0.9806
vn -0.5472 0.4104 -0.7295
vn -0.5367 0.4472 -0.7155
vn -0.3714 0.5571 -0.7428
vn -0.1162 0.3487 -0.9300
vn 0.7125 -0.2850 -0.6412
vn 0.9238 -0.3695 0.1008
vn 0.9854 -0.1642 0.0448
vn 0.9819 0.1403 0.1275
vn -0.7682 -0.0000 -0.6402
vn -0.2425 -0.0000 -0.9701
vn -0.1885 -0.0566 -0.9804
vn -0.0828 0.0690 -0.9942
vn -0.0529 -0.8468 0.5293
vn -0.1855 -0.9275 0.3246
vn -0.2291 -0.9545 -0.1909
vn -0.4448 -0.8154 -0.3706
vn -0.4685 -0.6247 -0.6247
vn -0.0000 -0.2425 -0.9701
vn 0.1362 -0.5177 -0.8447
vn 0.1169 -0.9739 -0.1948
vn 0.6704 -0.2438 -0.7008
vn 0.8506 -0.3093 -0.4253
vn 0.6667 -0.6667 -0.3333
vn 0.9272 -0.2649 -0.2649
vn 0.9615 -0.2747 -0.0000
vn 0.7808 -0.3675 -0.5052
vn 0.5270 -0.8433 0.1054
vn 0.2357 -0.9428 0.2357
vn -0.3487 0.4650 0.8137
vn -0.4472 -0.0000 -0.8944
vn -0.3487 0.4650 -0.8137
vn 0.3349 -0.1489 -0.9304
vn 0.0883 -0.2208 -0.9713
vn -0.1855 -0.9275 -0.3246
vn -0.0529 -0.8468 -0.5293
vn 0.5773 -0.5774 -0.5774
vn 0.2357 -0.9428 -0.2357
vn 0.5270 -0.8433 -0.1054
vn 0.7808 -0.3675 0.5053
vn 0.9272 -0.2649 0.2649
vn 0.4143 -0.3766 0.8286
vn 0.2044 -0.2920 0.9343
vn -0.1301 -0.0780 0.9884
vn -0.5808 -0.3485 0.7357
vn -0.5437 -0.7249 0.4229
vn -0.6671 0.0741 0.7413
vn -0.6271 0.1393 0.7664
vn -0.6554 0.1638 0.7373
vn -0.9231 0.2308 0.3077
vn -0.8944 0.2683 0.3578
vn -0.7863 0.0874 0.6116
vn -0.2724 -0.3179 0.9082
vn -0.2357 -0.2357 0.9428
vn 0.9819 0.1403 -0.1275
vn 0.9854 -0.1642 -0.0448
vn 0.9238 -0.3695 -0.1008
vn 0.7125 -0.2850 0.6412
vn 0.7452 -0.2794 0.6055
vn 0.2270 0.0486 0.9727
vn 0.2107 -0.0287 0.9771
vn -0.0000 0.0995 0.9950
vn -0.3698 0.0925 0.9245
vn -0.3773 0.0838 0.9223
vn 0.1139 -0.0488 -0.9923
vn 0.1039 0.1212 -0.9872
vn 0.2404 0.1335 -0.9615
vn 0.6581 0.3656 -0.6581
vn 0.8790 0.3620 -0.3103
vn -0.0000 -0.9971 -0.0767
vn 0.4601 -0.8873 -0.0329
vn 0.4391 -0.8982 0.0200
vn -0.0222 -0.9988 0.0444
vn -0.4298 -0.9027 0.0215
vn -0.4720 -0.8810 -0.0315
vn -0.5808 -0.3485 -0.7357
vn -0.8321 -0.0000 -0.5547
vn -0.5698 0.4558 -0.6838
vn -0.1788 0.3218 -0.9298
vn -0.1301 -0.0780 -0.9884
vn -0.5547 -0.8320 -0.0000
vn -0.0443 -0.9975 -0.0554
vn -0.6861 -0.7264 -0.0404
vn -0.1960 -0.0327 -0.9801
vn -0.2821 0.0282 -0.9590
vn -0.1400 0.1400 -0.9802
vn -0.7071 0.7071 -0.0000
vn -0.9806 -0.0000 -0.1961
vn -0.9843 -0.1640 -0.0656
vn 0.6548 -0.0655 -0.7530
vn 0.7317 -0.1219 -0.6707
vn 0.7155 -0.5367 -0.4472
vn 0.3735 -0.5975 -0.7096
vn -0.1499 0.2398 -0.9592
vn -0.4109 -0.5136 0.7533
vn 0.2726 0.3408 0.8997
vn 0.4920 -0.0126 0.8705
vn 0.1174 0.0839 0.9895
vn -0.6553 -0.4681 0.5929
vn -0.6656 -0.4992 0.5547
vn -0.6656 -0.4992 -0.5547
vn -0.6553 -0.4681 -0.5929
vn 0.1174 0.0839 -0.9895
vn 0.4920 -0.0126 -0.8705
vn 0.2726 0.3408 -0.8997
vn -0.4109 -0.5136 -0.7533
vn 0.7610 0.6468 0.0507
vn 0.7841 0.6161 0.0747
vn 0.6272 -0.7766 0.0597
vn 0.8821 -0.4411 0.1654
vn 0.7881 -0.3941 0.4729
vn -0.7063 -0.7063 0.0471
vn -0.0531 -0.9964 0.0664
vn -0.2821 0.0282 0.9590
vn -0.1400 0.1400 0.9802
vn -0.1499 0.2398 0.9592
vn 0.3735 -0.5975 0.7096
vn 0.7155 -0.5367 0.4472
vn 0.7317 -0.1219 0.6707
vn 0.6548 -0.0655 0.7530
vn 0.1899 -0.0317 0.9813
vn 0.2224 0.1482 0.9636
vn 0.1802 0.1441 0.9730
vn 0.7748 0.6199 0.1240
vn 0.8150 0.5340 0.2248
vn 0.9867 -0.0395 0.1579
vn 0.9859 -0.1643 0.0329
vn 0.2425 -0.0000 0.9701
vn 0.2404 0.1335 0.9615
vn 0.2522 0.1345 0.9583
vn 0.1038 -0.0445 0.9936
vn 0.1139 -0.0488 0.9923
vn 0.4391 -0.8982 -0.0200
vn 0.4611 -0.8867 0.0355
vn -0.0000 -0.9965 0.0830
vn -0.4738 -0.8800 0.0338
vn -0.4298 -0.9027 -0.0215
vn -0.0222 -0.9988 -0.0444
vn -0.7063 -0.7063 -0.0471
vn -0.9953 -0.0711 0.0660
vn -0.9396 -0.0671 -0.3356
vn -0.8701 -0.0967 -0.4834
vn -0.5774 -0.5773 -0.5773
vn -0.4452 -0.0954 -0.8903
vn 0.7062 -0.0504 -0.7062
vn 0.8797 -0.4713 -0.0628
vn 0.9963 -0.0625 -0.0584
vn 0.9966 -0.0695 0.0453
vn -0.7067 -0.7067 0.0353
vn -0.7065 -0.7065 -0.0416
vn 0.9867 -0.0395 -0.1579
vn 0.8150 0.5340 -0.2248
vn 0.7748 0.6199 -0.1240
vn 0.1802 0.1441 -0.9730
vn 0.2224 0.1482 -0.9636
vn 0.4354 -0.8998 0.0290
vn 0.0213 -0.9989 0.0425
vn -0.2598 0.3248 0.9094
vn -0.5383 0.3888 0.7477
vn -0.5808 0.3485 0.7357
vn -0.5580 0.1800 0.8101
vn -0.2340 0.0180 0.9721
vn 0.4472 -0.8944 -0.0000
vn 0.0400 -0.9992 -0.0000
vn 0.0447 -0.9990 0.0079
vn -0.0402 -0.6436 0.7643
vn -0.5194 -0.8475 0.1094
vn -0.1273 -0.9915 0.0268
vn -0.2425 -0.9701 -0.0000
vn -0.0523 -0.2092 -0.9765
vn -0.4044 -0.2819 -0.8701
vn -0.9519 -0.0405 -0.3038
vn -0.7065 -0.7065 0.0416
vn -0.9519 -0.0405 0.3038
vn -0.5112 -0.8519 -0.1136
vn 0.0222 -0.9988 -0.0444
vn 0.4354 -0.8998 -0.0290
vn 0.9963 -0.0625 0.0584
vn 0.9966 -0.0695 -0.0453
vn 0.7067 -0.7067 0.0321
vn 0.7067 -0.7067 -0.0337
vn 0.4387 -0.8984 -0.0209
vn -0.0402 -0.6436 -0.7643
vn 0.0447 -0.9990 -0.0079
vn -0.5808 0.3485 -0.7357
vn -0.5383 0.3888 -0.7477
vn -0.2598 0.3248 -0.9094
vn -0.6815 -0.7302 0.0487
vn -0.7067 -0.7067 -0.0353
vn 0.9129 0.1826 0.3652
vn 0.8784 0.2811 0.3865
vn 0.5301 0.2945 0.7952
vn 0.2755 0.1531 0.9490
vn 0.5230 0.4576 0.7191
vn 0.4865 -0.1497 0.8608
vn 0.5431 -0.2037 0.8146
vn 0.0829 -0.2902 0.9534
vn 0.0999 -0.2996 0.9488
vn -0.0367 0.2939 0.9551
vn -0.1240 0.9923 -0.0000
vn 0.1593 0.9556 0.2478
vn 0.9272 0.2649 0.2649
vn 0.4987 0.1425 0.8550
vn 0.1908 -0.0273 0.9813
vn 0.2615 0.4576 0.8498
vn -0.2933 -0.5133 0.8066
vn -0.6172 -0.1543 0.7715
vn -0.6506 -0.1549 0.7435
vn -0.7608 -0.6061 0.2321
vn 0.7035 -0.1005 0.7035
vn 0.5479 -0.1565 0.8218
vn 0.8785 -0.4730 0.0676
vn -0.4452 -0.0954 0.8903
vn -0.8701 -0.0967 0.4834
vn -0.2673 -0.8018 0.5345
vn -0.0000 -0.8320 0.5547
vn -0.9578 -0.2873 -0.0000
vn -0.9398 -0.3417 -0.0000
vn -0.8066 -0.2933 -0.5133
vn -0.1454 -0.0436 -0.9884
vn -0.2627 0.0584 -0.9631
vn -0.1891 0.1351 -0.9726
vn -0.0829 0.0592 -0.9948
vn -0.3979 -0.9168 0.0346
vn -0.6861 -0.6861 -0.2421
vn -0.8458 -0.4884 -0.2144
vn -0.7958 -0.2918 0.5306
vn -0.6691 -0.2490 0.7002
vn -0.8068 -0.2445 0.5379
vn -0.7001 -0.1400 0.7001
vn -0.9356 0.3509 0.0390
vn -0.9363 0.3511 -0.0000
vn -0.9484 0.3161 -0.0243
vn -0.9949 0.1003 -0.0077
vn 0.5206 -0.3719 -0.7685
vn -0.0240 -0.1682 -0.9855
vn -0.0000 -0.1644 -0.9864
vn 0.7032 -0.4441 -0.5552
vn 0.7171 -0.3586 -0.5976
vn 0.8889 -0.4444 -0.1111
vn 0.6470 -0.1078 0.7548
vn 0.4650 -0.3487 0.8137
vn 0.6122 -0.6843 0.3962
vn 0.9990 -0.0000 0.0454
vn 0.9968 0.0665 0.0453
vn -0.3162 -0.9487 -0.0000
vn -0.1207 -0.9923 -0.0268
vn -0.9935 -0.0662 -0.0927
vn -0.9930 -0.0662 0.0976
vn -0.6861 -0.6861 0.2421
vn -0.3979 -0.9168 -0.0346
vn 0.9864 -0.1315 0.0986
vn 0.7961 0.4777 0.3715
vn 0.9644 0.2630 0.0292
vn 0.9615 0.2747 -0.0000
vn -0.4044 -0.2819 0.8701
vn -0.2102 -0.9769 0.0371
vn -0.9507 0.2610 0.1678
vn -0.0381 -0.3046 0.9517
vn -0.1111 -0.8889 0.4445
vn 0.2691 -0.2018 0.9417
vn -0.0523 -0.2092 0.9765
vn 0.9967 0.0664 -0.0475
vn 0.9989 -0.0000 -0.0476
vn -0.6917 -0.2075 -0.6917
vn -0.6848 -0.2490 -0.6848
vn -0.7442 -0.2481 -0.6202
vn -0.5774 -0.5774 -0.5773
vn -0.5462 -0.4942 -0.6763
vn 0.1145 -0.0382 -0.9927
vn -0.5698 0.4558 0.6838
vn -0.5258 0.8179 0.2337
vn -0.9806 -0.0000 0.1961
vn -0.1885 -0.0566 0.9804
vn -0.0828 0.0690 0.9942
vn -0.0829 0.0592 0.9948
vn -0.1891 0.1351 0.9726
vn -0.2627 0.0584 0.9631
vn -0.1454 -0.0436 0.9884
vn -0.0000 0.4472 0.8944
vn -0.2239 0.7556 0.6156
vn -0.5967 0.4972 0.6298
vn -0.6189 0.3094 0.7220
vn -0.9396 -0.0671 0.3356
vn -0.8355 0.5406 0.0983
vn -0.9953 -0.0711 -0.0660
vn 0.8168 0.1906 -0.5445
vn 0.9573 0.2888 0.0158
vn 0.9860 0.1643 0.0274
vn 0.6539 0.1677 -0.7378
vn 0.6169 0.2553 -0.7445
vn 0.8530 0.4028 -0.3317
vn 0.9363 0.3511 -0.0000
vn 0.9540 0.2993 0.0195
vn -0.4466 -0.8932 -0.0515
vn -0.0238 -0.0476 -0.9986
vn -0.0297 -0.0481 -0.9984
vn 0.0334 -0.4336 -0.9005
vn 0.7071 -0.0000 -0.7071
vn 0.8879 -0.4598 0.0159
vn 0.4089 -0.9121 0.0315
vn 0.0685 -0.9593 0.2741
vn 0.0709 -0.9390 0.3366
vn 0.0211 -0.7909 0.6116
vn -0.8515 0.0218 -0.5240
vn -0.7163 -0.1061 -0.6897
vn -0.7172 -0.1324 -0.6841
vn -0.6152 -0.1255 -0.7784
vn -0.7189 -0.0880 -0.6895
vn -0.6907 0.0829 -0.7184
vn -0.2418 -0.0756 -0.9674
vn -0.3157 -0.0592 -0.9470
vn -0.3015 0.3015 -0.9045
vn -0.7155 0.0923 -0.6925
vn -0.6723 -0.0336 0.7395
vn -0.7223 -0.0314 0.6909
vn -0.8111 -0.4867 0.3244
vn -0.1229 -0.9214 -0.3686
vn 0.2577 -0.7730 -0.5797
vn 0.7682 -0.5121 -0.3841
vn 0.8296 -0.5531 0.0768
vn 0.4591 -0.8723 0.1683
vn 0.0486 -0.9881 0.1458
vn -0.9503 -0.3110 0.0173
vn -0.9901 -0.1403 0.0078
vn -0.9983 -0.0000 -0.0587
vn -0.9701 -0.0000 -0.2425
vn 0.7249 -0.2558 0.6396
vn 0.7450 -0.2709 0.6096
vn 0.2357 -0.2357 0.9428
vn -0.8165 -0.4082 0.4082
vn -0.6102 -0.7785 0.1473
vn -0.8553 0.5132 0.0713
vn -0.8614 0.5036 0.0663
vn -0.9696 0.2331 0.0746
vn -0.8048 0.1288 0.5794
vn 0.9361 0.3510 0.0213
vn 0.8835 0.3313 0.3313
vn 0.8242 0.1705 0.5400
vn -0.8986 -0.0219 -0.4383
vn -0.7581 -0.6498 -0.0542
vn -0.0000 -0.9971 0.0767
vn 0.1239 -0.9916 0.0381
vn -0.5544 -0.8316 0.0320
vn -0.4264 -0.8954 -0.1279
vn -0.0000 -0.9899 -0.1414
vn 0.5691 0.0211 -0.8220
vn 0.8355 -0.0239 -0.5490
vn 0.5773 -0.8083 -0.1155
vn 0.4720 -0.8810 0.0315
vn 0.8018 -0.5880 0.1069
vn -0.4523 -0.8900 -0.0584
vn -0.8282 -0.5572 -0.0602
vn -0.9382 -0.3173 -0.1380
vn -0.9263 -0.2861 -0.2452
vn -0.8997 -0.3315 -0.2841
vn 0.2691 -0.2018 -0.9417
vn -0.1111 -0.8889 -0.4445
vn -0.0381 -0.3046 -0.9517
vn -0.9507 0.2610 -0.1678
vn -0.2102 -0.9769 -0.0371
vn 0.9666 0.2473 -0.0674
vn -0.8452 0.5071 -0.1690
vn -0.6706 0.4657 -0.5775
vn -0.7126 0.1980 -0.6730
vn -0.7725 0.1104 -0.6254
vn 0.8290 -0.5527 0.0850
vn 0.9716 -0.2339 0.0360
vn 0.9737 -0.2247 -0.0375
vn 0.8285 -0.5523 -0.0921
vn 0.9695 0.1996 0.1426
vn 0.8697 0.4928 -0.0290
vn 0.8308 0.5538 0.0554
vn 0.8018 0.5345 0.2673
vn 0.8632 0.3753 0.3378
vn 0.9764 0.2136 0.0305
vn -0.8997 -0.3315 0.2841
vn -0.9263 -0.2861 0.2452
vn -0.9382 -0.3173 0.1380
vn -0.8282 -0.5572 0.0602
vn -0.4523 -0.8900 0.0584
vn -0.9058 -0.4227 -0.0302
vn -0.9020 -0.0196 -0.4314
vn -0.6723 -0.0336 -0.7395
vn 0.0394 -0.4626 -0.8857
vn 0.0331 -0.2811 -0.9591
vn 0.1046 -0.8895 -0.4448
vn 0.9966 -0.0738 -0.0369
vn 0.4541 -0.8908 0.0175
vn 0.3142 0.1122 -0.9427
vn 0.5448 0.2542 -0.7991
vn 0.9349 0.3530 -0.0382
vn 0.9573 0.2888 -0.0158
vn 0.9864 0.1621 -0.0276
vn 0.0180 -0.8291 0.5588
vn -0.0310 -0.4345 0.9001
vn -0.9020 -0.0196 0.4314
vn -0.8800 -0.4738 -0.0338
vn 0.4636 -0.0421 0.8850
vn -0.0313 -0.9715 0.2350
vn -0.0042 -0.0624 -0.9980
vn -0.0000 -0.0665 -0.9978
vn -0.0000 0.2747 -0.9615
vn -0.0999 0.2996 -0.9488
vn 0.0227 -0.0680 -0.9974
vn 0.0332 -0.0665 -0.9972
vn 0.7470 -0.1341 -0.6512
vn -0.8823 0.3676 -0.2941
vn -0.8572 0.3297 -0.3956
vn -0.9193 0.1599 -0.3597
vn -0.8942 -0.0213 -0.4471
vn -0.8920 0.0743 -0.4460
vn -0.7022 0.1170 -0.7022
vn -0.0301 0.0050 -0.9995
vn 0.0767 -0.0153 -0.9969
vn 0.4454 -0.0891 -0.8909
vn 0.4471 0.0224 -0.8942
vn 0.6926 0.4618 -0.5541
vn 0.3889 0.7130 -0.5834
vn 0.4264 0.6396 -0.6396
vn 0.0538 0.0807 -0.9953
vn 0.0671 0.0782 -0.9947
vn 0.0807 0.0538 -0.9953
vn -0.8619 0.4990 0.0907
vn -0.9231 0.2308 -0.3077
vn -0.9670 0.2417 0.0806
vn -0.0905 -0.9959 -0.0000
vn -0.0271 -0.9739 0.2254
vn -0.5988 -0.0630 -0.7984
vn -0.7126 -0.0356 -0.7007
vn 0.9435 -0.3145 -0.1048
vn -0.0431 -0.9478 -0.3159
vn 0.8393 -0.2798 -0.4663
vn 0.7357 -0.3485 -0.5808
vn -0.0055 -0.1220 -0.9925
vn 0.7237 -0.0345 0.6892
vn 0.9431 -0.0449 0.3293
vn -0.2744 0.0457 0.9605
vn -0.9070 0.1512 0.3930
vn -0.4068 0.8507 0.3329
vn -0.8320 -0.5547 -0.0000
vn -0.8893 -0.4561 0.0342
vn -0.8966 -0.4414 0.0345
vn -0.9285 -0.3714 -0.0000
vn -0.8953 -0.4443 -0.0332
vn -0.8917 -0.4514 -0.0330
vn 0.4731 -0.8809 -0.0163
vn 0.1940 -0.9701 0.1455
vn -0.6594 0.1978 -0.7253
vn -0.5552 0.4441 -0.7032
vn -0.3712 0.4640 -0.8043
vn -0.6136 0.7670 0.1875
vn -0.6985 0.6985 0.1552
vn -0.7837 0.5225 -0.3359
vn -0.4083 0.8165 -0.4082
vn -0.1027 -0.6502 0.7528
vn -0.0445 -0.9985 -0.0325
vn -0.0941 -0.9948 -0.0398
vn -0.5544 -0.8316 -0.0333
vn -0.0939 -0.9948 0.0383
vn -0.6985 0.6985 -0.1552
vn -0.6136 0.7670 -0.1875
vn -0.3712 0.4640 0.8043
vn -0.5747 0.4406 0.6896
vn -0.6311 0.1683 0.7573
vn -0.0431 -0.9478 0.3159
vn 0.9435 -0.3145 0.1048
vn -0.2744 0.0457 -0.9605
vn -0.0923 0.2306 -0.9687
vn 0.6470 -0.1078 -0.7548
vn 0.4650 -0.3487 -0.8137
vn -0.2421 -0.9684 0.0605
vn -0.0237 -0.0948 0.9952
vn -0.2423 -0.0484 0.9690
vn -0.0271 -0.9739 -0.2254
vn 0.0187 0.1309 0.9912
vn -0.0240 -0.1682 0.9855
vn -0.3594 0.2516 0.8986
vn -0.9680 0.1540 -0.1980
vn -0.8500 0.5100 -0.1322
vn -0.8778 0.4663 -0.1097
vn 0.1940 0.1455 -0.9701
vn 0.1955 -0.0782 -0.9776
vn 0.8165 0.4082 -0.4083
vn -0.0055 -0.1220 0.9925
vn 0.7357 -0.3485 0.5808
vn 0.8393 -0.2798 0.4663
vn 0.8393 -0.2797 0.4663
vn 0.0175 -0.0874 0.9960
vn 0.1644 0.0164 0.9863
vn 0.1644 0.0126 0.9863
vn -0.0410 0.0923 0.9949
vn 0.9333 0.3333 -0.1333
vn 0.9899 0.1414 -0.0000
vn -0.9610 0.2402 -0.1373
vn -0.9701 0.2425 -0.0000
vn -0.8526 0.5116 -0.1066
vn -0.9665 0.2265 -0.1208
vn 0.3356 -0.9396 0.0671
vn 0.4205 -0.7476 0.5140
vn -0.0000 -0.7809 0.6247
vn -0.6804 -0.6804 0.2722
vn -0.5513 -0.8270 -0.1103
vn -0.4851 -0.7276 -0.4851
vn -0.2256 -0.9026 -0.3667
vn 0.0106 -0.5932 -0.8050
vn 0.0705 -0.7858 -0.6145
vn -0.0170 -0.9710 -0.2385
vn -0.0699 -0.9782 0.1956
vn 0.9621 -0.2673 0.0535
vn 0.6205 -0.7756 -0.1163
vn -0.8572 0.3297 0.3956
vn -0.8823 0.3676 0.2941
vn 0.4741 0.1673 -0.8645
vn 0.7484 0.3534 -0.5613
vn 0.9635 0.2478 -0.1009
vn 0.9639 0.2466 -0.1009
vn 0.0807 0.0538 0.9953
vn 0.0671 0.0782 0.9947
vn 0.0538 0.0807 0.9953
vn 0.4264 0.6396 0.6396
vn 0.3889 0.7130 0.5834
vn 0.6926 0.4618 0.5541
vn 0.0439 -0.1536 -0.9872
vn 0.2157 -0.1078 -0.9705
vn 0.8909 -0.0891 -0.4454
vn 0.4468 -0.0447 -0.8935
vn 0.0175 -0.9992 -0.0351
vn 0.9984 -0.0443 0.0341
vn 0.9468 -0.0631 0.3156
vn 0.9486 -0.0151 0.3162
vn -0.1166 -0.5053 0.8551
vn -0.3162 -0.0000 0.9487
vn -0.3453 -0.9372 -0.0493
vn -0.9263 -0.3529 -0.1323
vn -0.9487 -0.0000 -0.3162
vn -0.3328 -0.4438 -0.8320
vn -0.0616 -0.9861 -0.1541
vn -0.0624 -0.9981 -0.0000
vn 0.2180 -0.9746 0.0513
vn -0.2854 -0.9571 0.0504
vn 0.0563 -0.9578 -0.2817
vn 0.0587 -0.9983 -0.0037
vn 0.0555 -0.9985 -0.0000
vn -0.0587 -0.9983 -0.0000
vn -0.0660 -0.9978 -0.0039
vn 0.8308 0.0554 -0.5538
vn 0.9468 -0.0631 -0.3156
vn 0.9486 0.0158 -0.3162
vn 0.5230 0.4576 -0.7191
vn 0.1123 0.6740 -0.7302
vn -0.0588 0.9599 -0.2742
vn -0.0000 0.9806 -0.1961
vn -0.6767 -0.2900 -0.6767
vn -0.4562 -0.3041 -0.8363
vn -0.5540 -0.8310 -0.0504
vn -0.8310 -0.5540 0.0504
vn -0.9189 -0.3938 -0.0239
vn -0.7673 0.1705 -0.6181
vn -0.6549 0.4534 -0.6045
vn 0.3714 0.5571 -0.7428
vn 0.6759 0.0845 -0.7322
vn 0.7220 0.3094 0.6188
vn 0.6667 0.3333 0.6667
vn 0.1595 0.6778 -0.7177
vn 0.1083 -0.8664 -0.4874
vn 0.1864 0.3107 0.9321
vn 0.1535 0.3581 0.9210
vn 0.0671 0.3356 0.9396
vn -0.0443 0.1013 0.9939
vn 0.0235 0.0012 0.9997
vn -0.0409 -0.3374 0.9405
vn -0.8805 -0.1761 0.4402
vn -0.8942 0.0224 0.4471
vn 0.0496 -0.0062 -0.9987
vn -0.9478 0.1185 -0.2962
vn -0.7379 0.5270 0.4216
vn -0.4083 0.8165 0.4082
vn -0.7413 0.6671 -0.0741
vn 0.1206 -0.8927 -0.4343
vn 0.0905 -0.9959 -0.0000
vn 0.0030 -0.9998 0.0179
vn 0.9162 0.2695 -0.2964
vn 0.9559 0.1707 0.2390
vn 0.9117 0.3419 0.2279
vn 0.8165 0.4082 0.4082
vn 0.1955 -0.0782 0.9776
vn 0.1940 0.1455 0.9701
vn -0.8778 0.4663 0.1097
vn -0.8500 0.5100 0.1322
vn -0.9680 0.1540 0.1980
vn -0.3594 0.2516 -0.8986
vn -0.0000 0.0830 0.9965
vn -0.2316 0.0232 0.9725
vn 0.8301 -0.4842 -0.2767
vn -0.3584 -0.9259 0.1195
vn -0.6297 0.7697 0.1050
vn -0.6529 0.7255 0.2176
vn 0.1853 0.1390 0.9728
vn -0.1853 0.1390 0.9728
vn -0.0880 0.2347 0.9681
vn 0.1695 -0.4520 0.8758
vn 0.2872 -0.2154 0.9333
vn 0.0731 -0.9686 0.2376
vn -0.2248 -0.8150 0.5340
vn -0.6155 -0.6155 0.4924
vn 0.7035 0.7035 0.1005
vn -0.1255 -0.8157 0.5647
vn 0.3739 -0.9203 -0.1150
vn -0.5026 -0.1546 -0.8506
vn 0.9893 -0.1449 0.0177
vn 0.9893 0.1449 0.0177
vn 0.9993 -0.0000 -0.0384
vn 0.9444 0.0944 0.3148
vn 0.9994 -0.0103 -0.0345
vn -0.0880 0.2347 -0.9681
vn -0.1853 0.1390 -0.9728
vn 0.1853 0.1390 -0.9728
vn -0.6529 0.7255 -0.2176
vn -0.6297 0.7697 -0.1050
vn -0.4068 0.8507 -0.3329
vn -0.0000 -0.8455 -0.5340
vn -0.1412 -0.8268 -0.5445
vn -0.5026 -0.1546 0.8506
vn 0.3739 -0.9203 0.1150
vn 0.3753 0.9212 0.1024
vn 0.7035 0.7035 -0.1005
vn -0.6155 -0.6155 -0.4924
vn -0.2248 -0.8150 -0.5340
vn 0.0731 -0.9686 -0.2376
vn 0.2872 -0.2154 -0.9333
vn 0.1695 -0.4520 -0.8758
vn -0.8313 -0.0416 -0.5542
vn -0.8123 -0.2166 -0.5415
vn -0.6509 -0.3906 0.6509
vn -0.0785 -0.4221 -0.9031
vn -0.9980 -0.0499 -0.0384
vn -0.9864 0.1644 -0.0000
vn -0.9994 0.0131 0.0329
vn 0.1654 0.8269 -0.5375
vn -0.0889 0.6222 -0.7778
vn -0.7807 0.3904 -0.4879
vn 0.9308 0.0517 0.3620
vn 0.9300 0.1162 0.3487
vn 0.9810 0.0613 0.1839
vn 0.9701 -0.0000 0.2425
vn 0.9580 0.1064 0.2661
vn -0.6804 -0.2722 0.6804
vn -0.0841 -0.3701 0.9252
vn -0.0091 -0.9949 0.1004
vn -0.9950 -0.0000 0.0995
vn -0.0000 -0.9939 0.1104
vn -0.4562 -0.3041 0.8363
vn -0.4851 -0.7276 0.4851
vn -0.1041 -0.7288 0.6768
vn -0.0671 -0.6712 0.7383
vn 0.0290 0.2899 0.9566
vn -0.2424 0.0346 0.9696
vn -0.2366 -0.2208 0.9462
vn -0.6151 -0.1255 0.7784
vn -0.7172 -0.1324 0.6841
vn -0.7163 -0.1061 0.6897
vn -0.6350 0.1270 0.7620
vn -0.9474 0.0526 0.3158
vn -0.1788 0.3218 0.9298
vn 0.1123 0.6740 0.7302
vn -0.0588 0.9599 0.2742
vn 0.7001 0.1400 0.7001
vn 0.0609 0.0122 0.9981
vn 0.0273 -0.1732 0.9845
vn 0.4650 -0.8137 0.3487
vn 0.1420 -0.2484 0.9582
vn 0.0257 -0.2059 0.9782
vn 0.1320 -0.0495 0.9900
vn 0.0587 -0.9983 0.0037
vn 0.0563 -0.9578 0.2817
vn -0.0616 -0.9861 0.1541
vn -0.0660 -0.9978 0.0039
vn 0.9847 -0.0501 0.1669
vn 0.2289 -0.0286 0.9730
vn -0.2532 -0.9621 -0.1013
vn -0.0208 -0.9978 -0.0624
vn 0.0222 -0.9975 0.0665
vn 0.0115 -0.9976 0.0688
vn -0.2494 -0.9683 0.0147
vn 0.1926 -0.9759 -0.1027
vn -0.4472 -0.0000 0.8944
vn -0.9263 -0.3529 0.1323
vn -0.3453 -0.9372 0.0493
vn 0.2289 -0.0286 -0.9730
vn -0.2059 0.0257 -0.9782
vn -0.5075 -0.2175 -0.8337
vn 0.0194 -0.5635 -0.8259
vn 0.0310 -0.9001 0.4345
vn 0.9847 -0.0501 -0.1669
vn 0.2122 0.5518 -0.8065
vn 0.1617 0.5659 -0.8085
vn 0.1210 0.7868 -0.6052
vn 0.0994 -0.0332 -0.9945
vn 0.0398 0.9163 -0.3984
vn 0.0172 0.8101 -0.5860
vn 0.3363 0.9055 -0.2587
vn 0.5661 0.7926 -0.2265
vn 0.8519 -0.3976 -0.3408
vn -0.8321 -0.5547 -0.0000
vn -0.8389 -0.5418 -0.0524
vn -0.8944 0.4472 -0.0000
vn -0.9950 0.0995 -0.0000
vn 0.8321 -0.5547 -0.0000
vn 0.7364 -0.6750 -0.0460
vn -0.6271 0.1393 -0.7664
vn -0.6554 0.1638 -0.7373
vn -0.5007 0.4622 -0.7318
vn -0.2762 0.3264 -0.9040
vn -0.9124 -0.2106 -0.3509
vn -0.7613 -0.5312 -0.3718
vn -0.8144 -0.1086 -0.5701
vn -0.7767 -0.1036 -0.6213
vn 0.5515 0.8273 -0.1072
vn 0.9748 0.2223 0.0171
vn 0.8935 -0.0447 -0.4468
vn 0.5974 -0.7301 -0.3319
vn 0.9871 0.0630 0.1470
vn 0.9932 -0.0432 0.1080
vn 0.9950 -0.0796 0.0597
vn 0.0202 -0.8573 -0.5144
vn 0.6749 -0.6327 -0.3796
vn 0.7220 -0.6189 -0.3094
vn 0.5547 -0.8321 -0.0000
vn 0.0587 -0.9983 -0.0000
vn 0.0097 -0.9863 0.1644
vn 0.0303 -0.8571 0.5143
vn -0.0000 -0.8000 0.6000
vn -0.5145 -0.6860 0.5145
vn -0.6447 -0.7252 0.2417
vn -0.5163 -0.8448 0.1408
vn -0.2673 -0.8018 -0.5345
vn -0.6396 -0.6396 -0.4264
vn -0.5965 -0.6882 -0.4129
vn 0.6882 -0.6882 0.2294
vn 0.0817 -0.8165 0.5715
vn -0.5445 -0.8377 -0.0419
vn -0.8107 -0.5405 -0.2252
vn -0.9864 -0.0000 -0.1644
vn -0.9718 -0.2314 -0.0463
vn -0.5322 -0.3548 -0.7687
vn -0.5793 0.3310 -0.7448
vn 0.3548 0.5322 -0.7687
vn 0.7982 0.0665 -0.5987
vn 0.7845 -0.1961 -0.5883
vn 0.4216 -0.5270 -0.7379
vn -0.0880 -0.9681 -0.2347
vn 0.8459 -0.5287 0.0705
vn 0.8944 -0.4128 0.1720
vn 0.5774 -0.5774 0.5773
vn -0.0493 -0.9372 0.3453
vn -0.2306 -0.9687 -0.0923
vn -0.7379 0.5270 -0.4216
vn -0.5048 0.5890 -0.6311
vn -0.0764 0.0891 -0.9931
vn 0.6667 0.3333 -0.6667
vn 0.5911 0.8022 -0.0844
vn 0.6991 0.6492 0.2996
vn -0.0970 0.6791 0.7276
vn 0.0034 -0.1108 0.9938
vn 0.0439 -0.1151 0.9924
vn 0.0496 -0.0062 0.9987
vn 0.5974 -0.7301 0.3319
vn -0.8940 -0.4470 0.0298
vn -0.8941 -0.4470 -0.0279
vn -0.9040 0.4238 0.0565
vn -0.8389 -0.5418 0.0524
vn -0.1151 -0.9782 0.1726
vn 0.0330 -0.9907 0.1321
vn -0.5629 -0.8256 -0.0375
vn -0.5970 -0.6965 -0.3980
vn -0.0926 -0.8645 -0.4940
vn 0.2131 -0.9233 -0.3196
vn 0.8835 0.3313 -0.3313
vn 0.7493 0.4683 -0.4683
vn 0.7481 0.4275 -0.5076
vn 0.8663 0.4950 -0.0675
vn 0.9191 0.3939 -0.0119
vn 0.9361 0.3510 -0.0213
vn 0.9301 0.2325 0.2842
vn 0.5661 0.7926 0.2265
vn 0.8519 -0.3976 0.3408
vn 0.7364 -0.6750 0.0460
vn -0.7767 -0.1036 0.6213
vn -0.8144 -0.1086 0.5701
vn -0.7613 -0.5312 0.3718
vn -0.9124 -0.2106 0.3509
vn -0.3328 -0.4438 0.8320
vn 0.0921 0.8285 0.5523
vn 0.3363 0.9055 0.2587
vn 0.0172 0.8101 0.5860
vn 0.0398 0.9163 0.3984
vn 0.0994 -0.0332 0.9945
vn 0.1826 -0.3651 0.9129
vn 0.1210 0.7868 0.6052
vn 0.1617 0.5659 0.8085
vn 0.2122 0.5518 0.8065
vn -0.6134 0.2863 -0.7361
vn -0.4507 0.3863 -0.8048
vn -0.5258 0.8179 -0.2337
vn 0.7037 -0.6597 0.2639
vn 0.1529 -0.9176 0.3670
vn 0.0854 -0.5126 0.8544
vn 0.6248 -0.6695 0.4017
vn -0.0948 0.0237 0.9952
vn -0.0854 0.0285 0.9959
vn -0.0808 0.0269 0.9964
vn -0.9541 -0.2806 -0.1042
vn -0.8822 -0.4588 -0.1059
vn -0.8701 -0.4834 -0.0967
vn -0.8521 -0.5013 -0.1504
vn -0.8322 -0.5312 -0.1594
vn 0.1136 -0.5112 0.8519
vn -0.1287 -0.3646 0.9222
vn -0.5883 -0.7845 -0.1961
vn -0.5995 -0.7839 -0.1614
vn -0.9847 -0.1231 0.1231
vn 0.3162 0.9487 -0.0000
vn 0.2585 0.9659 0.0136
vn -0.2624 0.8840 -0.3868
vn 0.8460 0.2744 -0.4573
vn 0.9057 0.3705 0.2058
vn 0.9564 -0.0708 0.2834
vn 0.9509 -0.2377 0.1981
vn -0.0796 -0.8751 -0.4773
vn 0.2902 -0.9534 0.0829
vn 0.3603 -0.8690 0.3391
vn -0.3333 -0.6667 0.6667
vn -0.6046 -0.6549 -0.4534
vn 0.6845 0.6023 0.4107
vn 0.5657 0.4243 0.7071
vn 0.5850 0.3510 0.7312
vn 0.7096 0.2447 0.6607
vn 0.0984 -0.9841 -0.1476
vn 0.2936 -0.6459 0.7047
vn -0.0507 -0.4056 0.9126
vn -0.5217 -0.6421 0.5618
vn -0.1318 -0.9226 -0.3625
vn -0.7675 -0.5628 -0.3070
vn -0.4243 -0.7071 -0.5657
vn -0.5947 -0.1322 -0.7930
vn 0.1633 0.4083 -0.8981
vn -0.6247 0.4685 -0.6247
vn -0.6882 -0.2294 -0.6883
vn -0.9810 -0.0613 -0.1839
vn -0.9526 -0.2722 -0.1361
vn -0.9129 -0.3651 0.1826
vn -0.6410 -0.7326 -0.2289
vn -0.2377 -0.9509 -0.1981
vn -0.2279 -0.9117 -0.3419
vn -0.3424 -0.7989 0.4945
vn -0.1289 -0.3007 0.9450
vn -0.1782 -0.0891 0.9800
vn -0.5345 -0.2673 0.8018
vn -0.4947 -0.8245 0.2748
vn -0.3482 -0.8704 -0.3482
vn 0.7544 -0.1886 -0.6287
vn 0.7683 -0.3293 -0.5488
vn -0.8322 -0.5312 0.1594
vn -0.8521 -0.5013 0.1504
vn -0.8701 -0.4834 0.0967
vn -0.8822 -0.4588 0.1059
vn -0.9541 -0.2806 0.1042
vn 0.1692 0.9477 -0.2708
vn -0.2504 0.8814 0.4006
vn -0.2624 0.8840 0.3868
vn 0.8460 0.2744 0.4573
vn 0.7926 -0.5661 -0.2265
vn 0.7926 -0.5661 0.2265
vn 0.0224 -0.4471 -0.8942
vn 0.8427 -0.2408 -0.4815
vn 0.7550 -0.5774 -0.3109
vn 0.7357 -0.5808 0.3485
vn 0.7687 -0.3641 0.5259
vn -0.1021 -0.3518 0.9305
vn -0.1333 -0.7333 0.6667
vn -0.0611 -0.8559 0.5135
vn -0.8639 -0.4319 0.2592
vn -0.7548 0.1078 0.6470
vn 0.3581 0.1535 0.9210
vn 0.0426 -0.6396 0.7675
vn 0.1783 -0.6777 0.7134
vn -0.6926 -0.4618 0.5541
vn -0.7486 -0.3921 0.5347
vn -0.9623 0.1925 -0.1925
vn -0.8314 -0.5543 0.0396
vn -0.3938 -0.9189 0.0239
vn -0.2464 -0.5749 -0.7802
vn -0.4264 -0.6396 -0.6396
vn -0.5203 -0.3468 -0.7804
vn 0.9633 -0.2671 -0.0243
vn 0.7621 -0.6448 -0.0586
vn -0.8189 0.2457 -0.5187
vn -0.8393 0.2798 -0.4663
vn -0.6795 0.4854 -0.5501
vn -0.2176 0.1554 -0.9636
vn -0.0530 0.3709 -0.9272
vn -0.0889 0.6222 0.7778
vn -0.7807 0.3904 0.4879
vn -0.0000 -0.1240 0.9923
vn 0.4124 -0.9073 -0.0825
vn -0.0000 -0.9701 0.2425
vn -0.7451 -0.6667 -0.0196
vn -0.9994 -0.0041 0.0330
vn 0.1069 0.5880 -0.8018
vn -0.0197 -0.1083 -0.9939
vn 0.0331 -0.0606 -0.9976
vn -0.0921 -0.8285 -0.5523
vn -0.5547 -0.0000 -0.8320
vn -0.2981 0.5963 -0.7454
vn -0.7877 0.5013 -0.3581
vn 0.5345 0.8018 0.2673
vn 0.5133 0.8066 0.2933
vn 0.7711 0.0454 0.6351
vn 0.8001 -0.1455 0.5819
vn -0.0471 -0.3300 -0.9428
vn -0.0685 -0.2741 -0.9593
vn 0.1961 0.7845 -0.5883
vn -0.6198 0.7325 -0.2817
vn -0.1782 -0.0891 -0.9800
vn -0.2126 -0.3720 -0.9035
vn -0.5747 -0.2873 -0.7663
vn 0.5570 -0.6583 -0.5064
vn 0.4364 -0.8729 -0.2182
vn 0.2279 -0.9117 -0.3419
vn 0.4159 -0.7798 -0.4679
vn 0.4180 -0.4877 -0.7664
vn 0.6554 0.1638 -0.7373
vn 0.9662 0.2415 -0.0906
vn 0.9560 -0.2516 -0.1509
vn 0.5842 -0.7010 0.4089
vn 0.6965 -0.3980 0.5970
vn 0.1924 -0.1925 0.9623
vn 0.9422 0.2094 0.2617
vn 0.8381 0.4191 0.3492
vn 0.6305 0.3152 0.7093
vn 0.5831 0.0897 0.8074
vn 0.8991 -0.3853 0.2075
vn 0.7568 -0.3243 0.5676
vn 0.9924 0.1232 -0.0035
vn -0.9996 -0.0065 -0.0292
vn -0.6985 0.1552 0.6985
vn -0.6963 -0.1741 0.6963
vn -0.9925 -0.1223 0.0072
vn 0.5773 -0.5773 0.5774
vn 0.7621 -0.6448 0.0586
vn 0.9633 -0.2671 0.0243
vn -0.9847 0.1231 -0.1231
vn -0.5064 0.8608 0.0506
vn -0.7570 -0.2704 0.5948
vn -0.9428 -0.2357 0.2357
vn -0.8628 -0.4646 -0.1991
vn -0.9123 -0.1521 -0.3801
vn 0.5547 -0.0000 0.8321
vn 0.5973 0.3319 0.7301
vn -0.2306 0.5074 0.8303
vn 0.7096 -0.7038 0.0349
vn 0.6991 -0.6492 0.2996
vn 0.4236 -0.5539 0.7168
vn 0.8912 -0.4262 -0.1550
vn -0.5203 -0.3468 0.7804
vn -0.4264 -0.6396 0.6396
vn -0.2464 -0.5749 0.7802
vn -0.3938 -0.9189 -0.0239
vn -0.5540 -0.8310 0.0504
vn -0.8310 -0.5540 -0.0504
vn -0.2059 0.0257 0.9782
vn -0.9065 -0.0324 0.4209
vn -0.0733 -0.8066 0.5866
vn 0.0921 0.8285 -0.5523
vn 0.4804 0.2839 -0.8298
vn 0.4697 0.3039 -0.8289
vn 0.6861 0.6053 -0.4036
vn 0.8890 0.3810 -0.2540
vn 0.8882 0.3675 -0.2757
vn 0.7995 -0.5996 0.0363
vn 0.7056 -0.7057 0.0641
vn 0.4468 -0.8937 -0.0406
vn 0.3714 -0.7428 -0.5571
vn -0.9040 0.4238 -0.0565
vn -0.5145 -0.5145 -0.6860
vn -0.6816 -0.1203 -0.7217
vn 0.0437 -0.3710 -0.9276
vn -0.0118 -0.6000 -0.7999
vn 0.0743 -0.8920 -0.4460
vn 0.1529 -0.3670 -0.9176
vn 0.1529 -0.9176 -0.3670
vn -0.4767 0.1907 -0.8581
vn -0.2532 0.7089 -0.6583
vn -0.0966 0.7725 -0.6276
vn -0.2542 0.8474 -0.4661
vn -0.6527 -0.7071 -0.2720
vn -0.4833 -0.8348 -0.2636
vn 0.2011 -0.9252 0.3218
vn 0.5185 0.2074 0.8296
vn 0.6169 -0.0561 0.7851
vn 0.3907 0.2233 0.8930
vn -0.4240 -0.3180 0.8480
vn -0.5848 -0.4386 0.6823
vn -0.7675 -0.3070 -0.5628
vn -0.8847 -0.1474 -0.4423
vn -0.7472 0.1494 -0.6476
vn -0.3581 0.0716 -0.9309
vn -0.2741 -0.0685 -0.9593
vn -0.2962 -0.1185 -0.9478
vn 0.2308 0.9231 0.3077
vn 0.7845 0.5883 0.1961
vn 0.2036 0.1527 0.9671
vn 0.2157 0.1078 0.9705
vn -0.3015 -0.3015 -0.9045
vn -0.1925 -0.1925 -0.9622
vn -0.0196 -0.1961 -0.9804
vn 0.3714 -0.7428 0.5571
vn 0.4468 -0.8937 0.0406
vn 0.7056 -0.7057 -0.0641
vn 0.7995 -0.5996 -0.0363
vn 0.8882 0.3675 0.2757
vn 0.8890 0.3810 0.2540
vn 0.6861 0.6053 0.4036
vn 0.4697 0.3039 0.8289
vn 0.4804 0.2839 0.8298
vn -0.4874 0.1083 0.8664
vn -0.2443 0.7328 -0.6351
vn -0.0311 0.0933 -0.9952
vn -0.0116 0.1041 -0.9945
vn -0.0000 0.0995 -0.9950
vn 0.0587 0.9983 -0.0024
vn 0.0587 0.9982 0.0110
vn -0.0000 0.9981 -0.0624
vn 0.0904 0.9949 -0.0452
vn -0.8602 0.4838 -0.1613
vn -0.3162 0.9487 -0.0000
vn -0.6189 0.7220 -0.3094
vn -0.0445 0.3556 -0.9336
vn -0.1178 0.9421 -0.3140
vn -0.4444 0.1111 -0.8889
vn 0.4444 -0.1111 -0.8889
vn 0.4410 0.1654 -0.8821
vn 0.4411 0.1654 -0.8821
vn 0.5121 0.7682 0.3841
vn 0.7533 0.5136 0.4109
vn -0.1990 0.7653 0.6122
vn -0.2120 0.6360 0.7420
vn -0.1528 0.9882 0.0049
vn -0.1876 0.9822 -0.0099
vn 0.0587 0.9983 0.0025
vn 0.0604 0.9982 0.0019
vn 0.0624 0.9981 -0.0000
vn 0.0603 0.9982 -0.0019
vn 0.6549 -0.2807 -0.7017
vn 0.4806 0.1442 -0.8650
vn 0.6969 0.3690 -0.6149
vn 0.1415 0.5093 -0.8489
vn -0.1596 0.2394 0.9577
vn -0.1925 0.1924 0.9623
vn -0.2272 0.7791 0.5843
vn -0.1613 -0.1935 -0.9677
vn -0.1884 -0.1615 -0.9687
vn -0.2229 -0.8359 -0.5015
vn -0.1613 0.9677 -0.1936
vn -0.1884 0.9687 -0.1615
vn -0.2272 0.7791 -0.5843
vn 0.2873 0.5747 0.7663
vn 0.1826 0.3651 0.9129
vn 0.3582 -0.1535 0.9210
vn 0.2272 0.5843 -0.7791
vn 0.2063 0.9283 -0.3094
vn 0.3529 0.9263 -0.1323
vn -0.1415 -0.5093 0.8489
vn -0.0000 -0.3714 0.9285
vn 0.1654 0.8269 0.5375
vn 0.5963 -0.2981 0.7454
vn 0.5163 0.1408 0.8448
vn -0.0000 0.1644 0.9864
vn -0.5802 0.1339 0.8034
vn -0.5472 0.1642 0.8208
vn -0.5263 -0.3158 0.7895
vn -0.6667 0.6667 0.3333
vn -0.7362 0.6258 0.2577
vn -0.0243 0.9950 0.0971
vn -0.0366 -0.9885 0.1464
vn 0.3875 -0.6340 0.6692
vn 0.0554 0.3323 0.9415
vn -0.1960 0.9801 -0.0327
vn -0.2768 0.9542 -0.1136
vn -0.5369 0.8437 -0.0000
vn -0.4763 0.8005 0.3638
vn 0.7683 -0.3293 0.5488
vn 0.7544 -0.1886 0.6287
vn -0.0923 0.2306 0.9687
vn 0.5298 0.5298 -0.6623
vn 0.3400 0.7140 -0.6120
vn 0.3436 0.7444 -0.5726
vn 0.5150 0.7210 -0.4635
vn 0.6498 0.5498 -0.5248
vn 0.6351 0.4990 -0.5897
vn -0.7960 -0.0995 -0.5970
vn -0.9224 0.0384 -0.3843
vn -0.7594 0.4396 -0.4796
vn -0.0654 0.5230 -0.8498
vn 0.3548 -0.2957 -0.8870
vn 0.3906 -0.6509 -0.6509
vn 0.0568 -0.9947 0.0853
vn 0.8390 0.4322 -0.3305
vn 0.0317 -0.9813 0.1899
vn 0.0886 -0.8422 0.5319
vn -0.2870 0.0478 0.9567
vn -0.2675 0.0267 0.9632
vn -0.3684 -0.5157 0.7735
vn -0.2673 0.5345 -0.8018
vn -0.0322 -0.9994 -0.0107
vn -0.0880 -0.7044 -0.7044
vn 0.2294 -0.6882 -0.6882
vn 0.3145 -0.9435 0.1048
vn 0.6189 -0.3094 0.7220
vn 0.7767 -0.1036 0.6213
vn 0.6379 0.0850 0.7654
vn -0.0613 -0.1839 0.9810
vn 0.0827 0.2482 0.9652
vn 0.0947 -0.0474 0.9944
vn -0.0267 -0.8276 0.5606
vn 0.2545 0.9330 0.2545
vn 0.9074 0.4188 0.0349
vn -0.5657 0.4243 0.7071
vn -0.4558 0.6838 0.5698
vn -0.5345 0.8018 0.2673
vn -0.7620 0.6350 0.1270
vn -0.8165 0.4082 0.4082
vn -0.5123 0.5589 -0.6520
vn 0.2425 0.9701 -0.0000
vn 0.3651 0.9129 0.1826
vn -0.8303 0.5074 0.2306
vn -0.8427 0.4815 0.2408
vn -0.3578 -0.8944 -0.2683
vn -0.1359 -0.9855 -0.1019
vn 0.8312 -0.5541 -0.0462
vn 0.4867 -0.3244 -0.8111
vn 0.4558 -0.6838 -0.5698
vn -0.1528 0.9882 -0.0049
vn -0.2120 0.6360 -0.7420
vn -0.1990 0.7653 -0.6122
vn 0.7533 0.5136 -0.4109
vn 0.5121 0.7682 -0.3841
vn 0.2585 0.9659 -0.0136
vn -0.1876 0.9822 0.0099
vn 0.0554 0.3323 -0.9415
vn 0.3875 -0.6340 -0.6692
vn -0.0366 -0.9885 -0.1464
vn -0.0243 0.9950 -0.0971
vn -0.7362 0.6258 -0.2577
vn -0.6667 0.6667 -0.3333
vn -0.1319 -0.9891 0.0659
vn -0.2678 -0.9373 -0.2232
vn -0.1200 -0.4198 -0.8996
vn -0.1738 -0.4634 -0.8689
vn -0.0654 -0.5230 -0.8498
vn 0.1782 -0.9800 -0.0891
vn -0.8516 -0.4790 0.2129
vn -0.9247 0.1849 -0.3329
vn 0.3651 -0.9129 0.1826
vn 0.8111 -0.4867 0.3244
vn 0.2369 -0.5923 0.7701
vn 0.1592 -0.5838 0.7961
vn 0.1155 0.8083 0.5774
vn 0.6745 0.4905 0.5518
vn 0.3759 0.4698 0.7987
vn -0.3143 -0.3928 0.8642
vn -0.8602 0.4838 0.1613
vn -0.1178 0.9421 0.3140
vn -0.0445 0.3557 0.9336
vn -0.6188 0.7220 0.3094
vn -0.0000 0.9981 0.0624
vn 0.0587 0.9982 -0.0110
vn -0.0000 0.9806 0.1961
vn -0.0116 0.1041 0.9945
vn -0.0311 0.0933 0.9952
vn -0.2443 0.7328 0.6351
vn 0.9517 -0.0381 0.3046
vn 0.0780 -0.1301 -0.9884
vn 0.0733 -0.1282 -0.9890
vn 0.4650 -0.8137 -0.3487
vn 0.2182 -0.8729 -0.4364
vn 0.8182 -0.5455 0.1818
vn 0.5203 -0.3468 0.7804
vn -0.2369 -0.5924 0.7701
vn -0.3707 -0.9267 -0.0618
vn 0.4614 0.7098 -0.5323
vn 0.8237 -0.1938 -0.5329
vn 0.7906 -0.2992 -0.5342
vn 0.8962 -0.2027 -0.3947
vn 0.9836 0.0224 0.1788
vn 0.7322 0.0845 0.6759
vn -0.0671 -0.6712 -0.7383
vn 0.0290 0.2899 -0.9566
vn -0.0000 0.5145 0.8575
vn -0.0000 0.2822 0.9594
vn -0.5727 0.3818 0.7254
vn -0.5829 0.3796 0.7185
vn -0.5307 0.7581 0.3791
vn 0.9635 0.2478 0.1009
vn 0.8995 0.4293 -0.0818
vn 0.8239 0.5618 -0.0749
vn 0.7682 0.6402 -0.0000
vn 0.7249 0.4229 0.5437
vn 0.7484 0.3534 0.5613
vn 0.1925 0.1925 -0.9623
vn 0.4082 0.4082 -0.8165
vn 0.5035 0.4196 -0.7553
vn 0.5301 0.2945 -0.7951
vn 0.9191 0.3939 0.0119
vn 0.8663 0.4950 0.0675
vn 0.7481 0.4275 0.5076
vn 0.7493 0.4683 0.4683
vn 0.0579 -0.8686 -0.4922
vn 0.1446 -0.9883 -0.0482
vn 0.0599 -0.7494 0.6594
vn 0.4924 -0.8616 0.1231
vn -0.2232 -0.2678 -0.9373
vn -0.8854 -0.4570 -0.0857
vn -0.9585 -0.2684 0.0959
vn -0.1267 -0.4436 -0.8872
vn 0.7444 -0.3436 0.5726
vn 0.2885 -0.6880 0.6658
vn 0.2516 -0.8554 0.4528
vn -0.1169 -0.1948 0.9739
vn -0.0185 -0.8868 0.4619
vn -0.1117 0.0372 0.9930
vn 0.1598 -0.0533 0.9857
vn 0.0844 -0.5911 0.8022
vn 0.0511 -0.5362 0.8426
vn 0.7454 -0.2981 -0.5963
vn 0.8448 0.1408 -0.5163
vn 0.9825 -0.1034 -0.1551
vn 0.9825 -0.1034 0.1551
vn 0.8448 0.1408 0.5163
vn 0.7454 -0.2981 0.5963
vn -0.7180 0.5053 -0.4787
vn -0.2102 0.7472 -0.6305
vn -0.0000 0.6644 -0.7474
vn -0.7680 0.6400 0.0256
vn -0.5318 0.8446 -0.0626
vn -0.4857 0.8571 -0.1714
vn -0.5135 0.6675 -0.5392
vn -0.6232 0.4986 -0.6025
vn 0.5197 -0.1299 -0.8444
vn 0.7735 0.2275 -0.5915
vn 0.8132 0.0957 -0.5740
vn 0.8675 -0.3305 -0.3718
vn 0.8237 -0.1938 -0.5330
vn 0.8433 -0.1054 -0.5270
vn 0.8944 0.4472 -0.0000
vn 0.8632 0.3378 0.3753
vn 0.9856 -0.0939 0.1408
vn -0.8034 -0.1339 0.5802
vn -0.4319 0.2592 0.8639
vn -0.3941 0.4729 0.7881
vn -0.7518 0.5205 -0.4048
vn -0.0000 0.6644 0.7474
vn -0.2102 0.7472 0.6305
vn -0.7180 0.5053 0.4787
vn 0.0511 -0.5362 -0.8426
vn 0.0844 -0.5911 -0.8022
vn 0.1598 -0.0533 -0.9857
vn -0.1117 0.0372 -0.9930
vn -0.0185 -0.8868 -0.4619
vn 0.8301 -0.4842 0.2767
vn -0.3584 -0.9259 -0.1195
vn -0.1267 -0.4436 0.8872
vn -0.9585 -0.2684 -0.0959
vn -0.8920 -0.4460 0.0743
vn 0.7032 -0.4441 0.5552
vn -0.0000 -0.1644 0.9864
vn 0.0501 -0.9524 0.3007
vn 0.1519 -0.9877 -0.0380
vn -0.3621 -0.9278 0.0905
vn -0.3306 -0.9317 0.1503
vn -0.2540 -0.3810 -0.8890
vn -0.3491 -0.3990 -0.8479
vn -0.1123 -0.7302 -0.6740
vn 0.3951 -0.5433 -0.7408
vn 0.2417 -0.0806 -0.9670
vn 0.5883 -0.7845 -0.1961
vn -0.2741 0.0685 -0.9593
vn -0.0543 0.3802 -0.9233
vn 0.0716 0.3581 -0.9309
vn 0.5773 -0.5774 -0.5773
vn 0.6594 -0.4616 -0.5934
vn -0.6810 -0.4256 0.5959
vn -0.8441 0.1206 0.5225
vn -0.9856 0.1408 -0.0939
vn -0.7845 -0.1961 -0.5883
vn -0.7570 -0.2704 -0.5948
vn -0.7851 -0.6168 0.0561
vn 0.3482 -0.3482 0.8704
vn 0.2691 -0.4486 0.8523
vn -0.1978 0.3297 0.9231
vn 0.1622 0.1622 0.9733
vn 0.3015 0.3015 0.9045
vn 0.1622 -0.1622 0.9733
vn 0.2417 0.6447 0.7252
vn -0.1831 0.4579 0.8700
vn -0.2673 0.0535 0.9621
vn -0.0517 -0.3620 0.9308
vn 0.3298 0.1015 -0.9386
vn 0.1400 0.1400 -0.9802
vn 0.1864 0.3107 -0.9321
vn 0.5774 0.5774 -0.5773
vn -0.8393 0.2798 0.4663
vn -0.6795 0.4854 0.5501
vn -0.6963 0.6358 0.3330
vn -0.7682 0.6402 -0.0000
vn -0.9484 0.3161 0.0243
vn -0.3835 0.6903 -0.6136
vn -0.5433 0.4657 -0.6985
vn 0.1103 0.5513 -0.8270
vn -0.1761 0.8805 -0.4402
vn -0.6667 0.7333 -0.1333
vn -0.5307 0.7581 -0.3790
vn -0.5829 0.3796 -0.7184
vn -0.5727 0.3818 -0.7254
vn -0.0000 0.2822 -0.9594
vn -0.0000 0.5145 -0.8575
vn 0.7322 0.0845 -0.6759
vn 0.9836 0.0224 -0.1788
vn 0.8962 -0.2027 0.3947
vn 0.7906 -0.2992 0.5342
vn 0.8237 -0.1938 0.5330
vn 0.4614 0.7098 0.5323
vn -0.0000 -0.5145 0.8575
vn -0.1761 0.9685 0.1761
vn 0.4282 0.8258 0.3670
vn 0.9838 0.1640 0.0729
vn 0.2332 0.0389 0.9717
vn -0.2495 -0.2218 0.9426
vn 0.1374 -0.5494 0.8242
vn -0.3707 -0.9267 0.0618
vn -0.6985 -0.4657 0.5433
vn -0.9245 -0.0924 0.3698
vn -0.4249 -0.1000 -0.8997
vn -0.2369 -0.5923 -0.7701
vn 0.8182 -0.5455 -0.1818
vn 0.9982 0.0576 0.0192
vn 0.7570 0.1136 0.6435
vn 0.1543 -0.6172 0.7715
vn 0.2182 -0.8729 0.4364
vn -0.4148 -0.0943 -0.9050
vn 0.5546 -0.0198 -0.8319
vn 0.5203 -0.3468 -0.7804
vn 0.0494 -0.1482 0.9877
vn -0.1640 0.0656 0.9843
vn -0.6804 0.2722 0.6804
vn -0.5774 0.5773 0.5773
vn -0.4180 -0.0697 0.9058
vn -0.6134 0.2863 0.7361
vn -0.4507 0.3863 0.8048
vn -0.4152 0.2966 0.8600
vn -0.7854 0.5610 0.2618
vn 0.8790 0.3620 0.3103
vn 0.8995 0.4293 0.0818
vn 0.8239 0.5618 0.0749
vn 0.7826 0.5652 0.2609
vn 0.6581 0.3656 0.6581
vn -0.4249 -0.1000 0.8997
vn -0.9245 -0.0925 -0.3698
vn -0.6985 -0.4657 -0.5433
vn -0.4286 -0.2857 -0.8571
vn -0.4460 0.0743 -0.8920
vn -0.3562 0.1632 -0.9201
vn 0.7570 0.1136 -0.6435
vn 0.1543 -0.6172 -0.7715
vn -0.8458 0.3253 -0.4229
vn -0.7913 0.3391 -0.5087
vn 0.1501 -0.0643 -0.9866
vn 0.0445 0.5335 -0.8447
vn -0.0474 0.0947 -0.9944
vn -0.1990 0.3980 -0.8955
vn -0.1984 0.3572 -0.9127
vn -0.0430 0.4295 -0.9020
vn -0.0485 0.4369 -0.8982
vn -0.4053 -0.3884 -0.8275
vn 0.1439 -0.4497 -0.8815
vn 0.5932 -0.4649 -0.6573
vn -0.7289 0.3471 0.5901
vn -0.6581 0.4113 0.6307
vn 0.5773 -0.5774 0.5774
vn 0.9378 -0.0469 0.3439
vn 0.5966 0.3064 0.7417
vn -0.2196 0.4245 0.8784
vn -0.2394 -0.1596 0.9577
vn -0.7601 0.4434 0.4751
vn -0.9551 0.2571 0.1469
vn -0.9898 -0.0639 -0.1277
vn -0.7264 -0.3073 -0.6147
vn -0.7347 -0.2449 -0.6327
vn -0.3582 0.6788 -0.6411
vn -0.9619 -0.2609 -0.0815
vn -0.2321 -0.2901 -0.9284
vn -0.2182 0.4364 -0.8729
vn 0.2016 0.3696 -0.9071
vn 0.2016 -0.3696 -0.9071
vn 0.0431 -0.6466 -0.7616
vn -0.1960 0.9801 0.0327
vn 0.1692 0.9477 0.2708
vn -0.2504 0.8814 -0.4006
vn 0.6266 0.7712 -0.1125
vn 0.7417 0.1236 -0.6593
vn 0.1643 0.0274 -0.9860
vn 0.1454 0.0436 -0.9884
vn -0.0519 -0.9596 -0.2766
vn 0.6870 -0.2862 -0.6679
vn 0.7528 0.4871 0.4428
vn 0.2688 -0.0768 -0.9601
vn -0.2043 -0.9705 0.1277
vn 0.9074 -0.3630 0.2117
vn 0.6508 -0.0000 0.7593
vn 0.6084 -0.3549 0.7098
vn 0.6268 -0.6007 0.4962
vn 0.9802 0.0280 -0.1960
vn 0.7799 -0.2228 -0.5849
vn -0.0806 -0.9670 0.2417
vn -0.3215 -0.8727 0.3675
vn -0.1576 -0.8669 0.4729
vn -0.2649 -0.9272 -0.2649
vn 0.0778 -0.7785 -0.6228
vn 0.1198 0.1947 0.9735
vn 0.9310 0.0716 0.3581
vn 0.4211 -0.8422 0.3369
vn 0.2535 -0.5070 0.8238
vn 0.7428 -0.3714 -0.5571
vn 0.6360 0.2120 -0.7420
vn 0.6749 0.3796 -0.6327
vn 0.9459 0.1669 -0.2782
vn 0.5433 -0.6985 0.4657
vn 0.5914 -0.4838 0.6451
vn -0.3162 -0.5692 0.7589
vn -0.4616 -0.6594 0.5934
vn -0.4867 -0.3244 0.8111
vn -0.5774 -0.5773 0.5773
vn 0.1726 -0.1151 0.9782
vn -0.0626 -0.8446 0.5318
vn 0.0797 -0.9967 0.0133
vn 0.7022 -0.7022 0.1170
vn -0.5298 0.5298 -0.6623
vn -0.2237 -0.8832 0.4122
vn -0.1578 -0.8539 0.4960
vn 0.6447 -0.7402 0.1910
vn 0.9423 0.2810 0.1818
vn 0.9889 0.0471 0.1413
vn 0.7339 0.2148 0.6444
vn 0.5465 -0.4231 0.7228
vn 0.3980 -0.6965 0.5970
vn -0.1990 -0.8955 0.3980
vn -0.3876 -0.9206 -0.0484
vn -0.3853 -0.9214 -0.0503
vn -0.3980 -0.9154 -0.0597
vn -0.6447 0.7252 0.2417
vn -0.5472 0.8208 0.1642
vn -0.5070 0.7605 -0.4056
vn 0.2752 0.9358 0.2202
vn -0.9701 -0.2425 -0.0000
vn 0.3158 0.5263 -0.7895
vn 0.3333 0.6667 -0.6667
vn -0.0939 0.7040 -0.7040
vn -0.0818 0.2657 -0.9606
vn -0.4284 -0.8995 0.0857
vn -0.2291 0.7254 0.6491
vn -0.1924 0.9623 0.1924
vn 0.2648 0.9456 0.1891
vn 0.5582 0.6778 -0.4785
vn 0.7172 0.6660 0.2049
vn 0.1136 -0.8519 0.5112
vn 0.7420 -0.2120 -0.6360
vn 0.8729 0.2182 -0.4364
vn -0.6350 -0.1270 0.7620
vn -0.4196 0.7553 0.5035
vn -0.4159 0.7798 0.4679
vn -0.9856 0.1449 0.0870
vn -0.4036 -0.8745 0.2691
vn -0.7401 -0.6622 0.1169
vn -0.1578 -0.8539 -0.4960
vn -0.2237 -0.8832 -0.4122
vn -0.5298 0.5298 0.6623
vn 0.7022 -0.7022 -0.1170
vn 0.0797 -0.9967 -0.0133
vn -0.0626 -0.8446 -0.5318
vn 0.1726 -0.1151 -0.9782
vn 0.5582 0.4785 0.6778
vn 0.3208 0.8340 -0.4490
vn 0.6198 0.7325 -0.2817
vn 0.1089 0.9805 0.1634
vn -0.0462 0.8312 0.5541
vn 0.0708 0.4602 0.8850
vn 0.2535 -0.5070 -0.8238
vn 0.4211 -0.8422 -0.3369
vn 0.9310 0.0716 -0.3581
vn 0.1198 0.1947 -0.9735
vn 0.6268 -0.6007 -0.4962
vn 0.6084 -0.3549 -0.7098
vn 0.6508 -0.0000 -0.7593
vn -0.2043 -0.9705 -0.1277
vn 0.9074 -0.3630 -0.2117
vn -0.7620 0.6350 -0.1270
vn -0.6629 0.4262 -0.6156
vn -0.9300 0.3487 -0.1162
vn -0.5494 -0.1374 -0.8242
vn 0.3293 -0.5488 -0.7683
vn 0.1822 0.2277 -0.9565
vn -0.1822 -0.2277 -0.9565
vn 0.5298 -0.4891 0.6929
vn 0.6491 -0.2291 0.7254
vn 0.5513 -0.1103 0.8270
vn -0.2977 0.0595 0.9528
vn 0.0200 0.1999 -0.9796
vn 0.5345 0.2673 -0.8018
vn 0.9204 0.0354 -0.3894
vn 0.9285 -0.0000 -0.3714
vn -0.8909 0.4454 -0.0891
vn -0.7748 0.6199 -0.1240
vn -0.7772 0.6217 -0.0971
vn 0.9264 0.3369 0.1684
vn 0.7687 0.3459 0.5381
vn 0.7649 0.2700 0.5849
vn 0.9117 -0.0675 0.4052
vn -0.1318 -0.2197 0.9666
vn -0.0891 0.1782 0.9800
vn -0.1267 0.4181 0.8995
vn 0.9045 0.3015 0.3015
vn 0.9733 0.1622 0.1622
vn 0.1925 0.1925 0.9622
vn 0.0747 0.2242 0.9717
vn 0.0747 0.2242 -0.9717
vn -0.2267 0.1417 -0.9636
vn -0.1361 0.2722 -0.9526
vn -0.0966 0.2414 -0.9656
vn -0.0966 0.2414 0.9656
vn -0.1361 0.2722 0.9526
vn -0.2176 0.1554 0.9636
vn -0.3015 0.3015 0.9045
vn -0.6963 0.6358 -0.3330
vn -0.6581 0.4113 -0.6307
vn -0.7289 0.3471 -0.5901
vn -0.6496 0.7145 0.2598
vn -0.6852 0.5482 0.4796
vn -0.0485 0.4369 0.8982
vn -0.0430 0.4295 0.9020
vn -0.1984 0.3572 0.9127
vn -0.1990 0.3980 0.8955
vn -0.0474 0.0947 0.9944
vn -0.2494 -0.1995 0.9476
vn -0.6448 -0.3547 0.6771
vn -0.8081 -0.5051 0.3030
vn -0.8066 -0.2933 0.5133
vn -0.8682 -0.4961 -0.0000
vn -0.7046 -0.7046 0.0845
vn -0.3562 0.1632 0.9201
vn -0.4460 0.0743 0.8920
vn -0.4286 -0.2857 0.8571
vn 0.0445 0.5335 0.8447
vn 0.1501 -0.0643 0.9866
vn -0.7913 0.3391 0.5087
vn -0.8458 0.3253 0.4229
vn -0.8232 -0.1062 0.5577
vn -0.6739 -0.4172 0.6097
vn -0.8443 0.1257 0.5209
vn -0.9829 0.1843 -0.0000
vn -0.7141 0.0466 -0.6985
vn 0.2540 -0.8890 -0.3810
vn 0.5526 -0.0863 -0.8289
vn 0.8289 -0.0863 -0.5526
vn 0.9829 -0.1843 -0.0000
vn 0.9113 -0.3906 -0.1302
vn 0.9668 0.0420 -0.2522
vn 0.9982 0.0576 -0.0192
vn -0.9688 0.1330 -0.2090
vn -0.9045 -0.3015 -0.3015
vn 0.8736 -0.3058 -0.3786
vn 0.8571 -0.4286 -0.2857
vn 0.9039 -0.3287 -0.2739
vn 0.8273 0.4316 0.3597
vn 0.5856 0.5298 0.6135
vn 0.8642 0.3928 -0.3143
vn 0.9545 -0.2386 -0.1790
vn 0.8742 -0.3885 -0.2914
vn -0.0000 0.8320 0.5547
vn 0.0905 -0.0226 0.9956
vn -0.4062 -0.3159 0.8575
vn -0.6000 -0.0000 0.8000
vn 0.3487 -0.4650 0.8137
vn 0.0806 -0.9670 -0.2417
vn -0.7177 -0.6755 -0.1689
vn -0.9923 -0.0000 0.1240
vn -0.2545 -0.5937 0.7634
vn 0.3950 0.9029 0.1693
vn 0.9113 -0.1302 -0.3906
vn 0.9623 -0.1924 -0.1925
vn 0.1924 -0.9623 0.1925
vn -0.1690 -0.8452 0.5071
vn 0.0537 0.5098 0.8586
vn -0.3075 0.6534 0.6918
vn -0.0447 0.9829 0.1787
vn -0.7756 0.4266 -0.4653
vn -0.7692 0.4348 -0.4682
vn 0.4663 0.8393 0.2798
vn 0.2210 0.8525 0.4736
vn 0.2294 0.6882 0.6882
vn 0.5965 0.4129 0.6882
vn 0.8729 0.4364 -0.2182
vn 0.5494 0.8242 0.1374
vn 0.6238 0.3743 -0.6862
vn 0.2933 0.0733 -0.9532
vn -0.9923 -0.0000 -0.1240
vn 0.0652 -0.9785 0.1957
vn -0.4747 -0.8631 0.1726
vn -0.6816 -0.7175 -0.1435
vn -0.4865 -0.6362 -0.5988
vn 0.0349 -0.8037 -0.5940
vn -0.2962 0.1185 -0.9478
vn -0.1204 -0.2408 -0.9631
vn -0.0685 0.2741 -0.9593
vn 0.2182 0.8729 -0.4364
vn -0.3862 0.6276 -0.6759
vn -0.5064 0.6583 -0.5570
vn -0.2722 0.1361 -0.9526
vn -0.4329 0.8967 -0.0928
vn -0.1054 0.8433 -0.5270
vn 0.8498 0.2615 -0.4576
vn 0.7252 0.6447 0.2417
vn 0.5145 -0.5145 0.6860
vn 0.1191 -0.5957 0.7943
vn -0.3205 -0.8813 0.3472
vn -0.0652 -0.9785 -0.1957
vn -0.3180 0.8480 0.4240
vn -0.9759 0.1952 0.0976
vn -0.5774 -0.5773 0.5774
vn -0.1925 -0.1925 0.9622
vn -0.9759 0.1952 -0.0976
vn -0.5773 -0.5774 -0.5774
vn -0.4428 -0.8413 -0.3100
vn 0.3218 0.1788 0.9298
vn 0.4649 0.6079 0.6437
vn -0.7276 0.4851 0.4851
vn -0.8363 0.3041 0.4562
vn -0.5209 0.0474 0.8523
vn -0.9864 -0.1644 -0.0000
vn -0.5893 0.2806 -0.7576
vn -0.0301 0.1203 -0.9923
vn -0.0166 0.0665 -0.9976
vn 0.5288 -0.3022 0.7932
vn 0.1152 -0.2881 0.9507
vn -0.3210 -0.5618 0.7624
vn 0.0788 -0.9457 -0.3152
vn 0.0163 -0.1961 -0.9805
vn -0.1064 -0.1950 -0.9750
vn -0.1034 -0.1551 -0.9825
vn 0.0317 0.1057 -0.9939
vn 0.1167 0.3889 -0.9139
vn 0.2289 0.4007 -0.8872
vn 0.2565 0.2992 -0.9191
vn 0.6595 -0.5129 0.5496
vn -0.4148 -0.0943 0.9050
vn 0.5546 -0.0198 0.8319
vn 0.3142 -0.9425 0.1142
vn -0.1412 -0.9886 -0.0514
vn -0.1041 -0.7288 -0.6768
vn 0.0337 0.5388 0.8418
vn -0.0316 0.5689 0.8218
vn -0.0655 0.3931 0.9172
vn 0.0796 0.0498 0.9956
vn 0.0439 -0.1151 -0.9924
vn 0.0700 -0.1838 -0.9805
vn 0.0685 -0.2741 -0.9593
vn 0.0086 -0.2060 -0.9785
vn 0.0403 -0.3571 -0.9332
vn -0.6698 -0.1456 -0.7281
vn -0.2256 -0.8056 -0.5478
vn -0.1137 0.2729 -0.9553
vn -0.9976 0.0192 -0.0671
vn -0.9982 -0.0119 -0.0594
vn -0.5145 -0.6860 -0.5145
vn -0.4911 -0.1708 -0.8542
vn -0.0196 0.3338 -0.9424
vn 0.1215 0.2024 -0.9717
vn 0.0887 0.5319 -0.8422
vn 0.6159 0.7870 -0.0342
vn -0.2921 0.9249 -0.2434
vn 0.2327 0.3878 -0.8919
vn -0.4532 0.7417 0.4945
vn -0.5571 0.3714 0.7428
vn -0.1905 0.6804 -0.7076
vn -0.0204 0.6320 -0.7747
vn -0.0000 0.6000 -0.8000
vn -0.0000 0.9899 0.1414
vn 0.4532 -0.4945 -0.7417
vn 0.4949 -0.4188 -0.7614
vn -0.4460 -0.6690 -0.5946
vn -0.9478 0.2962 -0.1185
vn -0.7779 -0.5834 0.2334
vn -0.7960 -0.5970 0.0995
vn -0.4073 -0.6110 -0.6788
vn -0.5812 -0.8137 -0.0000
vn -0.6091 -0.7524 -0.2508
vn -0.3113 -0.4981 -0.8093
vn 0.1543 -0.7715 -0.6172
vn 0.7715 -0.1543 -0.6172
vn 0.3244 0.4867 -0.8111
vn 0.4541 0.8780 -0.1514
vn 0.5103 0.7504 0.4202
vn 0.9364 0.0851 0.3405
vn 0.3384 0.5754 0.7446
vn 0.0765 -0.0765 0.9941
vn 0.2184 0.6333 0.7425
vn -0.1781 -0.2572 0.9498
vn -0.2251 -0.6304 0.7429
vn -0.4622 -0.5007 0.7319
vn 0.6708 -0.5450 0.5031
vn 0.7845 0.1961 0.5883
vn 0.6000 0.8000 -0.0000
vn 0.9636 0.2224 0.1482
vn 0.4532 -0.4945 0.7417
vn 0.4949 -0.4188 0.7614
vn -0.1414 0.9899 -0.0000
vn 0.0839 -0.9960 -0.0315
vn 0.1122 0.8976 0.4263
vn -0.0000 0.8575 0.5145
vn -0.0000 0.6247 0.7809
vn -0.0000 0.9899 -0.1414
vn -0.1034 0.8790 0.4654
vn -0.2488 0.7153 0.6531
vn -0.2102 0.6606 0.7207
vn -0.5571 0.3714 -0.7428
vn -0.4532 0.7417 -0.4944
vn -0.0000 0.8321 -0.5547
vn 0.2334 -0.5834 -0.7779
vn 0.0801 0.1335 -0.9878
vn 0.5003 -0.2335 -0.8338
vn 0.4327 -0.5409 -0.7212
vn 0.6242 -0.7803 -0.0390
vn -0.0508 -0.9658 -0.2542
vn 0.0340 -0.9849 0.1698
vn -0.0778 -0.7785 0.6228
vn 0.8320 -0.5547 -0.0000
vn -0.3878 -0.8531 0.3490
vn -0.4876 -0.3546 0.7978
vn -0.8512 0.0327 0.5238
vn -0.9728 -0.0912 0.2128
vn -0.4833 -0.8348 0.2636
vn -0.2408 -0.4815 -0.8427
vn -0.2294 -0.6882 -0.6882
vn -0.2981 -0.5963 -0.7454
vn -0.1361 -0.2722 -0.9526
vn 0.6595 -0.5129 -0.5496
vn 0.5774 -0.5774 -0.5774
vn 0.7666 0.0826 -0.6368
vn 0.2565 0.2992 0.9191
vn 0.2289 0.4007 0.8872
vn 0.1167 0.3889 0.9139
vn 0.0317 0.1057 0.9939
vn 0.2442 0.1503 0.9580
vn -0.0242 0.1210 0.9924
vn -0.1924 -0.1924 0.9623
vn -0.1968 -0.2952 0.9349
vn 0.1960 -0.9800 0.0356
vn -0.9932 -0.0000 -0.1168
vn -0.8355 0.5406 -0.0983
vn -0.8232 -0.1062 -0.5577
vn -0.1236 -0.6593 -0.7417
vn 0.0290 0.1643 -0.9860
vn -0.0109 0.3714 -0.9284
vn 0.0416 0.7065 -0.7065
vn 0.5773 0.5774 -0.5774
vn -0.7249 0.6645 -0.1812
vn 0.6260 0.6804 -0.3810
vn -0.0359 0.6111 -0.7908
vn 0.8320 0.5547 -0.0000
vn 0.5947 0.7930 0.1322
vn 0.8339 0.3207 0.4491
vn 0.7096 -0.7038 -0.0349
vn 0.4952 -0.8666 -0.0619
vn 0.4444 -0.7778 -0.4444
vn 0.5774 -0.5773 -0.5774
vn 0.9850 0.1595 0.0657
vn -0.7454 0.2981 0.5963
vn -0.8718 -0.4872 -0.0513
vn -0.8352 -0.5369 -0.1193
vn -0.6225 -0.7640 -0.1698
vn 0.3414 -0.9389 -0.0427
vn -0.0628 0.8797 -0.4713
vn -0.8751 0.0796 0.4773
vn -0.9457 0.0788 -0.3152
vn -0.8944 -0.0000 -0.4472
vn -0.0755 0.9065 0.4155
vn -0.7454 0.2981 -0.5963
vn -0.9621 -0.1604 0.2205
vn -0.7516 -0.3879 0.5334
vn -0.6780 -0.4006 0.6163
vn -0.6225 -0.7640 0.1698
vn 0.3414 -0.9389 0.0427
vn -0.8352 -0.5369 0.1193
vn -0.9889 0.0471 0.1413
vn -0.6559 0.7434 -0.1312
vn -0.8731 -0.4851 0.0485
vn 0.0312 -0.0000 0.9995
vn 0.0403 -0.3571 0.9332
vn 0.0086 -0.2060 0.9785
vn 0.0685 -0.2741 0.9593
vn 0.0700 -0.1838 0.9805
vn 0.9846 -0.0480 0.1681
vn 0.9992 0.0110 -0.0384
vn 0.1905 -0.9524 -0.2381
vn 0.7896 -0.5403 0.2909
vn 0.2127 -0.5200 0.8273
vn 0.2142 0.0476 0.9756
vn 0.1899 0.1477 0.9706
vn 0.3974 0.0306 0.9171
vn 0.2006 -0.8026 0.5618
vn 0.4444 -0.7778 0.4444
vn 0.5774 -0.5773 0.5773
vn -0.0563 -0.2817 -0.9578
vn 0.2797 -0.4663 -0.8393
vn 0.1576 -0.8669 -0.4729
vn -0.1412 -0.9886 0.0514
vn 0.3142 -0.9425 -0.1142
vn -0.5007 0.4622 0.7319
vn -0.2762 0.3264 0.9040
vn 0.0788 -0.9457 0.3152
vn 0.1543 -0.7715 0.6172
vn 0.1960 -0.9800 -0.0356
vn 0.8941 -0.4470 -0.0279
vn 0.8890 -0.4572 0.0254
vn 0.8850 -0.4636 0.0421
vn 0.8936 -0.4468 0.0426
vn -0.6527 0.7572 -0.0261
vn -0.7454 0.5963 -0.2981
vn -0.5661 0.7926 -0.2265
vn -0.4527 0.8148 -0.3621
vn 0.2716 0.2716 0.9233
vn 0.5392 0.5392 0.6470
vn -0.1455 0.8001 0.5819
vn -0.9611 -0.0874 0.2621
vn -0.7932 0.5288 0.3022
vn -0.9621 -0.1604 -0.2205
vn -0.7516 -0.3879 -0.5334
vn 0.3990 -0.8479 -0.3491
vn 0.3487 -0.1162 -0.9300
vn -0.7821 -0.2689 -0.5622
vn -0.7589 -0.3162 -0.5692
vn -0.7930 -0.1322 -0.5947
vn -0.2188 0.8343 -0.5060
vn 0.1998 0.9592 -0.1998
vn -0.1231 0.9847 0.1231
vn -0.8346 0.5505 0.0178
vn -0.1036 0.0740 -0.9919
vn -0.0000 0.3714 -0.9285
vn 0.1136 0.8519 0.5112
vn 0.6969 0.6149 0.3690
vn 0.5774 0.5774 0.5774
vn 0.6804 0.2722 0.6804
vn -0.0499 -0.9988 -0.0000
vn -0.0446 -0.9990 0.0029
vn -0.1269 -0.9428 -0.3082
vn -0.0179 -0.7502 -0.6609
vn -0.0232 -0.6952 -0.7184
vn -0.0259 -0.2849 -0.9582
vn 0.7345 -0.6780 -0.0283
vn 0.4471 -0.8943 -0.0172
vn -0.1925 0.9623 -0.1924
vn -0.0967 0.8701 -0.4834
vn -0.2124 0.7170 -0.6639
vn -0.1992 -0.9297 -0.3099
vn -0.0879 -0.4100 -0.9078
vn 0.0680 -0.0227 -0.9974
vn -0.0963 0.0321 -0.9948
vn -0.7351 0.6712 -0.0959
vn -0.5773 0.8083 -0.1155
vn 0.5481 0.6852 -0.4796
vn -0.0232 -0.6952 0.7184
vn -0.0179 -0.7502 0.6609
vn -0.1269 -0.9428 0.3082
vn -0.0416 -0.9990 -0.0139
vn 0.4471 -0.8943 0.0166
vn 0.7335 -0.6792 0.0272
vn -0.0259 -0.2849 0.9582
vn -0.3522 -0.6163 0.7044
vn -0.9370 -0.1562 0.3123
vn -0.4885 0.8438 0.2221
vn 0.6860 -0.5145 -0.5145
vn 0.6052 -0.7868 -0.1210
vn -0.2673 -0.9621 0.0535
vn 0.1200 -0.8996 0.4198
vn -0.5145 -0.0000 -0.8575
vn -0.5976 0.1573 -0.7863
vn -0.5095 0.4311 -0.7447
vn -0.0423 0.5927 -0.8043
vn -0.8253 0.5591 -0.0799
vn -0.6122 0.6843 -0.3962
vn 0.7926 0.4878 -0.3658
vn 0.1240 -0.0000 0.9923
vn 0.4991 0.8407 -0.2102
vn 0.7586 0.6321 -0.1580
vn 0.7882 0.4831 -0.3814
vn 0.1093 0.1457 -0.9833
vn 0.4243 0.5657 -0.7071
vn 0.5947 -0.1322 0.7930
vn 0.5687 -0.0421 0.8215
vn 0.0519 -0.1558 0.9864
vn 0.0364 -0.1820 0.9826
vn -0.7930 -0.1322 0.5947
vn -0.7589 -0.3162 0.5692
vn -0.7821 -0.2689 0.5622
vn 0.3488 -0.1163 0.9300
vn 0.3990 -0.8479 0.3491
vn -0.7932 0.5288 -0.3022
vn -0.9611 -0.0874 -0.2621
vn -0.1455 0.8001 -0.5819
vn 0.5392 0.5392 -0.6470
vn 0.2716 0.2716 -0.9233
vn 0.8936 -0.4468 -0.0426
vn 0.8850 -0.4636 -0.0421
vn 0.8890 -0.4572 -0.0254
vn 0.8941 -0.4470 0.0279
vn -0.1633 0.4082 -0.8981
vn 0.7384 0.1737 -0.6516
vn 0.4472 -0.5367 -0.7155
vn 0.4851 -0.7276 -0.4851
vn -0.8898 0.4558 -0.0217
vn -0.8716 0.4816 -0.0917
vn -0.9684 0.2075 -0.1383
vn -0.4152 0.2966 -0.8600
vn -0.2914 0.3885 -0.8742
vn 0.0982 0.2701 -0.9578
vn 0.3180 0.4240 -0.8480
vn 0.3569 0.3244 -0.8760
vn 0.1549 0.0194 -0.9877
vn -0.7792 0.6234 0.0649
vn -0.7137 0.6918 0.1098
vn -0.6641 0.7407 0.1022
vn -0.5547 0.8321 -0.0000
vn -0.2267 0.1417 0.9636
vn -0.2411 0.8740 -0.4219
vn -0.2233 0.8930 -0.3907
vn -0.2424 0.9697 -0.0303
vn -0.6780 -0.4006 -0.6163
vn -0.9889 0.0471 -0.1413
vn -0.6559 0.7434 0.1312
vn -0.7311 0.6718 0.1186
vn -0.5026 0.0718 0.8615
vn -0.6052 -0.1210 0.7868
vn -0.4364 -0.8729 -0.2182
vn -0.2981 -0.7454 -0.5963
vn -0.2294 -0.6883 -0.6882
vn 0.7069 -0.7069 0.0221
vn 0.9995 0.0045 -0.0315
vn 0.9696 0.2445 0.0081
vn 0.5026 0.8615 0.0718
vn -0.5636 -0.6039 -0.5636
vn -0.5296 -0.6075 -0.5919
vn -0.6664 -0.5115 -0.5425
vn -0.3693 -0.1055 -0.9233
vn -0.8675 -0.4924 -0.0703
vn -0.8634 -0.4999 -0.0682
vn -0.1133 -0.2429 -0.9634
vn -0.1146 -0.1948 -0.9741
vn -0.0102 0.1627 -0.9866
vn -0.0000 0.1644 -0.9864
vn 0.0767 -0.0000 -0.9971
vn -0.0286 -0.2670 -0.9633
vn 0.0994 -0.0497 -0.9938
vn 0.0567 -0.8219 -0.5668
vn -0.0245 -0.8710 -0.4907
vn -0.0198 -0.2402 -0.9705
vn 0.1451 -0.6166 0.7738
vn 0.0747 -0.1440 -0.9868
vn 0.0526 -0.0000 -0.9986
vn -0.0361 -0.5142 -0.8569
vn -0.1454 -0.5090 -0.8484
vn -0.2921 0.9249 0.2434
vn -0.6470 0.7548 -0.1078
vn -0.7505 0.5754 0.3252
vn -0.1239 -0.9914 -0.0413
vn -0.0883 -0.9884 -0.1236
vn -0.2121 -0.9697 -0.1212
vn -0.1949 -0.9745 -0.1114
vn -0.1794 -0.8971 -0.4037
vn -0.1010 -0.8079 -0.5807
vn 0.0495 -0.9018 0.4292
vn -0.3760 0.0470 0.9254
vn 0.0370 -0.0046 0.9993
vn -0.0024 -0.1240 0.9923
vn -0.0187 -0.9522 0.3050
vn 0.0237 -0.8530 -0.5213
vn -0.0344 -0.4469 -0.8939
vn 0.0373 -0.2424 -0.9695
vn -0.1738 0.8689 -0.4634
vn -0.0185 -0.8319 0.5546
vn 0.0553 -0.1567 0.9861
vn 0.5145 -0.0000 0.8575
vn 0.3743 -0.6862 0.6238
vn 0.3684 -0.7735 0.5157
vn -0.9806 0.1961 -0.0000
vn -0.9838 0.1757 -0.0351
vn 0.7010 -0.7010 0.1314
vn 0.7010 -0.7010 -0.1314
vn -0.2534 -0.9662 0.0475
vn -0.2321 -0.9717 -0.0435
vn 0.6667 -0.7333 0.1333
vn 0.9801 -0.0327 0.1960
vn 0.9778 -0.0000 0.2095
vn 0.9744 -0.0000 -0.2249
vn 0.9772 -0.0349 -0.2094
vn 0.6299 -0.7649 -0.1350
vn 0.7071 0.4243 -0.5657
vn 0.6502 0.5594 0.5141
vn -0.0195 -0.1232 0.9922
vn -0.0693 0.4411 0.8948
vn -0.4402 -0.1761 0.8805
vn 0.5145 0.5145 0.6860
vn 0.6882 0.6882 -0.2294
vn 0.9214 0.3686 -0.1229
vn 0.7234 -0.1447 -0.6751
vn 0.7961 -0.1592 0.5838
vn 0.8165 0.4082 0.4083
vn -0.1111 0.8889 0.4444
vn -0.8083 -0.5774 -0.1155
vn -0.8729 -0.4364 -0.2182
vn 0.9705 0.2157 -0.1078
vn 0.8305 0.4983 -0.2491
vn 0.7089 0.6583 0.2532
vn 0.5307 0.3790 0.7581
vn 0.5330 0.1938 0.8237
vn 0.8041 -0.1532 0.5744
vn 0.0951 -0.9921 0.0815
vn -0.3094 -0.7220 0.6189
vn -0.7845 -0.1961 0.5884
vn -0.9157 0.3249 -0.2363
vn -0.8465 -0.2822 -0.4515
vn 0.5004 0.8242 -0.2649
vn 0.1869 0.9554 -0.2285
vn 0.0995 0.9950 -0.0000
vn 0.1236 0.9889 0.0824
vn 0.4660 0.8284 0.3107
vn 0.6111 0.7908 -0.0359
vn 0.8717 0.4755 -0.1189
vn 0.6362 0.7485 -0.1871
vn 0.4256 0.6810 0.5959
vn 0.3652 0.1826 0.9129
vn 0.6239 0.0520 0.7798
vn 0.3931 0.9172 -0.0655
vn -0.6788 0.4073 0.6110
vn -0.7130 0.3889 0.5834
vn 0.3904 0.4880 0.7807
vn -0.2214 0.6199 0.7528
vn -0.2875 0.4928 0.8213
vn -0.1787 -0.7595 -0.6255
vn 0.0631 -0.3156 -0.9468
vn -0.0788 -0.3152 -0.9457
vn 0.3810 -0.8890 -0.2540
vn 0.0897 0.9868 0.1346
vn -0.0828 -0.6621 0.7448
vn 0.0501 -0.3008 0.9524
vn -0.0554 0.3323 0.9415
vn -0.5271 0.4216 0.7379
vn 0.1741 0.6963 -0.6963
vn 0.6583 0.7089 0.2532
vn 0.8616 0.1231 0.4924
vn -0.0693 0.4411 -0.8948
vn -0.0195 -0.1232 -0.9922
vn -0.4402 -0.1761 -0.8805
vn -0.0430 -0.9890 0.1413
vn -0.0434 -0.9990 -0.0145
vn -0.1179 -0.7902 0.6015
vn -0.1794 -0.8971 0.4037
vn -0.1952 -0.9759 0.0976
vn -0.2722 -0.9526 0.1361
vn 0.0937 -0.7493 -0.6556
vn 0.1961 -0.0000 -0.9806
vn -0.0196 -0.0000 -0.9998
vn -0.0024 -0.1240 -0.9923
vn -0.0192 -0.9811 -0.1924
vn 0.0633 -0.9761 -0.2079
vn 0.0666 -0.2498 0.9660
vn -0.0000 -0.1240 -0.9923
vn 0.0352 -0.3054 -0.9516
vn 0.0370 -0.0046 -0.9993
vn -0.0344 -0.4469 0.8939
vn 0.0373 -0.2424 0.9695
vn 0.1076 -0.3452 -0.9324
vn -0.4087 -0.7322 -0.5449
vn -0.0624 0.0078 -0.9980
vn -0.0588 -0.3333 -0.9410
vn -0.4685 0.6247 -0.6247
vn 0.0405 -0.3641 -0.9305
vn -0.0343 -0.5142 -0.8570
vn -0.6862 -0.3743 -0.6238
vn 0.4279 -0.8887 0.1646
vn 0.3848 -0.8979 0.2138
vn -0.3693 -0.1055 0.9233
vn -0.6664 -0.5115 0.5425
vn -0.5296 -0.6075 0.5919
vn -0.5636 -0.6039 0.5636
vn 0.2688 -0.0768 0.9601
vn 0.0567 -0.8219 0.5668
vn 0.0995 -0.0249 0.9947
vn 0.0905 -0.0000 0.9959
vn -0.2079 -0.2858 0.9355
vn 0.0431 0.0593 0.9973
vn 0.0526 -0.0000 0.9986
vn 0.6667 -0.3333 0.6667
vn -0.8634 -0.4999 0.0682
vn -0.8675 -0.4924 0.0703
vn -0.0286 -0.2670 0.9633
vn 0.0767 -0.0000 0.9971
vn -0.0102 0.1627 0.9866
vn -0.1146 -0.1948 0.9741
vn -0.1133 -0.2429 0.9634
vn -0.3801 -0.8144 0.4385
vn 0.1643 -0.0411 0.9856
vn -0.0631 -0.9468 0.3156
vn 0.2306 -0.5074 0.8303
vn 0.0460 -0.1012 0.9938
vn 0.3352 0.8938 0.2979
vn 0.2049 0.9734 -0.1025
vn -0.6189 0.7220 0.3094
vn -0.3691 0.9228 -0.1107
vn -0.1871 0.2994 -0.9356
vn -0.3438 0.3782 -0.8595
vn -0.2135 0.8183 -0.5337
vn -0.0714 0.8489 -0.5236
vn 0.0082 0.5145 -0.8575
vn -0.0092 0.3682 -0.9297
vn -0.9723 0.1945 0.1296
vn -0.2166 0.8123 0.5415
vn -0.1255 0.9412 0.3137
vn 0.5197 0.1299 0.8444
vn 0.5819 0.1455 0.8001
vn 0.4490 -0.3207 0.8340
vn -0.0543 0.3802 0.9233
vn -0.1693 0.3950 0.9029
vn -0.1577 0.4205 0.8935
vn 0.3928 -0.8642 -0.3143
vn -0.5353 -0.8412 -0.0765
vn -0.7276 -0.4851 0.4851
vn -0.7138 0.6821 -0.1586
vn -0.6188 0.7735 -0.1375
vn -0.4736 0.8525 -0.2210
vn -0.2463 0.4433 -0.8619
vn -0.9932 -0.0000 0.1168
vn -0.9684 0.2075 0.1383
vn -0.8716 0.4816 0.0917
vn -0.8898 0.4558 0.0217
vn -0.3064 0.9514 -0.0322
vn -0.3218 0.9466 0.0189
vn -0.2424 0.9697 0.0303
vn 0.0665 0.0111 0.9977
vn 0.0637 -0.2868 0.9559
vn 0.0163 -0.1961 0.9805
vn -0.0995 -0.0000 0.9950
vn -0.0819 0.1638 0.9831
vn -0.2914 0.3885 0.8742
vn 0.9894 -0.1448 -0.0080
vn 0.9035 0.0532 0.4252
vn 0.7255 0.0854 0.6829
vn 0.4472 -0.5367 0.7155
vn 0.4851 -0.7276 0.4851
vn -0.1550 0.4262 0.8912
vn -0.3553 -0.1421 0.9239
vn -0.5263 0.3158 -0.7895
vn -0.7625 0.4575 -0.4575
vn -0.6969 0.6149 -0.3690
vn -0.0101 0.8574 -0.5145
vn -0.1170 0.7022 -0.7022
vn 0.9950 -0.0000 0.0995
vn 0.9535 0.2860 0.0953
vn 0.2623 0.9509 0.1640
vn 0.3107 0.9503 0.0183
vn 0.6398 0.7678 0.0349
vn -0.5698 -0.6838 -0.4558
vn 0.5774 0.5774 0.5773
vn -0.4205 -0.1577 -0.8935
vn 0.4819 0.5257 -0.7010
vn 0.5547 0.4992 -0.6656
vn 0.5605 0.5174 -0.6467
vn -0.0000 -0.1414 0.9899
vn -0.6901 -0.7210 0.0618
vn -0.2157 -0.9705 -0.1078
vn 0.1427 0.8743 -0.4639
vn 0.0459 0.8484 -0.5274
vn -0.4851 -0.8246 0.2910
vn -0.5976 -0.7171 0.3586
vn 0.1111 -0.8889 0.4444
vn -0.4729 -0.3941 -0.7881
vn -0.2592 -0.4319 -0.8639
vn -0.1551 -0.6722 -0.7239
vn 0.1586 0.2643 -0.9513
vn 0.7798 -0.0520 -0.6239
vn 0.1672 -0.7245 -0.6687
vn 0.7089 -0.6583 0.2532
vn 0.9825 -0.1551 -0.1034
vn 0.0292 -0.8317 -0.5545
vn 0.1047 -0.9945 -0.0000
vn 0.0372 -0.7066 0.7066
vn 0.3333 -0.6667 0.6667
vn 0.3323 -0.6092 0.7200
vn 0.2400 0.9707 0.0109
vn -0.0000 0.9991 0.0434
vn -0.0000 0.9990 -0.0454
vn 0.2398 0.9707 -0.0114
vn -0.2494 0.9476 0.1995
vn 0.6155 0.6155 -0.4924
vn 0.5774 0.5773 -0.5773
vn -0.4656 0.8730 0.1455
vn -0.2013 0.9662 0.1610
vn 0.8000 0.6000 -0.0000
vn 0.7982 0.5987 -0.0665
vn -0.0000 0.8321 0.5547
vn -0.2411 0.8740 0.4219
vn -0.2233 0.8930 0.3907
vn -0.0766 0.9963 -0.0383
vn 0.9960 0.0870 0.0195
vn 0.9998 0.0020 0.0196
vn 0.7053 0.0705 0.7053
vn -0.1334 -0.0191 0.9909
vn -0.0962 -0.1099 0.9893
vn 0.0300 -0.9972 0.0681
vn 0.0643 -0.1102 0.9918
vn 0.4082 -0.8165 -0.4082
vn 0.4056 -0.8619 -0.3042
vn 0.7982 -0.0665 -0.5987
vn 0.8742 -0.3885 0.2914
vn 0.7570 0.5948 -0.2704
vn 0.9309 0.3559 -0.0821
vn 0.9758 0.1876 -0.1126
vn 0.3107 0.9503 -0.0183
vn 0.2623 0.9509 -0.1640
vn 0.9535 0.2860 -0.0953
vn 0.9950 -0.0000 -0.0995
vn -0.3007 0.5584 0.7732
vn -0.4564 0.8802 0.1304
vn 0.5415 0.8123 0.2166
vn -0.2649 0.9272 0.2649
vn -0.9812 0.1856 0.0530
vn -0.9388 -0.1259 0.3206
vn -0.0989 -0.1088 0.9891
vn -0.0940 0.3289 0.9397
vn -0.1638 0.0819 0.9831
vn -0.2141 0.1606 0.9635
vn -0.1925 0.1924 0.9622
vn -0.1938 -0.1550 0.9687
vn 0.5883 0.7845 -0.1961
vn 0.7876 0.5803 0.2073
vn 0.9507 0.2610 0.1678
vn 0.9894 -0.1448 0.0080
vn -0.9370 -0.3123 -0.1562
vn -0.9065 -0.0324 -0.4209
vn -0.1553 -0.3279 -0.9319
vn -0.1638 0.0819 -0.9831
vn 0.0623 -0.0312 -0.9976
vn 0.2977 -0.9528 0.0595
vn 0.4236 -0.5539 -0.7168
vn 0.2873 -0.9195 -0.2682
vn 0.3951 -0.7408 -0.5433
vn 0.6991 -0.6492 -0.2996
vn 0.6667 0.6667 -0.3333
vn 0.4551 0.7964 -0.3982
vn 0.4960 0.8680 -0.0225
vn -0.7825 -0.0178 -0.6224
vn 0.0302 -0.9752 0.2192
vn -0.0227 -0.9861 -0.1644
vn -0.0109 -0.9486 -0.3162
vn -0.6912 -0.0987 -0.7159
vn 0.0464 -0.9829 -0.1780
vn -0.9226 -0.0602 -0.3811
vn 0.0603 -0.0704 0.9957
vn 0.0398 -0.2920 0.9556
vn 0.6172 0.1543 0.7715
vn 0.6195 -0.1291 0.7743
vn -0.3715 -0.4777 0.7961
vn -0.4082 -0.4083 0.8165
vn -0.5849 -0.4595 0.6684
vn -0.0891 -0.8909 -0.4454
vn -0.3209 -0.8985 0.2995
vn -0.8729 0.4364 -0.2182
vn -0.4767 0.8581 0.1907
vn -0.2306 0.9687 -0.0923
vn -0.3862 0.6759 -0.6276
vn -0.8296 -0.2074 -0.5185
vn -0.4234 -0.1059 -0.8997
vn -0.4897 0.6856 -0.5387
vn -0.4764 0.4168 -0.7741
vn -0.4491 -0.8340 -0.3207
vn -0.4397 -0.8305 -0.3420
vn -0.0643 -0.9642 -0.2571
vn 0.0380 -0.9877 0.1519
vn -0.2722 0.9526 0.1361
vn 0.2294 0.6883 -0.6882
vn 0.8465 0.2822 -0.4515
vn 0.9267 -0.3089 -0.2139
vn 0.1961 0.5883 -0.7845
vn 0.2394 -0.1596 -0.9577
vn 0.0603 -0.0704 -0.9957
vn -0.7735 0.2275 -0.5915
vn -0.5271 -0.1054 -0.8433
vn 0.2716 0.6338 -0.7243
vn 0.6398 0.7678 -0.0349
vn 0.4960 0.8680 0.0225
vn 0.4551 0.7964 0.3982
vn 0.6667 0.6667 0.3333
vn 0.9517 -0.0381 -0.3046
vn 0.0310 -0.9001 -0.4345
vn 0.1981 0.2377 -0.9509
vn 0.6963 0.1741 -0.6963
vn 0.9239 -0.3553 -0.1421
vn 0.9478 0.2962 0.1185
vn 0.6052 -0.7868 0.1210
vn 0.6852 -0.5482 0.4796
vn 0.0200 -0.5592 0.8288
vn 0.0194 -0.5635 0.8259
vn -0.5075 -0.2175 0.8338
vn 0.3950 0.1693 0.9029
vn 0.6462 0.5026 0.5744
vn 0.9045 -0.0603 0.4221
vn 0.2982 -0.0199 0.9543
vn 0.0200 -0.5592 -0.8288
vn 0.6852 -0.5482 -0.4796
vn 0.9478 0.2962 -0.1185
vn -0.0556 0.2225 0.9733
vn -0.2111 0.8443 0.4925
vn 0.9594 0.1693 -0.2257
vn 0.8204 0.0357 0.5707
vn 0.4444 0.7778 -0.4444
vn 0.5345 0.8018 -0.2673
vn 0.7428 0.5571 -0.3714
vn 0.6396 0.4264 -0.6396
vn -0.7854 0.5610 -0.2618
vn -0.7612 0.6484 -0.0094
vn -0.5262 0.8500 0.0270
vn -0.4102 0.8887 -0.2051
vn 0.4082 0.4082 0.8165
vn 0.3783 0.7146 0.5885
vn 0.2417 0.7252 0.6447
vn 0.1925 0.1925 0.9623
vn 0.5547 0.8321 -0.0000
vn 0.4661 0.8822 0.0666
vn 0.4991 0.8407 0.2102
vn 0.7447 0.6475 0.1619
vn -0.6247 0.7809 -0.0000
vn -0.5598 0.8270 -0.0509
vn -0.5611 0.7591 -0.3300
vn -0.3064 0.9514 0.0322
vn -0.5674 0.8213 0.0597
vn -0.5910 0.7757 0.2216
vn -0.9562 0.2776 -0.0925
vn -0.9621 0.2532 -0.1013
vn -0.3218 0.9466 -0.0189
vn -0.1415 0.8489 0.5093
vn -0.5323 0.7259 0.4355
vn -0.6838 0.5698 0.4558
vn -0.6022 0.7903 0.1129
vn -0.7834 0.6131 -0.1022
vn 0.0646 -0.8723 -0.4846
vn -0.0950 -0.9359 0.3391
vn 0.9310 -0.3581 0.0716
vn -0.0387 -0.6770 -0.7350
vn -0.0501 -0.3008 -0.9524
vn -0.0000 0.3162 -0.9487
vn -0.2388 0.3071 -0.9212
vn -0.0000 0.8320 -0.5547
vn 0.0256 0.9484 -0.3161
vn 0.0351 0.9481 -0.3160
vn 0.0783 0.7049 -0.7049
vn -0.7239 0.1551 0.6722
vn 0.1413 0.8947 0.4238
vn 0.1690 0.8452 0.5071
vn 0.4777 0.7961 0.3715
vn 0.3586 0.5976 0.7171
vn -0.4623 -0.8732 -0.1541
vn -0.4698 -0.8725 -0.1342
vn -0.1230 -0.9531 -0.2767
vn -0.1255 -0.3137 -0.9412
vn -0.1013 -0.2532 -0.9621
vn -0.2394 -0.1596 -0.9577
vn 0.0231 0.8318 -0.5546
vn 0.1162 0.9300 -0.3487
vn 0.5035 0.7553 -0.4196
vn 0.7379 -0.5270 0.4216
vn -0.0416 -0.8313 0.5542
vn -0.0346 -0.8315 0.5544
vn -0.0595 -0.2977 0.9528
vn -0.2932 -0.4607 0.8377
vn -0.0239 -0.5490 0.8355
vn -0.1789 -0.9839 -0.0000
vn 0.2408 0.8427 0.4815
vn 0.2074 0.8296 0.5185
vn 0.2101 0.8171 0.5369
vn 0.6317 0.2527 0.7328
vn -0.4196 -0.5035 0.7553
vn -0.3841 -0.5121 0.7682
vn -0.5987 -0.7982 -0.0665
vn 0.4661 0.8822 -0.0666
vn 0.5035 0.4196 0.7553
vn 0.3783 0.7146 -0.5885
vn 0.7249 0.4229 -0.5437
vn 0.9113 0.3906 0.1302
vn 0.0301 0.9483 0.3161
vn -0.0219 0.4383 0.8986
vn -0.0762 0.7145 0.6955
vn 0.9706 -0.0266 0.2393
vn 0.7362 -0.6693 0.1004
vn 0.4834 0.0967 0.8701
vn 0.1822 0.2277 0.9565
vn 0.0438 -0.9638 0.2629
vn 0.0717 -0.9498 0.3046
vn -0.0977 -0.1099 0.9891
vn -0.7612 0.6484 0.0094
vn -0.5262 0.8500 -0.0270
vn -0.5611 0.7591 -0.3301
vn -0.0000 0.9939 -0.1104
vn -0.0000 0.9417 -0.3363
vn 0.7876 0.5803 -0.2073
vn 0.9507 0.2610 -0.1678
vn 0.5455 0.8182 0.1818
vn 0.4082 0.8165 0.4082
vn 0.1562 0.3123 0.9370
vn -0.7044 -0.0880 -0.7044
vn -0.2111 0.8443 -0.4925
vn -0.0556 0.2225 -0.9733
vn 0.9594 0.1693 0.2257
vn 0.8204 0.0357 -0.5707
vn -0.4216 0.5270 -0.7379
vn -0.3885 0.8742 -0.2914
vn -0.3077 0.9231 -0.2308
vn -0.8081 -0.5051 -0.3030
vn -0.7046 -0.7046 -0.0845
vn -0.3150 -0.9450 -0.0882
vn -0.2120 -0.6360 -0.7420
vn -0.6448 -0.3547 -0.6771
vn -0.1073 -0.7867 -0.6079
vn -0.0676 0.1127 -0.9913
vn 0.0266 0.2921 -0.9560
vn 0.1802 0.1442 -0.9730
vn -0.8846 -0.4423 0.1475
vn -0.6423 -0.3212 0.6959
vn -0.8890 0.2540 0.3810
vn -0.8018 0.5345 -0.2673
vn -0.6272 0.2007 -0.7526
vn -0.0000 0.9939 0.1104
vn -0.0000 0.9417 0.3363
vn -0.3052 0.9156 0.2616
vn 0.5071 0.8452 0.1690
vn -0.0115 0.9805 0.1961
vn -0.0367 0.7803 0.6243
vn -0.3482 0.3482 -0.8704
vn -0.3249 0.3791 -0.8664
vn 0.7253 -0.1978 -0.6594
vn -0.0854 -0.5126 0.8544
vn 0.7868 -0.6052 0.1210
vn -0.0652 -0.9785 0.1957
vn -0.7379 -0.5270 -0.4216
vn 0.5592 0.8078 0.1864
vn 0.3906 0.9113 0.1302
vn 0.0333 -0.9482 -0.3161
vn 0.0664 -0.9466 0.3155
vn -0.0337 -0.7067 0.7067
vn -0.0796 -0.8751 0.4773
vn -0.0859 -0.9452 -0.3151
vn 0.0499 -0.3158 0.9475
vn -0.0476 0.3016 0.9523
vn -0.4613 0.1384 0.8764
vn -0.4650 0.3487 0.8137
vn 0.2532 0.9621 0.1013
vn 0.4924 0.6155 0.6155
vn -0.8284 0.4660 -0.3107
vn -0.7177 0.6778 -0.1595
vn -0.5345 0.8018 -0.2673
vn -0.3620 0.3103 -0.8790
vn 0.0215 -0.9463 -0.3226
vn 0.0360 -0.9716 -0.2339
vn -0.0666 -0.8990 0.4328
vn 0.8733 -0.3119 0.3743
vn -0.3015 0.9045 0.3015
vn -0.5828 0.7199 0.3771
vn -0.1864 0.5592 0.8078
vn 0.0104 0.2180 -0.9759
vn -0.0655 0.3931 -0.9172
vn -0.0316 0.5689 -0.8218
vn 0.0337 0.5387 -0.8418
vn 0.0671 0.3356 -0.9396
vn 0.2246 0.9307 -0.2888
vn 0.2577 0.9203 -0.2945
vn 0.3359 0.7837 -0.5225
vn 0.1535 0.3582 -0.9210
vn -0.9785 0.1957 -0.0652
vn -0.8242 0.5494 0.1374
vn -0.3290 0.8500 -0.4113
vn -0.8878 0.3632 -0.2825
vn -0.9621 0.2532 0.1013
vn -0.9562 0.2776 0.0925
vn -0.5910 0.7757 -0.2216
vn -0.5674 0.8213 -0.0597
vn 0.5698 0.6838 -0.4558
vn 0.8296 0.5185 0.2074
vn -0.6272 0.2007 0.7526
vn -0.8018 0.5345 0.2673
vn -0.8890 0.2540 -0.3810
vn -0.6423 -0.3212 -0.6959
vn -0.8846 -0.4423 -0.1475
vn -0.3282 0.5334 0.7796
vn 0.3950 0.1693 -0.9029
vn 0.6462 0.5026 -0.5744
vn -0.0000 0.1961 -0.9806
vn -0.1003 0.6516 -0.7519
vn -0.0370 -0.0000 -0.9993
vn -0.0114 0.3196 -0.9475
vn 0.0504 0.5540 -0.8310
vn -0.0921 0.5523 -0.8285
vn 0.2278 0.1402 -0.9636
vn 0.3104 0.1910 -0.9312
vn 0.0346 0.9800 -0.1960
vn 0.5838 0.7961 -0.1592
vn -0.1790 0.9718 0.1534
vn -0.2584 0.9597 0.1107
vn -0.4312 0.7762 0.4600
vn -0.2463 0.4433 0.8619
vn -0.9539 0.2991 0.0258
vn -0.9792 -0.2011 0.0265
vn -0.9803 -0.1961 0.0258
vn -0.9803 -0.1961 -0.0251
vn -0.9793 -0.2010 -0.0258
vn -0.9533 0.3010 -0.0251
vn 0.7982 0.5987 0.0665
vn 0.8571 0.2857 0.4286
vn 0.1411 -0.9875 0.0705
vn 0.1104 -0.9939 -0.0000
vn -0.2545 -0.5937 -0.7634
vn -0.9487 0.3162 -0.0000
vn -0.6023 -0.6693 0.4350
vn -0.1557 0.9104 0.3833
vn -0.1155 -0.8083 -0.5773
vn 0.6882 -0.6883 -0.2294
vn 0.0623 -0.0623 -0.9961
vn 0.0346 0.8316 -0.5544
vn 0.2166 0.8123 -0.5415
vn 0.3158 -0.5263 -0.7895
vn 0.0873 -0.5526 -0.8289
vn -0.5773 0.5773 0.5774
vn -0.6396 0.6396 -0.4264
vn -0.8285 0.0921 -0.5523
vn 0.4947 -0.8245 0.2748
vn 0.3369 0.4211 0.8422
vn 0.0235 0.4471 0.8942
vn -0.0000 0.3162 0.9487
vn 0.4796 -0.5482 0.6852
vn 0.1978 0.6594 0.7253
vn -0.5934 0.6594 0.4616
vn -0.8823 -0.2941 0.3676
vn -0.4969 0.8447 -0.1988
vn -0.6043 0.6798 -0.4155
vn -0.8742 -0.2914 -0.3885
vn 0.8001 -0.5819 0.1455
vn 0.9593 0.2741 -0.0685
vn 0.4969 0.8447 0.1988
vn 0.5345 0.2673 0.8018
vn 0.0189 0.6975 0.7163
vn 0.0202 0.7070 0.7070
vn -0.0162 -0.2425 -0.9700
vn -0.2357 -0.2357 -0.9428
vn 0.1411 -0.9875 -0.0705
vn 0.8571 0.2857 -0.4286
vn -0.6052 -0.1210 -0.7868
vn -0.5026 0.0718 -0.8615
vn -0.7311 0.6718 -0.1186
vn 0.8732 0.4623 0.1541
vn 0.6046 0.7557 0.2519
vn 0.2202 0.2752 0.9358
vn -0.6172 0.7715 -0.1543
vn -0.4454 0.8909 0.0891
vn -0.3503 0.9340 0.0701
vn -0.3482 0.9285 -0.1290
vn -0.4082 0.8165 0.4082
vn -0.4527 0.8148 0.3621
vn -0.3810 0.8890 0.2540
vn -0.3939 0.9191 -0.0000
vn 0.0970 0.6791 0.7276
vn -0.0638 -0.4463 0.8926
vn 0.8996 -0.4358 -0.0281
vn 0.9715 -0.2353 -0.0304
vn 0.5205 0.4048 0.7518
vn -0.0133 0.0533 0.9985
vn -0.4262 -0.3712 0.8249
vn -0.1155 -0.8083 0.5773
vn 0.6169 0.2553 0.7445
vn 0.8530 0.4028 0.3317
vn 0.9392 -0.2966 0.1730
vn -0.0921 0.5523 0.8285
vn 0.2278 0.1402 0.9636
vn 0.0504 0.5540 0.8310
vn 0.0266 0.2921 0.9560
vn 0.3104 0.1910 0.9312
vn -0.1003 0.6516 0.7519
vn -0.0370 -0.0000 0.9993
vn -0.0114 0.3196 0.9475
vn 0.0282 0.2821 -0.9590
vn 0.0778 0.7785 -0.6228
vn 0.0995 0.7960 -0.5970
vn 0.2417 0.7252 -0.6447
vn -0.6396 -0.6396 0.4264
vn -0.6046 -0.4534 0.6549
vn -0.3889 -0.5834 0.7130
vn -0.5539 -0.8308 -0.0554
vn 0.5222 -0.8498 -0.0717
vn 0.2927 -0.9501 -0.1078
vn 0.1976 -0.8803 -0.4312
vn 0.1920 -0.8288 -0.5256
vn 0.2006 -0.8026 -0.5618
vn 0.8575 -0.4062 0.3159
vn -0.9370 -0.3124 -0.1562
vn -0.7159 -0.2386 0.6562
vn -0.6163 0.3522 0.7044
vn -0.4990 0.0907 0.8619
vn -0.1925 0.1925 0.9622
vn -0.1948 -0.1169 0.9739
vn 0.0499 -0.3158 -0.9475
vn -0.0476 0.3015 -0.9523
vn -0.0277 0.8317 -0.5545
vn -0.2063 -0.3094 -0.9283
vn 0.0166 -0.3162 -0.9486
vn -0.0372 0.7066 -0.7066
vn -0.0442 0.7064 -0.7064
vn -0.2147 -0.3488 -0.9123
vn -0.1891 -0.8372 0.5131
vn 0.0519 0.5539 0.8309
vn 0.1240 0.9923 -0.0000
vn 0.1034 0.8276 0.5517
vn 0.1751 -0.3113 0.9340
vn -0.0353 0.7067 0.7067
vn -0.0995 0.9950 -0.0000
vn -0.0767 0.9971 -0.0000
vn -0.2364 0.3073 0.9218
vn -0.0637 0.9682 -0.2420
vn 0.0577 0.9685 -0.2421
vn -0.0132 0.5546 0.8320
vn 0.0151 0.3162 0.9486
vn 0.8996 -0.4198 0.1200
vn 0.8847 0.1474 -0.4423
vn 0.5963 0.7454 -0.2981
vn 0.3468 0.7804 0.5203
vn 0.5534 -0.0692 0.8301
vn -0.1597 0.8214 0.5476
vn 0.1078 -0.2157 0.9705
vn 0.1747 -0.8736 0.4543
vn 0.1690 -0.8452 0.5071
vn 0.2927 -0.9501 0.1078
vn 0.5222 -0.8498 0.0717
vn 0.4952 -0.8666 0.0619
vn -0.3052 0.9156 -0.2616
vn 0.6470 0.1078 -0.7548
vn 0.6687 0.7245 -0.1672
vn 0.9044 0.4248 -0.0411
vn 0.9389 0.3414 -0.0427
vn 0.0982 0.2701 0.9578
vn 0.0807 0.3632 0.9282
vn 0.0277 0.3327 0.9426
vn 0.0115 0.1382 0.9903
vn -0.7588 -0.6504 -0.0351
vn -0.8192 -0.5735 -0.0000
vn -0.4082 -0.4083 -0.8165
vn -0.4626 -0.3965 -0.7930
vn 0.0979 0.1763 -0.9795
vn -0.0514 0.2057 -0.9773
vn -0.0133 0.0533 -0.9985
vn -0.4262 -0.3712 -0.8249
vn 0.5205 0.4048 -0.7518
vn 0.6421 0.5618 -0.5217
vn 0.7526 0.6585 0.0034
vn 0.7474 0.6644 -0.0000
vn 0.7390 0.5103 -0.4399
vn 0.7177 0.5007 -0.4840
vn 0.8995 -0.0857 -0.4284
vn 0.7551 -0.3304 -0.5663
vn 0.9715 -0.2353 0.0304
vn -0.0908 0.9082 -0.4087
vn -0.0000 0.9701 -0.2425
vn 0.1185 0.9478 -0.2962
vn 0.1761 0.8805 -0.4402
vn 0.0927 0.4637 -0.8811
vn 0.3064 0.9499 0.0613
vn 0.2577 0.9203 0.2945
vn 0.3359 0.7837 0.5225
vn -0.5235 -0.4886 -0.6980
vn -0.3796 0.6749 -0.6327
vn -0.2709 0.7450 -0.6096
vn 0.1219 0.6707 -0.7317
vn 0.6016 0.7867 0.1388
vn 0.4467 0.8437 0.2978
vn 0.0891 0.4454 0.8909
vn -0.0372 -0.4469 0.8938
vn 0.0683 0.8195 0.5691
vn 0.1477 0.5486 0.8229
vn 0.0292 0.5545 0.8317
vn -0.0372 -0.7066 0.7066
vn -0.0829 -0.9454 -0.3151
vn 0.0635 -0.2965 -0.9529
vn -0.0546 0.2550 -0.9654
vn 0.0220 0.8352 -0.5495
vn 0.7551 -0.3304 0.5663
vn 0.8995 -0.0857 0.4284
vn 0.7177 0.5007 0.4840
vn 0.7390 0.5103 0.4399
vn -0.8165 -0.5716 0.0816
vn 0.1415 -0.3183 0.9374
vn 0.0927 0.4637 0.8811
vn 0.1761 0.8805 0.4402
vn 0.1185 0.9478 0.2962
vn -0.0000 0.9701 0.2425
vn -0.0908 0.9082 0.4087
vn -0.4626 -0.3965 0.7930
vn -0.7588 -0.6504 0.0351
vn -0.9994 0.0131 -0.0329
vn -0.4082 0.8165 -0.4082
vn 0.3810 0.8890 -0.2540
vn 0.3265 0.9445 -0.0350
vn -0.3586 0.7171 0.5976
vn -0.2361 0.8262 0.5115
vn -0.2747 0.9615 -0.0000
vn -0.5611 0.7591 0.3300
vn -0.2374 0.9712 -0.0216
vn -0.3938 0.9189 0.0219
vn -0.3227 0.7529 -0.5736
vn -0.3586 0.7171 -0.5976
vn -0.0249 0.9896 0.1414
vn -0.2453 -0.9197 -0.3066
vn -0.6470 -0.5392 -0.5392
vn -0.6023 0.4107 -0.6845
vn 0.9321 0.1864 -0.3107
vn 0.6883 -0.6882 -0.2294
vn 0.4211 -0.3369 -0.8422
vn 0.1622 -0.1622 -0.9733
vn 0.5431 0.8146 -0.2037
vn -0.0542 -0.3999 -0.9150
vn 0.3159 0.9477 0.0451
vn 0.3008 0.9524 0.0501
vn -0.1826 -0.9129 -0.3651
vn 0.1240 -0.0000 -0.9923
vn 0.0449 -0.1438 -0.9886
vn -0.0444 -0.0222 -0.9988
vn 0.0532 -0.6303 -0.7746
vn 0.0352 -0.3054 0.9516
vn 0.3491 -0.4364 -0.8292
vn 0.3491 -0.3990 -0.8479
vn 0.8018 -0.2673 0.5345
vn 0.0422 -0.9987 0.0281
vn 0.9297 -0.3099 0.1992
vn -0.0586 0.7621 -0.6448
vn -0.6362 -0.5988 -0.4865
vn -0.1310 -0.9863 -0.1002
vn -0.0526 -0.9986 -0.0000
vn -0.1325 -0.9865 0.0957
vn -0.0188 -0.2763 -0.9609
vn 0.0382 -0.3952 -0.9178
vn 0.0189 -0.8904 -0.4547
vn -0.1644 -0.9863 -0.0103
vn -0.5381 0.7399 -0.4036
vn 0.0291 -0.6280 0.7777
vn -0.0126 -0.1695 0.9855
vn -0.0000 -0.1961 0.9806
vn -0.0357 -0.0285 0.9990
vn 0.9843 -0.1712 -0.0428
vn 0.5431 0.8146 0.2037
vn -0.0445 0.9989 0.0127
vn -0.0261 0.9812 -0.1910
vn -0.3227 0.7529 0.5736
vn -0.3938 0.9189 -0.0219
vn -0.2374 0.9712 0.0216
vn -0.5598 0.8270 0.0509
vn -0.2361 0.8262 -0.5115
vn -0.0754 0.7535 -0.6531
vn -0.0371 0.3711 -0.9278
vn 0.1641 -0.9846 0.0605
vn 0.1304 -0.7826 0.6087
vn 0.2873 -0.9195 0.2682
vn 0.3951 -0.7408 0.5432
vn -0.0000 0.1961 0.9806
vn 0.0459 0.6889 -0.7234
vn 0.5521 0.3450 -0.7591
vn 0.0542 -0.9748 -0.2166
vn 0.1438 0.8053 -0.5752
vn -0.0349 -0.4883 -0.8720
vn -0.1665 -0.1998 -0.9656
vn -0.2141 0.1606 -0.9635
vn -0.8725 -0.1342 -0.4698
vn 0.3015 0.9045 -0.3015
vn 0.2747 0.9615 -0.0000
vn -0.2076 0.9490 0.2373
vn -0.2300 0.9684 0.0968
vn -0.3923 0.9153 0.0915
vn -0.3810 0.8890 -0.2540
vn -0.6470 0.7548 0.1078
vn -0.1107 -0.9228 0.3691
vn 0.2646 0.4962 0.8269
vn -0.1240 0.7748 0.6199
vn -0.0891 0.4454 0.8909
vn -0.4444 0.8889 0.1111
vn 0.2076 0.9490 -0.2373
vn 0.2484 0.9673 0.0523
vn 0.1240 0.9920 -0.0248
vn 0.3064 0.9499 -0.0613
vn -0.5143 -0.8572 -0.0245
vn -0.8774 -0.3802 -0.2925
vn -0.1096 -0.5846 -0.8039
vn -0.1374 -0.5494 -0.8242
vn -0.2390 -0.9559 -0.1707
vn 0.3161 -0.9483 -0.0301
vn 0.7682 -0.6402 0.0061
vn 0.7573 -0.6311 0.1683
vn 0.6705 -0.7375 -0.0805
vn 0.6606 -0.7266 -0.1887
vn 0.3149 -0.9448 -0.0900
vn 0.2216 0.7757 -0.5910
vn 0.7145 -0.4947 0.4947
vn -0.2481 -0.6202 0.7442
vn -0.2400 0.1440 -0.9600
vn -0.5927 0.0423 -0.8043
vn -0.6963 0.1741 -0.6963
vn -0.1168 0.4674 -0.8763
vn -0.0760 0.3039 -0.9497
vn -0.6739 -0.4172 -0.6097
vn -0.7625 0.4575 0.4575
vn -0.6674 0.5721 0.4767
vn -0.5584 0.2094 0.8027
vn -0.9806 -0.1961 -0.0000
vn -0.8520 -0.3043 -0.4260
vn -0.9299 0.0245 0.3671
vn -0.5798 0.8118 0.0696
vn -0.5013 -0.3581 -0.7877
vn -0.2709 -0.7450 -0.6096
vn -0.1839 0.0613 -0.9810
vn -0.0631 0.3156 -0.9468
vn -0.1355 0.6776 -0.7228
vn -0.0828 0.7448 0.6621
vn -0.0754 0.7535 0.6531
vn -0.0371 0.3711 0.9278
vn 0.1240 0.9920 0.0248
vn 0.2484 0.9673 -0.0523
vn 0.2076 0.9490 0.2373
vn 0.2246 0.9307 0.2888
vn -0.0493 -0.1578 -0.9862
vn -0.0357 -0.0285 -0.9990
vn -0.0322 -0.4341 -0.9003
vn -0.8682 -0.0000 -0.4961
vn -0.1622 -0.9733 -0.1622
vn 0.4877 0.4180 -0.7664
vn 0.5377 0.4225 -0.7297
vn 0.1327 0.9291 -0.3451
vn 0.1408 0.9856 0.0939
vn -0.0664 0.9466 0.3155
vn 0.6415 -0.7582 0.1166
vn 0.8506 -0.5026 0.1546
vn 0.1231 -0.4924 0.8616
vn 0.0239 -0.6701 0.7419
vn 0.0144 -0.8943 0.4472
vn 0.4211 -0.3369 0.8422
vn 0.9321 0.1864 0.3107
vn -0.2357 0.9428 -0.2357
vn -0.1761 0.9685 -0.1761
vn -0.4867 0.3244 0.8111
vn -0.9718 0.2306 -0.0494
vn -0.9978 -0.0000 -0.0665
vn -0.4470 -0.8940 0.0298
vn -0.8520 -0.3043 0.4260
vn -0.1839 0.0613 0.9810
vn -0.2709 -0.7450 0.6096
vn -0.5798 0.8118 -0.0696
vn -0.9299 0.0245 -0.3671
vn 0.6429 -0.7653 -0.0306
vn 0.4470 -0.8940 0.0319
vn 0.7512 -0.6596 0.0236
vn 0.3159 0.9477 -0.0451
vn 0.3008 0.9524 -0.0501
vn 0.1240 0.9917 0.0338
vn 0.0282 0.2821 0.9590
vn 0.0778 0.7785 0.6228
vn -0.1355 0.6776 0.7228
vn -0.0631 0.3156 0.9468
vn -0.0828 0.7448 -0.6621
vn -0.1168 0.4674 0.8763
vn -0.6882 -0.2294 0.6883
vn -0.6963 0.1741 0.6963
vn -0.5927 0.0423 0.8043
vn -0.1231 0.4924 0.8616
vn -0.2357 0.9428 0.2357
vn -0.2910 0.9456 0.1455
vn -0.4102 0.8887 0.2051
vn -0.6016 -0.1388 -0.7867
vn -0.7756 0.1163 -0.6205
vn 0.1106 -0.9910 -0.0752
vn -0.0545 -0.9980 -0.0305
vn -0.0766 -0.9961 -0.0429
vn -0.0703 -0.9144 0.3986
vn 0.0996 -0.8193 -0.5646
vn 0.0172 -0.4124 -0.9108
vn -0.0304 -0.4712 -0.8815
vn 0.0810 0.2226 -0.9715
vn 0.3123 0.1562 -0.9370
vn 0.1176 0.4558 -0.8823
vn 0.0413 0.9914 -0.1239
vn -0.1004 0.6780 -0.7282
vn -0.9360 -0.1489 -0.3191
vn -0.0883 -0.2858 -0.9542
vn -0.2249 -0.0000 -0.9744
vn -0.2202 -0.2019 -0.9543
vn 0.1240 0.9917 -0.0338
vn 0.0842 -0.4321 -0.8979
vn 0.0189 -0.8904 0.4547
vn -0.0184 -0.9982 -0.0576
vn -0.0185 -0.9983 0.0544
vn 0.0422 -0.9987 -0.0281
vn -0.9465 0.3155 -0.0676
vn -0.1454 -0.5090 0.8484
vn -0.0691 -0.2420 0.9678
vn -0.0697 -0.2090 0.9754
vn -0.0000 -0.3714 -0.9285
vn -0.1047 -0.0000 0.9945
vn -0.0361 -0.5142 0.8569
vn -0.1826 -0.9129 0.3651
vn 0.0842 -0.4321 0.8979
vn -0.4507 0.8926 -0.0088
vn -0.2029 0.9790 0.0178
vn 0.2258 0.9740 0.0177
vn 0.2770 0.9602 -0.0369
vn 0.9966 0.0199 0.0797
vn 0.2857 0.8571 -0.4286
vn 0.2592 0.8639 -0.4319
vn -0.3889 -0.5834 -0.7130
vn -0.1023 -0.8948 -0.4346
vn 0.1124 -0.8713 0.4778
vn 0.0172 -0.4124 0.9108
vn -0.3150 -0.9450 0.0882
vn -0.2120 -0.6360 0.7420
vn -0.1073 -0.7867 0.6079
vn -0.1174 -0.8606 0.4955
vn -0.0547 -0.9980 0.0319
vn -0.0734 -0.9964 0.0428
vn -0.5539 -0.8308 0.0554
vn 0.1155 0.5774 0.8083
vn 0.0441 0.6610 0.7491
vn -0.0355 0.4611 0.8867
vn -0.0400 -0.0000 0.9992
vn -0.6016 -0.1388 0.7867
vn -0.7756 0.1163 0.6205
vn 0.0171 0.7681 0.6401
vn -0.0676 0.1127 0.9913
vn -0.0555 -0.0000 0.9985
vn 0.0624 -0.0000 0.9981
vn 0.0623 -0.0312 0.9976
vn 0.2977 -0.9528 -0.0595
vn 0.7526 0.6585 -0.0034
vn 0.8176 0.5750 0.0314
vn 0.7068 0.7068 0.0272
vn 0.7155 0.5367 0.4472
vn 0.6421 0.5618 0.5217
vn -0.5976 0.3586 0.7171
vn -0.6364 0.5455 0.5455
vn -0.7589 0.6505 0.0292
vn -0.9991 0.0192 0.0384
vn -0.5584 0.2094 -0.8027
vn 0.2982 -0.0199 -0.9543
vn 0.3349 0.0209 -0.9420
vn 0.9978 0.0624 0.0208
vn 0.9978 0.0665 -0.0000
vn 0.9899 -0.0000 0.1414
vn 0.9855 0.0240 0.1683
vn 0.9045 -0.0603 -0.4221
vn 0.0277 0.3327 -0.9426
vn -0.0000 0.4472 -0.8944
vn -0.0000 0.9487 -0.3162
vn 0.0923 0.9687 -0.2306
vn 0.1907 0.8581 -0.4767
vn 0.0807 0.3632 -0.9282
vn 0.5552 0.2630 -0.7890
vn 0.6598 0.5655 -0.4948
vn 0.7593 0.6508 -0.0000
vn -0.0198 0.3162 -0.9485
vn 0.7054 0.0705 -0.7053
vn 0.4083 0.8165 -0.4082
vn 0.8935 0.0447 -0.4468
vn -0.0198 0.3162 0.9485
vn 0.6598 0.5655 0.4948
vn 0.5552 0.2630 0.7890
vn 0.0819 -0.1638 -0.9831
vn 0.1794 -0.9271 0.3290
vn 0.6963 -0.6963 -0.1741
vn -0.4284 0.4712 -0.7710
vn 0.9435 0.3145 -0.1048
vn 0.9396 0.3268 -0.1021
vn 0.8198 0.1708 -0.5465
vn -0.7449 0.0532 -0.6651
vn 0.2873 0.9578 0.0060
vn 0.5160 -0.8565 0.0108
vn 0.1712 0.0428 0.9843
vn 0.9656 0.2414 -0.0966
vn -0.2910 0.9456 -0.1455
vn -0.1231 0.4924 -0.8616
vn 0.0334 0.9005 -0.4336
vn 0.0167 0.9266 -0.3757
vn 0.0199 0.8943 -0.4471
vn 0.0222 0.9991 0.0370
vn -0.0222 0.9991 -0.0370
vn -0.1104 0.9939 -0.0000
vn -0.1098 0.9879 -0.1098
vn 0.1641 -0.9846 -0.0605
vn 0.1304 -0.7826 -0.6087
vn -0.1174 -0.8606 -0.4955
vn 0.8305 0.4397 0.3420
vn 0.8137 0.4650 0.3487
vn -0.4284 0.4712 0.7710
vn 0.1015 0.8118 0.5750
vn 0.2216 0.7757 0.5910
vn -0.8955 0.1990 -0.3980
vn -0.8653 0.0824 -0.4944
vn -0.8340 0.2780 -0.4766
vn 0.0426 0.8094 -0.5857
vn 0.1396 0.9631 -0.2303
vn 0.0143 0.9851 -0.1713
vn -0.0412 -0.1509 -0.9877
vn -0.8906 -0.4453 -0.0921
vn -0.2117 -0.9074 -0.3630
vn -0.1541 -0.9861 0.0616
vn 0.5467 -0.8373 0.0069
vn 0.5773 0.5774 -0.5773
vn -0.5289 0.8227 -0.2083
vn 0.2036 -0.9740 -0.0991
vn 0.3534 -0.7612 -0.5437
vn 0.5970 -0.3980 -0.6965
vn 0.4879 -0.4066 -0.7725
vn 0.4879 -0.4066 0.7725
vn 0.5970 -0.3980 0.6965
vn 0.3534 -0.7612 0.5437
vn 0.2036 -0.9740 0.0991
vn -0.5289 0.8227 0.2083
vn 0.5467 -0.8373 -0.0069
vn -0.1541 -0.9861 -0.0616
vn -0.2117 -0.9074 0.3630
vn 0.0222 0.9991 -0.0370
vn 0.0270 0.9993 0.0270
vn -0.8906 -0.4453 0.0921
vn -0.0412 -0.1509 0.9877
vn -0.7508 0.6600 0.0244
vn -0.7998 0.5999 0.0222
vn -0.4563 0.3422 0.8214
vn 0.1041 -0.9916 0.0770
vn -0.0000 0.5547 0.8321
vn -0.2798 0.4662 0.8393
vn -0.2673 0.5345 0.8018
vn 0.1015 0.8118 -0.5750
vn 0.8165 0.4082 -0.4082
vn 0.8305 0.4397 -0.3420
vn 0.3015 0.9045 0.3015
vn 0.3160 0.9481 0.0351
vn -0.0222 0.9991 0.0370
vn 0.0923 0.9687 0.2306
vn 0.1907 0.8581 0.4767
vn -0.0000 0.9487 0.3162
vn -0.1098 0.9879 0.1098
vn 0.1098 -0.9879 -0.1098
vn -0.0000 -0.5547 -0.8321
vn 0.9283 -0.2063 0.3094
vn -0.1400 -0.1400 0.9802
vn 0.2621 -0.0874 0.9611
vn 0.8745 0.4036 -0.2691
vn 0.9975 0.0587 -0.0391
vn 0.9978 0.0624 -0.0208
vn 0.3349 0.0209 0.9420
vn -0.7735 -0.3516 -0.5274
vn -0.5530 -0.7110 -0.4345
vn -0.7084 -0.2125 -0.6730
vn -0.7456 -0.5359 -0.3961
vn 0.8321 0.5547 -0.0000
vn 0.9392 -0.2966 -0.1730
vn 0.9927 0.1168 -0.0292
vn 0.0270 0.9993 -0.0270
vn 0.0289 0.9996 0.0068
vn 0.0048 0.9991 -0.0426
vn 0.0648 -0.5831 0.8098
vn 0.3599 -0.6597 -0.6597
vn -0.0706 -0.9891 0.1295
vn -0.0000 -0.8321 0.5547
vn 0.8745 -0.4036 0.2691
vn 0.5758 0.8165 0.0419
vn 0.8912 -0.4527 0.0283
vn -0.2645 0.9617 0.0721
vn -0.0691 -0.2420 -0.9678
vn -0.0697 -0.2090 -0.9754
vn -0.0431 -0.1292 -0.9907
vn 0.8000 -0.0000 0.6000
vn -0.2645 0.9617 -0.0721
vn -0.7456 -0.5359 0.3961
vn -0.7084 -0.2125 0.6730
vn -0.5530 -0.7110 0.4345
vn -0.7735 -0.3516 0.5274
vn 0.0048 0.9991 0.0426
vn 0.0289 0.9996 -0.0068
vn -0.0542 -0.7581 0.6498
vn -0.0349 -0.4883 0.8720
vn -0.1182 0.3840 0.9157
vn 0.5230 -0.0654 0.8498
vn -0.3310 -0.2483 0.9104
vn 0.9459 0.1669 0.2782
vn 0.1541 0.9760 0.1541
vn 0.2981 -0.7454 0.5963
vn -0.5203 -0.7804 0.3468
vn -0.2691 -0.4036 -0.8745
vn -0.1236 -0.6593 0.7417
vn -0.0404 -0.9694 0.2423
vn -0.9829 -0.1787 0.0447
vn -0.1643 -0.9860 0.0293
vn -0.8881 -0.4594 -0.0153
vn -0.0601 -0.7207 -0.6907
vn -0.1641 -0.9845 0.0615
vn 0.1202 -0.9917 -0.0451
vn -0.9707 -0.2400 -0.0109
vn -0.9706 -0.2406 -0.0080
vn -0.7070 -0.7070 -0.0181
vn -0.9479 0.3160 -0.0412
vn -0.9321 0.3107 -0.1864
vn 0.3965 -0.4626 -0.7930
vn 0.7053 0.7053 0.0705
vn 0.6581 0.6581 0.3656
vn 0.5496 0.8060 0.2198
vn -0.7067 0.7067 -0.0321
vn -0.7067 0.7067 0.0321
vn -0.6963 0.6615 -0.2785
vn -0.2411 0.5726 -0.7836
vn 0.5290 0.6404 -0.5568
vn -0.2117 0.9737 -0.0847
vn -0.1839 0.9810 0.0613
vn 0.4585 0.8309 0.3152
vn 0.9961 -0.0438 -0.0766
vn -0.9321 0.3107 0.1864
vn -0.9479 0.3160 0.0412
vn -0.7070 -0.7070 0.0186
vn 0.6468 0.6468 -0.4042
vn 0.8093 0.4981 -0.3113
vn 0.8686 0.4097 -0.2786
vn 0.8298 0.5453 0.1185
vn 0.7053 0.7053 -0.0705
vn -0.7159 0.6562 0.2386
vn -0.4813 0.6532 0.5845
vn 0.1202 -0.9917 0.0451
vn -0.1641 -0.9845 -0.0615
vn -0.1643 -0.9860 -0.0293
vn -0.8881 -0.4594 0.0153
vn -0.9706 -0.2406 0.0080
vn -0.9707 -0.2400 0.0109
vn 0.0126 -0.4664 0.8845
vn 0.0117 -0.4673 0.8840
vn -0.2423 0.0404 0.9694
vn -0.1961 -0.0000 0.9806
vn 0.0179 -0.6639 0.7476
vn -0.0000 -0.6000 0.8000
vn -0.8285 -0.5523 -0.0921
vn -0.9982 0.0593 0.0099
vn -0.8093 -0.3113 0.4981
vn -0.0322 -0.4341 0.9003
vn -0.0601 -0.7207 0.6907
vn -0.1665 -0.1998 0.9656
vn -0.0603 0.4624 0.8846
vn -0.0928 0.7117 0.6963
vn -0.0748 0.6834 0.7262
vn -0.7449 0.0532 0.6651
vn 0.9968 -0.0712 0.0356
vn 0.0150 0.1802 -0.9835
vn 0.1789 -0.0000 -0.9839
vn -0.4383 0.8605 0.2598
vn -0.9793 0.0251 0.2009
vn -0.9793 0.1004 -0.1758
vn -0.3310 -0.2483 -0.9104
vn -0.0000 0.0434 -0.9991
vn 0.3757 0.0403 -0.9259
vn 0.5547 -0.0000 -0.8321
vn 0.5230 -0.0654 -0.8498
vn -0.0499 -0.0000 -0.9988
vn -0.0326 -0.0434 -0.9985
vn -0.0748 0.6834 -0.7262
vn -0.1182 0.3840 -0.9157
vn -0.1728 -0.6047 -0.7775
vn -0.9171 -0.3813 0.1159
vn -0.2475 -0.9687 -0.0212
vn 0.6356 -0.7709 -0.0414
vn -0.1961 0.7845 -0.5884
vn 0.1577 0.0971 -0.9827
vn 0.3039 0.2763 -0.9118
vn 0.7395 0.6723 0.0343
vn 0.7068 0.7068 0.0301
vn 0.4766 0.8784 0.0374
vn 0.0874 -0.9611 0.2621
vn 0.1464 0.7156 -0.6830
vn 0.0577 0.9614 -0.2692
vn 0.0988 0.9718 0.2141
vn -0.7761 -0.5702 -0.2693
vn -0.1214 -0.0747 -0.9898
vn 0.0436 0.6691 0.7419
vn 0.1034 0.9945 -0.0138
vn 0.4500 0.4500 0.7714
vn 0.0634 0.9826 0.1743
vn -0.6440 0.7648 0.0201
vn -0.5141 0.8569 -0.0367
vn -0.7845 -0.1961 0.5883
vn 0.0698 -0.9865 0.1484
vn -0.0433 -0.9953 0.0865
vn -0.6909 -0.7223 -0.0314
vn -0.0145 -0.9426 0.3335
vn -0.0431 -0.1292 0.9907
vn 0.9641 -0.2574 0.0656
vn 0.5547 0.8320 -0.0000
vn -0.1968 -0.2952 -0.9349
vn 0.3159 -0.2187 -0.9233
vn 0.2277 0.1822 -0.9565
vn -0.9793 0.1004 0.1758
vn -0.9793 0.0251 -0.2009
vn -0.4383 0.8605 -0.2598
vn 0.1789 -0.0000 0.9839
vn 0.0150 0.1802 0.9835
vn -0.9995 -0.0000 -0.0322
vn -0.2913 0.9555 -0.0466
vn -0.0404 -0.9694 -0.2423
vn -0.5431 -0.8146 -0.2037
vn -0.0366 -0.9993 0.0122
vn -0.0366 0.0122 -0.9993
vn -0.0400 -0.0100 -0.9992
vn -0.2421 -0.0605 -0.9684
vn 0.3355 -0.4575 -0.8235
vn 0.7139 -0.1231 -0.6893
vn 0.9784 0.1322 0.1587
vn -0.1952 -0.0976 0.9759
vn -0.0277 -0.7471 0.6641
vn -0.0168 -0.4539 0.8909
vn -0.0000 -0.5547 0.8320
vn -0.2691 -0.4036 0.8745
vn -0.5608 0.3925 -0.7290
vn -0.6468 0.4042 -0.6468
vn 0.1343 -0.3134 -0.9401
vn 0.4847 -0.6610 -0.5728
vn 0.2259 -0.9739 -0.0234
vn 0.5309 -0.8474 -0.0099
vn -0.0603 0.4624 -0.8846
vn -0.0928 0.7117 -0.6963
vn -0.1255 0.3137 -0.9412
vn -0.0176 0.3162 -0.9485
vn -0.0555 -0.0000 -0.9985
vn 0.0624 -0.0000 -0.9981
vn 0.5121 -0.7682 -0.3841
vn 0.5508 -0.8262 -0.1180
vn -0.0702 -0.9829 0.1705
vn -0.2242 -0.9717 -0.0747
vn -0.2411 -0.8680 -0.4340
vn -0.9998 -0.0061 -0.0196
vn -0.9981 0.0624 -0.0000
vn -0.8729 -0.4364 0.2182
vn -0.0000 -0.6247 -0.7809
vn 0.4151 -0.4613 -0.7842
vn 0.4251 -0.4605 -0.7793
vn 0.4660 -0.8782 -0.1075
vn -0.8253 -0.5502 0.1270
vn -0.8285 -0.5524 0.0921
vn -0.7181 0.6012 -0.3507
vn -0.6840 0.7210 0.1109
vn 0.2893 -0.9299 0.2273
vn 0.3326 -0.6176 0.7127
vn -0.5834 -0.3889 0.7130
vn -0.8285 -0.5523 0.0921
vn 0.7059 -0.7059 -0.0588
vn 0.7177 0.6755 -0.1689
vn 0.8937 0.4468 0.0406
vn 0.7013 -0.7013 0.1275
vn 0.1122 0.9533 0.2804
vn 0.6139 -0.0000 0.7894
vn 0.9891 -0.1333 0.0631
vn 0.9927 0.1168 0.0292
vn 0.0976 0.0195 0.9950
vn 0.0234 0.7010 0.7127
vn -0.4851 0.7276 0.4851
vn -0.6247 0.4685 0.6247
vn -0.6623 0.5298 0.5298
vn 0.9784 0.1322 -0.1587
vn 0.7139 -0.1231 0.6893
vn 0.3355 -0.4575 0.8235
vn -0.2421 -0.0605 0.9684
vn -0.0400 -0.0100 0.9992
vn -0.0366 0.0122 0.9993
vn -0.2913 0.9555 0.0466
vn -0.9995 -0.0000 0.0322
vn -0.8190 0.5733 -0.0226
vn -0.8164 0.5771 -0.0214
vn -0.5544 0.8317 -0.0308
vn -0.4851 0.7276 -0.4851
vn -0.5773 0.5774 -0.5774
vn 0.1541 0.9760 -0.1541
vn -0.3226 -0.0717 -0.9438
vn -0.4465 0.0558 -0.8930
vn -0.4183 -0.3539 -0.8365
vn 0.2684 -0.1174 -0.9561
vn 0.2790 -0.1162 -0.9532
vn 0.3378 0.0751 -0.9382
vn 0.8716 0.1383 -0.4704
vn 0.8616 0.1783 -0.4753
vn 0.5459 0.0364 -0.8371
vn 0.9242 0.2531 -0.2861
vn 0.9547 0.2898 -0.0682
vn 0.9701 0.2425 -0.0000
vn 0.3048 -0.2667 0.9143
vn 0.9811 0.0785 -0.1766
vn 0.8427 -0.2408 0.4815
vn 0.9855 0.0758 -0.1516
vn -0.3149 0.9448 -0.0900
vn -0.2957 0.8870 -0.3548
vn -0.3392 -0.8481 -0.4071
vn -0.3710 -0.9274 -0.0476
vn -0.1057 -0.9158 -0.3875
vn -0.0000 -0.9701 -0.2425
vn 0.1961 0.9806 -0.0000
vn -0.1260 0.9295 -0.3466
vn -0.0354 -0.2689 0.9625
vn -0.4058 -0.3084 0.8603
vn -0.8638 -0.5039 -0.0000
vn 0.8993 -0.0749 -0.4309
vn 0.9860 0.0299 -0.1643
vn 0.9997 -0.0045 0.0250
vn 0.9870 0.1595 -0.0183
vn 0.1801 0.9837 -0.0033
vn -0.9104 -0.4138 -0.0000
vn -0.8619 -0.4179 -0.2873
vn -0.9208 -0.3745 -0.1092
vn -0.8591 -0.5070 -0.0704
vn 0.8686 0.4097 0.2786
vn 0.8298 0.5453 -0.1185
vn 0.9762 0.2169 -0.0000
vn -0.9468 -0.3156 0.0631
vn -0.9974 -0.0266 0.0665
vn -0.9984 0.0111 0.0555
vn -0.9982 -0.0117 -0.0587
vn -0.9977 -0.0249 -0.0624
vn -0.9470 -0.3157 -0.0592
vn -0.0000 0.1414 0.9899
vn -0.1874 0.2945 0.9371
vn -0.6880 0.2885 0.6658
vn -0.5773 0.5774 0.5774
vn -0.5773 -0.5773 0.5774
vn -0.0967 -0.4834 0.8701
vn -0.5088 0.2799 0.8141
vn -0.7832 0.6052 -0.1424
vn -0.1490 -0.1987 -0.9687
vn -0.2417 0.0806 -0.9670
vn 0.0555 0.5366 -0.8420
vn 0.2060 -0.0103 -0.9785
vn 0.8186 -0.0409 -0.5730
vn 0.9708 -0.1280 -0.2027
vn 0.9712 -0.1214 -0.2049
vn -0.3366 -0.9349 -0.1122
vn 0.7990 0.0499 -0.5993
vn 0.8889 0.1111 -0.4444
vn 0.9813 0.0467 -0.1869
vn 0.6607 -0.6996 -0.2721
vn 0.7826 -0.1304 0.6087
vn 0.1930 -0.0161 -0.9811
vn 0.0199 0.0797 -0.9966
vn 0.2018 0.8071 -0.5549
vn 0.8650 0.4806 -0.1442
vn 0.4168 -0.4764 -0.7741
vn 0.7809 -0.6247 -0.0000
vn 0.0194 -0.8136 0.5811
vn 0.4594 -0.5743 0.6776
vn -0.4444 -0.1111 0.8889
vn -0.6667 -0.3333 0.6667
vn 0.5491 -0.7894 0.2746
vn -0.5735 0.6554 -0.4915
vn -0.8321 -0.4438 0.3328
vn -0.9569 -0.2791 -0.0797
vn -0.2134 0.9723 0.0949
vn -0.2540 0.8890 0.3810
vn -0.0326 -0.0434 0.9985
vn -0.0348 -0.0464 0.9983
vn -0.0133 -0.1395 0.9901
vn -0.1231 -0.1231 0.9847
vn -0.0499 -0.0000 0.9988
vn -0.0701 0.1025 0.9923
vn -0.0117 -0.1871 0.9823
vn 0.0555 0.5367 0.8420
vn -0.0649 -0.0081 0.9979
vn -0.1255 0.3137 0.9412
vn -0.0176 0.3162 0.9485
vn -0.0080 0.9799 0.1992
vn -0.0000 0.9864 0.1644
vn -0.7721 0.0702 0.6317
vn 0.4463 -0.0638 -0.8926
vn 0.4364 0.2182 -0.8729
vn 0.0664 -0.0664 0.9956
vn 0.3015 -0.3015 0.9045
vn 0.4156 -0.3694 0.8312
vn 0.8137 0.4650 -0.3487
vn -0.2875 0.8213 0.4928
vn -0.8762 0.1524 -0.4572
vn -0.7537 -0.3769 -0.5384
vn 0.3951 -0.0718 0.9158
vn -0.2157 -0.1078 0.9705
vn 0.8115 0.5837 -0.0280
vn 0.7254 0.6879 -0.0250
vn 0.3215 0.8727 0.3675
vn 0.0387 -0.5808 -0.8131
vn -0.0000 0.1414 -0.9899
vn 0.9650 0.0371 -0.2598
vn 0.5995 0.7994 -0.0400
vn 0.1622 0.9733 -0.1622
vn -0.9949 -0.0711 0.0711
vn -0.9685 0.1761 -0.1761
vn -0.3487 -0.4650 -0.8137
vn -0.8098 -0.0374 -0.5855
vn 0.5356 -0.4834 -0.6924
vn 0.3540 -0.1652 -0.9205
vn 0.2590 -0.3971 -0.8805
vn -0.1958 0.9790 -0.0559
vn -0.8971 0.2760 0.3450
vn -0.8835 0.2410 0.4016
vn -0.8689 0.2370 -0.4345
vn -0.8267 0.1821 -0.5324
vn 0.2357 0.9428 -0.2357
vn -0.1136 0.5112 -0.8519
vn 0.7926 -0.4878 -0.3658
vn 0.8480 0.4240 0.3180
vn 0.8083 0.5887 0.0095
vn 0.8325 0.5540 0.0121
vn 0.8182 0.5746 0.0186
vn 0.5494 0.4547 0.7010
vn 0.3770 0.2189 0.9000
vn 0.3346 0.3238 0.8850
vn -0.0830 0.9747 0.2074
vn 0.0753 0.9792 -0.1883
vn 0.0652 0.9785 -0.1957
vn 0.9396 0.3356 -0.0671
vn -0.9450 0.1289 0.3007
vn -0.9509 0.2313 -0.2056
vn 0.9930 0.0231 0.1155
vn -0.0000 0.9615 0.2747
vn -0.0000 0.9285 -0.3714
vn 0.3480 -0.9236 0.1606
vn 0.6378 0.1511 0.7553
vn 0.8255 0.5641 0.0206
vn 0.8377 0.5458 0.0190
vn 0.7802 0.6106 -0.1357
vn 0.9787 0.2002 -0.0445
vn 0.9904 0.1310 -0.0450
vn 0.2590 -0.3971 0.8805
vn -0.3487 -0.4650 0.8137
vn 0.5995 0.7994 0.0400
vn 0.9650 0.0371 0.2598
vn 0.9897 -0.1363 -0.0430
vn 0.4299 -0.5493 0.7165
vn 0.5107 0.1216 0.8511
vn -0.7701 -0.0266 -0.6373
vn -0.9206 0.0485 -0.3876
vn -0.9198 0.0151 -0.3921
vn -0.8392 0.1215 -0.5300
vn -0.7343 0.0711 -0.6751
vn -0.7194 0.0306 -0.6939
vn -0.5171 0.0726 -0.8528
vn -0.6102 0.1795 -0.7717
vn -0.5641 0.3152 -0.7632
vn -0.1683 0.2164 -0.9617
vn -0.1177 -0.1569 -0.9806
vn 0.0272 0.0363 -0.9990
vn -0.0348 -0.0464 -0.9983
vn -0.0133 -0.1395 -0.9901
vn -0.0539 -0.5663 -0.8224
vn 0.5963 -0.2981 -0.7454
vn -0.0649 -0.0081 -0.9979
vn -0.9472 0.3157 -0.0557
vn -0.9938 -0.0110 -0.1104
vn -0.9950 0.0750 -0.0652
vn -0.9989 -0.0174 -0.0434
vn -0.9499 0.0228 -0.3116
vn -0.9864 0.0845 -0.1409
vn -0.9869 0.0783 -0.1410
vn -0.3015 -0.9045 -0.3015
vn -0.0949 -0.2937 -0.9512
vn -0.0431 -0.7998 -0.5987
vn -0.0145 -0.9426 -0.3335
vn -0.2798 -0.0736 -0.9572
vn -0.0192 -0.5038 -0.8636
vn 0.0623 -0.2494 -0.9664
vn -0.2425 0.9701 0.0090
vn 0.9487 0.3162 -0.0000
vn -0.1296 0.9913 0.0229
vn -0.1961 0.9806 -0.0000
vn -0.9989 -0.0174 0.0434
vn -0.9950 0.0750 0.0652
vn -0.9938 -0.0110 0.1104
vn -0.9474 0.3158 0.0526
vn 0.5547 -0.8320 -0.0000
vn 0.4036 0.2691 0.8745
vn -0.9123 0.1521 -0.3801
vn -0.0192 -0.5038 0.8636
vn 0.3965 -0.4626 0.7930
vn 0.2259 -0.9739 0.0234
vn 0.0623 -0.2494 0.9664
vn -0.3015 -0.9045 0.3015
vn -0.7577 -0.0649 0.6494
vn -0.8961 0.0316 0.4428
vn -0.9808 0.0139 0.1948
vn -0.9503 0.1025 0.2940
vn -0.8452 0.5071 0.1690
vn 0.2060 -0.0103 0.9785
vn 0.1961 -0.0000 0.9806
vn -0.0399 -0.0532 -0.9978
vn -0.0345 -0.0000 -0.9994
vn -0.0000 0.0712 0.9975
vn 0.0987 0.9951 -0.0082
vn -0.2473 0.9687 0.0206
vn -0.2451 0.9694 0.0111
vn 0.0995 -0.0000 0.9950
vn -0.5051 -0.8081 0.3030
vn -0.5569 -0.7956 0.2387
vn -0.5176 -0.8181 -0.2505
vn -0.5067 -0.8213 -0.2621
vn -0.8872 0.1267 0.4436
vn -0.8262 0.1180 -0.5508
vn -0.4392 -0.1882 -0.8784
vn -0.4534 -0.6045 0.6549
vn 0.2412 -0.2757 0.9305
vn -0.0366 -0.1464 0.9885
vn -0.9336 -0.1778 0.3112
vn -0.2451 0.9694 -0.0111
vn -0.2473 0.9687 -0.0206
vn 0.0987 0.9951 0.0082
vn 0.1622 0.9733 0.1622
vn 0.6904 -0.6996 0.1841
vn 0.9439 -0.2139 0.2517
vn 0.8751 0.1283 0.4667
vn 0.9939 -0.0231 0.1079
vn 0.9727 -0.0486 0.2270
vn -0.8930 0.0558 -0.4465
vn 0.0995 -0.0000 -0.9950
vn -0.2039 -0.0136 0.9789
vn -0.2067 -0.0138 0.9783
vn -0.9853 -0.0657 -0.1576
vn -0.9638 -0.1025 -0.2461
vn -0.6921 0.6173 -0.3741
vn -0.9615 -0.0000 -0.2747
vn -0.9622 -0.0463 -0.2683
vn 0.0135 0.0674 -0.9976
vn -0.4463 0.0638 -0.8926
vn 0.0375 0.8256 -0.5629
vn 0.1516 0.9855 0.0758
vn -0.7171 0.5976 -0.3586
vn -0.9970 -0.0665 0.0399
vn -0.9983 -0.0454 -0.0363
vn -0.2032 -0.0092 -0.9791
vn -0.0642 0.8352 -0.5461
vn 0.0873 0.4801 -0.8729
vn 0.1986 0.0132 0.9800
vn -0.6832 -0.0455 0.7288
vn 0.7136 0.2719 -0.6456
vn 0.7111 0.2994 -0.6362
vn 0.8575 0.5145 -0.0000
vn 0.1161 -0.2613 -0.9582
vn 0.1972 0.2300 -0.9530
vn 0.4083 -0.8165 0.4082
vn 0.2780 0.1191 0.9532
vn 0.7789 -0.1230 0.6149
vn 0.3675 -0.5052 -0.7808
vn 0.3866 -0.5026 -0.7732
vn 0.3398 -0.4804 -0.8085
vn 0.1957 0.0652 -0.9785
vn 0.8018 0.2673 -0.5345
vn 0.9370 0.3123 -0.1562
vn 0.9915 0.1166 -0.0583
vn 0.0793 0.3702 -0.9256
vn 0.8662 0.1856 -0.4640
vn 0.0586 0.9966 -0.0586
vn 0.0106 0.9963 -0.0848
vn 0.0227 0.9981 -0.0567
vn 0.1200 0.9923 -0.0320
vn -0.9651 0.0483 0.2574
vn -0.6595 0.5496 -0.5129
vn 0.1399 0.7276 0.6716
vn -0.2929 0.6150 0.7321
vn 0.2664 0.8436 0.4662
vn 0.2899 0.8116 0.5072
vn -0.7516 0.5593 0.3496
vn -0.7153 0.6212 0.3200
vn 0.8124 -0.5803 0.0580
vn -0.0369 -0.9966 0.0738
vn 0.1542 0.3469 0.9251
vn 0.1279 0.9913 0.0320
vn 0.0240 0.9979 0.0601
vn -0.2929 0.6150 -0.7321
vn 0.1399 0.7276 -0.6716
vn -0.5375 -0.1654 0.8269
vn -0.7228 -0.1355 0.6776
vn -0.9329 -0.0608 -0.3549
vn -0.9102 -0.0885 -0.4045
vn -0.9041 0.1451 -0.4018
vn -0.8223 0.1523 -0.5482
vn -0.8208 0.1642 -0.5472
vn -0.8575 -0.0000 0.5145
vn -0.7863 0.1573 0.5976
vn -0.7867 0.1388 0.6016
vn -0.9862 0.1109 0.1233
vn -0.9820 -0.1432 0.1228
vn -0.9638 -0.2024 0.1735
vn 0.0432 0.9649 0.2592
vn 0.9263 -0.1323 0.3529
vn 0.9092 -0.0496 0.4133
vn 0.8831 -0.1333 -0.4499
vn 0.8847 -0.1474 -0.4423
vn -0.0486 0.9553 -0.2915
vn 0.9494 -0.2713 0.1582
vn 0.9370 0.3123 0.1562
vn 0.9904 0.1238 0.0619
vn 0.8018 0.2673 0.5345
vn 0.7837 -0.3359 0.5225
vn 0.6767 -0.2900 0.6767
vn 0.3398 -0.4804 0.8085
vn 0.1957 0.0652 0.9785
vn -0.9949 -0.0711 -0.0711
vn -0.9685 0.1761 0.1761
vn -0.7980 0.5663 -0.2059
vn -0.7516 0.5593 -0.3496
vn -0.7153 0.6212 -0.3200
vn 0.0106 0.9963 0.0848
vn 0.0529 0.9967 0.0617
vn 0.1855 0.9585 0.2164
vn 0.9076 -0.2200 0.3575
vn 0.0652 0.3480 0.9352
vn 0.8357 0.1928 -0.5143
vn 0.9278 -0.0371 0.3711
vn 0.2239 -0.4681 0.8548
vn 0.9459 0.2838 -0.1576
vn -0.9856 0.1408 0.0939
vn 0.9912 -0.1101 -0.0734
vn 0.3866 -0.5026 0.7732
vn 0.3714 0.5571 0.7428
vn 0.2996 0.6492 0.6991
vn 0.3675 -0.5052 0.7808
vn -0.8098 -0.0374 0.5855
vn -0.7239 -0.1551 0.6722
vn -0.8637 -0.3671 0.3455
vn -0.9944 -0.0585 -0.0877
vn 0.9458 0.1802 0.2702
vn 0.4252 -0.6909 0.5846
vn 0.3846 -0.7444 0.5459
vn -0.4835 -0.0411 0.8744
vn -0.4213 -0.0255 0.9065
vn -0.6102 0.1795 0.7717
vn -0.6782 0.1233 0.7245
vn -0.6157 -0.0181 0.7878
vn -0.8165 -0.4082 -0.4082
vn 0.5072 0.0242 -0.8615
vn 0.4238 0.1413 -0.8947
vn -0.0357 -0.0119 -0.9993
vn 0.0825 -0.8914 -0.4457
vn 0.0392 -0.9990 -0.0196
vn 0.7428 -0.5571 -0.3714
vn 0.9984 0.0475 0.0317
vn 0.7068 0.7068 -0.0272
vn 0.1924 -0.1924 -0.9623
vn 0.2621 0.9611 -0.0874
vn -0.3109 0.5773 -0.7550
vn -0.4418 0.6943 -0.5681
vn 0.2778 -0.7540 -0.5953
vn 0.2794 -0.7452 -0.6055
vn -0.5508 0.1180 0.8262
vn 0.1206 0.4343 0.8927
vn -0.0982 -0.4581 -0.8835
vn 0.5307 0.8339 -0.1516
vn 0.9623 -0.1924 0.1924
vn -0.8645 0.5005 0.0455
vn -0.9027 -0.1766 -0.3925
vn -0.8729 -0.2182 -0.4364
vn -0.7428 0.5571 -0.3714
vn -0.8018 0.2673 -0.5345
vn -0.8242 -0.1374 -0.5494
vn -0.6667 0.3333 -0.6667
vn -0.3521 0.9305 -0.1006
vn -0.9334 0.2400 -0.2667
vn -0.9765 0.2071 -0.0592
vn 0.8678 0.4580 -0.1928
vn 0.6499 0.7462 -0.1444
vn 0.5145 0.8575 -0.0000
vn 0.1595 0.7177 0.6778
vn 0.0701 0.3154 0.9464
vn 0.2664 0.8436 -0.4662
vn 0.2899 0.8116 -0.5072
vn 0.2673 0.8018 -0.5345
vn 0.9923 -0.0000 0.1240
vn -0.9191 -0.0000 -0.3939
vn -0.9058 0.0697 -0.4180
vn -0.9825 -0.1034 -0.1551
vn 0.2363 -0.9157 -0.3249
vn -0.8808 0.0587 0.4698
vn 0.6916 0.2964 0.6587
vn 0.8124 0.0580 0.5803
vn 0.7127 0.3326 -0.6176
vn 0.2242 -0.9717 0.0747
vn 0.8571 -0.4286 0.2857
vn 0.6767 -0.2900 -0.6767
vn 0.5773 0.5773 -0.5774
vn 0.5433 0.6985 -0.4657
vn 0.7837 -0.3359 -0.5225
vn 0.9494 -0.2713 -0.1582
vn 0.8083 0.5774 0.1155
vn 0.8701 -0.0967 0.4834
vn 0.8662 -0.1347 0.4812
vn 0.8957 -0.2357 0.3771
vn -0.9621 -0.1013 0.2532
vn 0.8424 0.5311 -0.0916
vn 0.8181 0.5702 0.0744
vn 0.4755 0.8717 -0.1189
vn 0.4983 -0.8305 0.2491
vn 0.3458 -0.9222 0.1729
vn 0.1267 -0.9501 0.2850
vn -0.8383 -0.5123 -0.1863
vn -0.4364 0.2182 0.8729
vn 0.2586 0.8333 0.4885
vn 0.6405 0.0915 -0.7625
vn 0.4874 0.0696 0.8704
vn 0.2765 0.7604 -0.5876
vn 0.8296 -0.2074 -0.5185
vn 0.6882 0.6882 0.2294
vn 0.7428 0.5571 0.3714
vn 0.6092 0.5077 -0.6092
vn 0.3746 0.6556 0.6556
vn 0.4083 0.4082 0.8165
vn -0.1231 -0.1231 -0.9847
vn -0.0701 0.1025 -0.9923
vn -0.0684 0.1027 -0.9924
vn -0.1111 0.4444 -0.8889
vn 0.9737 0.1313 -0.1860
vn 0.9876 0.0738 -0.1384
vn 0.9875 0.0705 -0.1411
vn -0.7506 -0.2284 -0.6200
vn 0.0476 -0.7142 -0.6983
vn 0.9367 -0.3483 -0.0360
vn 0.7068 -0.7068 0.0307
vn 0.9897 -0.1363 0.0430
vn 0.2996 0.6492 -0.6991
vn 0.2673 0.8018 0.5345
vn 0.4143 0.3766 0.8286
vn -0.6638 0.5582 0.4978
vn -0.8878 0.3632 0.2825
vn -0.7980 0.5663 0.2059
vn -0.8997 0.1059 -0.4234
vn -0.8700 0.1831 -0.4579
vn -0.4522 0.8513 0.2660
vn -0.7980 0.5486 0.2494
vn -0.8662 -0.4859 0.1162
vn -0.0937 -0.6556 0.7493
vn -0.5552 -0.7772 0.2961
vn 0.0445 -0.9336 -0.3556
vn -0.8955 0.3980 -0.1990
vn -0.9680 -0.1291 -0.2151
vn -0.0366 -0.1464 -0.9885
vn 0.9275 -0.1855 -0.3246
vn 0.8811 -0.4637 -0.0927
vn 0.9142 0.3975 0.0795
vn 0.2412 -0.2757 -0.9305
vn 0.3811 0.2079 0.9008
vn -0.7881 0.4729 0.3941
vn -0.8872 0.1267 -0.4436
vn -0.7881 0.4729 -0.3941
vn 0.3811 0.2079 -0.9008
vn 0.3698 0.2377 -0.8982
vn 0.1766 -0.0252 -0.9840
vn -0.1494 0.1867 0.9710
vn -0.8107 0.2252 0.5404
vn -0.7628 -0.3995 0.5085
vn 0.7068 -0.7068 -0.0307
vn -0.8137 0.1627 -0.5580
vn -0.4348 0.6521 -0.6211
vn 0.1270 0.7620 -0.6350
vn -0.3509 0.9023 0.2506
vn -0.6476 0.7472 -0.1494
vn -0.9798 0.1960 -0.0392
vn -0.0828 -0.0828 0.9931
vn 0.0185 -0.2771 0.9607
vn -0.0472 -0.4133 0.9093
vn 0.0153 0.8881 0.4594
vn -0.0766 0.9961 -0.0442
vn 0.0234 0.7010 -0.7127
vn 0.0333 0.9979 0.0554
vn -0.0766 0.9961 0.0442
vn 0.2871 0.0435 -0.9569
vn 0.8530 0.0237 -0.5213
vn 0.9917 -0.1275 0.0142
vn 0.9478 0.3159 -0.0421
vn -0.7420 0.2120 -0.6360
vn -0.7442 0.2481 -0.6202
vn -0.0863 0.9494 -0.3021
vn 0.1913 0.6697 -0.7176
vn 0.0900 0.3149 -0.9448
vn -0.1107 0.9597 0.2584
vn -0.8018 0.2673 0.5345
vn -0.8023 0.1888 0.5663
vn 0.9224 0.3843 -0.0384
vn 0.9280 -0.2475 0.2784
vn 0.9275 -0.1855 0.3246
vn 0.8303 -0.2642 0.4907
vn 0.7486 -0.2708 0.6052
vn 0.4209 -0.7447 0.5180
vn -0.7374 -0.1053 0.6672
vn -0.2998 -0.3998 0.8662
vn -0.0379 -0.0505 0.9980
vn 0.0333 0.9979 -0.0554
vn 0.0665 0.9978 -0.0000
vn 0.0709 0.9975 0.0026
vn -0.2425 0.9701 -0.0090
vn -0.5544 0.8317 0.0308
vn -0.0642 0.8352 0.5461
vn -0.1293 0.9916 -0.0000
vn -0.1360 0.9907 0.0097
vn -0.0053 0.5812 -0.8137
vn -0.1399 0.7557 -0.6398
vn -0.2152 -0.8608 0.4612
vn -0.0208 -0.4360 -0.8997
vn -0.0000 -0.5145 -0.8575
vn -0.0000 -0.2169 -0.9762
vn 0.9526 -0.1361 -0.2722
vn 0.5838 -0.6394 -0.5004
vn 0.5251 -0.8502 -0.0375
vn 0.4115 0.8553 -0.3147
vn 0.0709 0.9975 -0.0026
vn -0.1214 0.9311 -0.3441
vn 0.8881 -0.2918 -0.3552
vn -0.5185 -0.8296 0.2074
vn 0.0927 -0.4637 0.8811
vn 0.7454 0.2981 0.5963
vn 0.7451 0.2760 0.6071
vn 0.9752 -0.2186 -0.0336
vn -0.1961 -0.0000 -0.9806
vn 0.3658 0.2993 -0.8813
vn 0.3037 0.2784 -0.9112
vn 0.9632 0.2675 0.0268
vn 0.9967 -0.0453 0.0680
vn 0.8920 0.0743 0.4460
vn 0.9283 0.2063 -0.3094
vn -0.5369 0.8352 -0.1193
vn -0.8412 0.5353 -0.0765
vn -0.3306 0.9317 0.1503
vn -0.9899 0.1414 -0.0074
vn -0.9899 0.1414 0.0079
vn -0.2540 -0.3810 0.8890
vn -0.2102 -0.0764 0.9747
vn -0.3802 -0.0543 0.9233
vn -0.7742 -0.6237 0.1075
vn -0.0934 -0.8405 -0.5337
vn -0.0572 0.9929 0.1040
vn -0.0198 -0.5951 0.8034
vn 0.2773 -0.9578 -0.0756
vn -0.7640 0.6225 -0.1698
vn -0.1290 0.9886 0.0774
vn 0.7013 -0.6376 0.3188
vn 0.0450 -0.5495 0.8343
vn -0.8182 -0.5455 -0.1818
vn -0.9499 -0.0633 -0.3061
vn -0.9813 0.0467 -0.1869
vn -0.9872 -0.0106 -0.1592
vn -0.0000 -0.0454 -0.9990
vn -0.0000 0.0767 -0.9971
vn -0.9342 -0.3503 0.0667
vn -0.9540 0.0424 0.2968
vn -0.8136 0.5811 -0.0194
vn -0.7838 0.5599 -0.2687
vn -0.7283 0.1766 -0.6621
vn -0.9033 -0.3387 -0.2634
vn -0.0330 -0.5118 -0.8585
vn -0.0147 -0.5849 -0.8110
vn -0.0000 -0.7474 -0.6644
vn 0.8127 -0.5653 -0.1413
vn 0.7893 -0.6132 -0.0304
vn -0.6556 0.7493 0.0937
vn 0.1543 0.6172 0.7715
vn 0.2421 0.9684 -0.0605
vn 0.7379 0.5270 0.4216
vn 0.9402 0.3385 0.0376
vn 0.2454 0.8588 -0.4498
vn -0.8001 -0.1455 0.5819
vn -0.9855 0.1516 0.0758
vn -0.7383 0.6712 -0.0671
vn 0.1255 -0.8157 0.5647
vn -0.7230 -0.6244 0.2958
vn -0.8653 -0.5012 0.0095
vn -0.8996 -0.4362 0.0204
vn -0.9396 -0.3417 0.0214
vn 0.6202 -0.7442 0.2481
vn 0.7396 -0.1849 0.6472
vn 0.3208 0.0153 0.9470
vn -0.0000 -0.0454 0.9990
vn -0.0000 0.0767 0.9971
vn -0.1156 0.9827 0.1445
vn -0.1030 -0.9782 -0.1802
vn -0.5494 -0.8242 0.1374
vn -0.8349 -0.4696 0.2870
vn -0.6202 -0.2481 -0.7442
vn -0.4969 -0.1988 0.8447
vn 0.4729 0.7881 0.3941
vn 0.3505 0.9347 -0.0584
vn 0.5946 0.4460 -0.6690
vn 0.9211 0.3889 0.0205
vn 0.2075 -0.8068 -0.5532
vn 0.7234 -0.6269 -0.2893
vn -0.9802 -0.1400 0.1400
vn -0.0705 0.7053 -0.7053
vn 0.0430 -0.4295 -0.9020
vn -0.2563 -0.6835 0.6835
vn -0.1826 -0.2556 0.9494
vn -0.1854 -0.2383 0.9533
vn -0.9684 -0.0605 0.2421
vn 0.7949 0.5167 -0.3180
vn 0.7044 0.6163 0.3522
vn 0.8165 -0.4083 0.4082
vn -0.9526 -0.2722 0.1361
vn 0.8275 0.5344 -0.1724
vn 0.6373 0.6691 0.3823
vn 0.6610 0.7491 -0.0441
vn 0.8729 0.4364 0.2182
vn 0.0523 -0.1045 0.9931
vn 0.1543 -0.0309 0.9875
vn -0.3586 -0.5976 0.7171
vn -0.8853 -0.4288 0.1798
vn -0.9873 0.0224 -0.1571
vn 0.0262 -0.1414 0.9896
vn 0.8933 0.4467 -0.0496
vn 0.9356 0.3509 -0.0390
vn 0.8922 0.4333 0.1275
vn 0.8703 0.4895 0.0544
vn 0.0656 -0.6890 -0.7218
vn 0.0753 -0.7901 -0.6083
vn -0.0381 -0.8080 -0.5880
vn -0.0262 0.1414 0.9896
vn -0.4800 0.8000 0.3600
vn -0.4679 0.7798 -0.4159
vn -0.5145 0.5145 -0.6860
vn -0.7239 -0.1551 -0.6722
vn -0.9434 -0.3253 -0.0651
vn -0.0576 -0.8644 -0.4994
vn -0.0779 -0.7336 -0.6751
vn -0.3651 0.9129 -0.1826
vn -0.3369 0.8422 -0.4211
vn 0.7725 0.4066 0.4879
vn 0.2768 0.7382 -0.6152
vn -0.1111 0.9778 -0.1778
vn 0.8991 0.3967 0.1851
vn 0.3339 0.3673 -0.8681
vn 0.0476 -0.7142 0.6983
vn 0.9367 -0.3483 0.0360
vn 0.7893 -0.6132 0.0304
vn 0.8127 -0.5653 0.1413
vn -0.0000 -0.7474 0.6644
vn -0.0184 -0.5518 0.8338
vn -0.8623 -0.5055 -0.0297
vn -0.8137 0.4650 0.3487
vn -0.8312 0.5541 0.0462
vn 0.6883 -0.2294 0.6882
vn 0.1861 0.4094 0.8932
vn -0.1055 0.1406 0.9844
vn -0.0539 -0.5663 0.8224
vn -0.0550 0.0623 0.9965
vn 0.0685 0.0622 0.9957
vn -0.9867 0.1233 0.1057
vn -0.4392 0.8784 -0.1882
vn -0.2079 0.3811 -0.9008
vn -0.7340 0.0918 -0.6729
vn 0.1388 0.9903 0.0093
vn 0.3589 0.9331 0.0239
vn 0.8083 0.5774 -0.1155
vn 0.5773 0.5773 0.5774
vn 0.5433 0.6985 0.4657
vn 0.0485 0.9980 0.0416
vn 0.0178 0.9990 0.0416
vn 0.3487 0.8137 -0.4650
vn 0.5568 0.4872 -0.6728
vn 0.6376 0.5579 0.5313
vn -0.6638 0.5582 -0.4978
vn -0.4800 0.8000 -0.3600
vn -0.8567 0.5140 0.0428
vn -0.9117 -0.2279 -0.3419
vn 0.7451 0.2760 -0.6071
vn 0.4143 0.3766 -0.8286
vn -0.1842 0.7675 0.6140
vn -0.7253 -0.6594 -0.1978
vn 0.9521 0.2929 0.0879
vn 0.2892 -0.4048 -0.8675
vn 0.9600 0.2400 0.1440
vn 0.9091 0.4041 0.1010
vn 0.7898 0.5744 0.2154
vn 0.3546 0.0886 0.9308
vn 0.7361 0.0800 0.6721
vn 0.7878 0.4075 0.4618
vn 0.9901 -0.0990 0.0990
vn -0.8107 0.2252 -0.5404
vn -0.7975 0.5075 0.3262
vn -0.9717 -0.0389 0.2332
vn -0.9867 0.1579 0.0395
vn -0.4364 0.2182 -0.8729
vn -0.1494 0.1867 -0.9710
vn -0.7317 -0.6707 0.1219
vn 0.5681 0.8206 -0.0631
vn 0.8052 0.5905 0.0537
vn 0.6247 -0.6247 0.4685
vn -0.9561 -0.1062 -0.2732
vn -0.7172 0.6660 -0.2049
vn -0.8588 -0.2454 0.4498
vn -0.7672 -0.2192 -0.6028
vn -0.7442 0.6202 0.2481
vn -0.9435 -0.1048 0.3145
vn -0.5205 0.4048 0.7518
vn -0.7725 0.1104 0.6254
vn -0.7961 0.1592 0.5838
vn -0.9771 0.1954 -0.0838
vn -0.8670 0.4980 0.0185
vn -0.9867 0.1579 -0.0395
vn -0.9717 -0.0389 -0.2332
vn -0.7975 0.5075 -0.3262
vn -0.7996 -0.5664 0.1999
vn -0.2939 -0.0367 -0.9551
vn 0.2289 0.0286 -0.9730
vn -0.0600 0.5398 -0.8397
vn -0.0773 0.6953 -0.7146
vn 0.1961 0.7845 0.5883
vn 0.2720 0.6527 0.7071
vn 0.6123 0.2204 0.7593
vn 0.2988 0.1707 0.9389
vn -0.7903 -0.4516 0.4140
vn -0.1151 0.1726 0.9782
vn 0.1693 0.2257 0.9594
vn -0.0697 0.1254 0.9896
vn -0.0684 0.1027 0.9924
vn 0.2049 0.7172 -0.6660
vn 0.9098 0.4094 0.0682
vn 0.8544 0.5126 0.0854
vn 0.8038 0.5895 -0.0804
vn 0.7975 0.5981 -0.0797
vn 0.8381 0.3492 -0.4191
vn 0.1388 0.9903 -0.0093
vn 0.0485 0.9980 -0.0416
vn 0.0178 0.9990 -0.0416
vn -0.0294 0.9991 -0.0294
vn -0.0933 0.9955 0.0156
vn 0.1735 0.0578 -0.9831
vn 0.4016 0.3374 -0.8514
vn 0.7807 -0.4879 -0.3904
vn 0.8911 -0.2906 -0.3487
vn -0.0880 0.9960 0.0141
vn 0.1735 0.0578 0.9831
vn 0.8382 -0.2540 0.4826
vn 0.3490 0.8531 0.3878
vn 0.2381 0.9524 0.1905
vn -0.1103 0.3308 -0.9372
vn -0.2651 0.9639 0.0241
vn -0.4523 -0.8351 -0.3131
vn 0.3154 0.8832 -0.3470
vn -0.1641 0.9437 -0.2872
vn 0.8575 -0.0000 0.5145
vn 0.6367 0.5040 0.5836
vn 0.0122 -0.7447 -0.6673
vn 0.0277 -0.6372 -0.7702
vn -0.0000 -0.6402 -0.7682
vn -0.9938 0.0138 -0.1104
vn -0.9909 0.1342 0.0103
vn -0.9621 0.2719 -0.0209
vn -0.9867 -0.0395 -0.1579
vn -0.9861 0.0670 -0.1522
vn -0.5974 -0.7301 0.3319
vn -0.6882 -0.6882 0.2294
vn 0.3386 -0.4741 -0.8127
vn 0.9191 -0.2089 -0.3342
vn 0.8321 -0.0000 -0.5547
vn -0.2691 -0.8745 -0.4036
vn 0.2691 -0.8745 0.4036
vn 0.5455 -0.8182 0.1818
vn 0.9435 -0.1048 0.3145
vn -0.1224 -0.1632 0.9790
vn 0.8575 -0.5145 -0.0000
vn 0.9762 -0.2169 -0.0000
vn 0.8091 0.5853 0.0516
vn 0.5218 0.8407 -0.1449
vn 0.9815 0.1061 -0.1592
vn 0.9612 0.2680 -0.0647
vn 0.3132 0.2262 0.9223
vn 0.3272 0.8943 0.3054
vn 0.1990 0.8955 0.3980
vn 0.2763 0.9610 -0.0120
vn 0.3542 0.9322 0.0746
vn 0.8372 -0.1196 0.5336
vn -0.1224 -0.1632 -0.9790
vn 0.5455 -0.8182 -0.1818
vn 0.9435 -0.1048 -0.3145
vn 0.2691 -0.8745 -0.4036
vn -0.2691 -0.8745 0.4036
vn 0.8321 -0.0000 0.5547
vn 0.9191 -0.2089 0.3342
vn -0.9938 0.0138 0.1104
vn -0.9861 0.0670 0.1522
vn -0.9867 -0.0395 0.1579
vn -0.9617 0.2733 0.0202
vn -0.9910 0.1338 -0.0099
vn -0.9808 0.0242 0.1937
vn -0.8967 0.0549 0.4392
vn -0.8435 0.1534 0.5148
vn -0.7821 0.5803 0.2271
vn -0.0000 -0.6402 0.7682
vn 0.0296 -0.6797 0.7329
vn -0.0710 -0.7663 0.6386
vn -0.0773 -0.7146 0.6953
vn -0.9029 -0.3950 0.1693
vn -0.9648 -0.2240 0.1378
vn 0.7715 -0.6172 0.1543
vn 0.7373 -0.6554 0.1638
vn 0.7294 0.2778 0.6252
vn 0.0975 0.6177 0.7803
vn -0.9611 0.2621 -0.0874
vn 0.4746 0.7684 0.4294
vn -0.6846 -0.7172 -0.1304
vn -0.6776 -0.7228 -0.1355
vn -0.0572 -0.9147 -0.4002
vn -0.0117 -0.1871 -0.9823
vn 0.5866 -0.8066 -0.0733
vn 0.6029 -0.6492 0.4637
vn -0.0580 -0.5803 0.8124
vn -0.0357 -0.5707 0.8204
vn -0.0558 -0.8930 -0.4465
vn -0.0899 -0.9355 -0.3418
vn -0.9117 0.2279 -0.3419
vn -0.6378 0.6132 -0.4661
vn -0.7524 0.6091 0.2508
vn 0.7352 0.4411 -0.5146
vn 0.1605 0.8294 -0.5351
vn 0.2228 0.9285 -0.2971
vn 0.1421 0.9239 -0.3553
vn 0.3743 0.8351 -0.4031
vn 0.0765 -0.5353 -0.8412
vn 0.3276 0.7861 -0.5241
vn 0.3988 0.8700 -0.2900
vn 0.7687 0.6068 -0.2023
vn 0.0203 -0.2137 0.9767
vn 0.8285 0.5523 -0.0921
vn 0.7853 0.6108 -0.1018
vn 0.0472 -0.5726 -0.8185
vn 0.0673 -0.6519 -0.7553
vn 0.9893 -0.0353 -0.1413
vn -0.0370 0.9978 -0.0554
vn -0.0000 0.9975 -0.0712
vn -0.6554 0.4915 -0.5735
vn -0.8704 0.3482 0.3482
vn -0.2182 -0.8729 -0.4364
vn 0.2572 0.4115 -0.8744
vn -0.0357 0.5707 -0.8204
vn 0.0194 -0.3103 -0.9504
vn 0.6189 0.3094 -0.7220
vn 0.5866 -0.0733 -0.8066
vn -0.3885 0.2914 0.8742
vn -0.0666 -0.4329 0.8990
vn -0.9396 0.2936 0.1762
vn -0.2981 -0.5963 0.7454
vn -0.4886 -0.6980 0.5235
vn 0.3293 -0.7684 -0.5488
vn 0.3066 -0.2453 -0.9197
vn 0.8787 -0.2563 -0.4027
vn 0.8878 0.3632 -0.2825
vn -0.0564 -0.7336 -0.6772
vn -0.0517 0.1809 -0.9821
vn 0.1361 -0.2722 0.9526
vn -0.0976 0.1952 0.9759
vn 0.1925 -0.1925 0.9622
vn 0.1476 0.0984 0.9841
vn -0.3459 0.5381 0.7687
vn -0.1135 -0.0284 0.9931
vn -0.2408 0.9631 0.1204
vn -0.8131 0.5808 -0.0387
vn -0.7249 -0.1812 0.6645
vn 0.3035 -0.8828 -0.3586
vn 0.3039 0.0760 -0.9497
vn 0.2571 0.0643 -0.9642
vn 0.6645 -0.7249 0.1812
vn 0.6963 -0.6963 0.1741
vn -0.5433 -0.6985 -0.4657
vn 0.8165 -0.4082 -0.4083
vn 0.6350 -0.7620 0.1270
vn -0.2141 -0.9635 0.1606
vn -0.2722 -0.1361 -0.9526
vn 0.9477 -0.0451 -0.3159
vn 0.9906 -0.1345 -0.0245
vn 0.9440 -0.3245 -0.0590
vn -0.2007 -0.7526 -0.6272
vn -0.9760 -0.1673 -0.1394
vn -0.9189 -0.3719 -0.1313
vn 0.0192 -0.4420 -0.8968
vn 0.9813 -0.1869 -0.0467
vn 0.9959 -0.0905 -0.0000
vn -0.9813 -0.1887 -0.0377
vn -0.9053 -0.4246 0.0080
vn -0.9621 -0.0535 -0.2673
vn -0.8567 -0.3427 -0.3855
vn -0.8046 -0.5662 -0.1788
vn -0.7826 -0.5652 -0.2609
vn -0.1231 -0.8616 -0.4924
vn 0.2357 -0.2357 -0.9428
vn 0.7450 -0.2709 -0.6096
vn 0.6096 0.2709 -0.7450
vn 0.8690 0.4117 -0.2744
vn 0.7977 0.6028 0.0181
vn 0.1325 0.9901 -0.0468
vn 0.8358 0.5491 0.0049
vn 0.8081 -0.3030 0.5051
vn 0.9813 -0.1869 0.0467
vn -0.8326 0.4794 0.2775
vn -0.7187 0.0863 0.6899
vn -0.2747 -0.2930 0.9158
vn -0.6843 -0.3962 0.6122
vn -0.6788 -0.4073 0.6110
vn -0.0115 0.8346 -0.5507
vn 0.2240 0.0871 0.9707
vn -0.9956 0.0664 0.0664
vn -0.0000 -0.5547 0.8321
vn 0.6202 -0.7442 -0.2481
vn 0.7396 -0.1849 -0.6471
vn 0.4083 -0.4083 -0.8165
vn 0.0416 -0.0416 -0.9983
vn 0.0078 -0.7981 0.6025
vn 0.9142 0.0795 0.3975
vn -0.7911 0.1483 -0.5934
vn 0.7066 0.0393 -0.7066
vn 0.9902 -0.0077 0.1392
vn 0.9469 0.2470 0.2058
vn -0.0000 -0.9048 0.4258
vn -0.9618 -0.2477 0.1166
vn -0.9797 -0.1880 0.0693
vn -0.9615 0.1457 0.2331
vn -0.9407 0.2822 0.1881
vn 0.8480 -0.4240 0.3180
vn 0.9701 0.1940 -0.1455
vn 0.9891 0.0659 -0.1319
vn 0.9859 0.1369 -0.0959
vn 0.7290 -0.5608 0.3925
vn -0.0788 0.9457 0.3152
vn -0.3030 -0.8081 -0.5051
vn -0.5123 -0.5589 -0.6520
vn 0.0874 -0.2621 -0.9611
vn 0.7420 -0.6360 -0.2120
vn 0.6617 -0.7352 -0.1470
vn -0.1820 -0.0364 -0.9826
vn -0.0404 0.2423 -0.9694
vn 0.9173 0.0966 -0.3862
vn 0.9264 -0.1684 -0.3369
vn 0.7990 0.5993 0.0499
vn 0.6045 0.4534 0.6549
vn 0.5905 -0.0537 0.8052
vn 0.7687 -0.5259 0.3641
vn 0.5905 -0.0537 -0.8052
vn 0.6045 0.4534 -0.6549
vn 0.7990 0.5993 -0.0499
vn 0.9173 0.0966 0.3862
vn 0.9264 -0.1684 0.3369
vn 0.2723 0.2334 0.9335
vn -0.0343 -0.3771 0.9255
vn 0.9728 -0.1390 -0.1853
vn 0.8944 -0.2683 -0.3578
vn 0.4418 -0.5681 0.6943
vn -0.0000 -0.8575 0.5145
vn 0.2558 0.6396 -0.7249
vn -0.6065 0.6616 0.4411
vn -0.4367 0.7485 -0.4990
vn -0.5087 -0.3391 0.7913
vn 0.9545 -0.2386 0.1790
vn -0.4472 0.7155 -0.5367
vn -0.1978 -0.6594 -0.7253
vn 0.7548 0.1078 -0.6470
vn 0.4730 0.0676 0.8785
vn 0.5571 0.7428 0.3714
vn 0.4880 0.7807 0.3904
vn -0.4867 -0.8111 -0.3244
vn 0.7352 -0.5146 -0.4411
vn 0.8530 0.0237 0.5213
vn 0.9389 0.0427 0.3414
vn 0.9331 0.0643 0.3539
vn 0.4729 0.1576 0.8669
vn 0.1332 0.1184 0.9840
vn 0.2871 0.0435 0.9569
vn -0.4319 -0.2592 -0.8639
vn -0.9754 -0.2090 -0.0697
vn -0.0000 -0.0624 -0.9981
vn 0.1426 -0.0084 -0.9897
vn 0.9847 -0.0579 -0.1641
vn 0.9677 0.1935 -0.1613
vn 0.4454 0.0891 -0.8909
vn -0.0184 0.8573 -0.5144
vn -0.0222 0.0665 -0.9975
vn 0.1414 0.0083 -0.9899
vn 0.1414 -0.0000 -0.9899
vn -0.0535 -0.2673 -0.9621
vn -0.8427 -0.4815 -0.2408
vn 0.7066 0.0393 0.7066
vn -0.9984 -0.0555 0.0092
vn -0.9813 0.0467 0.1869
vn -0.9872 -0.0106 0.1592
vn -0.0111 0.0665 -0.9977
vn -0.1644 0.9864 -0.0000
vn -0.1240 -0.9918 -0.0310
vn -0.4483 -0.8258 -0.3421
vn -0.0778 -0.6228 -0.7785
vn -0.1163 -0.6204 -0.7756
vn 0.4286 -0.8571 -0.2857
vn 0.8574 -0.4187 0.2991
vn 0.8672 0.2141 0.4496
vn 0.5987 0.0665 0.7982
vn 0.2683 -0.8944 0.3578
vn 0.3572 -0.9127 0.1984
vn 0.1773 -0.1330 -0.9751
vn 0.3440 -0.0983 -0.9338
vn 0.9373 -0.2678 -0.2232
vn 0.7798 -0.6238 -0.0520
vn 0.3208 0.0153 -0.9470
vn 0.3103 -0.0194 -0.9504
vn 0.3285 -0.0205 -0.9443
vn -0.0167 0.4671 -0.8841
vn 0.0198 -0.5546 -0.8319
vn 0.7469 0.0879 -0.6591
vn -0.1219 -0.9755 0.1829
vn 0.1309 0.2095 -0.9690
vn 0.9526 -0.2722 0.1361
vn 0.4838 0.6451 0.5914
vn 0.3094 0.6189 0.7220
vn 0.1078 0.2157 -0.9705
vn -0.1272 0.2704 -0.9543
vn -0.0445 -0.0712 -0.9965
vn -0.0697 0.1254 -0.9896
vn -0.0169 -0.0956 -0.9953
vn 0.0134 0.0757 -0.9970
vn -0.0115 0.0776 -0.9969
vn 0.9823 -0.1824 -0.0421
vn 0.9987 -0.0254 -0.0439
vn 0.9874 -0.1563 -0.0247
vn 0.7123 0.4551 0.5343
vn 0.0864 -0.9941 0.0648
vn 0.3937 0.8857 -0.2460
vn -0.8427 0.4815 -0.2408
vn -0.9816 -0.1707 0.0854
vn -0.7512 0.6067 -0.2600
vn -0.1562 -0.9370 -0.3124
vn 0.7804 -0.3468 -0.5203
vn 0.7845 -0.5883 0.1961
vn -0.1374 -0.8242 0.5494
vn -0.4124 -0.9073 0.0825
vn -0.7814 0.1116 0.6140
vn -0.8981 -0.1633 0.4083
vn -0.8363 -0.4562 0.3041
vn -0.7396 0.6472 -0.1849
vn -0.5883 0.1961 -0.7845
vn -0.7845 -0.5884 -0.1961
vn 0.6729 -0.7340 -0.0918
vn 0.7672 -0.4964 0.4062
vn -0.3267 -0.5134 0.7935
vn -0.4785 -0.5582 0.6778
vn -0.0725 -0.9425 -0.3263
vn -0.5517 -0.8276 -0.1034
vn 0.9487 0.3162 -0.0059
vn 0.5883 0.1961 0.7845
vn 0.4329 -0.4638 0.7730
vn -0.6247 -0.7809 -0.0000
vn -0.4613 -0.7841 0.4151
vn -0.1170 0.7022 0.7022
vn -0.4679 0.7798 0.4159
vn -0.5145 0.5145 0.6860
vn 0.6804 -0.6804 0.2722
vn -0.0445 -0.0712 0.9965
vn -0.0665 0.0166 0.9976
vn 0.3094 0.6189 -0.7220
vn 0.4838 0.6451 -0.5914
vn -0.0169 -0.0956 0.9953
vn 0.0134 0.0757 0.9970
vn -0.0402 0.1708 0.9845
vn -0.0655 0.1747 0.9824
vn 0.4286 -0.8571 0.2857
vn -0.1163 -0.6205 0.7756
vn -0.0778 -0.6228 0.7785
vn -0.4483 -0.8258 0.3421
vn -0.1240 -0.9918 0.0310
vn 0.2683 -0.8944 -0.3578
vn 0.5987 0.0665 -0.7982
vn 0.8672 0.2141 -0.4496
vn 0.8574 -0.4187 -0.2991
vn 0.3572 -0.9127 -0.1984
vn -0.5816 -0.7125 0.3926
vn -0.6776 -0.7228 0.1355
vn 0.5774 -0.8083 -0.1155
vn -0.5035 0.4196 -0.7553
vn -0.1219 -0.9755 -0.1829
vn -0.0710 0.0852 0.9938
vn -0.9442 -0.0488 0.3256
vn 0.8460 -0.1423 -0.5139
vn 0.9224 0.0384 -0.3843
vn 0.9373 -0.2678 0.2232
vn 0.7798 -0.6238 0.0520
vn -0.3791 0.8665 -0.3249
vn -0.8571 0.4286 0.2857
vn -0.8729 0.4364 0.2182
vn -0.5864 -0.4948 -0.6414
vn -0.7926 -0.0000 -0.6097
vn -0.5816 -0.7125 -0.3926
vn -0.8221 0.5039 -0.2652
vn -0.5658 0.0514 -0.8230
vn -0.1937 0.1550 -0.9687
vn 0.2554 -0.2043 -0.9450
vn 0.2005 -0.2897 -0.9359
vn -0.9617 -0.2573 0.0948
vn -0.2921 0.2434 -0.9249
vn 0.0508 0.9658 0.2542
vn -0.0203 -0.9965 -0.0813
vn 0.5932 -0.7316 -0.3361
vn 0.9794 0.0639 -0.1916
vn 0.6740 -0.7302 0.1123
vn -0.5297 -0.8427 0.0963
vn -0.5850 -0.6104 -0.5341
vn -0.7432 -0.2287 -0.6288
vn -0.6360 0.2120 -0.7420
vn -0.9484 0.3161 0.0263
vn -0.9484 -0.3161 -0.0263
vn -0.9231 -0.3077 0.2308
vn -0.8443 0.4925 0.2111
vn -0.8273 0.4316 0.3597
vn -0.9469 -0.2470 -0.2058
vn -0.5288 -0.7932 -0.3022
vn -0.5546 -0.8318 -0.0231
vn 0.3928 0.8642 0.3143
vn -0.4196 0.8741 -0.2447
vn 0.1036 0.6213 -0.7767
vn -0.1948 -0.9742 -0.1137
vn -0.1945 -0.9723 0.1296
vn -0.1346 -0.9868 0.0897
vn -0.9540 0.2120 0.2120
vn -0.7742 0.6316 0.0407
vn 0.5641 -0.7436 0.3590
vn 0.7608 0.4323 0.4841
vn 0.9571 0.1040 -0.2705
vn 0.9526 0.1361 -0.2722
vn 0.6804 -0.6804 -0.2722
vn 0.6537 -0.6537 0.3813
vn 0.7880 0.6129 -0.0584
vn 0.9503 0.1728 -0.2592
vn 0.9623 0.1924 -0.1924
vn 0.9979 -0.0454 0.0454
vn 0.7395 0.6723 0.0336
vn 0.1190 0.9917 0.0496
vn 0.9995 -0.0020 -0.0322
vn 0.9989 0.0030 0.0477
vn 0.9985 -0.0307 0.0461
vn 0.9854 -0.1696 0.0162
vn -0.6180 0.6695 0.4120
vn -0.6191 0.7842 -0.0413
vn -0.6882 0.6882 -0.2294
vn -0.9372 0.3308 -0.1103
vn -0.8744 0.4115 -0.2572
vn -0.7570 0.5948 -0.2704
vn -0.0584 0.3505 -0.9347
vn 0.7759 0.2821 -0.5643
vn 0.7399 -0.5381 -0.4036
vn -0.1400 -0.9802 -0.1400
vn 0.0664 -0.9956 0.0664
vn -0.2757 0.2412 0.9305
vn -0.0358 -0.2508 0.9674
vn 0.6360 -0.7420 0.2120
vn 0.8352 -0.4176 0.3579
vn 0.6556 -0.6556 0.3746
vn -0.2326 -0.9635 -0.1329
vn -0.2621 -0.9611 -0.0874
vn -0.5482 -0.8223 -0.1523
vn -0.2997 -0.9536 -0.0272
vn -0.2909 -0.9558 -0.0416
vn -0.2202 -0.9750 -0.0314
vn -0.3698 0.9245 -0.0924
vn -0.2357 0.2357 -0.9428
vn 0.9754 -0.0697 -0.2090
vn 0.5797 -0.2577 -0.7730
vn 0.6169 -0.7851 -0.0561
vn 0.4895 -0.8703 0.0544
vn 0.3835 -0.9204 -0.0767
vn 0.8788 0.2929 0.3766
vn 0.9045 0.3015 -0.3015
vn 0.9856 0.0411 -0.1643
vn -0.9773 0.2057 -0.0514
vn -0.2757 0.2412 -0.9305
vn -0.0358 -0.2508 -0.9674
vn -0.2453 -0.4498 0.8588
vn -0.1146 -0.3821 0.9170
vn -0.1034 0.5517 0.8276
vn -0.2358 0.8086 0.5390
vn -0.7804 0.5203 0.3468
vn -0.8397 0.0600 0.5398
vn -0.9794 0.0490 0.1959
vn -0.7472 0.6476 0.1494
vn -0.9503 0.1728 -0.2592
vn -0.9829 -0.0447 -0.1787
vn 0.1397 0.6520 0.7452
vn -0.7126 0.6730 0.1980
vn -0.9129 0.3651 0.1826
vn -0.6759 -0.3862 0.6276
vn -0.0399 0.4785 0.8772
vn -0.1066 -0.5116 0.8526
vn 0.9837 -0.1763 -0.0341
vn 0.0554 -0.8308 0.5538
vn -0.0000 0.5547 0.8320
vn -0.1473 0.0520 0.9877
vn -0.0000 0.8000 0.6000
vn 0.7063 -0.0471 -0.7063
vn 0.9899 0.0094 0.1414
vn 0.9810 -0.0121 0.1938
vn 0.9801 0.0104 0.1981
vn -0.1162 -0.3487 0.9300
vn -0.1726 -0.1151 0.9782
vn 0.6549 -0.6045 0.4534
vn 0.0400 -0.9592 -0.2798
vn 0.3459 -0.7687 -0.5381
vn -0.8320 0.5547 -0.0084
vn -0.4975 0.8666 -0.0374
vn -0.5234 0.8518 0.0205
vn -0.8724 0.4013 -0.2792
vn -0.7821 0.5803 -0.2271
vn -0.9773 0.2057 0.0514
vn -0.4851 0.4851 -0.7276
vn 0.8165 0.4083 -0.4082
vn 0.6000 -0.0000 -0.8000
vn 0.3333 0.6667 0.6667
vn -0.5774 0.5774 0.5773
vn -0.9104 -0.3310 0.2483
vn 0.3119 -0.8733 0.3743
vn 0.1728 -0.9503 -0.2592
vn -0.6674 -0.5721 -0.4767
vn -0.4036 0.2691 0.8745
vn -0.3620 -0.0517 0.9308
vn 0.0340 -0.5192 0.8540
vn 0.0516 -0.1642 0.9851
vn 0.0559 -0.1958 0.9790
vn 0.4402 -0.1761 0.8804
vn 0.4253 0.3093 0.8506
vn 0.8034 0.5843 0.1148
vn -0.0000 -0.1789 0.9839
vn -0.7021 0.2179 -0.6779
vn -0.4636 0.3793 -0.8008
vn -0.3123 0.1562 -0.9370
vn -0.3436 0.5726 0.7444
vn -0.5071 0.8452 0.1690
vn 0.8878 0.0306 0.4592
vn -0.5602 0.0551 0.8265
vn 0.9484 0.3161 0.0263
vn 0.7059 0.7059 -0.0588
vn 0.7762 0.2587 0.5750
vn 0.4712 -0.7710 -0.4284
vn 0.5185 -0.8296 -0.2074
vn 0.0995 -0.7960 0.5970
vn 0.1961 -0.7845 0.5883
vn 0.3145 -0.1048 0.9435
vn -0.8724 0.4013 0.2792
vn -0.5234 0.8518 -0.0205
vn -0.4980 0.8664 0.0363
vn -0.8320 0.5547 0.0082
vn 0.7788 0.2596 -0.5711
vn 0.7001 0.7001 0.1400
vn 0.9285 -0.0000 0.3714
vn 0.8245 0.2748 0.4947
vn -0.6271 0.7664 -0.1393
vn -0.7926 0.5661 -0.2265
vn -0.9713 0.2208 -0.0883
vn 0.2193 0.9745 0.0487
vn 0.1455 0.9701 0.1940
vn -0.8552 0.3665 0.3665
vn 0.8682 -0.0000 0.4961
vn 0.6312 0.6312 0.4508
vn 0.2375 0.9498 -0.2035
vn -0.1925 0.9623 0.1924
vn 0.0652 0.9785 0.1957
vn 0.7485 0.4990 -0.4366
vn -0.1579 0.0395 -0.9867
vn 0.0367 0.8082 -0.5878
vn 0.5337 0.7827 -0.3202
vn 0.7756 0.4266 -0.4653
vn 0.5103 -0.1276 -0.8505
vn 0.2423 0.9690 -0.0484
vn 0.8619 0.0907 0.4990
vn 0.9173 -0.0966 0.3862
vn 0.9981 0.0595 0.0127
vn 0.9977 0.0085 0.0676
vn 0.9877 -0.1493 0.0459
vn -0.3123 0.1562 0.9370
vn -0.4636 0.3793 0.8008
vn -0.5488 0.3293 0.7683
vn -0.2463 -0.8259 0.5071
vn -0.7926 -0.0000 0.6097
vn 0.3440 -0.0983 0.9338
vn 0.1978 0.3297 0.9231
vn -0.1940 0.1455 0.9701
vn 0.1773 -0.1330 0.9751
vn 0.9224 0.0384 0.3843
vn 0.9233 0.0543 0.3802
vn 0.6391 0.7414 0.2045
vn 0.2850 0.6412 0.7125
vn 0.3612 0.2322 0.9031
vn 0.8460 -0.1423 0.5139
vn -0.0384 0.9993 -0.0000
vn -0.0272 0.7068 -0.7068
vn 0.3369 -0.1684 -0.9264
vn 0.1545 -0.0773 0.9850
vn 0.7059 0.7059 0.0588
vn -0.2567 0.9497 0.1797
vn -0.5523 0.8285 -0.0921
vn 0.9666 0.1812 -0.1812
vn 0.9879 -0.1098 0.1098
vn 0.5963 0.7454 0.2981
vn -0.0816 0.8165 0.5715
vn 0.4572 0.6476 -0.6096
vn 0.7735 0.6268 -0.0934
vn 0.4811 0.8720 -0.0902
vn -0.5289 0.8429 0.0992
vn -0.3015 -0.3015 0.9045
vn 0.4813 0.7908 0.3782
vn 0.4428 0.8413 0.3100
vn -0.3468 0.5203 0.7804
vn -0.3419 0.2279 0.9117
vn -0.2489 0.1659 0.9542
vn -0.5051 0.3030 0.8081
vn 0.1270 0.7620 0.6350
vn 0.1959 -0.0490 0.9794
vn -0.1869 0.0467 0.9813
vn -0.5986 0.0688 0.7981
vn -0.5663 0.3303 0.7551
vn -0.5641 0.3152 0.7632
vn 0.1155 -0.8083 0.5774
vn -0.5570 -0.4526 0.6963
vn -0.9025 -0.1805 0.3911
vn -0.9004 -0.1801 0.3962
vn -0.7518 -0.5205 0.4048
vn -0.0272 0.7068 0.7068
vn -0.0346 0.9007 -0.4330
vn 0.3213 0.2038 -0.9248
vn 0.2474 -0.8996 -0.3598
vn 0.4211 -0.8421 -0.3369
vn 0.7469 0.0879 0.6591
vn 0.1464 -0.0366 -0.9885
vn 0.1695 0.0106 -0.9855
vn 0.9845 0.0615 -0.1641
vn -0.4515 0.5079 -0.7336
vn -0.3034 0.7586 -0.5766
vn 0.3586 0.5976 -0.7171
vn 0.1978 0.3297 -0.9231
vn -0.1940 0.1455 -0.9701
vn -0.9956 0.0664 -0.0664
vn -0.2933 0.5133 -0.8066
vn -0.4878 0.8536 0.1829
vn 0.4491 0.8339 -0.3208
vn 0.6188 0.3094 -0.7220
vn 0.2408 0.1204 -0.9631
vn 0.3773 0.6436 -0.6658
vn 0.3806 -0.0952 -0.9198
vn 0.6490 -0.0197 -0.7605
vn 0.1636 -0.0050 -0.9865
vn -0.1925 0.1434 -0.9708
vn -0.2558 0.2345 -0.9379
vn -0.0883 0.9420 -0.3238
vn -0.3138 0.7987 -0.5134
vn 0.9005 -0.3669 -0.2335
vn -0.4834 0.8701 -0.0967
vn 0.2357 0.2357 -0.9428
vn -0.2131 0.9769 -0.0178
vn 0.3214 0.9468 -0.0175
vn 0.4196 0.7553 -0.5035
vn 0.8111 -0.4867 -0.3244
vn -0.9397 0.0940 -0.3289
vn 0.2722 -0.9526 -0.1361
vn 0.2120 -0.7420 0.6360
vn 0.8615 -0.5026 0.0718
vn -0.0872 0.9156 -0.3924
vn 0.4198 0.8996 0.1200
vn 0.0322 0.8365 -0.5470
vn -0.0891 0.1782 -0.9800
vn 0.5031 0.5450 -0.6708
vn -0.2205 0.7167 -0.6616
vn -0.6931 0.6931 0.1980
vn 0.9581 0.0842 0.2737
vn -0.4444 -0.4444 0.7778
vn -0.8060 0.2198 -0.5496
vn -0.8366 0.1589 -0.5242
vn -0.8840 0.1524 -0.4420
vn -0.5986 0.0688 -0.7981
vn -0.5663 0.3303 -0.7551
vn -0.9118 0.4079 0.0480
vn -0.4411 0.7352 -0.5146
vn -0.2321 -0.9724 0.0221
vn -0.8741 -0.4786 0.0832
vn -0.9699 0.2425 0.0220
vn -0.7619 0.1905 0.6190
vn -0.5129 0.6595 0.5496
vn 0.9831 -0.1638 -0.0819
vn 0.2643 0.9513 0.1586
vn 0.3853 0.8808 -0.2752
vn 0.7620 -0.1270 -0.6350
vn -0.9812 0.1863 0.0497
vn -0.2425 0.9701 -0.0000
vn 0.9914 -0.0413 -0.1239
vn 0.9611 -0.2581 0.0979
vn 0.9701 0.2425 -0.0105
vn 0.9994 0.0117 0.0322
vn -0.1270 0.6350 0.7620
vn -0.9635 -0.2294 0.1376
vn 0.0193 -0.4446 0.8955
vn -0.9684 -0.2075 0.1383
vn -0.9635 -0.2294 0.1377
vn -0.8840 0.1524 0.4420
vn -0.8366 0.1589 0.5242
vn -0.8060 0.2198 0.5496
vn 0.0637 0.0717 0.9954
vn 0.1101 0.1238 0.9862
vn -0.8132 0.1099 0.5715
vn -0.1788 0.5038 0.8451
vn -0.1641 0.6975 0.6975
vn -0.9468 0.3156 0.0631
vn -0.4595 0.8807 -0.1149
vn 0.4233 0.7197 -0.5503
vn -0.0816 0.5715 0.8165
vn -0.1162 0.3487 0.9300
vn -0.0443 0.2214 0.9742
vn 0.8536 0.0208 0.5205
vn 0.1330 0.1773 0.9751
vn -0.4915 0.5735 0.6554
vn -0.2580 0.9029 0.3439
vn 0.9389 0.0427 -0.3414
vn 0.9339 0.0612 -0.3521
vn 0.9995 -0.0000 -0.0322
vn 0.0226 -0.3161 -0.9484
vn 0.0237 0.0948 -0.9952
vn 0.0557 -0.5219 -0.8512
vn 0.9837 -0.1763 0.0341
vn -0.6556 0.6556 0.3746
vn -0.9744 0.2249 -0.0000
vn -0.9642 0.2225 -0.1440
vn -0.9032 0.4147 -0.1106
vn -0.9812 0.1863 -0.0497
vn -0.4987 0.8550 -0.1425
vn -0.9844 0.1737 -0.0290
vn -0.2580 0.3440 -0.9029
vn -0.0872 0.9156 0.3924
vn 0.4198 0.8996 -0.1200
vn -0.7937 -0.5849 -0.1671
vn -0.4657 -0.5433 -0.6985
vn 0.3586 -0.7171 -0.5976
vn 0.4544 -0.8906 0.0182
vn 0.7044 0.7044 -0.0880
vn 0.0847 0.9737 0.2117
vn 0.1690 0.9804 0.1014
vn 0.2834 0.0708 0.9564
vn -0.0631 -0.3156 0.9468
vn -0.1219 -0.1829 0.9755
vn 0.1330 0.1773 -0.9751
vn -0.3015 0.9045 -0.3015
vn 0.2850 0.6412 -0.7125
vn 0.3612 0.2322 -0.9031
vn -0.0416 -0.9991 -0.0000
vn -0.0691 -0.9832 -0.1690
vn 0.0223 -0.2003 -0.9795
vn 0.0697 -0.2090 -0.9754
vn 0.1826 0.3652 0.9129
vn 0.4180 -0.0697 0.9058
vn -0.7126 -0.1980 0.6730
vn -0.8242 -0.5494 0.1374
vn -0.7123 -0.4834 -0.5088
vn -0.1855 -0.3246 -0.9275
vn 0.1654 -0.5375 -0.8269
vn 0.0840 -0.9035 -0.4202
vn -0.7620 -0.1270 0.6350
vn -0.8960 -0.1493 -0.4181
vn -0.8363 -0.3041 -0.4562
vn -0.8068 -0.3942 -0.4401
vn 0.7068 -0.7068 0.0283
vn 0.4243 -0.9038 0.0553
vn -0.3161 -0.9484 0.0263
vn -0.3162 -0.9486 0.0137
vn 0.8001 -0.5819 -0.1455
vn 0.8650 -0.1442 -0.4806
vn 0.9991 -0.0000 -0.0416
vn 0.8216 -0.5671 -0.0579
vn -0.9431 0.2054 0.2615
vn -0.9776 0.1768 0.1144
vn -0.9642 0.2225 0.1440
vn -0.9032 0.4147 0.1106
vn -0.8296 -0.5185 -0.2074
vn -0.4773 0.0796 -0.8751
vn 0.7217 -0.1203 -0.6816
vn 0.1739 0.7302 -0.6607
vn -0.1299 0.1840 -0.9743
vn -0.1641 0.6975 -0.6975
vn -0.0402 0.1708 -0.9845
vn -0.5450 -0.7785 -0.3114
vn -0.5521 -0.3450 -0.7591
vn 0.1826 -0.9129 -0.3651
vn 0.0758 -0.9855 -0.1516
vn 0.0494 -0.9877 -0.1482
vn -0.9733 -0.0324 0.2271
vn -0.9129 -0.1826 0.3651
vn -0.9806 -0.1569 0.1177
vn -0.9827 -0.1383 0.1235
vn -0.8942 -0.4301 0.1245
vn 0.9364 -0.0851 -0.3405
vn 0.9877 -0.1482 0.0494
vn 0.8669 -0.4729 0.1576
vn 0.2090 -0.9754 -0.0697
vn 0.8430 -0.5365 0.0383
vn 0.9110 0.4114 -0.0294
vn 0.9057 -0.1449 -0.3985
vn 0.9331 -0.3158 0.1723
vn 0.9412 -0.3361 -0.0336
vn 0.9389 -0.3414 -0.0427
vn 0.6396 0.6396 -0.4264
vn -0.3468 0.7804 -0.5203
vn -0.5658 0.8229 0.0514
vn -0.5760 -0.8160 0.0480
vn -0.6087 -0.7826 0.1304
vn -0.9874 0.1559 -0.0260
vn -0.9899 0.1414 -0.0000
vn 0.9705 0.2378 0.0388
vn 0.8208 -0.1642 0.5472
vn 0.3419 -0.9117 0.2279
vn -0.5431 -0.8146 0.2037
vn -0.6860 -0.7203 0.1029
vn -0.9873 0.1571 -0.0224
vn -0.1305 0.3481 0.9283
vn -0.0442 0.7064 0.7064
vn -0.0081 0.1300 0.9915
vn -0.0601 0.1342 0.9891
vn 0.0065 0.1291 -0.9916
vn -0.8132 0.1099 -0.5715
vn -0.7292 0.1067 -0.6759
vn -0.7218 0.0656 -0.6890
vn 0.0073 0.1968 -0.9804
vn 0.0047 0.1277 -0.9918
vn -0.0061 0.1639 -0.9865
vn -0.4859 0.1041 -0.8678
vn -0.4554 0.0207 -0.8901
vn 0.1332 0.1184 -0.9840
vn -0.4928 0.2875 -0.8213
vn -0.2725 0.0321 -0.9616
vn -0.1869 0.0467 -0.9813
vn 0.8412 -0.0765 0.5353
vn -0.0631 -0.5681 0.8206
vn 0.1855 -0.9585 0.2164
vn 0.9613 -0.0493 0.2711
vn 0.9097 0.0743 -0.4085
vn 0.7184 0.4310 -0.5460
vn 0.2821 -0.7596 -0.5860
vn -0.0000 -0.9285 0.3714
vn -0.6331 -0.0904 0.7688
vn -0.5298 -0.6929 0.4891
vn 0.5976 0.3586 -0.7171
vn 0.6587 0.2964 -0.6916
vn 0.6356 -0.7373 -0.2288
vn 0.4077 -0.8873 -0.2158
vn 0.4579 0.1831 0.8699
vn 0.0303 0.1668 0.9855
vn 0.0037 0.0999 0.9950
vn 0.0036 0.0972 0.9953
vn -0.0505 0.1310 0.9901
vn 0.9233 0.0543 -0.3802
vn 0.6391 0.7414 -0.2045
vn 0.4698 0.8808 -0.0587
vn 0.2182 0.8729 0.4364
vn -0.4379 0.0230 -0.8988
vn 0.4214 0.3813 -0.8228
vn 0.5270 0.1054 -0.8433
vn 0.6816 0.4317 -0.5908
vn 0.9470 0.2736 -0.1684
vn 0.9648 0.1732 -0.1979
vn 0.8162 0.1065 -0.5678
vn -0.6254 -0.1104 0.7725
vn -0.5716 -0.0249 0.8202
vn -0.6185 -0.0167 0.7856
vn -0.9102 -0.1138 0.3982
vn -0.9773 0.2108 0.0192
vn -0.1948 -0.1169 -0.9739
vn 0.1810 0.1086 -0.9775
vn 0.4834 0.0967 -0.8701
vn -0.8612 -0.4976 0.1033
vn -0.9783 -0.2056 0.0249
vn -0.9590 -0.0834 -0.2710
vn -0.9169 -0.0940 -0.3879
vn -0.9107 -0.0628 -0.4082
vn 0.9806 -0.0000 0.1961
vn 0.9834 0.1436 0.1105
vn 0.9382 0.1734 0.2996
vn 0.4264 -0.6396 -0.6396
vn 0.5523 -0.8285 0.0921
vn 0.1592 -0.7961 0.5838
vn -0.1206 -0.8441 0.5225
vn 0.5569 -0.7956 0.2387
vn 0.6400 -0.4800 0.6000
vn 0.6708 -0.5031 0.5450
vn -0.5270 -0.7379 0.4216
vn -0.7396 -0.6472 -0.1849
vn -0.9673 0.2536 -0.0059
vn -0.9776 0.1768 -0.1144
vn 0.5749 0.0454 -0.8170
vn 0.9287 0.1218 -0.3502
vn 0.9995 -0.0052 0.0314
vn -0.6521 0.6114 0.4483
vn -0.4515 0.5079 0.7336
vn -0.3034 0.7586 0.5766
vn -0.3668 0.9169 0.1572
vn 0.9113 0.1302 -0.3906
vn 0.7935 0.0467 -0.6068
vn 0.1810 0.1086 0.9775
vn -0.1855 -0.3246 0.9275
vn 0.1654 -0.5375 0.8269
vn 0.4698 0.8808 0.0587
vn -0.3710 0.9275 -0.0464
vn -0.2584 0.9597 -0.1107
vn -0.5064 -0.5570 -0.6583
vn -0.8301 0.2767 -0.4842
vn -0.6852 0.5482 -0.4796
vn -0.1506 -0.4015 -0.9034
vn 0.7065 0.0404 -0.7065
vn 0.8308 0.0554 -0.5539
vn 0.8308 -0.0081 0.5565
vn -0.2873 -0.5747 0.7663
vn 0.1562 0.3124 0.9370
vn 0.0854 0.5126 0.8544
vn 0.5659 0.1617 0.8085
vn -0.0652 0.1957 0.9785
vn -0.6322 -0.2950 0.7165
vn -0.9498 -0.2035 0.2375
vn -0.9700 -0.0147 0.2425
vn -0.8367 0.0331 -0.5467
vn -0.3162 -0.0093 -0.9486
vn -0.7808 -0.3675 -0.5052
vn -0.5963 0.7454 0.2981
vn -0.0000 0.0526 0.9986
vn -0.9189 0.0207 0.3938
vn -0.6856 0.6660 0.2938
vn -0.9583 0.1369 0.2510
vn -0.9127 -0.3572 0.1984
vn -0.7270 -0.6342 0.2630
vn -0.7581 -0.5307 -0.3791
vn 0.7916 0.3079 -0.5278
vn 0.8124 -0.0580 0.5803
vn 0.6674 0.4767 0.5721
vn 0.9113 -0.1302 0.3906
vn -0.9642 0.0838 -0.2515
vn -0.9431 0.2054 -0.2615
vn -0.8645 -0.0455 -0.5005
vn -0.9593 0.2741 -0.0685
vn -0.6287 0.7544 -0.1886
vn -0.3319 0.7301 -0.5974
vn -0.3319 0.5973 -0.7301
vn -0.6196 0.2065 -0.7573
vn 0.0563 -0.2817 0.9578
vn 0.2962 -0.1185 0.9478
vn -0.8733 0.3743 0.3119
vn -0.4867 0.8111 0.3244
vn -0.5937 0.2545 0.7634
vn -0.2701 0.9622 0.0338
vn 0.0986 -0.1315 -0.9864
vn 0.8182 0.1818 -0.5455
vn 0.8992 -0.1383 -0.4150
vn 0.5270 0.4216 -0.7379
vn 0.9300 0.3487 -0.1163
vn -0.0788 0.9457 -0.3152
vn 0.2673 0.5345 -0.8018
vn -0.3326 0.6176 -0.7127
vn 0.5819 0.8001 -0.1455
vn 0.9545 0.1790 -0.2386
vn 0.4588 -0.1059 -0.8822
vn -0.3498 -0.0378 0.9360
vn 0.8321 -0.3328 0.4438
vn 0.7175 -0.1913 0.6697
vn 0.8763 0.4674 0.1168
vn 0.9364 0.3405 0.0851
vn 0.3143 0.3928 0.8642
vn 0.2661 0.1064 0.9580
vn -0.5923 -0.2369 0.7701
vn 0.3906 0.1302 0.9113
vn 0.7730 0.2577 0.5797
vn -0.2460 0.3937 0.8857
vn 0.4104 0.5472 0.7295
vn -0.6408 -0.1373 -0.7553
vn -0.1958 -0.2671 -0.9436
vn -0.6126 -0.7208 -0.3243
vn -0.7029 -0.7109 -0.0240
vn -0.2380 -0.9632 -0.1247
vn -0.0000 -0.9906 -0.1366
vn 0.9986 0.0526 -0.0000
vn 0.9613 -0.0493 -0.2711
vn -0.7881 0.3941 -0.4729
vn -0.4815 0.2408 -0.8427
vn 0.8246 0.4851 0.2910
vn -0.7066 0.0393 0.7066
vn -0.0344 -0.0516 0.9981
vn -0.2572 0.4115 0.8744
vn -0.6140 0.1116 0.7814
vn -0.6116 0.0874 0.7863
vn 0.8276 -0.1034 0.5517
vn 0.7553 0.4196 0.5035
vn 0.7989 0.3261 0.5054
vn 0.0508 0.2542 0.9658
vn -0.0299 -0.1497 0.9883
vn 0.1622 -0.5812 -0.7974
vn -0.0290 -0.1231 -0.9920
vn -0.0368 0.1120 -0.9930
vn -0.0081 0.1300 -0.9915
vn 0.9662 0.1291 0.2230
vn 0.9721 0.0680 0.2243
vn 0.9766 0.1058 -0.1872
vn 0.9231 0.3297 -0.1978
vn 0.8491 0.1861 -0.4943
vn 0.1961 0.5883 0.7845
vn -0.8348 0.0817 0.5444
vn -0.8557 0.0642 0.5134
vn -0.7930 -0.3806 0.4758
vn -0.9966 0.0511 -0.0639
vn -0.9442 -0.0488 -0.3256
vn 0.9995 0.0062 -0.0310
vn 0.9995 -0.0000 -0.0312
vn 0.9752 0.2120 -0.0636
vn -0.0798 -0.2261 -0.9708
vn -0.0665 -0.9978 -0.0000
vn 0.0587 -0.9976 -0.0376
vn 0.4541 -0.8908 -0.0175
vn -0.1002 0.1552 -0.9828
vn -0.1788 0.5038 -0.8451
vn -0.1958 -0.2670 0.9436
vn -0.0798 -0.2261 0.9708
vn -0.0694 -0.9966 0.0444
vn 0.0370 0.0554 -0.9978
vn 0.4618 0.6926 -0.5541
vn -0.1002 0.1552 0.9828
vn -0.7292 0.1067 0.6759
vn -0.0209 -0.0886 0.9958
vn -0.0290 -0.1231 0.9920
vn -0.0368 0.1120 0.9930
vn 0.9995 0.0062 0.0310
vn 0.0563 -0.1641 0.9848
vn -0.0656 0.1640 0.9843
vn -0.8348 0.0817 -0.5444
vn -0.8557 0.0642 -0.5134
vn -0.5517 0.1034 -0.8276
vn 0.3589 -0.0673 -0.9309
vn 0.1145 -0.7441 -0.6582
vn 0.7553 0.4196 -0.5035
vn 0.8285 0.0921 0.5523
vn 0.7916 0.3079 0.5278
vn 0.8058 -0.0620 -0.5889
vn 0.0697 -0.2090 0.9754
vn 0.0223 -0.2003 0.9795
vn -0.0570 -0.9270 0.3708
vn 0.2817 -0.0563 0.9578
vn -0.7001 0.1400 0.7001
vn -0.8885 0.0480 0.4563
vn -0.8971 -0.1794 0.4037
vn -0.4309 0.0135 -0.9023
vn -0.5546 0.0173 -0.8319
vn -0.5544 -0.0308 -0.8317
vn 0.8095 -0.2313 -0.5397
vn 0.7169 -0.0422 -0.6959
vn 0.9485 -0.0192 0.3162
vn 0.7442 0.6202 0.2481
vn 0.9492 0.2103 0.2343
vn 0.9979 0.0624 0.0201
vn 0.0853 0.0379 0.9956
vn -0.1345 -0.7846 0.6053
vn 0.9639 -0.1134 0.2410
vn 0.8206 -0.0104 0.5713
vn -0.0295 -0.7068 0.7068
vn -0.8213 -0.0597 -0.5674
vn -0.3162 0.0176 -0.9485
vn 0.3162 0.0192 0.9485
vn 0.3162 -0.0176 0.9485
vn -0.3162 0.0176 0.9485
vn -0.6971 -0.0377 0.7160
vn -0.7122 0.0209 0.7017
vn 0.9327 0.0141 0.3604
vn 0.5679 0.5420 0.6195
vn 0.9948 0.0670 0.0765
vn 0.9981 0.0624 -0.0000
vn -0.8122 0.2779 0.5130
vn -0.7274 -0.3637 0.5819
vn -0.8379 -0.1676 0.5195
vn -0.8971 -0.1794 -0.4037
vn -0.2572 0.4115 -0.8744
vn -0.1289 -0.3007 -0.9450
vn 0.4836 0.0230 -0.8750
vn 0.9623 -0.1924 -0.1924
vn 0.8285 0.0921 -0.5523
vn -0.3195 -0.9475 0.0110
vn -0.2817 0.1083 0.9534
vn 0.1601 -0.0616 0.9852
vn 0.9973 0.0723 -0.0145
vn 0.1924 -0.9623 0.1924
vn -0.9691 0.1523 0.1938
vn -0.0379 0.9993 0.0076
vn -0.0921 0.8285 0.5523
vn -0.0394 0.9991 0.0131
vn -0.0379 0.9993 -0.0076
vn -0.0921 0.8285 -0.5523
vn -0.5472 -0.1642 -0.8208
vn -0.6967 -0.6271 -0.3484
vn 0.7001 0.1400 -0.7001
vn 0.1601 -0.0616 -0.9852
vn -0.2817 0.1083 -0.9534
vn -0.3195 -0.9475 -0.0110
vn 0.9878 -0.0659 -0.1411
vn 0.3103 -0.0194 0.9504
vn 0.8805 0.1761 0.4402
vn 0.4364 -0.8729 0.2182
vn -0.0710 0.0852 -0.9938
vn 0.8903 0.0954 -0.4452
vn -0.0830 -0.9957 -0.0415
vn -0.8379 -0.1676 -0.5195
vn -0.8543 0.1502 -0.4976
vn -0.8978 0.0418 -0.4385
vn -0.6639 0.1532 -0.7320
vn -0.3852 0.0889 -0.9185
vn -0.3369 -0.1684 -0.9264
vn -0.7274 -0.3637 -0.5819
vn -0.6967 -0.6271 0.3484
vn -0.5472 -0.1642 0.8208
vn -0.5517 0.1034 0.8276
vn -0.8885 0.0480 -0.4563
vn 0.2817 -0.0563 -0.9578
vn 0.0508 0.2542 -0.9658
vn 0.7063 -0.0471 0.7063
vn 0.9973 0.0723 0.0145
vn 0.1924 -0.9623 -0.1924
vn -0.0394 0.9991 -0.0131
vn 0.9979 0.0624 -0.0201
vn 0.9751 0.2184 -0.0390
vn 0.9984 0.0399 -0.0399
vn 0.9591 0.2821 0.0226
vn -0.0346 0.8539 -0.5193
vn -0.0000 0.8000 -0.6000
vn 0.9969 0.0650 -0.0433
vn 0.9990 -0.0375 0.0250
vn 0.9995 -0.0000 0.0322
vn -0.0000 -0.9906 0.1366
vn -0.2380 -0.9632 0.1247
vn -0.7029 -0.7109 0.0240
vn -0.6126 -0.7208 0.3243
vn 0.9991 -0.0000 -0.0434
vn 0.9129 0.1826 0.3651
vn 0.9402 0.0637 0.3346
vn -0.9860 0.1534 0.0657
vn -0.0370 -0.0222 0.9991
vn -0.0092 -0.9685 0.2490
vn -0.8000 -0.0000 0.6000
vn -0.9691 0.1523 -0.1938
vn -0.8000 -0.0000 -0.6000
vn -0.0092 -0.9685 -0.2490
vn -0.0370 -0.0222 -0.9991
vn -0.9860 0.1534 -0.0657
vn -0.4470 -0.8940 -0.0298
vn -0.0830 -0.9957 0.0415
vn 0.4836 0.0230 0.8750
vn -0.3369 -0.1684 0.9264
vn -0.4007 0.2289 0.8872
vn -0.1802 0.1030 0.9782
vn -0.6519 0.1574 0.7418
vn -0.8978 0.0418 0.4385
vn -0.8543 0.1502 0.4976
vn -0.9642 0.0838 0.2515
vn -0.9673 0.2535 0.0060
vn 0.1098 -0.1098 -0.9879
vn 0.8276 -0.2488 -0.5031
vn 0.8146 -0.1629 -0.5567
vn 0.7989 0.3261 -0.5054
vn -0.0651 -0.9434 0.3253
vn 0.0716 -0.9309 -0.3581
vn 0.8132 -0.0957 -0.5740
vn -0.0651 -0.9434 -0.3253
vn -0.4928 0.2875 0.8213
vn -0.2725 0.0321 0.9616
vn 0.7420 0.2120 -0.6360
vn 0.8518 -0.1656 0.4969
vn 0.8276 -0.2488 0.5031
vn 0.8146 -0.1629 0.5567
vn -0.7067 0.3029 -0.6394
vn -0.3475 0.5055 -0.7898
vn -0.0873 0.4367 -0.8953
vn -0.0318 0.1592 -0.9867
vn -0.6047 0.6047 0.5183
vn 0.1098 -0.1098 0.9879
vn -0.0346 0.8539 0.5193
vn 0.9591 0.2821 -0.0226
vn 0.9984 0.0399 0.0399
vn 0.9751 0.2184 0.0390
vn 0.3054 0.3272 -0.8943
vn -0.5383 0.3588 -0.7626
vn -0.0000 0.5241 0.8517
vn 0.7232 0.6026 0.3375
vn 0.9790 0.2005 -0.0354
vn 0.9790 0.2034 0.0127
vn -0.5884 -0.7845 -0.1961
vn -0.8303 0.2686 -0.4884
vn -0.8246 0.3534 -0.4417
vn -0.8823 0.2941 -0.3676
vn -0.5500 0.6285 0.5500
vn 0.6587 0.6916 -0.2964
vn 0.8637 0.5038 0.0144
vn 0.9598 0.2707 0.0738
vn 0.9638 0.2561 0.0741
vn -0.7066 -0.0393 -0.7066
vn -0.6959 -0.0422 -0.7169
vn -0.6971 -0.0377 -0.7160
vn 0.3162 -0.0176 -0.9485
vn 0.3162 0.0176 -0.9485
vn 0.9450 0.0875 -0.3150
vn 0.9985 0.0555 -0.0000
vn 0.9983 -0.0587 -0.0000
vn 0.9534 -0.0899 -0.2878
vn -0.0000 -0.1168 0.9932
vn -0.8213 -0.0597 0.5674
vn -0.8365 0.0322 0.5470
vn -0.6047 0.6047 -0.5183
vn -0.5500 0.6285 -0.5500
vn -0.8823 0.2941 0.3676
vn -0.8246 0.3534 0.4417
vn -0.8303 0.2686 0.4884
vn -0.5884 -0.7845 0.1961
vn -0.0609 0.0664 -0.9959
vn 0.8878 0.0306 -0.4592
vn 0.9614 -0.2747 -0.0172
vn 0.6871 -0.7263 -0.0196
vn 0.7023 -0.7116 -0.0185
vn -0.4472 -0.8943 0.0132
vn -0.0000 -0.9996 0.0294
vn -0.0000 -0.9996 -0.0286
vn -0.4472 -0.8944 -0.0128
vn 0.9523 0.3047 0.0190
vn 0.9630 -0.2689 0.0174
vn 0.6834 -0.7298 0.0199
vn -0.0219 -0.9991 0.0365
vn 0.0995 -0.9950 0.0128
vn 0.0995 -0.9950 -0.0124
vn -0.0211 -0.9992 -0.0352
vn 0.0762 -0.6857 -0.7238
vn 0.9753 -0.1561 -0.1561
vn 0.9880 -0.0218 -0.1528
vn 0.8295 -0.0790 -0.5530
vn 0.5345 -0.2673 -0.8018
vn 0.0671 -0.6712 -0.7383
vn 0.0762 -0.6857 0.7238
vn 0.8295 -0.0790 0.5530
vn 0.9880 -0.0218 0.1528
vn 0.9753 -0.1561 0.1561
vn -0.5138 0.0535 0.8563
vn 0.0671 -0.6712 0.7383
vn 0.7023 -0.7116 0.0185
vn -0.1240 0.0338 0.9917
vn -0.3856 -0.0918 0.9181
vn 0.3228 0.8218 -0.4696
vn 0.6198 0.7546 -0.2156
vn 0.1361 0.9526 -0.2722
vn 0.1932 0.9018 -0.3865
vn -0.6441 0.3081 -0.7001
vn -0.4602 -0.8876 0.0164
vn -0.9956 -0.0864 0.0356
vn -0.5138 0.0535 -0.8563
vn -0.9939 0.0964 0.0542
vn -0.9966 -0.0161 0.0804
vn -0.9468 -0.0631 0.3156
vn -0.9939 0.0964 -0.0542
vn -0.9966 -0.0161 -0.0804
vn -0.9956 -0.0864 -0.0356
vn -0.7930 -0.3806 -0.4758
vn -0.9966 0.0511 0.0639
vn -0.8571 0.2857 -0.4286
vn -0.0151 0.9486 -0.3162
vn -0.7220 0.3094 0.6189
vn -0.2592 0.4319 0.8639
vn -0.5552 0.6571 0.5099
vn -0.7714 0.4462 0.4538
vn 0.8518 -0.1656 -0.4969
vn 0.3500 -0.9362 0.0326
vn 0.9746 -0.2201 -0.0419
vn 0.7252 0.2417 0.6447
vn 0.7420 0.2120 0.6360
vn 0.9962 0.0830 -0.0277
vn 0.0151 0.9486 -0.3162
vn -0.0000 0.8682 -0.4961
vn 0.9766 0.2142 0.0171
vn -0.3572 -0.9184 -0.1701
vn -0.5971 -0.7808 -0.1837
vn -0.9400 0.1808 -0.2892
vn -0.9374 0.1223 -0.3261
vn -0.9994 -0.0151 -0.0303
vn -0.9681 -0.2505 0.0068
vn -0.9469 0.1306 -0.2939
vn -0.9469 0.1306 0.2939
vn -0.9681 -0.2505 -0.0068
vn -0.9994 -0.0156 0.0312
vn -0.9374 0.1223 0.3261
vn -0.5971 -0.7808 0.1837
vn -0.9400 0.1808 0.2892
vn -0.0000 0.8682 0.4961
vn -0.0609 0.0664 0.9959
vn 0.9975 0.0712 -0.0000
vn 0.9997 -0.0000 -0.0263
vn 0.9697 -0.2424 -0.0294
vn 0.9972 0.0691 -0.0302
vn -0.9963 0.0766 0.0383
vn 0.9697 -0.2424 0.0303
vn 0.9971 0.0690 0.0312
vn -0.9963 0.0766 -0.0383
vn -0.0880 -0.7044 0.7044
vn 0.1622 -0.5812 0.7974
vn 0.1595 -0.5103 0.8451
vn 0.0612 -0.1957 0.9787
vn 0.9893 0.0287 -0.1434
vn 0.3500 -0.9362 -0.0326
vn 0.9753 0.2109 0.0659
vn 0.0612 -0.1957 -0.9787
vn 0.1595 -0.5103 -0.8451
vn 0.5963 0.2981 -0.7454
vn -0.6881 -0.3440 -0.6389
vn 0.8322 -0.1280 0.5395
vn 0.9811 -0.1509 -0.1208
vn 0.1939 -0.4986 -0.8449
vn 0.0995 0.0249 -0.9947
vn 0.0867 0.4912 -0.8667
vn 0.1053 0.5967 -0.7956
vn -0.0222 0.5999 -0.7998
vn -0.9811 0.1509 -0.1208
vn -0.8322 0.1280 0.5395
vn -0.6881 -0.3440 0.6389
vn 0.5963 0.2981 0.7454
vn -0.2164 0.4148 0.8838
vn 0.4872 0.4385 0.7552
vn 0.3810 0.8636 0.3302
vn 0.0745 0.9435 0.3228
vn -0.4082 0.8165 0.4083
vn 0.5482 0.4796 -0.6852
vn 0.6930 0.3898 -0.6064
vn 0.7453 0.6033 -0.2839
vn -0.0029 0.9991 -0.0434
vn -0.0000 0.9989 0.0476
vn -0.0030 0.9990 0.0454
vn -0.4469 0.8937 0.0406
vn -0.4469 0.8937 -0.0389
vn -0.0000 0.9138 -0.4061
vn 0.9864 0.1644 -0.0000
vn 0.9805 0.1961 0.0093
vn 0.9805 0.1961 -0.0089
vn 0.9766 0.2142 -0.0171
vn -0.6458 0.0760 -0.7597
vn -0.4630 -0.5787 -0.6713
vn -0.9972 0.0709 -0.0244
vn -0.7159 -0.6973 -0.0372
vn -0.1644 -0.9863 0.0126
vn 0.2063 0.9283 0.3094
vn -0.0151 0.9486 0.3162
vn -0.3572 -0.9184 0.1701
vn -0.8817 -0.3527 0.3135
vn -0.9650 0.2212 0.1407
vn 0.9921 0.1240 0.0207
vn 0.9089 0.4166 0.0189
vn 0.8235 0.5652 0.0484
vn 0.6311 0.5890 0.5048
vn -0.3856 -0.0918 -0.9181
vn -0.6458 0.0760 0.7597
vn -0.4630 -0.5787 0.6713
vn -0.9345 -0.1402 0.3271
vn -0.7636 -0.6056 -0.2238
vn -0.0168 -0.9991 -0.0378
vn -0.1240 0.0338 -0.9917
vn 0.9674 0.1447 -0.2079
vn 0.9962 0.0830 0.0277
vn 0.0151 0.9486 0.3162
vn 0.1735 -0.9831 -0.0578
vn 0.1982 -0.9802 0.0054
vn -0.0120 -0.9995 0.0299
vn 0.3984 -0.9163 0.0398
vn 0.9191 -0.0000 0.3939
vn -0.0000 -0.8682 0.4961
vn -0.7311 0.6820 -0.0218
vn -0.8034 0.5876 -0.0959
vn -0.9650 0.2212 -0.1407
vn -0.6653 0.7308 -0.1527
vn -0.7946 0.4132 -0.4449
vn -0.8817 -0.3527 -0.3135
vn -0.0000 0.9138 0.4061
vn -0.9468 -0.0631 -0.3156
vn -0.5814 0.8041 -0.1237
vn -0.3738 0.9167 -0.1410
vn -0.5148 0.7510 -0.4135
vn -0.5814 0.6729 -0.4573
vn -0.7842 0.4151 -0.4613
vn 0.9971 -0.0000 0.0767
vn 0.0166 0.4472 0.8943
vn 0.0263 0.4471 0.8941
vn 0.0425 0.5244 0.8504
vn 0.0499 0.0125 0.9987
vn 0.1524 -0.5126 0.8450
vn -0.4757 0.8578 0.1949
vn -0.6253 0.7486 0.2202
vn -0.5522 0.8121 0.1884
vn -0.7714 0.4558 0.4441
vn -0.5326 0.8458 0.0313
vn -0.7070 0.7070 0.0191
vn -0.7318 0.6811 0.0225
vn -0.8034 0.5876 0.0959
vn 0.3698 -0.0925 -0.9245
vn 0.5191 0.0944 -0.8495
vn 0.9970 0.0086 -0.0774
vn 0.5191 0.0944 0.8495
vn 0.1762 -0.2936 0.9396
vn 0.1366 -0.9900 -0.0341
vn 0.3984 -0.9163 -0.0398
vn -0.9970 -0.0086 -0.0774
vn 0.9728 0.2304 0.0256
vn -0.0562 0.4352 -0.8986
vn 0.0624 0.0156 -0.9979
vn -0.8321 0.5547 -0.0000
vn -0.0000 0.9578 -0.2873
vn -0.3162 0.9487 0.0077
vn -0.3162 0.9487 -0.0075
vn -0.5321 0.8461 -0.0305
vn -0.7070 0.7070 -0.0186
vn -0.0000 0.9578 0.2873
vn 0.9852 0.1642 -0.0493
vn 0.0624 0.0156 0.9979
vn -0.0562 0.4352 0.8986
vn 0.9728 0.2304 -0.0256
vn 0.9024 0.4011 -0.1576
vn 0.8471 0.5312 -0.0144
vn -0.0854 0.9963 0.0071
vn 0.2333 0.9722 -0.0194
vn 0.0745 0.9435 -0.3228
vn -0.0504 0.5884 -0.8070
vn -0.1188 0.8953 -0.4294
vn -0.0932 0.9573 -0.2735
vn -0.0081 0.9615 -0.2747
vn 0.6462 0.7585 0.0843
vn 0.9840 0.1718 0.0469
vn 0.5998 0.7997 0.0286
vn 0.6094 0.7923 -0.0305
vn -0.0000 0.9975 0.0712
vn -0.0404 0.9607 0.2745
vn -0.0932 0.9573 0.2735
vn -0.1188 0.8953 0.4294
vn -0.0504 0.5884 0.8070
vn -0.1155 0.9838 0.1369
vn -0.1726 0.9782 0.1151
vn -0.0854 0.9963 -0.0071
vn 0.2333 0.9722 0.0194
vn 0.6462 0.7585 -0.0843
vn 0.0263 0.8152 -0.5785
vn 0.0144 0.9486 -0.3162
vn 0.0104 0.9433 -0.3317
vn 0.1231 0.8616 -0.4924
vn -0.1934 0.9810 -0.0141
vn -0.1521 0.9884 -0.0000
vn -0.1322 0.9912 -0.0000
vn -0.0667 0.9974 -0.0255
vn -0.1155 0.9838 -0.1369
vn -0.1726 0.9782 -0.1151
vn -0.3077 -0.2308 0.9231
vn 0.6091 0.7905 -0.0648
vn 0.4470 0.8941 -0.0279
vn 0.4472 0.8944 -0.0000
vn -0.3158 -0.0526 0.9474
vn -0.5970 -0.0995 0.7960
vn -0.1933 0.9810 0.0145
vn 0.3869 0.9218 0.0228
vn 0.2593 0.9650 0.0384
vn 0.2417 0.9670 0.0806
vn 0.4543 0.7269 0.5149
vn 0.0396 0.6184 0.7849
vn -0.0266 0.9846 0.1730
vn -0.0146 0.9788 0.2045
vn -0.0168 -0.9991 0.0378
vn -0.7636 -0.6056 0.2238
vn -0.9345 -0.1402 -0.3271
vn 0.8900 0.0989 -0.4450
vn 0.9283 0.2063 0.3094
vn 0.9450 0.0875 0.3150
vn 0.0188 0.0565 0.9982
vn -0.0652 -0.1957 0.9785
vn -0.3931 0.0655 0.9172
vn 0.3151 0.0859 -0.9452
vn -0.8968 0.3261 0.2989
vn -0.2934 0.3734 -0.8801
vn -0.0000 0.1789 -0.9839
vn -0.0000 -0.3939 -0.9191
vn 0.8340 -0.4766 -0.2780
vn 0.8887 -0.3501 -0.2962
vn 0.9398 -0.3417 -0.0000
vn 0.5893 -0.0218 0.8076
vn 0.8942 -0.4471 0.0242
vn -0.0688 0.0344 -0.9970
vn -0.0636 -0.0424 -0.9971
vn -0.7276 -0.4851 -0.4851
vn -0.4472 0.5367 -0.7155
vn -0.9994 -0.0214 0.0286
vn -0.9987 0.0357 0.0357
vn -0.1240 -0.9923 0.0044
vn -0.9994 0.0156 0.0312
vn -0.8929 -0.4465 0.0576
vn -0.7123 -0.7015 -0.0216
vn 0.8942 0.4471 0.0235
vn 0.9997 -0.0000 0.0263
vn -0.4602 -0.8876 -0.0164
vn 0.9197 0.2453 -0.3066
vn 0.9372 0.3308 -0.1103
vn 0.8729 0.2182 0.4364
vn 0.8900 0.0989 0.4450
vn 0.1839 -0.9810 0.0613
vn 0.1735 -0.9831 0.0578
vn 0.1924 -0.1924 0.9623
vn 0.9972 0.0525 -0.0525
vn 0.9718 0.2302 -0.0511
vn 0.1925 -0.1924 -0.9623
vn -0.1240 -0.9923 -0.0044
vn -0.9987 0.0357 -0.0357
vn -0.9994 -0.0214 -0.0286
vn -0.4472 0.5367 0.7155
vn 0.9985 -0.0000 0.0540
vn 0.9715 0.2345 0.0335
vn 0.2043 -0.9787 -0.0215
vn -0.8165 -0.4082 -0.4083
vn -0.8452 -0.1690 -0.5071
vn -0.0502 0.4265 -0.9031
vn -0.0186 0.9485 -0.3162
vn -0.0509 0.9966 -0.0655
vn -0.0167 0.9978 -0.0634
vn 0.0268 0.9906 -0.1339
vn 0.5488 0.3293 -0.7684
vn -0.8878 -0.2825 0.3632
vn 0.8111 0.4867 0.3244
vn -0.0183 0.9902 0.1385
vn -0.0709 0.9973 0.0202
vn -0.0555 0.9981 0.0253
vn -0.0670 0.9974 0.0261
vn -0.0502 0.4265 0.9031
vn -0.8452 -0.1690 0.5071
vn -0.8165 -0.4082 0.4083
vn -0.1195 0.9928 -0.0041
vn -0.0555 0.9982 -0.0248
vn 0.0797 0.9968 0.0070
vn 0.1433 0.9883 -0.0528
vn -0.4661 0.8844 0.0239
vn -0.6871 0.7263 0.0196
vn -0.6871 0.7263 -0.0196
vn -0.4661 0.8844 -0.0239
vn 0.0203 0.9525 0.3040
vn 0.0639 0.2770 0.9588
vn 0.9486 0.3162 -0.0096
vn 0.8942 0.4471 -0.0235
vn -0.8554 -0.2516 -0.4528
vn -0.9899 -0.1414 -0.0000
vn -0.1322 0.5947 -0.7930
vn 0.9486 0.3162 0.0099
vn 0.0272 0.7069 0.7068
vn 0.0693 0.9975 0.0139
vn 0.0651 0.9978 0.0096
vn -0.7071 0.7071 -0.0102
vn -0.7071 0.7071 0.0101
vn 0.9971 0.0539 0.0539
vn -0.9363 -0.3511 -0.0000
vn -0.9317 -0.3306 -0.1503
vn -0.6421 0.1396 0.7538
vn -0.3980 -0.1990 0.8955
vn -0.5437 0.1977 0.8156
vn 0.5547 -0.0000 -0.8320
vn 0.6415 0.1166 -0.7582
vn 0.9578 0.2873 -0.0000
vn 0.4468 0.0447 0.8935
vn 0.1361 -0.9526 0.2722
vn 0.0272 0.7068 -0.7068
vn 0.0384 0.9993 -0.0000
vn -0.1322 0.5947 0.7930
vn -0.0420 0.9668 0.2522
vn -0.0554 0.9415 -0.3323
vn 0.8992 -0.4150 -0.1383
vn 0.5398 -0.0600 -0.8397
vn 0.7071 -0.5657 -0.4243
vn 0.2822 -0.9407 0.1881
vn 0.8270 -0.1103 0.5513
vn -0.3094 -0.2063 -0.9283
vn -0.7603 -0.2281 -0.6082
vn -0.3651 0.1826 -0.9129
vn 0.2176 0.7255 -0.6529
vn 0.3094 0.2063 -0.9283
vn 0.3137 -0.1255 -0.9412
vn -0.8830 0.3532 -0.3091
vn -0.7448 0.5793 -0.3310
vn 0.1669 0.2782 -0.9459
vn -0.3123 -0.1562 -0.9370
vn -0.5270 -0.8433 -0.1054
vn 0.2741 -0.0685 -0.9593
vn 0.1065 0.2661 -0.9580
vn 0.3548 0.8870 -0.2957
vn 0.8182 0.5455 -0.1818
vn 0.6621 0.0828 -0.7448
vn 0.3802 0.7061 0.5974
vn 0.3835 0.0767 0.9204
vn 0.2691 0.2018 0.9417
vn -0.3077 -0.2308 -0.9231
vn -0.2394 -0.9577 -0.1596
vn -0.0733 -0.2933 -0.9532
vn 0.4124 0.0825 -0.9073
vn 0.3310 0.2483 -0.9104
vn -0.1897 0.2530 0.9487
vn -0.1826 -0.3651 0.9129
vn -0.7845 -0.5883 -0.1961
vn -0.1869 -0.4205 -0.8878
vn 0.5174 -0.6467 -0.5605
vn 0.6239 -0.7798 0.0520
vn 0.6239 -0.7798 -0.0520
vn 0.5174 -0.6467 0.5605
vn -0.1869 -0.4205 0.8878
vn -0.7845 -0.5883 0.1961
vn 0.6379 -0.0850 0.7654
vn -0.2357 0.2357 0.9428
vn 0.2914 -0.3885 -0.8742
vn 0.6379 -0.0850 -0.7654
vn 0.1302 0.3906 0.9113
vn -0.4205 0.1577 -0.8935
vn -0.7420 0.6360 0.2120
vn 0.3208 -0.4491 0.8339
vn -0.4062 -0.4964 0.7672
vn -0.4205 0.1577 0.8935
vn -0.7420 0.6360 -0.2120
vn -0.2394 -0.9577 0.1596
vn -0.1010 -0.4041 0.9091
vn 0.5846 0.6909 -0.4252
vn 0.6562 0.7159 -0.2386
vn 0.3589 0.9331 -0.0239
vn -0.0067 0.1273 -0.9918
vn -0.0867 0.1661 -0.9823
vn -0.1621 -0.8297 -0.5341
vn -0.0527 -0.7999 -0.5978
vn 0.1408 -0.5163 -0.8448
vn 0.2967 -0.3461 -0.8900
vn 0.1586 -0.2643 -0.9513
vn -0.6116 -0.7863 0.0874
vn -0.7125 -0.6412 0.2850
vn -0.3436 -0.8400 0.4200
vn -0.2193 -0.9381 0.2680
vn -0.1894 -0.6943 -0.6943
vn -0.2370 0.4345 -0.8689
vn 0.0704 -0.4461 -0.8922
vn 0.1110 -0.7027 -0.7027
vn -0.0146 0.8320 0.5546
vn -0.0470 0.8934 0.4467
vn 0.7366 0.5544 0.3873
vn -0.2139 0.6416 -0.7366
vn -0.9355 -0.3465 -0.0693
s 0
f 1//1 2//1 3//1
f 1//1 3//1 4//1
f 1//2 4//2 5//2
f 1//2 5//2 6//2
f 1//3 6//3 7//3
f 1//4 7//4 8//4
f 1//5 8//5 9//5
f 1//5 9//5 2//5
f 10//6 2//6 9//6
f 10//7 9//7 11//7
f 10//8 11//8 12//8
f 10//9 12//9 13//9
f 10//10 13//10 14//10
f 10//11 14//11 15//11
f 10//12 15//12 2//12
f 3//13 2//13 15//13
f 3//14 15//14 16//14
f 3//15 16//15 17//15
f 3//16 17//16 18//16
f 3//17 18//17 4//17
f 19//1 20//1 21//1
f 19//1 21//1 22//1
f 19//1 22//1 23//1
f 19//18 23//18 24//18
f 19//19 24//19 25//19
f 19//20 25//20 26//20
f 19//21 26//21 20//21
f 26//22 25//22 27//22
f 26//23 27//23 28//23
f 26//24 28//24 29//24
f 26//25 29//25 30//25
f 26//26 30//26 20//26
f 31//27 20//27 30//27
f 31//28 30//28 32//28
f 31//28 32//28 33//28
f 31//29 33//29 34//29
f 31//30 34//30 35//30
f 31//31 35//31 21//31
f 31//27 21//27 20//27
f 36//1 23//1 22//1
f 36//32 22//32 37//32
f 36//33 37//33 38//33
f 36//34 38//34 39//34
f 36//35 39//35 40//35
f 36//35 40//35 23//35
f 40//36 39//36 41//36
f 40//37 41//37 42//37
f 40//38 42//38 24//38
f 40//39 24//39 23//39
f 18//40 17//40 43//40
f 18//41 43//41 44//41
f 18//42 44//42 45//42
f 18//43 45//43 5//43
f 18//44 5//44 4//44
f 46//1 47//1 48//1
f 46//1 48//1 49//1
f 46//2 49//2 50//2
f 46//2 50//2 51//2
f 46//45 51//45 52//45
f 46//46 52//46 43//46
f 46//20 43//20 53//20
f 46//47 53//47 47//47
f 54//48 47//48 53//48
f 54//49 53//49 55//49
f 54//50 55//50 56//50
f 54//51 56//51 57//51
f 54//51 57//51 58//51
f 54//13 58//13 47//13
f 48//13 47//13 58//13
f 48//52 58//52 59//52
f 48//53 59//53 60//53
f 48//54 60//54 49//54
f 35//55 34//55 61//55
f 35//56 61//56 62//56
f 35//57 62//57 37//57
f 35//32 37//32 22//32
f 35//58 22//58 21//58
f 63//59 49//59 60//59
f 63//60 60//60 64//60
f 63//61 64//61 65//61
f 63//62 65//62 66//62
f 63//63 66//63 49//63
f 66//64 65//64 67//64
f 66//65 67//65 68//65
f 66//66 68//66 69//66
f 66//67 69//67 50//67
f 66//68 50//68 49//68
f 70//1 71//1 72//1
f 70//2 72//2 73//2
f 70//2 73//2 74//2
f 70//69 74//69 76//69
f 70//4 76//4 78//4
f 70//70 78//70 81//70
f 70//71 81//71 71//71
f 82//13 71//13 84//13
f 82//13 84//13 86//13
f 82//72 86//72 87//72
f 82//73 87//73 72//73
f 82//1 72//1 71//1
f 89//74 71//74 81//74
f 89//75 81//75 90//75
f 89//76 90//76 92//76
f 89//77 92//77 94//77
f 89//78 94//78 95//78
f 89//79 95//79 84//79
f 89//80 84//80 71//80
f 99//1 101//1 103//1
f 99//5 103//5 104//5
f 99//5 104//5 107//5
f 99//5 107//5 110//5
f 99//1 110//1 112//1
f 99//1 112//1 114//1
f 115//35 103//35 101//35
f 115//81 101//81 120//81
f 115//82 120//82 122//82
f 115//83 122//83 124//83
f 115//83 124//83 126//83
f 115//35 126//35 103//35
f 128//84 103//84 126//84
f 128//85 126//85 130//85
f 128//86 130//86 132//86
f 128//87 132//87 134//87
f 128//87 134//87 104//87
f 128//88 104//88 103//88
f 137//89 110//89 107//89
f 137//90 107//90 140//90
f 137//91 140//91 142//91
f 137//92 142//92 144//92
f 137//93 144//93 146//93
f 137//94 146//94 148//94
f 137//95 148//95 110//95
f 112//27 110//27 148//27
f 112//27 148//27 150//27
f 112//31 150//31 153//31
f 112//96 153//96 155//96
f 112//1 155//1 114//1
f 157//57 72//57 87//57
f 157//97 87//97 159//97
f 157//98 159//98 161//98
f 157//99 161//99 163//99
f 157//100 163//100 165//100
f 157//101 165//101 166//101
f 157//102 166//102 72//102
f 166//103 165//103 168//103
f 166//104 168//104 170//104
f 166//105 170//105 73//105
f 166//106 73//106 72//106
f 175//1 176//1 177//1
f 175//1 177//1 179//1
f 175//2 179//2 182//2
f 175//2 182//2 184//2
f 175//107 184//107 186//107
f 175//107 186//107 163//107
f 175//5 163//5 176//5
f 161//108 159//108 190//108
f 161//108 190//108 192//108
f 161//109 192//109 194//109
f 161//110 194//110 176//110
f 161//111 176//111 163//111
f 177//13 176//13 194//13
f 177//13 194//13 198//13
f 177//112 198//112 201//112
f 177//113 201//113 202//113
f 177//32 202//32 179//32
f 204//114 120//114 114//114
f 204//115 114//115 155//115
f 204//116 155//116 208//116
f 204//116 208//116 211//116
f 204//117 211//117 214//117
f 204//118 214//118 122//118
f 204//119 122//119 120//119
f 153//120 150//120 216//120
f 153//121 216//121 218//121
f 153//122 218//122 221//122
f 153//123 221//123 208//123
f 153//124 208//124 155//124
f 224//63 179//63 225//63
f 224//125 225//125 227//125
f 224//126 227//126 229//126
f 224//127 229//127 232//127
f 224//128 232//128 234//128
f 224//129 234//129 182//129
f 224//130 182//130 179//130
f 202//131 201//131 238//131
f 202//61 238//61 225//61
f 202//32 225//32 179//32
f 240//132 8//132 7//132
f 240//133 7//133 242//133
f 240//134 242//134 244//134
f 240//135 244//135 246//135
f 240//136 246//136 11//136
f 240//134 11//134 8//134
f 11//134 9//134 8//134
f 249//83 6//83 5//83
f 249//83 5//83 252//83
f 249//137 252//137 254//137
f 249//137 254//137 256//137
f 249//138 256//138 258//138
f 249//139 258//139 7//139
f 249//140 7//140 6//140
f 261//51 15//51 14//51
f 261//141 14//141 263//141
f 261//142 263//142 265//142
f 261//143 265//143 269//143
f 261//144 269//144 16//144
f 261//145 16//145 15//145
f 270//146 24//146 42//146
f 270//147 42//147 273//147
f 270//148 273//148 275//148
f 270//149 275//149 278//149
f 270//150 278//150 25//150
f 270//151 25//151 24//151
f 29//152 28//152 282//152
f 29//153 282//153 287//153
f 29//154 287//154 290//154
f 29//155 290//155 32//155
f 29//156 32//156 30//156
f 45//157 44//157 293//157
f 45//158 293//158 296//158
f 45//159 296//159 252//159
f 45//67 252//67 5//67
f 300//160 53//160 43//160
f 300//161 43//161 17//161
f 300//162 17//162 303//162
f 300//163 303//163 53//163
f 303//162 17//162 269//162
f 303//164 269//164 305//164
f 303//165 305//165 307//165
f 303//166 307//166 308//166
f 303//167 308//167 55//167
f 303//168 55//168 53//168
f 310//169 39//169 38//169
f 310//170 38//170 312//170
f 310//171 312//171 315//171
f 310//172 315//172 317//172
f 310//173 317//173 41//173
f 310//36 41//36 39//36
f 319//83 51//83 50//83
f 319//83 50//83 69//83
f 319//137 69//137 322//137
f 319//137 322//137 325//137
f 319//174 325//174 328//174
f 319//175 328//175 52//175
f 319//176 52//176 51//176
f 330//177 37//177 62//177
f 330//178 62//178 332//178
f 330//179 332//179 312//179
f 330//180 312//180 38//180
f 330//180 38//180 37//180
f 59//181 58//181 57//181
f 59//182 57//182 337//182
f 59//183 337//183 340//183
f 59//184 340//184 64//184
f 59//185 64//185 60//185
f 342//186 78//186 76//186
f 342//187 76//187 344//187
f 342//134 344//134 347//134
f 342//134 347//134 348//134
f 342//134 348//134 90//134
f 342//134 90//134 78//134
f 90//188 81//188 78//188
f 353//83 74//83 73//83
f 353//83 73//83 170//83
f 353//137 170//137 355//137
f 353//137 355//137 357//137
f 353//189 357//189 360//189
f 353//190 360//190 76//190
f 353//191 76//191 74//191
f 362//51 84//51 95//51
f 362//141 95//141 364//141
f 362//142 364//142 366//142
f 362//192 366//192 368//192
f 362//193 368//193 86//193
f 362//51 86//51 84//51
f 140//5 107//5 104//5
f 140//194 104//194 134//194
f 140//195 134//195 372//195
f 140//134 372//134 374//134
f 140//196 374//196 142//196
f 124//197 122//197 376//197
f 124//198 376//198 379//198
f 124//199 379//199 130//199
f 124//200 130//200 126//200
f 382//28 148//28 146//28
f 382//201 146//201 384//201
f 382//202 384//202 385//202
f 382//203 385//203 216//203
f 382//204 216//204 150//204
f 382//28 150//28 148//28
f 368//205 366//205 388//205
f 368//206 388//206 190//206
f 368//207 190//207 87//207
f 368//208 87//208 86//208
f 190//209 159//209 87//209
f 186//210 184//210 392//210
f 186//211 392//211 394//211
f 186//212 394//212 165//212
f 186//213 165//213 163//213
f 392//83 184//83 182//83
f 392//83 182//83 234//83
f 392//137 234//137 399//137
f 392//137 399//137 402//137
f 392//214 402//214 394//214
f 405//51 194//51 406//51
f 405//141 406//141 408//141
f 405//142 408//142 410//142
f 405//215 410//215 201//215
f 405//216 201//216 198//216
f 405//51 198//51 194//51
f 192//217 190//217 412//217
f 192//218 412//218 414//218
f 192//219 414//219 406//219
f 192//220 406//220 194//220
f 214//221 211//221 416//221
f 214//222 416//222 418//222
f 214//223 418//223 376//223
f 214//224 376//224 122//224
f 238//225 201//225 421//225
f 238//61 421//61 423//61
f 238//226 423//226 426//226
f 238//227 426//227 227//227
f 238//61 227//61 225//61
f 242//228 7//228 258//228
f 242//229 258//229 429//229
f 242//230 429//230 431//230
f 242//231 431//231 434//231
f 242//232 434//232 244//232
f 278//134 275//134 437//134
f 278//233 437//233 439//233
f 278//234 439//234 27//234
f 278//235 27//235 25//235
f 269//236 17//236 16//236
f 44//237 43//237 52//237
f 44//238 52//238 328//238
f 44//239 328//239 293//239
f 61//240 34//240 444//240
f 61//241 444//241 446//241
f 61//242 446//242 448//242
f 61//61 448//61 450//61
f 61//61 450//61 451//61
f 61//243 451//243 62//243
f 332//244 62//244 451//244
f 332//61 451//61 455//61
f 332//61 455//61 456//61
f 332//61 456//61 459//61
f 332//245 459//245 461//245
f 332//246 461//246 312//246
f 360//247 357//247 463//247
f 360//248 463//248 465//248
f 360//249 465//249 344//249
f 360//250 344//250 76//250
f 467//251 208//251 221//251
f 467//252 221//252 468//252
f 467//253 468//253 470//253
f 467//254 470//254 473//254
f 467//255 473//255 211//255
f 467//256 211//256 208//256
f 476//257 42//257 41//257
f 476//258 41//258 317//258
f 476//259 317//259 478//259
f 476//260 478//260 481//260
f 476//261 481//261 273//261
f 476//262 273//262 42//262
f 484//263 32//263 290//263
f 484//264 290//264 486//264
f 484//265 486//265 487//265
f 484//266 487//266 444//266
f 484//267 444//267 33//267
f 484//201 33//201 32//201
f 296//268 293//268 491//268
f 296//269 491//269 494//269
f 296//270 494//270 496//270
f 296//271 496//271 254//271
f 296//272 254//272 252//272
f 444//273 34//273 33//273
f 68//274 67//274 499//274
f 68//275 499//275 502//275
f 68//276 502//276 322//276
f 68//277 322//277 69//277
f 505//61 65//61 64//61
f 505//61 64//61 507//61
f 505//278 507//278 509//278
f 505//279 509//279 511//279
f 505//280 511//280 513//280
f 505//61 513//61 65//61
f 513//281 511//281 514//281
f 513//61 514//61 516//61
f 513//61 516//61 67//61
f 513//61 67//61 65//61
f 355//282 170//282 168//282
f 355//283 168//283 520//283
f 355//284 520//284 521//284
f 355//285 521//285 524//285
f 355//286 524//286 357//286
f 144//287 142//287 527//287
f 144//288 527//288 529//288
f 144//289 529//289 384//289
f 144//290 384//290 146//290
f 232//291 229//291 531//291
f 232//292 531//292 534//292
f 232//293 534//293 399//293
f 232//294 399//294 234//294
f 410//295 408//295 537//295
f 410//296 537//296 540//296
f 410//297 540//297 421//297
f 410//298 421//298 201//298
f 543//299 11//299 246//299
f 543//300 246//300 546//300
f 543//301 546//301 548//301
f 543//302 548//302 550//302
f 543//303 550//303 12//303
f 543//304 12//304 11//304
f 13//305 12//305 551//305
f 13//306 551//306 552//306
f 13//307 552//307 263//307
f 13//308 263//308 14//308
f 439//309 437//309 553//309
f 439//310 553//310 554//310
f 439//311 554//311 556//311
f 439//312 556//312 28//312
f 439//313 28//313 27//313
f 559//314 56//314 55//314
f 559//315 55//315 308//315
f 559//316 308//316 562//316
f 559//317 562//317 565//317
f 559//318 565//318 56//318
f 565//319 562//319 567//319
f 565//320 567//320 337//320
f 565//321 337//321 57//321
f 565//141 57//141 56//141
f 340//322 337//322 569//322
f 340//323 569//323 572//323
f 340//324 572//324 574//324
f 340//325 574//325 507//325
f 340//326 507//326 64//326
f 578//134 90//134 348//134
f 578//327 348//327 581//327
f 578//328 581//328 582//328
f 578//329 582//329 584//329
f 578//330 584//330 92//330
f 578//331 92//331 90//331
f 94//332 92//332 588//332
f 94//333 588//333 590//333
f 94//334 590//334 364//334
f 94//335 364//335 95//335
f 372//336 134//336 132//336
f 372//337 132//337 594//337
f 372//338 594//338 596//338
f 372//134 596//134 598//134
f 372//134 598//134 602//134
f 372//134 602//134 374//134
f 604//339 130//339 379//339
f 604//340 379//340 606//340
f 604//341 606//341 608//341
f 604//342 608//342 594//342
f 604//343 594//343 132//343
f 604//344 132//344 130//344
f 610//345 165//345 394//345
f 610//134 394//134 612//134
f 610//134 612//134 614//134
f 610//346 614//346 520//346
f 610//347 520//347 168//347
f 610//348 168//348 165//348
f 414//349 412//349 617//349
f 414//350 617//350 408//350
f 414//351 408//351 406//351
f 418//352 416//352 620//352
f 418//353 620//353 622//353
f 418//354 622//354 606//354
f 418//355 606//355 379//355
f 418//356 379//356 376//356
f 473//357 470//357 624//357
f 473//358 624//358 626//358
f 473//359 626//359 416//359
f 473//360 416//360 211//360
f 218//361 216//361 628//361
f 218//362 628//362 630//362
f 218//363 630//363 632//363
f 218//364 632//364 468//364
f 218//365 468//365 221//365
f 634//366 227//366 426//366
f 634//367 426//367 636//367
f 634//368 636//368 639//368
f 634//369 639//369 641//369
f 634//370 641//370 645//370
f 634//371 645//371 229//371
f 634//61 229//61 227//61
f 305//372 269//372 265//372
f 305//373 265//373 648//373
f 305//374 648//374 650//374
f 305//375 650//375 652//375
f 305//376 652//376 307//376
f 654//377 328//377 325//377
f 654//378 325//378 656//378
f 654//379 656//379 659//379
f 654//380 659//380 661//380
f 654//381 661//381 491//381
f 654//382 491//382 293//382
f 654//383 293//383 328//383
f 663//384 216//384 385//384
f 663//296 385//296 664//296
f 663//385 664//385 666//385
f 663//386 666//386 667//386
f 663//387 667//387 670//387
f 663//388 670//388 628//388
f 663//389 628//389 216//389
f 672//390 258//390 256//390
f 672//391 256//391 674//391
f 672//392 674//392 676//392
f 672//393 676//393 677//393
f 672//393 677//393 429//393
f 672//394 429//394 258//394
f 680//1 682//1 683//1
f 680//1 683//1 684//1
f 680//173 684//173 687//173
f 680//395 687//395 689//395
f 680//396 689//396 691//396
f 680//397 691//397 682//397
f 693//398 682//398 694//398
f 693//399 694//399 696//399
f 693//399 696//399 698//399
f 693//400 698//400 701//400
f 693//401 701//401 684//401
f 693//1 684//1 683//1
f 693//1 683//1 682//1
f 704//402 682//402 691//402
f 704//403 691//403 706//403
f 704//403 706//403 709//403
f 704//399 709//399 712//399
f 704//399 712//399 694//399
f 704//404 694//404 682//404
f 674//286 256//286 254//286
f 674//405 254//405 496//405
f 674//406 496//406 676//406
f 715//407 28//407 556//407
f 715//408 556//408 718//408
f 715//409 718//409 719//409
f 715//410 719//410 721//410
f 715//411 721//411 723//411
f 715//412 723//412 282//412
f 715//413 282//413 28//413
f 724//286 325//286 322//286
f 724//414 322//414 502//414
f 724//415 502//415 725//415
f 724//416 725//416 659//416
f 724//416 659//416 656//416
f 724//286 656//286 325//286
f 487//417 486//417 728//417
f 487//418 728//418 730//418
f 487//419 730//419 732//419
f 487//420 732//420 446//420
f 487//421 446//421 444//421
f 461//422 459//422 734//422
f 461//423 734//423 736//423
f 461//424 736//424 737//424
f 461//425 737//425 315//425
f 461//426 315//426 312//426
f 739//427 684//427 742//427
f 739//428 742//428 743//428
f 739//429 743//429 687//429
f 739//430 687//430 684//430
f 701//61 698//61 744//61
f 701//61 744//61 746//61
f 701//431 746//431 742//431
f 701//427 742//427 684//427
f 516//432 514//432 749//432
f 516//433 749//433 751//433
f 516//434 751//434 499//434
f 516//435 499//435 67//435
f 754//436 344//436 465//436
f 754//437 465//437 755//437
f 754//438 755//438 757//438
f 754//439 757//439 758//439
f 754//134 758//134 347//134
f 754//134 347//134 344//134
f 524//440 521//440 761//440
f 524//416 761//416 763//416
f 524//441 763//441 463//441
f 524//442 463//442 357//442
f 765//1 767//1 768//1
f 765//1 768//1 770//1
f 765//354 770//354 772//354
f 765//443 772//443 774//443
f 765//395 774//395 776//395
f 765//444 776//444 779//444
f 765//445 779//445 767//445
f 781//446 767//446 779//446
f 781//447 779//447 776//447
f 781//448 776//448 784//448
f 781//449 784//449 785//449
f 781//399 785//399 788//399
f 781//399 788//399 767//399
f 791//399 767//399 788//399
f 791//399 788//399 793//399
f 791//450 793//450 768//450
f 791//451 768//451 767//451
f 529//288 527//288 795//288
f 529//452 795//452 797//452
f 529//453 797//453 666//453
f 529//417 666//417 664//417
f 529//265 664//265 384//265
f 384//454 664//454 385//454
f 800//455 394//455 402//455
f 800//456 402//456 801//456
f 800//457 801//457 802//457
f 800//458 802//458 804//458
f 800//459 804//459 612//459
f 800//460 612//460 394//460
f 801//286 402//286 399//286
f 801//461 399//461 534//461
f 801//462 534//462 808//462
f 801//416 808//416 802//416
f 811//463 770//463 768//463
f 811//464 768//464 793//464
f 811//465 793//465 813//465
f 811//466 813//466 815//466
f 811//467 815//467 817//467
f 811//427 817//427 770//427
f 819//427 770//427 817//427
f 819//468 817//468 821//468
f 819//468 821//468 772//468
f 819//354 772//354 770//354
f 550//134 548//134 824//134
f 550//469 824//469 826//469
f 550//470 826//470 551//470
f 550//471 551//471 12//471
f 743//472 742//472 746//472
f 743//473 746//473 830//473
f 743//474 830//474 689//474
f 743//475 689//475 687//475
f 712//399 709//399 698//399
f 712//399 698//399 696//399
f 712//399 696//399 694//399
f 648//476 265//476 263//476
f 648//477 263//477 552//477
f 648//478 552//478 833//478
f 648//479 833//479 650//479
f 287//480 282//480 723//480
f 287//481 723//481 835//481
f 287//482 835//482 728//482
f 287//483 728//483 486//483
f 287//484 486//484 290//484
f 478//485 317//485 315//485
f 478//486 315//486 737//486
f 478//487 737//487 839//487
f 478//488 839//488 481//488
f 567//489 562//489 841//489
f 567//490 841//490 842//490
f 567//491 842//491 569//491
f 567//492 569//492 337//492
f 844//319 364//319 590//319
f 844//489 590//489 845//489
f 844//493 845//493 846//493
f 844//494 846//494 388//494
f 844//495 388//495 366//495
f 844//496 366//496 364//496
f 849//497 142//497 374//497
f 849//134 374//134 602//134
f 849//498 602//498 851//498
f 849//499 851//499 853//499
f 849//500 853//500 855//500
f 849//501 855//501 856//501
f 849//502 856//502 142//502
f 856//503 855//503 857//503
f 856//503 857//503 858//503
f 856//504 858//504 795//504
f 856//505 795//505 527//505
f 856//506 527//506 142//506
f 864//507 190//507 388//507
f 864//376 388//376 866//376
f 864//508 866//508 868//508
f 864//509 868//509 870//509
f 864//510 870//510 412//510
f 864//166 412//166 190//166
f 617//511 412//511 873//511
f 617//512 873//512 874//512
f 617//513 874//513 537//513
f 617//514 537//514 408//514
f 645//515 641//515 878//515
f 645//516 878//516 879//516
f 645//61 879//61 531//61
f 645//517 531//517 229//517
f 882//518 421//518 540//518
f 882//519 540//519 884//519
f 882//520 884//520 886//520
f 882//61 886//61 888//61
f 882//521 888//521 423//521
f 882//522 423//522 421//522
f 889//523 246//523 244//523
f 889//524 244//524 892//524
f 889//525 892//525 895//525
f 889//526 895//526 896//526
f 889//527 896//527 897//527
f 889//528 897//528 246//528
f 546//529 246//529 897//529
f 546//530 897//530 900//530
f 546//531 900//531 902//531
f 546//532 902//532 548//532
f 903//533 273//533 481//533
f 903//534 481//534 904//534
f 903//535 904//535 906//535
f 903//536 906//536 908//536
f 903//537 908//537 910//537
f 903//538 910//538 275//538
f 903//539 275//539 273//539
f 450//61 448//61 915//61
f 450//540 915//540 917//540
f 450//541 917//541 919//541
f 450//542 919//542 455//542
f 450//61 455//61 451//61
f 921//543 92//543 584//543
f 921//544 584//544 924//544
f 921//545 924//545 925//545
f 921//546 925//546 927//546
f 921//547 927//547 929//547
f 921//548 929//548 931//548
f 921//549 931//549 845//549
f 921//550 845//550 588//550
f 921//551 588//551 92//551
f 821//552 817//552 815//552
f 821//553 815//553 935//553
f 821//472 935//472 774//472
f 821//554 774//554 772//554
f 626//555 624//555 938//555
f 626//556 938//556 939//556
f 626//557 939//557 942//557
f 626//558 942//558 620//558
f 626//559 620//559 416//559
f 945//560 426//560 423//560
f 945//561 423//561 888//561
f 945//562 888//562 949//562
f 945//563 949//563 951//563
f 945//564 951//564 953//564
f 945//565 953//565 426//565
f 636//566 426//566 953//566
f 636//567 953//567 955//567
f 636//568 955//568 957//568
f 636//525 957//525 639//525
f 892//569 244//569 434//569
f 892//570 434//570 959//570
f 892//571 959//571 961//571
f 892//572 961//572 963//572
f 892//573 963//573 895//573
f 966//574 468//574 632//574
f 966//575 632//575 968//575
f 966//576 968//576 970//576
f 966//577 970//577 971//577
f 966//578 971//578 468//578
f 971//579 970//579 972//579
f 971//580 972//580 974//580
f 971//581 974//581 470//581
f 971//582 470//582 468//582
f 910//583 908//583 977//583
f 910//584 977//584 979//584
f 910//585 979//585 437//585
f 910//134 437//134 275//134
f 981//586 437//586 979//586
f 981//587 979//587 977//587
f 981//588 977//588 983//588
f 981//589 983//589 985//589
f 981//590 985//590 553//590
f 981//591 553//591 437//591
f 988//592 502//592 499//592
f 988//593 499//593 751//593
f 988//594 751//594 991//594
f 988//595 991//595 993//595
f 988//596 993//596 725//596
f 988//597 725//597 502//597
f 995//598 996//598 998//598
f 995//599 998//599 1000//599
f 995//600 1000//600 1001//600
f 995//601 1001//601 1003//601
f 995//602 1003//602 1005//602
f 995//1 1005//1 1007//1
f 995//1 1007//1 996//1
f 1008//1 996//1 1007//1
f 1008//603 1007//603 1010//603
f 1008//603 1010//603 1012//603
f 1008//173 1012//173 1014//173
f 1008//604 1014//604 1016//604
f 1008//605 1016//605 996//605
f 1016//606 1014//606 1018//606
f 1016//607 1018//607 1000//607
f 1016//608 1000//608 998//608
f 1016//609 998//609 996//609
f 1010//610 1007//610 1005//610
f 1010//432 1005//432 1025//432
f 1010//611 1025//611 1026//611
f 1010//612 1026//612 1012//612
f 1003//399 1001//399 1028//399
f 1003//399 1028//399 1030//399
f 1003//399 1030//399 1032//399
f 1003//613 1032//613 1025//613
f 1003//614 1025//614 1005//614
f 1034//615 1036//615 1038//615
f 1034//616 1038//616 1040//616
f 1034//617 1040//617 1041//617
f 1034//618 1041//618 1043//618
f 1034//619 1043//619 1036//619
f 1045//620 1046//620 1047//620
f 1045//621 1047//621 1049//621
f 1045//622 1049//622 1040//622
f 1045//623 1040//623 1038//623
f 1045//624 1038//624 1053//624
f 1045//625 1053//625 1046//625
f 1055//626 348//626 347//626
f 1055//627 347//627 758//627
f 1055//628 758//628 1056//628
f 1055//629 1056//629 1058//629
f 1055//630 1058//630 581//630
f 1055//631 581//631 348//631
f 1060//632 463//632 763//632
f 1060//633 763//633 1062//633
f 1060//634 1062//634 1063//634
f 1060//635 1063//635 755//635
f 1060//636 755//636 465//636
f 1060//637 465//637 463//637
f 761//638 521//638 520//638
f 761//639 520//639 1066//639
f 761//640 1066//640 1067//640
f 761//641 1067//641 763//641
f 614//134 612//134 1069//134
f 614//134 1069//134 1071//134
f 614//642 1071//642 1066//642
f 614//643 1066//643 520//643
f 630//644 628//644 670//644
f 630//645 670//645 1074//645
f 630//646 1074//646 1076//646
f 630//647 1076//647 968//647
f 630//648 968//648 632//648
f 1079//649 470//649 974//649
f 1079//650 974//650 1080//650
f 1079//651 1080//651 624//651
f 1079//652 624//652 470//652
f 1083//653 534//653 531//653
f 1083//654 531//654 879//654
f 1083//655 879//655 1086//655
f 1083//655 1086//655 808//655
f 1083//653 808//653 534//653
f 896//656 895//656 1090//656
f 896//657 1090//657 1092//657
f 896//658 1092//658 1094//658
f 896//658 1094//658 900//658
f 896//659 900//659 897//659
f 833//660 552//660 551//660
f 833//661 551//661 826//661
f 833//662 826//662 1099//662
f 833//663 1099//663 650//663
f 1101//664 496//664 494//664
f 1101//665 494//665 1103//665
f 1101//641 1103//641 1104//641
f 1101//666 1104//666 676//666
f 1101//667 676//667 496//667
f 448//668 446//668 732//668
f 448//669 732//669 1108//669
f 448//670 1108//670 1110//670
f 448//61 1110//61 915//61
f 1111//354 1014//354 1012//354
f 1111//671 1012//671 1026//671
f 1111//672 1026//672 1113//672
f 1111//673 1113//673 1115//673
f 1111//674 1115//674 1117//674
f 1111//675 1117//675 1119//675
f 1111//676 1119//676 1014//676
f 1018//472 1014//472 1119//472
f 1018//472 1119//472 1120//472
f 1018//677 1120//677 1123//677
f 1018//678 1123//678 1125//678
f 1018//679 1125//679 1000//679
f 1126//680 1036//680 1043//680
f 1126//681 1043//681 1128//681
f 1126//682 1128//682 1130//682
f 1126//683 1130//683 1131//683
f 1126//684 1131//684 1133//684
f 1126//685 1133//685 1036//685
f 1133//686 1131//686 1134//686
f 1133//687 1134//687 1137//687
f 1133//688 1137//688 1139//688
f 1133//689 1139//689 1038//689
f 1133//690 1038//690 1036//690
f 1139//691 1137//691 509//691
f 1139//692 509//692 1142//692
f 1139//693 1142//693 1053//693
f 1139//694 1053//694 1038//694
f 1142//695 509//695 1143//695
f 1142//696 1143//696 1145//696
f 1142//697 1145//697 1146//697
f 1142//698 1146//698 1046//698
f 1142//5 1046//5 1053//5
f 1147//699 1046//699 1146//699
f 1147//700 1146//700 1150//700
f 1147//701 1150//701 1153//701
f 1147//702 1153//702 1155//702
f 1147//703 1155//703 1047//703
f 1147//704 1047//704 1046//704
f 1157//705 1043//705 1041//705
f 1157//706 1041//706 1159//706
f 1157//707 1159//707 1161//707
f 1157//708 1161//708 1163//708
f 1157//709 1163//709 1043//709
f 1163//710 1161//710 1164//710
f 1163//711 1164//711 1165//711
f 1163//712 1165//712 1128//712
f 1163//713 1128//713 1043//713
f 1168//714 1047//714 1155//714
f 1168//715 1155//715 1170//715
f 1168//716 1170//716 1171//716
f 1168//717 1171//717 1049//717
f 1168//718 1049//718 1047//718
f 1173//719 1040//719 1049//719
f 1173//720 1049//720 1171//720
f 1173//721 1171//721 581//721
f 1173//722 581//722 1058//722
f 1173//723 1058//723 1159//723
f 1173//724 1159//724 1040//724
f 1159//725 1041//725 1040//725
f 1179//726 1181//726 1182//726
f 1179//201 1182//201 1184//201
f 1179//727 1184//727 1186//727
f 1179//728 1186//728 1187//728
f 1179//729 1187//729 1181//729
f 874//730 873//730 1189//730
f 874//731 1189//731 884//731
f 874//732 884//732 540//732
f 874//733 540//733 537//733
f 955//734 953//734 951//734
f 955//658 951//658 1193//658
f 955//658 1193//658 1195//658
f 955//735 1195//735 1197//735
f 955//736 1197//736 957//736
f 1199//737 429//737 677//737
f 1199//738 677//738 1104//738
f 1199//739 1104//739 1200//739
f 1199//740 1200//740 1201//740
f 1199//134 1201//134 431//134
f 1199//134 431//134 429//134
f 1094//741 1092//741 1203//741
f 1094//742 1203//742 1204//742
f 1094//743 1204//743 1205//743
f 1094//744 1205//744 902//744
f 1094//745 902//745 900//745
f 554//746 553//746 985//746
f 554//747 985//747 1208//747
f 554//748 1208//748 718//748
f 554//749 718//749 556//749
f 1211//750 1212//750 1213//750
f 1211//685 1213//685 1214//685
f 1211//5 1214//5 1215//5
f 1211//751 1215//751 1217//751
f 1211//752 1217//752 1219//752
f 1211//753 1219//753 1212//753
f 1203//754 1092//754 1090//754
f 1203//755 1090//755 1222//755
f 1203//756 1222//756 1223//756
f 1203//757 1223//757 1225//757
f 1203//758 1225//758 1227//758
f 1203//759 1227//759 1204//759
f 1228//510 308//510 307//510
f 1228//509 307//509 1229//509
f 1228//760 1229//760 1230//760
f 1228//662 1230//662 1232//662
f 1228//662 1232//662 841//662
f 1228//761 841//761 308//761
f 841//288 562//288 308//288
f 1235//762 1212//762 1219//762
f 1235//763 1219//763 1217//763
f 1235//399 1217//399 1237//399
f 1235//764 1237//764 1238//764
f 1235//765 1238//765 1239//765
f 1235//766 1239//766 1212//766
f 1241//767 1212//767 1239//767
f 1241//768 1239//768 1244//768
f 1241//769 1244//769 1246//769
f 1241//770 1246//770 1248//770
f 1241//771 1248//771 1213//771
f 1241//772 1213//772 1212//772
f 572//773 569//773 842//773
f 572//731 842//731 1251//731
f 572//731 1251//731 1252//731
f 572//134 1252//134 1253//134
f 572//774 1253//774 1255//774
f 572//775 1255//775 1257//775
f 572//776 1257//776 574//776
f 1259//777 1001//777 1000//777
f 1259//778 1000//778 1261//778
f 1259//399 1261//399 1262//399
f 1259//779 1262//779 1264//779
f 1259//780 1264//780 1266//780
f 1259//781 1266//781 1001//781
f 1266//782 1264//782 1268//782
f 1266//783 1268//783 1028//783
f 1266//784 1028//784 1001//784
f 1270//785 1025//785 1032//785
f 1270//193 1032//193 1272//193
f 1270//786 1272//786 1275//786
f 1270//787 1275//787 1277//787
f 1270//788 1277//788 1026//788
f 1270//789 1026//789 1025//789
f 845//777 590//777 588//777
f 1280//790 1181//790 1187//790
f 1280//791 1187//791 1282//791
f 1280//770 1282//770 1284//770
f 1280//770 1284//770 1285//770
f 1280//792 1285//792 1287//792
f 1280//793 1287//793 1289//793
f 1280//794 1289//794 1181//794
f 1289//795 1287//795 1292//795
f 1289//796 1292//796 1293//796
f 1289//797 1293//797 1182//797
f 1289//797 1182//797 1181//797
f 1184//798 1182//798 1293//798
f 1184//399 1293//399 1296//399
f 1184//399 1296//399 1298//399
f 1184//799 1298//799 1186//799
f 846//663 845//663 1300//663
f 846//800 1300//800 1302//800
f 846//801 1302//801 866//801
f 846//375 866//375 388//375
f 870//802 868//802 1304//802
f 870//803 1304//803 1305//803
f 870//804 1305//804 873//804
f 870//805 873//805 412//805
f 1307//416 606//416 622//416
f 1307//416 622//416 1310//416
f 1307//472 1310//472 1312//472
f 1307//806 1312//806 1314//806
f 1307//807 1314//807 608//807
f 1307//341 608//341 606//341
f 1315//808 1195//808 1193//808
f 1315//809 1193//809 1317//809
f 1315//810 1317//810 1318//810
f 1315//811 1318//811 1320//811
f 1315//812 1320//812 1322//812
f 1315//813 1322//813 1323//813
f 1315//814 1323//814 1197//814
f 1315//815 1197//815 1195//815
f 949//816 888//816 1325//816
f 949//817 1325//817 1326//817
f 949//818 1326//818 1329//818
f 949//744 1329//744 1193//744
f 949//819 1193//819 951//819
f 1317//820 1193//820 1329//820
f 1317//821 1329//821 1326//821
f 1317//822 1326//822 1332//822
f 1317//165 1332//165 1334//165
f 1317//823 1334//823 1318//823
f 1310//824 622//824 620//824
f 1310//825 620//825 942//825
f 1310//826 942//826 1337//826
f 1310//472 1337//472 1312//472
f 1339//827 1213//827 1248//827
f 1339//828 1248//828 1341//828
f 1339//829 1341//829 1342//829
f 1339//830 1342//830 1344//830
f 1339//831 1344//831 1346//831
f 1339//134 1346//134 1214//134
f 1339//832 1214//832 1213//832
f 1347//833 1217//833 1215//833
f 1347//834 1215//834 1349//834
f 1347//399 1349//399 1350//399
f 1347//399 1350//399 1237//399
f 1347//399 1237//399 1217//399
f 736//835 734//835 1352//835
f 736//836 1352//836 1354//836
f 736//837 1354//837 839//837
f 736//838 839//838 737//838
f 1356//180 455//180 1357//180
f 1356//839 1357//839 1359//839
f 1356//840 1359//840 1123//840
f 1356//841 1123//841 1362//841
f 1356//842 1362//842 456//842
f 1356//843 456//843 455//843
f 919//844 917//844 1364//844
f 919//845 1364//845 1357//845
f 919//846 1357//846 455//846
f 511//847 509//847 1137//847
f 511//848 1137//848 1134//848
f 511//849 1134//849 514//849
f 1143//850 509//850 507//850
f 1143//851 507//851 1368//851
f 1143//852 1368//852 1370//852
f 1143//696 1370//696 1145//696
f 1261//853 1000//853 1125//853
f 1261//854 1125//854 1364//854
f 1261//855 1364//855 917//855
f 1261//856 917//856 1374//856
f 1261//857 1374//857 1262//857
f 1268//858 1264//858 1376//858
f 1268//859 1376//859 1380//859
f 1268//860 1380//860 1381//860
f 1268//861 1381//861 1030//861
f 1268//862 1030//862 1028//862
f 1383//863 1026//863 1277//863
f 1383//864 1277//864 1385//864
f 1383//865 1385//865 1386//865
f 1383//866 1386//866 1113//866
f 1383//867 1113//867 1026//867
f 582//868 581//868 1171//868
f 582//696 1171//696 1389//696
f 582//696 1389//696 1390//696
f 582//869 1390//869 1392//869
f 582//1 1392//1 584//1
f 1394//87 602//87 1395//87
f 1394//870 1395//870 1275//870
f 1394//871 1275//871 1272//871
f 1394//871 1272//871 851//871
f 1394//872 851//872 602//872
f 598//134 596//134 1398//134
f 598//873 1398//873 1400//873
f 598//874 1400//874 1401//874
f 598//875 1401//875 1395//875
f 598//876 1395//876 602//876
f 1403//61 1187//61 1186//61
f 1403//877 1186//877 1405//877
f 1403//878 1405//878 1407//878
f 1403//878 1407//878 1408//878
f 1403//879 1408//879 1410//879
f 1403//61 1410//61 1187//61
f 1410//880 1408//880 1413//880
f 1410//881 1413//881 1417//881
f 1410//882 1417//882 1284//882
f 1410//883 1284//883 1282//883
f 1410//884 1282//884 1187//884
f 1346//885 1344//885 1419//885
f 1346//885 1419//885 1349//885
f 1346//886 1349//886 1215//886
f 1346//134 1215//134 1214//134
f 904//887 481//887 839//887
f 904//888 839//888 1354//888
f 904//889 1354//889 1422//889
f 904//890 1422//890 906//890
f 1222//891 1090//891 895//891
f 1222//892 895//892 963//892
f 1222//893 963//893 1424//893
f 1222//894 1424//894 1223//894
f 1359//845 1357//845 1364//845
f 1359//895 1364//895 1125//895
f 1359//896 1125//896 1123//896
f 574//897 1257//897 1428//897
f 574//898 1428//898 1370//898
f 574//899 1370//899 1368//899
f 574//61 1368//61 507//61
f 1431//900 1119//900 1117//900
f 1431//472 1117//472 1433//472
f 1431//472 1433//472 1435//472
f 1431//901 1435//901 1120//901
f 1431//902 1120//902 1119//902
f 1145//903 1370//903 1428//903
f 1145//904 1428//904 1438//904
f 1145//905 1438//905 1440//905
f 1145//906 1440//906 1441//906
f 1145//907 1441//907 1443//907
f 1145//908 1443//908 1445//908
f 1145//909 1445//909 1150//909
f 1145//910 1150//910 1146//910
f 1130//911 1128//911 1165//911
f 1130//912 1165//912 1447//912
f 1130//913 1447//913 1448//913
f 1130//914 1448//914 1450//914
f 1130//915 1450//915 1131//915
f 1452//916 1155//916 1153//916
f 1452//917 1153//917 1456//917
f 1452//918 1456//918 1457//918
f 1452//919 1457//919 1459//919
f 1452//920 1459//920 1389//920
f 1452//921 1389//921 1170//921
f 1452//922 1170//922 1155//922
f 1159//923 1058//923 1056//923
f 1159//924 1056//924 1462//924
f 1159//925 1462//925 1161//925
f 1389//926 1171//926 1170//926
f 1292//134 1287//134 1464//134
f 1292//927 1464//927 1467//927
f 1292//928 1467//928 1469//928
f 1292//929 1469//929 1296//929
f 1292//930 1296//930 1293//930
f 1314//806 1312//806 1472//806
f 1314//931 1472//931 1474//931
f 1314//932 1474//932 594//932
f 1314//933 594//933 608//933
f 1474//934 1472//934 1476//934
f 1474//935 1476//935 1478//935
f 1474//936 1478//936 596//936
f 1474//937 596//937 594//937
f 1323//938 1322//938 1480//938
f 1323//939 1480//939 1482//939
f 1323//940 1482//940 957//940
f 1323//941 957//941 1197//941
f 1405//942 1186//942 1298//942
f 1405//399 1298//399 1469//399
f 1405//943 1469//943 1485//943
f 1405//944 1485//944 219//944
f 1405//945 219//945 1407//945
f 959//946 434//946 431//946
f 959//947 431//947 1201//947
f 959//948 1201//948 1488//948
f 959//949 1488//949 1490//949
f 959//950 1490//950 961//950
f 1492//818 902//818 1205//818
f 1492//951 1205//951 1204//951
f 1492//952 1204//952 1494//952
f 1492//953 1494//953 1496//953
f 1492//954 1496//954 1498//954
f 1492//955 1498//955 902//955
f 1498//956 1496//956 1499//956
f 1498//957 1499//957 1501//957
f 1498//958 1501//958 548//958
f 1498//959 548//959 902//959
f 1238//960 1237//960 1350//960
f 1238//961 1350//961 1504//961
f 1238//961 1504//961 1506//961
f 1238//61 1506//61 1508//61
f 1238//962 1508//962 1244//962
f 1238//963 1244//963 1239//963
f 1450//964 1448//964 1510//964
f 1450//965 1510//965 1511//965
f 1450//966 1511//966 749//966
f 1450//967 749//967 514//967
f 1450//968 514//968 1134//968
f 1450//969 1134//969 1131//969
f 1462//970 1056//970 758//970
f 1462//90 758//90 757//90
f 1462//971 757//971 1518//971
f 1462//972 1518//972 1521//972
f 1462//973 1521//973 1523//973
f 1462//974 1523//974 1161//974
f 1385//975 1277//975 1275//975
f 1385//976 1275//976 1395//976
f 1385//977 1395//977 1401//977
f 1385//978 1401//978 1526//978
f 1385//979 1526//979 1386//979
f 853//980 851//980 1272//980
f 853//616 1272//616 1032//616
f 853//981 1032//981 1527//981
f 853//982 1527//982 1529//982
f 853//983 1529//983 855//983
f 1069//984 612//984 804//984
f 1069//985 804//985 1532//985
f 1069//985 1532//985 1533//985
f 1069//986 1533//986 1535//986
f 1069//134 1535//134 1071//134
f 1080//987 974//987 1536//987
f 1080//988 1536//988 1538//988
f 1080//989 1538//989 938//989
f 1080//990 938//990 624//990
f 639//991 957//991 1482//991
f 639//992 1482//992 1542//992
f 639//993 1542//993 1544//993
f 639//994 1544//994 641//994
f 1104//995 677//995 676//995
f 1546//996 1204//996 1227//996
f 1546//997 1227//997 1548//997
f 1546//998 1548//998 1550//998
f 1546//999 1550//999 1552//999
f 1546//1000 1552//1000 1494//1000
f 1546//166 1494//166 1204//166
f 1554//641 659//641 725//641
f 1554//641 725//641 1556//641
f 1554//1001 1556//1001 1557//1001
f 1554//1002 1557//1002 1559//1002
f 1554//914 1559//914 661//914
f 1554//1003 661//1003 659//1003
f 993//1004 991//1004 1562//1004
f 993//1005 1562//1005 1556//1005
f 993//1006 1556//1006 725//1006
f 1564//1007 1117//1007 1115//1007
f 1564//1008 1115//1008 1386//1008
f 1564//1009 1386//1009 1526//1009
f 1564//1010 1526//1010 1565//1010
f 1564//472 1565//472 1433//472
f 1564//472 1433//472 1117//472
f 1113//1011 1386//1011 1115//1011
f 1381//1012 1380//1012 1527//1012
f 1381//1013 1527//1013 1032//1013
f 1381//399 1032//399 1030//399
f 1567//641 763//641 1067//641
f 1567//1001 1067//1001 1569//1001
f 1567//1014 1569//1014 1570//1014
f 1567//1015 1570//1015 1062//1015
f 1567//1016 1062//1016 763//1016
f 1086//1017 879//1017 1573//1017
f 1086//1018 1573//1018 1575//1018
f 1086//1019 1575//1019 1532//1019
f 1086//770 1532//770 802//770
f 1086//770 802//770 808//770
f 1532//1020 804//1020 802//1020
f 1578//1021 494//1021 491//1021
f 1578//1022 491//1022 1581//1022
f 1578//973 1581//973 1582//973
f 1578//1023 1582//1023 1584//1023
f 1578//1024 1584//1024 1103//1024
f 1578//1025 1103//1025 494//1025
f 730//399 728//399 1586//399
f 730//399 1586//399 1588//399
f 730//1026 1588//1026 1108//1026
f 730//1027 1108//1027 732//1027
f 1376//1028 1264//1028 1262//1028
f 1376//1029 1262//1029 1374//1029
f 1376//1030 1374//1030 1591//1030
f 1376//1031 1591//1031 1592//1031
f 1376//399 1592//399 1594//399
f 1376//399 1594//399 1380//399
f 1445//1032 1443//1032 1596//1032
f 1445//1033 1596//1033 1598//1033
f 1445//1034 1598//1034 1456//1034
f 1445//1035 1456//1035 1153//1035
f 1445//1036 1153//1036 1150//1036
f 1601//395 776//395 774//395
f 1601//472 774//472 935//472
f 1601//641 935//641 1603//641
f 1601//134 1603//134 784//134
f 1601//134 784//134 776//134
f 858//1037 857//1037 1606//1037
f 858//1038 1606//1038 1608//1038
f 858//1039 1608//1039 797//1039
f 858//1040 797//1040 795//1040
f 1469//399 1298//399 1296//399
f 830//1041 746//1041 1610//1041
f 830//1042 1610//1042 1612//1042
f 830//1043 1612//1043 706//1043
f 830//1044 706//1044 691//1044
f 830//1045 691//1045 689//1045
f 719//1046 718//1046 1208//1046
f 719//1047 1208//1047 1616//1047
f 719//1048 1616//1048 1618//1048
f 719//1049 1618//1049 721//1049
f 1619//1050 723//1050 721//1050
f 1619//1051 721//1051 1626//1051
f 1619//1052 1626//1052 1627//1052
f 1619//1053 1627//1053 835//1053
f 1619//1054 835//1054 723//1054
f 1586//1055 728//1055 835//1055
f 1586//1056 835//1056 1627//1056
f 1586//1057 1627//1057 1631//1057
f 1586//1058 1631//1058 1588//1058
f 1229//508 307//508 652//508
f 1229//1059 652//1059 1634//1059
f 1229//1060 1634//1060 1636//1060
f 1229//1061 1636//1061 85//1061
f 1229//1062 85//1062 1639//1062
f 1229//1063 1639//1063 1230//1063
f 1232//1064 1230//1064 1641//1064
f 1232//1065 1641//1065 1251//1065
f 1232//399 1251//399 842//399
f 1232//399 842//399 841//399
f 1643//1066 1362//1066 1123//1066
f 1643//1067 1123//1067 1435//1067
f 1643//1068 1435//1068 1433//1068
f 1643//1069 1433//1069 1646//1069
f 1643//1070 1646//1070 1648//1070
f 1643//1071 1648//1071 1362//1071
f 1648//1072 1646//1072 1652//1072
f 1648//1073 1652//1073 456//1073
f 1648//1074 456//1074 1362//1074
f 1591//1075 1374//1075 917//1075
f 1591//1076 917//1076 915//1076
f 1591//1077 915//1077 1656//1077
f 1591//1078 1656//1078 1592//1078
f 1657//399 698//399 709//399
f 1657//1079 709//1079 1659//1079
f 1657//1080 1659//1080 1660//1080
f 1657//1026 1660//1026 744//1026
f 1657//1081 744//1081 698//1081
f 1120//1067 1435//1067 1123//1067
f 1662//1082 1161//1082 1523//1082
f 1662//1083 1523//1083 1663//1083
f 1662//1084 1663//1084 1664//1084
f 1662//1085 1664//1085 1665//1085
f 1662//1086 1665//1086 1164//1086
f 1662//1087 1164//1087 1161//1087
f 931//1088 929//1088 1667//1088
f 931//1089 1667//1089 1668//1089
f 931//1090 1668//1090 1300//1090
f 931//399 1300//399 845//399
f 1400//1091 1398//1091 1565//1091
f 1400//1092 1565//1092 1526//1092
f 1400//1093 1526//1093 1401//1093
f 1671//399 666//399 797//399
f 1671//399 797//399 1608//399
f 1671//1094 1608//1094 1674//1094
f 1671//1095 1674//1095 1676//1095
f 1671//1096 1676//1096 667//1096
f 1671//960 667//960 666//960
f 1678//668 670//668 667//668
f 1678//1097 667//1097 1676//1097
f 1678//1098 1676//1098 1680//1098
f 1678//1099 1680//1099 1074//1099
f 1678//1100 1074//1100 670//1100
f 972//61 970//61 1683//61
f 972//1101 1683//1101 1684//1101
f 972//1102 1684//1102 1536//1102
f 972//1103 1536//1103 974//1103
f 1076//1104 1074//1104 1686//1104
f 1076//1105 1686//1105 1683//1105
f 1076//1106 1683//1106 970//1106
f 1076//1107 970//1107 968//1107
f 1501//1108 1499//1108 1690//1108
f 1501//1109 1690//1109 1692//1109
f 1501//1110 1692//1110 824//1110
f 1501//1111 824//1111 548//1111
f 1694//1112 1227//1112 1225//1112
f 1694//1113 1225//1113 1695//1113
f 1694//1114 1695//1114 1697//1114
f 1694//897 1697//897 1548//897
f 1694//615 1548//615 1227//615
f 1699//800 650//800 1099//800
f 1699//1115 1099//1115 1701//1115
f 1699//1116 1701//1116 1634//1116
f 1699//1117 1634//1117 652//1117
f 1699//801 652//801 650//801
f 1581//1118 491//1118 661//1118
f 1581//1119 661//1119 1559//1119
f 1581//1120 1559//1120 1704//1120
f 1581//1121 1704//1121 1706//1121
f 1581//1122 1706//1122 1582//1122
f 1652//1123 1646//1123 1708//1123
f 1652//61 1708//61 1711//61
f 1652//61 1711//61 1713//61
f 1652//61 1713//61 459//61
f 1652//61 459//61 456//61
f 1665//1124 1664//1124 1716//1124
f 1665//1125 1716//1125 1447//1125
f 1665//1126 1447//1126 1165//1126
f 1665//1127 1165//1127 1164//1127
f 1392//1128 1390//1128 1720//1128
f 1392//1129 1720//1129 1721//1129
f 1392//1130 1721//1130 924//1130
f 1392//1131 924//1131 584//1131
f 1722//1132 1066//1132 1071//1132
f 1722//1133 1071//1133 1723//1133
f 1722//1134 1723//1134 1569//1134
f 1722//1135 1569//1135 1067//1135
f 1722//1136 1067//1136 1066//1136
f 1189//1137 873//1137 1305//1137
f 1189//1138 1305//1138 1726//1138
f 1189//1139 1726//1139 1728//1139
f 1189//731 1728//731 884//731
f 1730//1140 1318//1140 1334//1140
f 1730//1141 1334//1141 1733//1141
f 1730//1142 1733//1142 1734//1142
f 1730//1143 1734//1143 1736//1143
f 1730//433 1736//433 1737//433
f 1730//1144 1737//1144 1318//1144
f 1320//1145 1318//1145 1737//1145
f 1320//1146 1737//1146 1739//1146
f 1320//1147 1739//1147 1741//1147
f 1320//1148 1741//1148 1322//1148
f 1743//399 788//399 785//399
f 1743//1149 785//1149 1745//1149
f 1743//1150 1745//1150 1747//1150
f 1743//1151 1747//1151 813//1151
f 1743//1152 813//1152 793//1152
f 1743//399 793//399 788//399
f 1750//1153 888//1153 886//1153
f 1750//1154 886//1154 1752//1154
f 1750//1155 1752//1155 1754//1155
f 1750//1156 1754//1156 1755//1156
f 1750//1136 1755//1136 1325//1136
f 1750//1157 1325//1157 888//1157
f 1757//1158 1548//1158 1697//1158
f 1757//1159 1697//1159 1759//1159
f 1757//1160 1759//1160 1761//1160
f 1757//1161 1761//1161 1550//1161
f 1757//1162 1550//1162 1548//1162
f 1110//1163 1108//1163 1762//1163
f 1110//1164 1762//1164 1764//1164
f 1110//1165 1764//1165 1767//1165
f 1110//61 1767//61 1656//61
f 1110//61 1656//61 915//61
f 1768//1166 751//1166 749//1166
f 1768//1167 749//1167 1511//1167
f 1768//1168 1511//1168 1770//1168
f 1768//1169 1770//1169 1771//1169
f 1768//1170 1771//1170 1772//1170
f 1768//1171 1772//1171 1774//1171
f 1768//1172 1774//1172 751//1172
f 1776//1173 751//1173 1774//1173
f 1776//1174 1774//1174 1779//1174
f 1776//1175 1779//1175 1781//1175
f 1776//1176 1781//1176 1783//1176
f 1776//1177 1783//1177 991//1177
f 1776//1178 991//1178 751//1178
f 1785//1179 1428//1179 1257//1179
f 1785//1180 1257//1180 1255//1180
f 1785//1181 1255//1181 1786//1181
f 1785//1182 1786//1182 1788//1182
f 1785//1183 1788//1183 1438//1183
f 1785//1179 1438//1179 1428//1179
f 1791//1184 757//1184 755//1184
f 1791//1185 755//1185 1793//1185
f 1791//1186 1793//1186 1794//1186
f 1791//1187 1794//1187 1796//1187
f 1791//1188 1796//1188 1798//1188
f 1791//1189 1798//1189 1518//1189
f 1791//1190 1518//1190 757//1190
f 925//1191 924//1191 1721//1191
f 925//1192 1721//1192 1800//1192
f 925//1193 1800//1193 1803//1193
f 925//1194 1803//1194 1804//1194
f 925//1195 1804//1195 1806//1195
f 925//1196 1806//1196 927//1196
f 1807//1197 755//1197 1809//1197
f 1807//1198 1809//1198 1810//1198
f 1807//1199 1810//1199 1811//1199
f 1807//1200 1811//1200 1793//1200
f 1807//1201 1793//1201 755//1201
f 1063//953 1062//953 1570//953
f 1063//1202 1570//1202 1815//1202
f 1063//1203 1815//1203 1817//1203
f 1063//61 1817//61 1810//61
f 1063//1204 1810//1204 1809//1204
f 1063//1205 1809//1205 755//1205
f 1819//1206 855//1206 1529//1206
f 1819//1207 1529//1207 1820//1207
f 1819//1208 1820//1208 1822//1208
f 1819//1209 1822//1209 1824//1209
f 1819//134 1824//134 1826//134
f 1819//134 1826//134 857//134
f 1819//134 857//134 855//134
f 1828//1210 1326//1210 1325//1210
f 1828//1211 1325//1211 1755//1211
f 1828//1212 1755//1212 1829//1212
f 1828//1213 1829//1213 1332//1213
f 1828//1004 1332//1004 1326//1004
f 1832//1214 985//1214 983//1214
f 1832//1215 983//1215 1833//1215
f 1832//1216 1833//1216 1835//1216
f 1832//1217 1835//1217 1836//1217
f 1832//1218 1836//1218 1616//1218
f 1832//1111 1616//1111 985//1111
f 1616//134 1208//134 985//134
f 961//1219 1490//1219 1839//1219
f 961//1220 1839//1220 1840//1220
f 961//1221 1840//1221 1424//1221
f 961//1222 1424//1222 963//1222
f 1833//1223 983//1223 977//1223
f 1833//1224 977//1224 908//1224
f 1833//1225 908//1225 1842//1225
f 1833//1226 1842//1226 1835//1226
f 1843//1 1844//1 1845//1
f 1843//1 1845//1 1846//1
f 1843//32 1846//32 1847//32
f 1843//1227 1847//1227 1848//1227
f 1843//1228 1848//1228 1850//1228
f 1843//82 1850//82 1852//82
f 1843//82 1852//82 1844//82
f 1854//1229 1844//1229 1852//1229
f 1854//1230 1852//1230 1856//1230
f 1854//1231 1856//1231 1857//1231
f 1854//1232 1857//1232 1859//1232
f 1854//1233 1859//1233 1862//1233
f 1854//1234 1862//1234 1844//1234
f 1862//1235 1859//1235 1864//1235
f 1862//1236 1864//1236 1866//1236
f 1862//1237 1866//1237 1845//1237
f 1862//5 1845//5 1844//5
f 1866//1238 1864//1238 1868//1238
f 1866//1239 1868//1239 1869//1239
f 1866//201 1869//201 1846//201
f 1866//201 1846//201 1845//201
f 1869//1239 1868//1239 1872//1239
f 1869//1240 1872//1240 1873//1240
f 1869//1241 1873//1241 1874//1241
f 1869//1242 1874//1242 1847//1242
f 1869//716 1847//716 1846//716
f 1788//1076 1786//1076 1876//1076
f 1788//1243 1876//1243 1877//1243
f 1788//808 1877//808 1440//808
f 1788//1183 1440//1183 1438//1183
f 1878//1244 1720//1244 1879//1244
f 1878//1244 1879//1244 1881//1244
f 1878//741 1881//741 1883//741
f 1878//741 1883//741 1885//741
f 1878//134 1885//134 1720//134
f 1390//399 1389//399 1881//399
f 1390//472 1881//472 1879//472
f 1390//137 1879//137 1720//137
f 1885//1245 1883//1245 1888//1245
f 1885//983 1888//983 1800//983
f 1885//1246 1800//1246 1721//1246
f 1885//1247 1721//1247 1720//1247
f 1890//1 1891//1 1892//1
f 1890//1 1892//1 1893//1
f 1890//82 1893//82 1895//82
f 1890//82 1895//82 1896//82
f 1890//1248 1896//1248 1898//1248
f 1890//1249 1898//1249 1900//1249
f 1890//5 1900//5 1891//5
f 1902//1250 1891//1250 1900//1250
f 1902//1251 1900//1251 1905//1251
f 1902//1252 1905//1252 1907//1252
f 1902//1253 1907//1253 1908//1253
f 1902//1239 1908//1239 1910//1239
f 1902//1239 1910//1239 1912//1239
f 1902//201 1912//201 1891//201
f 1912//1254 1910//1254 1913//1254
f 1912//1255 1913//1255 1915//1255
f 1912//241 1915//241 1892//241
f 1912//201 1892//201 1891//201
f 1736//1256 1734//1256 1917//1256
f 1736//1257 1917//1257 1919//1257
f 1736//1258 1919//1258 1739//1258
f 1736//1259 1739//1259 1737//1259
f 1921//1260 942//1260 939//1260
f 1921//1261 939//1261 1922//1261
f 1921//1262 1922//1262 1924//1262
f 1921//1263 1924//1263 1926//1263
f 1921//1264 1926//1264 1337//1264
f 1921//1265 1337//1265 942//1265
f 1893//542 1892//542 1915//542
f 1893//542 1915//542 1928//542
f 1893//1266 1928//1266 1929//1266
f 1893//1267 1929//1267 1895//1267
f 1542//1268 1482//1268 1480//1268
f 1542//1269 1480//1269 1931//1269
f 1542//1270 1931//1270 1933//1270
f 1542//1271 1933//1271 1935//1271
f 1542//1272 1935//1272 1544//1272
f 878//1273 641//1273 1544//1273
f 878//1274 1544//1274 1937//1274
f 878//1275 1937//1275 1939//1275
f 878//1276 1939//1276 1573//1276
f 878//1277 1573//1277 879//1277
f 1941//1278 826//1278 824//1278
f 1941//134 824//134 1692//134
f 1941//1279 1692//1279 1943//1279
f 1941//1280 1943//1280 1945//1280
f 1941//760 1945//760 826//760
f 1945//1281 1943//1281 1947//1281
f 1945//1282 1947//1282 1701//1282
f 1945//1064 1701//1064 1099//1064
f 1945//662 1099//662 826//662
f 1950//1283 1951//1283 1952//1283
f 1950//1284 1952//1284 1954//1284
f 1950//1285 1954//1285 1956//1285
f 1950//1286 1956//1286 1958//1286
f 1950//1287 1958//1287 1959//1287
f 1950//1288 1959//1288 1951//1288
f 1960//1289 1697//1289 1695//1289
f 1960//1290 1695//1290 1962//1290
f 1960//1291 1962//1291 1964//1291
f 1960//1292 1964//1292 1759//1292
f 1960//1293 1759//1293 1697//1293
f 1966//1294 1852//1294 1850//1294
f 1966//1294 1850//1294 1848//1294
f 1966//1 1848//1 1968//1
f 1966//1295 1968//1295 1856//1295
f 1966//1296 1856//1296 1852//1296
f 1970//1297 1225//1297 1223//1297
f 1970//1298 1223//1298 1974//1298
f 1970//1299 1974//1299 1975//1299
f 1970//1300 1975//1300 1962//1300
f 1970//1301 1962//1301 1695//1301
f 1970//1302 1695//1302 1225//1302
f 1974//1303 1223//1303 1424//1303
f 1974//1304 1424//1304 1840//1304
f 1974//1305 1840//1305 1978//1305
f 1974//1306 1978//1306 1979//1306
f 1974//1307 1979//1307 1975//1307
f 1982//1308 1774//1308 1772//1308
f 1982//1309 1772//1309 1771//1309
f 1982//1310 1771//1310 1985//1310
f 1982//1311 1985//1311 1989//1311
f 1982//1312 1989//1312 1779//1312
f 1982//1313 1779//1313 1774//1313
f 1992//1314 1793//1314 1811//1314
f 1992//1315 1811//1315 1994//1315
f 1992//1316 1994//1316 1996//1316
f 1992//1317 1996//1317 1796//1317
f 1992//1318 1796//1318 1794//1318
f 1992//1319 1794//1319 1793//1319
f 1820//1320 1529//1320 1527//1320
f 1820//1321 1527//1321 1380//1321
f 1820//1322 1380//1322 1594//1322
f 1820//1323 1594//1323 2001//1323
f 1820//1324 2001//1324 1822//1324
f 2003//1294 1896//1294 1895//1294
f 2003//1325 1895//1325 1929//1325
f 2003//1326 1929//1326 2006//1326
f 2003//1 2006//1 1898//1
f 2003//1294 1898//1294 1896//1294
f 2008//1327 1322//1327 1741//1327
f 2008//1328 1741//1328 2010//1328
f 2008//1329 2010//1329 2012//1329
f 2008//1330 2012//1330 2013//1330
f 2008//1331 2013//1331 1931//1331
f 2008//1332 1931//1332 1480//1332
f 2008//1333 1480//1333 1322//1333
f 2015//1334 1334//1334 1332//1334
f 2015//1335 1332//1335 2017//1335
f 2015//1336 2017//1336 2019//1336
f 2015//1337 2019//1337 2022//1337
f 2015//1338 2022//1338 2023//1338
f 2015//1339 2023//1339 1733//1339
f 2015//1340 1733//1340 1334//1340
f 2025//1341 884//1341 1728//1341
f 2025//1342 1728//1342 2027//1342
f 2025//1343 2027//1343 1752//1343
f 2025//1344 1752//1344 886//1344
f 2025//1345 886//1345 884//1345
f 2029//1346 2030//1346 2032//1346
f 2029//1347 2032//1347 2033//1347
f 2029//1348 2033//1348 2034//1348
f 2029//1349 2034//1349 2036//1349
f 2029//1350 2036//1350 2038//1350
f 2029//1351 2038//1351 2030//1351
f 2039//1352 1951//1352 1959//1352
f 2039//472 1959//472 2040//472
f 2039//1353 2040//1353 2041//1353
f 2039//1354 2041//1354 2043//1354
f 2039//1355 2043//1355 2044//1355
f 2039//1356 2044//1356 1951//1356
f 2044//1357 2043//1357 2047//1357
f 2044//796 2047//796 2049//796
f 2044//108 2049//108 1952//108
f 2044//20 1952//20 1951//20
f 2049//1358 2047//1358 2052//1358
f 2049//399 2052//399 2054//399
f 2049//399 2054//399 1954//399
f 2049//1359 1954//1359 1952//1359
f 2056//399 1954//399 2054//399
f 2056//399 2054//399 2058//399
f 2056//399 2058//399 2059//399
f 2056//399 2059//399 2061//399
f 2056//1360 2061//1360 1956//1360
f 2056//1361 1956//1361 1954//1361
f 2063//1362 1959//1362 1958//1362
f 2063//1363 1958//1363 2065//1363
f 2063//472 2065//472 2066//472
f 2063//472 2066//472 2067//472
f 2063//472 2067//472 1959//472
f 2067//1325 2066//1325 2069//1325
f 2067//173 2069//173 2071//173
f 2067//173 2071//173 2040//173
f 2067//472 2040//472 1959//472
f 1552//1364 1550//1364 1761//1364
f 1552//1365 1761//1365 2073//1365
f 1552//1366 2073//1366 2075//1366
f 1552//1367 2075//1367 2077//1367
f 1552//1368 2077//1368 1494//1368
f 2079//1 1958//1 1956//1
f 2079//1369 1956//1369 2061//1369
f 2079//1285 2061//1285 2082//1285
f 2079//1370 2082//1370 2065//1370
f 2079//1 2065//1 1958//1
f 1713//61 1711//61 2084//61
f 1713//1371 2084//1371 2086//1371
f 1713//1372 2086//1372 2088//1372
f 1713//1373 2088//1373 2090//1373
f 1713//1374 2090//1374 734//1374
f 1713//1375 734//1375 459//1375
f 1874//1376 1873//1376 2091//1376
f 1874//1376 2091//1376 2093//1376
f 1874//1377 2093//1377 2095//1377
f 1874//1378 2095//1378 1848//1378
f 1874//1379 1848//1379 1847//1379
f 2097//1380 2065//1380 2082//1380
f 2097//1381 2082//1381 2099//1381
f 2097//1382 2099//1382 2100//1382
f 2097//1383 2100//1383 2102//1383
f 2097//1384 2102//1384 2066//1384
f 2097//1385 2066//1385 2065//1385
f 2104//1 2106//1 2038//1
f 2104//1386 2038//1386 2108//1386
f 2104//472 2108//472 2109//472
f 2104//1387 2109//1387 2110//1387
f 2104//1388 2110//1388 2082//1388
f 2104//1389 2082//1389 2106//1389
f 2030//1 2038//1 2106//1
f 2030//1390 2106//1390 2113//1390
f 2030//1391 2113//1391 2115//1391
f 2030//1392 2115//1392 2032//1392
f 2082//1393 2061//1393 2117//1393
f 2082//1394 2117//1394 2113//1394
f 2082//1395 2113//1395 2106//1395
f 1905//1396 1900//1396 1898//1396
f 1905//1397 1898//1397 2119//1397
f 1905//1377 2119//1377 2093//1377
f 1905//1376 2093//1376 2122//1376
f 1905//1376 2122//1376 1907//1376
f 1478//1398 1476//1398 2124//1398
f 1478//1399 2124//1399 2126//1399
f 1478//1400 2126//1400 2127//1400
f 1478//134 2127//134 2129//134
f 1478//134 2129//134 1398//134
f 1478//134 1398//134 596//134
f 2036//1401 2034//1401 2131//1401
f 2036//472 2131//472 2133//472
f 2036//472 2133//472 2134//472
f 2036//472 2134//472 2108//472
f 2036//1402 2108//1402 2038//1402
f 2136//919 866//919 1302//919
f 2136//1403 1302//1403 2137//1403
f 2136//1404 2137//1404 2139//1404
f 2136//1405 2139//1405 2141//1405
f 2136//1406 2141//1406 868//1406
f 2136//1341 868//1341 866//1341
f 2023//1407 2022//1407 1917//1407
f 2023//1408 1917//1408 1734//1408
f 2023//1409 1734//1409 1733//1409
f 2144//279 1928//279 1915//279
f 2144//1410 1915//1410 1913//1410
f 2144//1411 1913//1411 2147//1411
f 2144//1136 2147//1136 2149//1136
f 2144//1136 2149//1136 2151//1136
f 2144//820 2151//820 1928//820
f 2153//1412 1928//1412 2151//1412
f 2153//1413 2151//1413 2155//1413
f 2153//1414 2155//1414 2156//1414
f 2153//1415 2156//1415 2158//1415
f 2153//1416 2158//1416 2160//1416
f 2153//1417 2160//1417 2162//1417
f 2153//1418 2162//1418 1928//1418
f 1929//1419 1928//1419 2162//1419
f 1929//1420 2162//1420 2163//1420
f 1929//1421 2163//1421 2165//1421
f 1929//1422 2165//1422 2006//1422
f 2167//399 2032//399 2169//399
f 2167//399 2169//399 2171//399
f 2167//1423 2171//1423 2173//1423
f 2167//1424 2173//1424 2175//1424
f 2167//575 2175//575 2033//575
f 2167//1425 2033//1425 2032//1425
f 2115//399 2113//399 2177//399
f 2115//399 2177//399 2179//399
f 2115//399 2179//399 2169//399
f 2115//399 2169//399 2032//399
f 2175//1426 2173//1426 2181//1426
f 2175//1427 2181//1427 2131//1427
f 2175//1428 2131//1428 2034//1428
f 2175//1429 2034//1429 2033//1429
f 1341//1430 1248//1430 1246//1430
f 1341//1430 1246//1430 2184//1430
f 1341//1431 2184//1431 97//1431
f 1341//1431 97//1431 2186//1431
f 1341//1432 2186//1432 1342//1432
f 1842//1433 908//1433 906//1433
f 1842//1434 906//1434 2188//1434
f 1842//1435 2188//1435 2189//1435
f 1842//1436 2189//1436 1835//1436
f 1968//1 1848//1 2095//1
f 1968//1437 2095//1437 2192//1437
f 1968//173 2192//173 2193//173
f 1968//1438 2193//1438 2195//1438
f 1968//1439 2195//1439 1856//1439
f 2184//1440 1246//1440 1244//1440
f 2184//1420 1244//1420 1508//1420
f 2184//1441 1508//1441 98//1441
f 2184//1442 98//1442 97//1442
f 1562//1443 991//1443 2199//1443
f 1562//1444 2199//1444 2200//1444
f 1562//1445 2200//1445 2202//1445
f 1562//1446 2202//1446 1557//1446
f 1562//1447 1557//1447 1556//1447
f 2204//1448 1255//1448 1253//1448
f 2204//134 1253//134 1252//134
f 2204//1449 1252//1449 2205//1449
f 2204//1450 2205//1450 2207//1450
f 2204//1451 2207//1451 2209//1451
f 2204//1452 2209//1452 1255//1452
f 2210//1453 1255//1453 2209//1453
f 2210//1026 2209//1026 2212//1026
f 2210//1454 2212//1454 2214//1454
f 2210//1455 2214//1455 1786//1455
f 2210//1456 1786//1456 1255//1456
f 2059//399 2058//399 2217//399
f 2059//1457 2217//1457 2218//1457
f 2059//1458 2218//1458 2117//1458
f 2059//399 2117//399 2061//399
f 2221//1459 2095//1459 2119//1459
f 2221//1459 2119//1459 2223//1459
f 2221//1459 2223//1459 2224//1459
f 2221//1459 2224//1459 2226//1459
f 2221//1459 2226//1459 2192//1459
f 2221//1459 2192//1459 2095//1459
f 2093//1377 2119//1377 2095//1377
f 2099//1460 2082//1460 2110//1460
f 2099//1382 2110//1382 2230//1382
f 2099//173 2230//173 2232//173
f 2099//1461 2232//1461 2233//1461
f 2099//1462 2233//1462 2235//1462
f 2099//173 2235//173 2100//173
f 2006//1463 2165//1463 2236//1463
f 2006//173 2236//173 2223//173
f 2006//1464 2223//1464 2119//1464
f 2006//1 2119//1 1898//1
f 1881//1465 1389//1465 1459//1465
f 1881//1466 1459//1466 2239//1466
f 1881//1467 2239//1467 2242//1467
f 1881//1468 2242//1468 2243//1468
f 1881//658 2243//658 2244//658
f 1881//658 2244//658 1883//658
f 2246//1469 2110//1469 2109//1469
f 2246//1470 2109//1470 2248//1470
f 2246//1471 2248//1471 2249//1471
f 2246//1472 2249//1472 2250//1472
f 2246//1473 2250//1473 2252//1473
f 2246//651 2252//651 2232//651
f 2246//1474 2232//1474 2230//1474
f 2246//1475 2230//1475 2110//1475
f 2177//399 2113//399 2117//399
f 2177//1476 2117//1476 2218//1476
f 2177//1477 2218//1477 2256//1477
f 2177//399 2256//399 2179//399
f 2257//1478 1287//1478 1285//1478
f 2257//1430 1285//1430 1417//1430
f 2257//1431 1417//1431 2259//1431
f 2257//1479 2259//1479 2261//1479
f 2257//1480 2261//1480 1287//1480
f 2261//1481 2259//1481 893//1481
f 2261//1482 893//1482 891//1482
f 2261//1483 891//1483 212//1483
f 2261//134 212//134 1464//134
f 2261//134 1464//134 1287//134
f 1417//1430 1285//1430 1284//1430
f 2134//173 2133//173 2264//173
f 2134//173 2264//173 2248//173
f 2134//1352 2248//1352 2109//1352
f 2134//472 2109//472 2108//472
f 2266//835 1739//835 1919//835
f 2266//1484 1919//1484 2268//1484
f 2266//1485 2268//1485 2010//1485
f 2266//1300 2010//1300 1741//1300
f 2266//1486 1741//1486 1739//1486
f 2271//1487 938//1487 1538//1487
f 2271//1488 1538//1488 2273//1488
f 2271//1489 2273//1489 2274//1489
f 2271//1490 2274//1490 1922//1490
f 2271//1491 1922//1491 939//1491
f 2271//1492 939//1492 938//1492
f 1684//1493 1683//1493 2278//1493
f 1684//1494 2278//1494 2273//1494
f 1684//1495 2273//1495 1538//1495
f 1684//1496 1538//1496 1536//1496
f 2279//1497 2131//1497 2181//1497
f 2279//1498 2181//1498 2264//1498
f 2279//173 2264//173 2133//173
f 2279//1499 2133//1499 2131//1499
f 2280//1500 1349//1500 2282//1500
f 2280//1501 2282//1501 1504//1501
f 2280//1502 1504//1502 1350//1502
f 2280//943 1350//943 1349//943
f 2282//1503 1349//1503 1419//1503
f 2282//1504 1419//1504 1177//1504
f 2282//1505 1177//1505 1176//1505
f 2282//1506 1176//1506 2285//1506
f 2282//1507 2285//1507 1504//1507
f 2286//1 2287//1 2288//1
f 2286//1 2288//1 2290//1
f 2286//1508 2290//1508 2291//1508
f 2286//1509 2291//1509 2294//1509
f 2286//1510 2294//1510 2295//1510
f 2286//20 2295//20 2287//20
f 2297//20 2287//20 2295//20
f 2297//1511 2295//1511 2299//1511
f 2297//1512 2299//1512 2301//1512
f 2297//1039 2301//1039 2303//1039
f 2297//1513 2303//1513 2305//1513
f 2297//1514 2305//1514 2307//1514
f 2297//1 2307//1 2287//1
f 2309//1 2287//1 2307//1
f 2309//1515 2307//1515 2305//1515
f 2309//1516 2305//1516 2310//1516
f 2309//1517 2310//1517 2312//1517
f 2309//1 2312//1 2288//1
f 2309//1 2288//1 2287//1
f 2314//1518 1856//1518 2195//1518
f 2314//1519 2195//1519 2316//1519
f 2314//1520 2316//1520 688//1520
f 2314//1521 688//1521 686//1521
f 2314//1522 686//1522 2319//1522
f 2314//1523 2319//1523 1856//1523
f 2319//1524 686//1524 577//1524
f 2319//1525 577//1525 2322//1525
f 2319//1526 2322//1526 1857//1526
f 2319//1527 1857//1527 1856//1527
f 2312//542 2310//542 2323//542
f 2312//1528 2323//1528 2324//1528
f 2312//1529 2324//1529 2326//1529
f 2312//1530 2326//1530 2290//1530
f 2312//1 2290//1 2288//1
f 2328//1531 2329//1531 2330//1531
f 2328//1532 2330//1532 2332//1532
f 2328//1533 2332//1533 2334//1533
f 2328//1534 2334//1534 2335//1534
f 2328//1535 2335//1535 2336//1535
f 2328//1536 2336//1536 2329//1536
f 2339//1537 2329//1537 2340//1537
f 2339//1538 2340//1538 2342//1538
f 2339//1539 2342//1539 2344//1539
f 2339//1540 2344//1540 2330//1540
f 2339//260 2330//260 2329//260
f 2336//1541 2335//1541 2345//1541
f 2336//1542 2345//1542 2347//1542
f 2336//1543 2347//1543 2349//1543
f 2336//1544 2349//1544 2340//1544
f 2336//1545 2340//1545 2329//1545
f 2090//1546 2088//1546 2352//1546
f 2090//1547 2352//1547 2354//1547
f 2090//1548 2354//1548 1352//1548
f 2090//1549 1352//1549 734//1549
f 1588//1550 1631//1550 2356//1550
f 1588//1551 2356//1551 1762//1551
f 1588//1552 1762//1552 1108//1552
f 2359//472 2290//472 2326//472
f 2359//472 2326//472 361//472
f 2359//472 361//472 359//472
f 2359//1553 359//1553 2291//1553
f 2359//1554 2291//1554 2290//1554
f 2362//1555 2363//1555 2365//1555
f 2362//1556 2365//1556 2366//1556
f 2362//1557 2366//1557 2368//1557
f 2362//903 2368//903 2370//903
f 2362//1558 2370//1558 2371//1558
f 2362//1559 2371//1559 2363//1559
f 2373//1559 2363//1559 2371//1559
f 2373//134 2371//134 284//134
f 2373//134 284//134 2376//134
f 2373//1560 2376//1560 2377//1560
f 2373//1561 2377//1561 2378//1561
f 2373//1562 2378//1562 2363//1562
f 2378//1039 2377//1039 2379//1039
f 2378//982 2379//982 2380//982
f 2378//1563 2380//1563 2365//1563
f 2378//1564 2365//1564 2363//1564
f 2193//1565 2192//1565 2226//1565
f 2193//1566 2226//1566 2383//1566
f 2193//1567 2383//1567 2385//1567
f 2193//1568 2385//1568 2387//1568
f 2193//1569 2387//1569 2195//1569
f 2102//1570 2100//1570 2235//1570
f 2102//584 2235//584 2389//584
f 2102//1571 2389//1571 2390//1571
f 2102//1572 2390//1572 2392//1572
f 2102//1573 2392//1573 2069//1573
f 2102//1574 2069//1574 2066//1574
f 1441//808 1440//808 1877//808
f 1441//658 1877//658 2393//658
f 1441//658 2393//658 2394//658
f 1441//1468 2394//1468 2396//1468
f 1441//1575 2396//1575 1443//1575
f 1716//1576 1664//1576 2397//1576
f 1716//1577 2397//1577 2400//1577
f 1716//1578 2400//1578 1448//1578
f 1716//1579 1448//1579 1447//1579
f 2402//1580 2093//1580 2091//1580
f 2402//1581 2091//1581 2404//1581
f 2402//1 2404//1 2405//1
f 2402//1 2405//1 2407//1
f 2402//1582 2407//1582 2122//1582
f 2402//1583 2122//1583 2093//1583
f 2409//1584 1456//1584 1598//1584
f 2409//1585 1598//1585 2410//1585
f 2409//1586 2410//1586 2411//1586
f 2409//1587 2411//1587 2413//1587
f 2409//1588 2413//1588 1457//1588
f 2409//1589 1457//1589 1456//1589
f 2236//1590 2165//1590 2414//1590
f 2236//1591 2414//1591 2415//1591
f 2236//1592 2415//1592 2417//1592
f 2236//1593 2417//1593 2224//1593
f 2236//1594 2224//1594 2223//1594
f 2419//1 2421//1 2423//1
f 2419//1 2423//1 2425//1
f 2419//1595 2425//1595 2427//1595
f 2419//1596 2427//1596 2429//1596
f 2419//1597 2429//1597 2430//1597
f 2419//1598 2430//1598 2433//1598
f 2419//1599 2433//1599 2421//1599
f 2435//1600 2421//1600 2433//1600
f 2435//1601 2433//1601 2437//1601
f 2435//1602 2437//1602 2438//1602
f 2435//1 2438//1 2440//1
f 2435//1 2440//1 2423//1
f 2435//1 2423//1 2421//1
f 1467//1603 1464//1603 212//1603
f 1467//1604 212//1604 210//1604
f 1467//1605 210//1605 219//1605
f 1467//1606 219//1606 1485//1606
f 1467//1607 1485//1607 1469//1607
f 2425//1 2423//1 2440//1
f 2425//1608 2440//1608 2443//1608
f 2425//1609 2443//1609 2445//1609
f 2425//1528 2445//1528 2447//1528
f 2425//1610 2447//1610 2449//1610
f 2425//1611 2449//1611 2427//1611
f 2438//1612 2437//1612 2451//1612
f 2438//61 2451//61 2453//61
f 2438//61 2453//61 2443//61
f 2438//1613 2443//1613 2440//1613
f 2322//1614 577//1614 576//1614
f 2322//1615 576//1615 2457//1615
f 2322//1616 2457//1616 1859//1616
f 2322//1616 1859//1616 1857//1616
f 1864//1617 1859//1617 2457//1617
f 1864//1618 2457//1618 576//1618
f 1864//1619 576//1619 587//1619
f 1864//1620 587//1620 2460//1620
f 1864//777 2460//777 1868//777
f 2463//1019 1104//1019 1103//1019
f 2463//1019 1103//1019 1584//1019
f 2463//1445 1584//1445 2464//1445
f 2463//1621 2464//1621 2465//1621
f 2463//1622 2465//1622 1200//1622
f 2463//1623 1200//1623 1104//1623
f 2294//1624 2291//1624 359//1624
f 2294//1625 359//1625 358//1625
f 2294//1626 358//1626 367//1626
f 2294//1627 367//1627 1042//1627
f 2294//747 1042//747 2469//747
f 2294//134 2469//134 2295//134
f 2471//134 2295//134 2469//134
f 2471//747 2469//747 1042//747
f 2471//1628 1042//1628 370//1628
f 2471//1629 370//1629 2301//1629
f 2471//1630 2301//1630 2299//1630
f 2471//134 2299//134 2295//134
f 2472//1631 721//1631 1618//1631
f 2472//1632 1618//1632 2473//1632
f 2472//1633 2473//1633 2474//1633
f 2472//1634 2474//1634 2475//1634
f 2472//1635 2475//1635 1626//1635
f 2472//1636 1626//1636 721//1636
f 2354//1637 2352//1637 2477//1637
f 2354//1638 2477//1638 1422//1638
f 2354//1638 1422//1638 1354//1638
f 2354//1639 1354//1639 1352//1639
f 2370//1640 2368//1640 2480//1640
f 2370//1641 2480//1641 2482//1641
f 2370//134 2482//134 2483//134
f 2370//134 2483//134 285//134
f 2370//1642 285//1642 284//1642
f 2370//1643 284//1643 2371//1643
f 2404//265 2091//265 1873//265
f 2404//1644 1873//1644 2488//1644
f 2404//1645 2488//1645 2482//1645
f 2404//1 2482//1 2489//1
f 2404//1 2489//1 2405//1
f 2488//1646 1873//1646 1872//1646
f 2488//1646 1872//1646 2492//1646
f 2488//1647 2492//1647 2493//1647
f 2488//1648 2493//1648 2482//1648
f 2496//201 2305//201 2303//201
f 2496//399 2303//399 377//399
f 2496//399 377//399 2498//399
f 2496//1649 2498//1649 2305//1649
f 2498//399 377//399 375//399
f 2498//399 375//399 420//399
f 2498//859 420//859 2310//859
f 2498//1650 2310//1650 2305//1650
f 1876//279 1786//279 2214//279
f 1876//1651 2214//1651 2501//1651
f 1876//1652 2501//1652 2503//1652
f 1876//1653 2503//1653 1877//1653
f 2505//1654 2226//1654 2224//1654
f 2505//1655 2224//1655 2417//1655
f 2505//1656 2417//1656 2507//1656
f 2505//1657 2507//1657 2509//1657
f 2505//1658 2509//1658 2383//1658
f 2505//1659 2383//1659 2226//1659
f 2511//201 2365//201 2380//201
f 2511//1660 2380//1660 2512//1660
f 2511//1661 2512//1661 2513//1661
f 2511//1 2513//1 2514//1
f 2511//1 2514//1 2366//1
f 2511//1 2366//1 2365//1
f 1510//1662 1448//1662 2400//1662
f 1510//1663 2400//1663 2517//1663
f 1510//1664 2517//1664 2519//1664
f 1510//1665 2519//1665 2521//1665
f 1510//1666 2521//1666 1511//1666
f 1565//1667 1398//1667 2523//1667
f 1565//1668 2523//1668 2525//1668
f 1565//1669 2525//1669 2407//1669
f 1565//1670 2407//1670 2405//1670
f 1565//791 2405//791 1646//791
f 1565//472 1646//472 1433//472
f 2528//1459 2366//1459 2514//1459
f 2528//1459 2514//1459 2530//1459
f 2528//1640 2530//1640 2532//1640
f 2528//1671 2532//1671 2534//1671
f 2528//1672 2534//1672 2366//1672
f 2534//1 2532//1 2480//1
f 2534//1673 2480//1673 2368//1673
f 2534//1557 2368//1557 2366//1557
f 1521//1674 1518//1674 2537//1674
f 1521//1675 2537//1675 2539//1675
f 1521//1676 2539//1676 2541//1676
f 1521//1677 2541//1677 1663//1677
f 1521//1678 1663//1678 1523//1678
f 2407//1679 2525//1679 2543//1679
f 2407//1680 2543//1680 1907//1680
f 2407//265 1907//265 2122//265
f 2545//631 1800//631 1888//631
f 2545//1681 1888//1681 2547//1681
f 2545//1682 2547//1682 2548//1682
f 2545//1683 2548//1683 1803//1683
f 2545//1684 1803//1684 1800//1684
f 2530//1685 2514//1685 2513//1685
f 2530//1686 2513//1686 2551//1686
f 2530//1687 2551//1687 2552//1687
f 2530//61 2552//61 2553//61
f 2530//61 2553//61 2525//61
f 2530//1688 2525//1688 2532//1688
f 929//1689 927//1689 1806//1689
f 929//1690 1806//1690 2556//1690
f 929//1691 2556//1691 2557//1691
f 929//1692 2557//1692 2547//1692
f 929//1693 2547//1693 2560//1693
f 929//1694 2560//1694 2561//1694
f 929//1695 2561//1695 2562//1695
f 929//1696 2562//1696 2564//1696
f 929//1697 2564//1697 1667//1697
f 2543//1698 2525//1698 2566//1698
f 2543//1699 2566//1699 2568//1699
f 2543//1700 2568//1700 1908//1700
f 2543//1701 1908//1701 1907//1701
f 2551//1702 2513//1702 2512//1702
f 2551//1703 2512//1703 2570//1703
f 2551//1704 2570//1704 335//1704
f 2551//1705 335//1705 334//1705
f 2551//989 334//989 2552//989
f 1668//1706 1667//1706 2573//1706
f 1668//1506 2573//1506 2139//1506
f 1668//1506 2139//1506 2137//1506
f 1668//1707 2137//1707 1302//1707
f 1668//1115 1302//1115 1300//1115
f 2577//1708 1472//1708 1312//1708
f 2577//1709 1312//1709 1337//1709
f 2577//1709 1337//1709 1926//1709
f 2577//818 1926//818 2580//818
f 2577//1710 2580//1710 1476//1710
f 2577//1711 1476//1711 1472//1711
f 2583//1712 2585//1712 2587//1712
f 2583//1713 2587//1713 2591//1713
f 2583//1714 2591//1714 2593//1714
f 2583//1715 2593//1715 2595//1715
f 2583//173 2595//173 2596//173
f 2583//1716 2596//1716 2585//1716
f 2597//1717 2585//1717 2596//1717
f 2597//1718 2596//1718 2599//1718
f 2597//309 2599//309 2601//309
f 2597//1719 2601//1719 2603//1719
f 2597//1720 2603//1720 2604//1720
f 2597//1721 2604//1721 2606//1721
f 2597//751 2606//751 2585//751
f 2606//1 2604//1 2608//1
f 2606//1722 2608//1722 2610//1722
f 2606//1723 2610//1723 2587//1723
f 2606//1724 2587//1724 2585//1724
f 1575//1725 1573//1725 2611//1725
f 1575//1726 2611//1726 2612//1726
f 1575//1445 2612//1445 1533//1445
f 1575//1019 1533//1019 1532//1019
f 1304//1727 868//1727 2615//1727
f 1304//1728 2615//1728 2617//1728
f 1304//1729 2617//1729 1726//1729
f 1304//1730 1726//1730 1305//1730
f 2618//1731 1074//1731 1680//1731
f 2618//1732 1680//1732 2620//1732
f 2618//1733 2620//1733 2622//1733
f 2618//1734 2622//1734 2624//1734
f 2618//1735 2624//1735 1686//1735
f 2618//1736 1686//1736 1074//1736
f 2433//1737 2430//1737 2625//1737
f 2433//1738 2625//1738 526//1738
f 2433//1739 526//1739 525//1739
f 2433//1740 525//1740 2628//1740
f 2433//1741 2628//1741 2437//1741
f 2629//1742 2437//1742 2628//1742
f 2629//399 2628//399 525//399
f 2629//399 525//399 523//399
f 2629//399 523//399 532//399
f 2629//1743 532//1743 2451//1743
f 2629//1744 2451//1744 2437//1744
f 2632//61 2443//61 2453//61
f 2632//61 2453//61 2634//61
f 2632//1745 2634//1745 2636//1745
f 2632//1746 2636//1746 911//1746
f 2632//61 911//61 918//61
f 2632//61 918//61 2447//61
f 2632//61 2447//61 2445//61
f 2632//61 2445//61 2443//61
f 2641//1747 2642//1747 2644//1747
f 2641//1748 2644//1748 2645//1748
f 2641//1749 2645//1749 2647//1749
f 2641//1749 2647//1749 1021//1749
f 2641//1244 1021//1244 2650//1244
f 2641//498 2650//498 2651//498
f 2641//615 2651//615 2642//615
f 2653//704 2642//704 2651//704
f 2653//489 2651//489 2655//489
f 2653//1750 2655//1750 2656//1750
f 2653//1751 2656//1751 2658//1751
f 2653//1752 2658//1752 2660//1752
f 2653//1 2660//1 2662//1
f 2653//1753 2662//1753 2642//1753
f 2662//1 2660//1 2664//1
f 2662//1 2664//1 2666//1
f 2662//1 2666//1 2644//1
f 2662//1754 2644//1754 2642//1754
f 2658//5 2656//5 2668//5
f 2658//1755 2668//1755 2671//1755
f 2658//1756 2671//1756 2673//1756
f 2658//1757 2673//1757 2675//1757
f 2658//1757 2675//1757 2677//1757
f 2658//1757 2677//1757 2678//1757
f 2658//1758 2678//1758 2680//1758
f 2658//1758 2680//1758 2664//1758
f 2658//1759 2664//1759 2660//1759
f 2301//1760 370//1760 369//1760
f 2301//1761 369//1761 377//1761
f 2301//1762 377//1762 2303//1762
f 2073//1763 1761//1763 1759//1763
f 2073//1764 1759//1764 1964//1764
f 2073//1765 1964//1765 1975//1765
f 2073//1766 1975//1766 2075//1766
f 2684//1767 1496//1767 1494//1767
f 2684//1768 1494//1768 2077//1768
f 2684//1717 2077//1717 2686//1717
f 2684//1769 2686//1769 2688//1769
f 2684//1770 2688//1770 1499//1770
f 2684//1771 1499//1771 1496//1771
f 2690//1772 2330//1772 2344//1772
f 2690//1773 2344//1773 2692//1773
f 2690//1774 2692//1774 2694//1774
f 2690//1775 2694//1775 2332//1775
f 2690//134 2332//134 2330//134
f 2696//1776 1656//1776 2698//1776
f 2696//1777 2698//1777 2699//1777
f 2696//741 2699//741 2700//741
f 2696//1778 2700//1778 2483//1778
f 2696//1779 2483//1779 1592//1779
f 2696//525 1592//525 1656//525
f 1767//1780 1764//1780 281//1780
f 1767//1781 281//1781 280//1781
f 1767//1782 280//1782 2704//1782
f 1767//1783 2704//1783 1711//1783
f 1767//61 1711//61 2698//61
f 1767//61 2698//61 1656//61
f 2324//1784 2323//1784 2707//1784
f 2324//1785 2707//1785 2708//1785
f 2324//1 2708//1 440//1
f 2324//794 440//794 363//794
f 2324//1786 363//1786 361//1786
f 2324//1787 361//1787 2326//1787
f 2482//1 2480//1 2489//1
f 2482//1788 2493//1788 2712//1788
f 2482//1789 2712//1789 2713//1789
f 2482//1790 2713//1790 1708//1790
f 2482//1791 1708//1791 1646//1791
f 2482//1792 1646//1792 2405//1792
f 1592//1793 2483//1793 2480//1793
f 1592//1794 2480//1794 2532//1794
f 1592//1795 2532//1795 2001//1795
f 1592//525 2001//525 1594//525
f 1641//1796 1230//1796 2716//1796
f 1641//1506 2716//1506 2718//1506
f 1641//1506 2718//1506 2720//1506
f 1641//1707 2720//1707 1251//1707
f 1252//1797 1251//1797 2720//1797
f 1252//1798 2720//1798 2718//1798
f 1252//1799 2718//1799 2722//1799
f 1252//1800 2722//1800 2723//1800
f 1252//1801 2723//1801 2724//1801
f 1252//1802 2724//1802 2726//1802
f 1252//1803 2726//1803 2501//1803
f 1252//1804 2501//1804 2728//1804
f 1252//1805 2728//1805 2205//1805
f 2707//1806 2323//1806 2310//1806
f 2707//1807 2310//1807 420//1807
f 2707//1808 420//1808 2731//1808
f 2707//1809 2731//1809 2708//1809
f 2393//1810 1877//1810 2503//1810
f 2393//1811 2503//1811 2724//1811
f 2393//1812 2724//1812 2723//1812
f 2393//1813 2723//1813 2734//1813
f 2393//1814 2734//1814 2394//1814
f 2396//1815 2394//1815 2734//1815
f 2396//1816 2734//1816 2723//1816
f 2396//1817 2723//1817 2737//1817
f 2396//1818 2737//1818 2738//1818
f 2396//1819 2738//1819 2739//1819
f 2396//1820 2739//1820 2742//1820
f 2396//1820 2742//1820 1443//1820
f 2744//1821 2235//1821 2233//1821
f 2744//1429 2233//1429 2746//1429
f 2744//399 2746//399 2748//399
f 2744//1 2748//1 2677//1
f 2744//1 2677//1 2675//1
f 2744//1822 2675//1822 2750//1822
f 2744//399 2750//399 2389//399
f 2744//1823 2389//1823 2235//1823
f 2753//1824 2380//1824 2379//1824
f 2753//1825 2379//1825 2754//1825
f 2753//1826 2754//1826 2755//1826
f 2753//960 2755//960 2570//960
f 2753//1827 2570//1827 2512//1827
f 2753//1828 2512//1828 2380//1828
f 2244//1829 2243//1829 2758//1829
f 2244//1830 2758//1830 2562//1830
f 2244//1831 2562//1831 2561//1831
f 2244//1832 2561//1832 2761//1832
f 2244//1833 2761//1833 1883//1833
f 2761//1 2561//1 2560//1
f 2761//791 2560//791 1888//791
f 2761//1834 1888//1834 1883//1834
f 2748//1835 2746//1835 2233//1835
f 2748//1836 2233//1836 2232//1836
f 2748//1837 2232//1837 2252//1837
f 2748//399 2252//399 2767//399
f 2748//1838 2767//1838 2769//1838
f 2748//1 2769//1 2677//1
f 2242//1839 2239//1839 2771//1839
f 2242//1840 2771//1840 2773//1840
f 2242//1841 2773//1841 2774//1841
f 2242//1842 2774//1842 2776//1842
f 2242//1843 2776//1843 2562//1843
f 2242//1844 2562//1844 2758//1844
f 2242//1845 2758//1845 2243//1845
f 2429//1846 2427//1846 2780//1846
f 2429//1847 2780//1847 506//1847
f 2429//1848 506//1848 504//1848
f 2429//1 504//1 2783//1
f 2429//1849 2783//1849 2625//1849
f 2429//134 2625//134 2430//134
f 2780//1850 2427//1850 2449//1850
f 2780//472 2449//472 2785//472
f 2780//1851 2785//1851 1112//1851
f 2780//1852 1112//1852 506//1852
f 2129//134 2127//134 1826//134
f 2129//134 1826//134 1824//134
f 2129//1853 1824//1853 2787//1853
f 2129//1854 2787//1854 2788//1854
f 2129//1855 2788//1855 2523//1855
f 2129//134 2523//134 1398//134
f 2791//1856 2587//1856 2610//1856
f 2791//1857 2610//1857 2792//1857
f 2791//1858 2792//1858 2794//1858
f 2791//1859 2794//1859 2591//1859
f 2791//1860 2591//1860 2587//1860
f 2149//1861 2147//1861 2796//1861
f 2149//1862 2796//1862 2158//1862
f 2149//1863 2158//1863 2798//1863
f 2149//1864 2798//1864 2155//1864
f 2149//1851 2155//1851 2151//1851
f 2798//1865 2158//1865 2801//1865
f 2798//61 2801//61 2156//61
f 2798//61 2156//61 2155//61
f 2017//1866 1332//1866 1829//1866
f 2017//1867 1829//1867 2803//1867
f 2017//1868 2803//1868 2805//1868
f 2017//1869 2805//1869 2012//1869
f 2017//1870 2012//1870 2019//1870
f 2163//1871 2162//1871 2160//1871
f 2163//1872 2160//1872 812//1872
f 2163//1873 812//1873 810//1873
f 2163//1874 810//1874 2808//1874
f 2163//1875 2808//1875 2165//1875
f 2447//1876 918//1876 1112//1876
f 2447//1877 1112//1877 2785//1877
f 2447//1086 2785//1086 2449//1086
f 2268//1878 1919//1878 1917//1878
f 2268//1879 1917//1879 2022//1879
f 2268//1880 2022//1880 2010//1880
f 2451//1881 532//1881 913//1881
f 2451//1882 913//1882 912//1882
f 2451//1883 912//1883 2634//1883
f 2451//61 2634//61 2453//61
f 1935//1142 1933//1142 2813//1142
f 1935//1884 2813//1884 2815//1884
f 1935//1885 2815//1885 230//1885
f 1935//1886 230//1886 1937//1886
f 1935//1887 1937//1887 1544//1887
f 2678//1757 2677//1757 2769//1757
f 2678//1757 2769//1757 2819//1757
f 2678//1888 2819//1888 2821//1888
f 2678//1889 2821//1889 2823//1889
f 2678//32 2823//32 2825//32
f 2678//1890 2825//1890 2827//1890
f 2678//1752 2827//1752 2829//1752
f 2678//1891 2829//1891 2830//1891
f 2678//1758 2830//1758 2680//1758
f 2832//704 2834//704 2827//704
f 2832//489 2827//489 2835//489
f 2832//1892 2835//1892 2837//1892
f 2832//1026 2837//1026 2839//1026
f 2832//668 2839//668 2840//668
f 2832//1893 2840//1893 2842//1893
f 2832//542 2842//542 2843//542
f 2832//1179 2843//1179 2834//1179
f 2846//1894 2834//1894 2847//1894
f 2846//1895 2847//1895 2848//1895
f 2846//1896 2848//1896 2850//1896
f 2846//1897 2850//1897 2830//1897
f 2846//1898 2830//1898 2829//1898
f 2846//1382 2829//1382 2827//1382
f 2846//1899 2827//1899 2834//1899
f 2843//1900 2842//1900 2856//1900
f 2843//1086 2856//1086 2858//1086
f 2843//1086 2858//1086 2859//1086
f 2843//1901 2859//1901 2847//1901
f 2843//1902 2847//1902 2834//1902
f 2862//1903 2651//1903 2650//1903
f 2862//1904 2650//1904 1021//1904
f 2862//1224 1021//1224 950//1224
f 2862//1054 950//1054 948//1054
f 2862//1054 948//1054 2651//1054
f 2865//1039 2651//1039 948//1039
f 2865//1905 948//1905 2867//1905
f 2865//1906 2867//1906 2868//1906
f 2865//1907 2868//1907 2869//1907
f 2865//201 2869//201 2870//201
f 2865//399 2870//399 2655//399
f 2865//1908 2655//1908 2651//1908
f 2473//1909 1618//1909 1616//1909
f 2473//1910 1616//1910 1836//1910
f 2473//1911 1836//1911 2872//1911
f 2473//741 2872//741 2474//741
f 2874//134 2656//134 2655//134
f 2874//659 2655//659 2875//659
f 2874//659 2875//659 2877//659
f 2874//659 2877//659 2879//659
f 2874//134 2879//134 2668//134
f 2874//134 2668//134 2656//134
f 2882//1912 2668//1912 2879//1912
f 2882//1913 2879//1913 2877//1913
f 2882//1914 2877//1914 2884//1914
f 2882//1915 2884//1915 2886//1915
f 2882//1916 2886//1916 2888//1916
f 2882//1917 2888//1917 2671//1917
f 2882//163 2671//163 2668//163
f 2666//1 2664//1 2680//1
f 2666//1 2680//1 2890//1
f 2666//1918 2890//1918 2891//1918
f 2666//1918 2891//1918 2893//1918
f 2666//1919 2893//1919 2895//1919
f 2666//416 2895//416 2644//416
f 2645//416 2644//416 2895//416
f 2645//1920 2895//1920 2897//1920
f 2645//1920 2897//1920 2899//1920
f 2645//1136 2899//1136 2901//1136
f 2645//1921 2901//1921 2647//1921
f 2888//525 2886//525 2903//525
f 2888//525 2903//525 2905//525
f 2888//1922 2905//1922 2673//1922
f 2888//1923 2673//1923 2671//1923
f 2188//1924 906//1924 1422//1924
f 2188//1925 1422//1925 2477//1925
f 2188//1926 2477//1926 2907//1926
f 2188//1927 2907//1927 2189//1927
f 2316//1928 2195//1928 2387//1928
f 2316//1929 2387//1929 2909//1929
f 2316//1930 2909//1930 828//1930
f 2316//1931 828//1931 688//1931
f 2694//1932 2692//1932 2913//1932
f 2694//1933 2913//1933 2914//1933
f 2694//399 2914//399 2334//399
f 2694//1934 2334//1934 2332//1934
f 2916//1922 2673//1922 2905//1922
f 2916//525 2905//525 2903//525
f 2916//525 2903//525 2917//525
f 2916//525 2917//525 2750//525
f 2916//1935 2750//1935 2675//1935
f 2916//1922 2675//1922 2673//1922
f 2914//1936 2913//1936 2345//1936
f 2914//1937 2345//1937 2335//1937
f 2914//1938 2335//1938 2334//1938
f 2921//1939 2922//1939 2923//1939
f 2921//1939 2923//1939 2925//1939
f 2921//1940 2925//1940 2927//1940
f 2921//1941 2927//1941 2929//1941
f 2921//1942 2929//1942 2930//1942
f 2921//1943 2930//1943 2922//1943
f 2932//1944 2922//1944 2930//1944
f 2932//1945 2930//1945 2933//1945
f 2932//1946 2933//1946 2935//1946
f 2932//1947 2935//1947 2936//1947
f 2932//1948 2936//1948 2938//1948
f 2932//1949 2938//1949 2922//1949
f 2938//432 2936//432 2940//432
f 2938//1459 2940//1459 2942//1459
f 2938//1950 2942//1950 2943//1950
f 2938//1951 2943//1951 2923//1951
f 2938//1952 2923//1952 2922//1952
f 2945//616 2946//616 2948//616
f 2945//1953 2948//1953 2950//1953
f 2945//716 2950//716 2952//716
f 2945//1954 2952//1954 2953//1954
f 2945//1955 2953//1955 2956//1955
f 2945//903 2956//903 2946//903
f 2958//1956 2946//1956 2956//1956
f 2958//1957 2956//1957 2959//1957
f 2958//1958 2959//1958 2961//1958
f 2958//914 2961//914 2963//914
f 2958//1959 2963//1959 2946//1959
f 2963//1960 2961//1960 2966//1960
f 2963//1961 2966//1961 2968//1961
f 2963//1962 2968//1962 2970//1962
f 2963//1963 2970//1963 2948//1963
f 2963//1964 2948//1964 2946//1964
f 2890//1 2680//1 2830//1
f 2890//1 2830//1 2850//1
f 2890//1918 2850//1918 2891//1918
f 2973//1965 2975//1965 2976//1965
f 2973//1966 2976//1966 2977//1966
f 2973//1967 2977//1967 2979//1967
f 2973//1968 2979//1968 2980//1968
f 2973//1969 2980//1969 2981//1969
f 2973//1970 2981//1970 2975//1970
f 2525//1971 2523//1971 2788//1971
f 2525//1972 2788//1972 2982//1972
f 2525//1973 2982//1973 2001//1973
f 2525//658 2001//658 2532//658
f 2787//1974 1824//1974 1822//1974
f 2787//1975 1822//1975 2001//1975
f 2787//1976 2001//1976 2982//1976
f 2787//1977 2982//1977 2788//1977
f 2986//61 2525//61 2553//61
f 2986//61 2553//61 2552//61
f 2986//1978 2552//1978 2990//1978
f 2986//1979 2990//1979 2566//1979
f 2986//1980 2566//1980 2525//1980
f 2992//1981 2769//1981 2767//1981
f 2992//525 2767//525 2993//525
f 2992//525 2993//525 2995//525
f 2992//525 2995//525 2997//525
f 2992//1922 2997//1922 2819//1922
f 2992//1922 2819//1922 2769//1922
f 3000//1982 2850//1982 2848//1982
f 3000//1983 2848//1983 2847//1983
f 3000//416 2847//416 2859//416
f 3000//1920 2859//1920 3002//1920
f 3000//1984 3002//1984 3004//1984
f 3000//1985 3004//1985 2850//1985
f 2891//1918 2850//1918 3004//1918
f 2891//1300 3004//1300 3006//1300
f 2891//1300 3006//1300 3008//1300
f 2891//1300 3008//1300 3010//1300
f 2891//1300 3010//1300 2893//1300
f 3011//1986 2596//1986 2595//1986
f 3011//1987 2595//1987 3012//1987
f 3011//1988 3012//1988 3015//1988
f 3011//1989 3015//1989 3017//1989
f 3011//1990 3017//1990 2599//1990
f 3011//1991 2599//1991 2596//1991
f 3019//1992 1608//1992 1606//1992
f 3019//1993 1606//1993 3021//1993
f 3019//1994 3021//1994 3023//1994
f 3019//1995 3023//1995 3024//1995
f 3019//1996 3024//1996 1674//1996
f 3019//1997 1674//1997 1608//1997
f 2158//1998 2156//1998 2801//1998
f 3028//1922 2819//1922 2997//1922
f 3028//525 2997//525 2995//525
f 3028//525 2995//525 3031//525
f 3028//1999 3031//1999 3033//1999
f 3028//2000 3033//2000 2821//2000
f 3028//2001 2821//2001 2819//2001
f 2808//2002 810//2002 909//2002
f 2808//2003 909//2003 3037//2003
f 2808//2004 3037//2004 2414//2004
f 2808//2005 2414//2005 2165//2005
f 2835//2006 2827//2006 2825//2006
f 2835//61 2825//61 3039//61
f 2835//734 3039//734 3041//734
f 2835//2007 3041//2007 3042//2007
f 2835//399 3042//399 3044//399
f 2835//399 3044//399 2837//399
f 3033//2008 3031//2008 3046//2008
f 3033//2009 3046//2009 3048//2009
f 3033//2010 3048//2010 3050//2010
f 3033//2011 3050//2011 2823//2011
f 3033//2012 2823//2012 2821//2012
f 2624//808 2622//808 3053//808
f 2624//2013 3053//2013 2278//2013
f 2624//2014 2278//2014 1683//2014
f 2624//2015 1683//2015 1686//2015
f 3039//61 2825//61 2823//61
f 3039//61 2823//61 3050//61
f 3039//734 3050//734 3048//734
f 3039//734 3048//734 3041//734
f 3056//1224 1201//1224 1200//1224
f 3056//2016 1200//2016 2465//2016
f 3056//2017 2465//2017 3059//2017
f 3056//134 3059//134 1488//134
f 3056//134 1488//134 1201//134
f 1975//2018 1964//2018 1962//2018
f 3061//2019 2930//2019 2929//2019
f 3061//2020 2929//2020 3063//2020
f 3061//2020 3063//2020 3064//2020
f 3061//2021 3064//2021 3066//2021
f 3061//1195 3066//1195 2933//1195
f 3061//2022 2933//2022 2930//2022
f 3068//2023 1508//2023 1506//2023
f 3068//2024 1506//2024 1183//2024
f 3068//61 1183//61 100//61
f 3068//61 100//61 98//61
f 3068//2025 98//2025 1508//2025
f 2385//2026 2383//2026 2509//2026
f 2385//2027 2509//2027 3070//2027
f 2385//2028 3070//2028 3074//2028
f 2385//2029 3074//2029 2909//2029
f 2385//2030 2909//2030 2387//2030
f 2349//2031 2347//2031 3076//2031
f 2349//2032 3076//2032 3079//2032
f 2349//2033 3079//2033 3081//2033
f 2349//2034 3081//2034 2342//2034
f 2349//2035 2342//2035 2340//2035
f 2917//2036 2903//2036 3085//2036
f 2917//2037 3085//2037 3086//2037
f 2917//2038 3086//2038 2389//2038
f 2917//2039 2389//2039 2750//2039
f 2970//2040 2968//2040 3089//2040
f 2970//2041 3089//2041 2950//2041
f 2970//2042 2950//2042 2948//2042
f 3091//2043 3093//2043 2953//2043
f 3091//2044 2953//2044 2952//2044
f 3091//2045 2952//2045 3095//2045
f 3091//2046 3095//2046 3097//2046
f 3091//2047 3097//2047 3099//2047
f 2413//2048 2411//2048 3102//2048
f 2413//2049 3102//2049 2239//2049
f 2413//2050 2239//2050 1459//2050
f 2413//2051 1459//2051 1457//2051
f 3105//2052 3106//2052 3107//2052
f 3105//2053 3107//2053 3108//2053
f 3105//2054 3108//2054 3110//2054
f 3105//2055 3110//2055 3111//2055
f 3105//903 3111//903 3112//903
f 3105//2056 3112//2056 3106//2056
f 3113//2057 2975//2057 2981//2057
f 3113//2058 2981//2058 3114//2058
f 3113//2059 3114//2059 3115//2059
f 3113//2060 3115//2060 3118//2060
f 3113//2061 3118//2061 3120//2061
f 3113//2062 3120//2062 2975//2062
f 3122//2063 2975//2063 3120//2063
f 3122//2064 3120//2064 3124//2064
f 3122//2065 3124//2065 3126//2065
f 3122//2066 3126//2066 3127//2066
f 3122//2067 3127//2067 2976//2067
f 3122//2068 2976//2068 2975//2068
f 3129//2069 2981//2069 2980//2069
f 3129//2070 2980//2070 3131//2070
f 3129//2071 3131//2071 3134//2071
f 3129//2072 3134//2072 3136//2072
f 3129//105 3136//105 3114//105
f 3129//2073 3114//2073 2981//2073
f 2547//134 1888//134 2560//134
f 2548//134 2547//134 3139//134
f 2548//2074 3139//2074 3141//2074
f 2548//2075 3141//2075 3144//2075
f 2548//2076 3144//2076 1804//2076
f 2548//1039 1804//1039 1803//1039
f 2415//2077 2414//2077 3037//2077
f 2415//2078 3037//2078 3147//2078
f 2415//2079 3147//2079 3148//2079
f 2415//2080 3148//2080 2507//2080
f 2415//2081 2507//2081 2417//2081
f 2252//2082 3149//2082 2250//2082
f 2252//2083 3149//2083 3151//2083
f 2252//2084 3151//2084 2993//2084
f 2252//2085 2993//2085 2767//2085
f 3153//2086 2604//2086 3154//2086
f 3153//399 3154//399 3156//399
f 3153//399 3156//399 3158//399
f 3153//399 3158//399 3159//399
f 3153//399 3159//399 3161//399
f 3153//2087 3161//2087 2608//2087
f 3153//201 2608//201 2604//201
f 2603//2088 2601//2088 3163//2088
f 2603//2089 3163//2089 3154//2089
f 2603//2090 3154//2090 2604//2090
f 3165//2091 2608//2091 3161//2091
f 3165//2092 3161//2092 3167//2092
f 3165//2093 3167//2093 2792//2093
f 3165//2094 2792//2094 2610//2094
f 3165//2095 2610//2095 2608//2095
f 3169//2096 2595//2096 2593//2096
f 3169//2072 2593//2072 3171//2072
f 3169//2097 3171//2097 3173//2097
f 3169//2098 3173//2098 3176//2098
f 3169//2099 3176//2099 3012//2099
f 3169//2100 3012//2100 2595//2100
f 3177//2101 3012//2101 3176//2101
f 3177//2102 3176//2102 3179//2102
f 3177//1749 3179//1749 3180//1749
f 3177//1540 3180//1540 3182//1540
f 3177//2103 3182//2103 3015//2103
f 3177//2104 3015//2104 3012//2104
f 2688//2105 2686//2105 3184//2105
f 2688//2106 3184//2106 3186//2106
f 2688//2107 3186//2107 1690//2107
f 2688//2108 1690//2108 1499//2108
f 2492//489 1872//489 1868//489
f 2492//2109 1868//2109 2460//2109
f 2492//2110 2460//2110 3189//2110
f 2492//10 3189//10 2493//10
f 1704//2111 1559//2111 1557//2111
f 1704//2112 1557//2112 2202//2112
f 1704//2113 2202//2113 396//2113
f 1704//2114 396//2114 1706//2114
f 2713//2115 2712//2115 2699//2115
f 2713//2116 2699//2116 1711//2116
f 2713//2117 1711//2117 1708//2117
f 3194//2118 746//2118 744//2118
f 3194//668 744//668 1660//668
f 3194//2119 1660//2119 2207//2119
f 3194//2120 2207//2120 2205//2120
f 3194//2121 2205//2121 1610//2121
f 3194//2122 1610//2122 746//2122
f 2700//2123 2699//2123 2712//2123
f 2700//2124 2712//2124 3198//2124
f 2700//2125 3198//2125 285//2125
f 2700//134 285//134 2483//134
f 2724//1 2503//1 2726//1
f 3199//911 2956//911 2953//911
f 3199//2126 2953//2126 3093//2126
f 3199//2127 3093//2127 3201//2127
f 3199//2128 3201//2128 3203//2128
f 3199//2129 3203//2129 2959//2129
f 3199//931 2959//931 2956//931
f 3089//2130 2968//2130 3205//2130
f 3089//2131 3205//2131 3208//2131
f 3089//2132 3208//2132 2952//2132
f 3089//2133 2952//2133 2950//2133
f 3210//2134 3106//2134 3112//2134
f 3210//2135 3112//2135 3212//2135
f 3210//2136 3212//2136 3214//2136
f 3210//2136 3214//2136 3217//2136
f 3210//2137 3217//2137 3219//2137
f 3210//2138 3219//2138 3223//2138
f 3210//2139 3223//2139 3106//2139
f 3223//2140 3219//2140 3225//2140
f 3223//2141 3225//2141 3226//2141
f 3223//2142 3226//2142 3107//2142
f 3223//2143 3107//2143 3106//2143
f 3228//2144 2976//2144 3127//2144
f 3228//2145 3127//2145 3208//2145
f 3228//2146 3208//2146 3230//2146
f 3228//2147 3230//2147 2977//2147
f 3228//2148 2977//2148 2976//2148
f 3232//2149 3107//2149 3226//2149
f 3232//2150 3226//2150 3234//2150
f 3232//668 3234//668 3236//668
f 3232//2151 3236//2151 3108//2151
f 3232//112 3108//112 3107//112
f 2979//2152 2977//2152 3239//2152
f 2979//2153 3239//2153 3241//2153
f 2979//2154 3241//2154 3131//2154
f 2979//2155 3131//2155 2980//2155
f 3243//134 784//134 1603//134
f 3243//134 1603//134 2556//134
f 3243//1 2556//1 3144//1
f 3243//1 3144//1 3246//1
f 3243//2156 3246//2156 314//2156
f 3243//2157 314//2157 313//2157
f 3243//399 313//399 3250//399
f 3243//399 3250//399 1745//399
f 3243//2158 1745//2158 785//2158
f 3243//1039 785//1039 784//1039
f 3252//2159 935//2159 815//2159
f 3252//2160 815//2160 1747//2160
f 3252//2161 1747//2161 3253//2161
f 3252//472 3253//472 2556//472
f 3252//472 2556//472 1603//472
f 3252//2162 1603//2162 935//2162
f 2568//2163 2566//2163 205//2163
f 2568//2164 205//2164 3256//2164
f 2568//2165 3256//2165 1910//2165
f 2568//489 1910//489 1908//489
f 3258//2166 3015//2166 3182//2166
f 3258//2167 3182//2167 3260//2167
f 3258//2168 3260//2168 3261//2168
f 3258//2169 3261//2169 3264//2169
f 3258//2170 3264//2170 3017//2170
f 3258//2171 3017//2171 3015//2171
f 3171//279 2593//279 2591//279
f 3171//2172 2591//2172 2794//2172
f 3171//2173 2794//2173 3266//2173
f 3171//2174 3266//2174 3173//2174
f 3256//2175 205//2175 203//2175
f 3256//2176 203//2176 568//2176
f 3256//2177 568//2177 926//2177
f 3256//2178 926//2178 1913//2178
f 3256//491 1913//491 1910//491
f 3270//2179 1755//2179 1754//2179
f 3270//2180 1754//2180 3272//2180
f 3270//2181 3272//2181 3274//2181
f 3270//2182 3274//2182 2803//2182
f 3270//2183 2803//2183 1829//2183
f 3270//2184 1829//2184 1755//2184
f 2856//2185 2842//2185 2840//2185
f 2856//989 2840//989 1167//989
f 2856//989 1167//989 1335//989
f 2856//427 1335//427 1330//427
f 2856//2186 1330//2186 2858//2186
f 3280//399 2655//399 2870//399
f 3280//1153 2870//1153 2899//1153
f 3280//2187 2899//2187 2875//2187
f 3280//2188 2875//2188 2655//2188
f 3282//2189 1627//2189 1626//2189
f 3282//2190 1626//2190 3283//2190
f 3282//2191 3283//2191 3286//2191
f 3282//2192 3286//2192 1631//2192
f 3282//2193 1631//2193 1627//2193
f 1978//2194 1840//2194 1839//2194
f 1978//2195 1839//2195 3289//2195
f 1978//2196 3289//2196 3291//2196
f 1978//2197 3291//2197 1979//2197
f 2897//2198 2895//2198 2893//2198
f 2897//1300 2893//1300 3010//1300
f 2897//658 3010//658 3294//658
f 2897//658 3294//658 2899//658
f 3296//2199 2923//2199 2943//2199
f 3296//2200 2943//2200 3297//2200
f 3296//535 3297//535 3298//535
f 3296//134 3298//134 3300//134
f 3296//2201 3300//2201 2925//2201
f 3296//2202 2925//2202 2923//2202
f 3302//2203 2929//2203 2927//2203
f 3302//2204 2927//2204 3304//2204
f 3302//399 3304//399 3305//399
f 3302//399 3305//399 3063//399
f 3302//2205 3063//2205 2929//2205
f 3201//1119 3093//1119 3099//1119
f 3201//2206 3099//2206 3308//2206
f 3201//2207 3308//2207 3310//2207
f 3201//2208 3310//2208 3312//2208
f 3201//2209 3312//2209 3203//2209
f 3208//2210 3127//2210 3126//2210
f 3208//2211 3126//2211 3314//2211
f 3208//2212 3314//2212 3316//2212
f 3208//2213 3316//2213 3095//2213
f 3208//2214 3095//2214 2952//2214
f 3318//2215 3095//2215 3316//2215
f 3318//1142 3316//1142 3319//1142
f 3318//2216 3319//2216 3321//2216
f 3318//2217 3321//2217 3097//2217
f 3318//2046 3097//2046 3095//2046
f 3324//2218 3112//2218 3111//2218
f 3324//2219 3111//2219 3326//2219
f 3324//2220 3326//2220 3328//2220
f 3324//2221 3328//2221 3330//2221
f 3324//2222 3330//2222 3212//2222
f 3324//2223 3212//2223 3112//2223
f 3331//61 3108//61 3236//61
f 3331//658 3236//658 3217//658
f 3331//2224 3217//2224 3214//2224
f 3331//2225 3214//2225 3333//2225
f 3331//2226 3333//2226 3110//2226
f 3331//2227 3110//2227 3108//2227
f 2601//20 2599//20 3017//20
f 2601//2228 3017//2228 3336//2228
f 2601//2229 3336//2229 3337//2229
f 2601//2230 3337//2230 3163//2230
f 3002//1920 2859//1920 3340//1920
f 3002//658 3340//658 3342//658
f 3002//658 3342//658 3006//658
f 3002//1300 3006//1300 3004//1300
f 2013//2231 2012//2231 3344//2231
f 2013//2232 3344//2232 2813//2232
f 2013//2233 2813//2233 1933//2233
f 2013//2234 1933//2234 1931//2234
f 3346//2235 1676//2235 1674//2235
f 3346//2236 1674//2236 3024//2236
f 3346//2237 3024//2237 3348//2237
f 3346//2238 3348//2238 1680//2238
f 3346//2239 1680//2239 1676//2239
f 1747//2240 815//2240 813//2240
f 3350//1921 2859//1921 2858//1921
f 3350//472 2858//472 1330//472
f 3350//472 1330//472 1098//472
f 3350//134 1098//134 3044//134
f 3350//134 3044//134 3340//134
f 3350//914 3340//914 2859//914
f 2872//2241 1836//2241 1835//2241
f 2872//2242 1835//2242 3354//2242
f 2872//2243 3354//2243 276//2243
f 2872//2244 276//2244 2474//2244
f 3294//658 3010//658 3357//658
f 3294//2245 3357//2245 3358//2245
f 3294//2246 3358//2246 2877//2246
f 3294//2247 2877//2247 2875//2247
f 3294//2248 2875//2248 2899//2248
f 3360//2249 2877//2249 3358//2249
f 3360//2250 3358//2250 3363//2250
f 3360//472 3363//472 3365//472
f 3360//2251 3365//2251 3366//2251
f 3360//2252 3366//2252 2884//2252
f 3360//2253 2884//2253 2877//2253
f 1612//738 1610//738 3368//738
f 1612//2254 3368//2254 3370//2254
f 1612//2255 3370//2255 1659//2255
f 1612//2256 1659//2256 709//2256
f 1612//2257 709//2257 706//2257
f 3085//2258 2903//2258 3372//2258
f 3085//2259 3372//2259 3375//2259
f 3085//2260 3375//2260 3363//2260
f 3085//2261 3363//2261 3358//2261
f 3085//2262 3358//2262 3377//2262
f 3085//2263 3377//2263 3086//2263
f 3357//658 3010//658 3008//658
f 3357//658 3008//658 3006//658
f 3357//658 3006//658 3342//658
f 3357//2264 3342//2264 3380//2264
f 3357//2265 3380//2265 3381//2265
f 3357//2266 3381//2266 3377//2266
f 3357//2267 3377//2267 3358//2267
f 3383//2268 2925//2268 3300//2268
f 3383//2269 3300//2269 3385//2269
f 3383//2270 3385//2270 3387//2270
f 3383//2271 3387//2271 3304//2271
f 3383//2204 3304//2204 2927//2204
f 3383//2268 2927//2268 2925//2268
f 3388//472 2942//472 2940//472
f 3388//472 2940//472 3390//472
f 3388//2272 3390//2272 3392//2272
f 3388//2273 3392//2273 3393//2273
f 3388//2274 3393//2274 3394//2274
f 3388//472 3394//472 2942//472
f 3396//472 2942//472 3397//472
f 3396//472 3397//472 3398//472
f 3396//2275 3398//2275 3297//2275
f 3396//2276 3297//2276 2943//2276
f 3396//2277 2943//2277 2942//2277
f 3397//472 2942//472 3394//472
f 3397//2278 3394//2278 3401//2278
f 3397//2279 3401//2279 3402//2279
f 3397//2280 3402//2280 3398//2280
f 3404//399 3063//399 3405//399
f 3404//2281 3405//2281 3407//2281
f 3404//2282 3407//2282 3066//2282
f 3404//2283 3066//2283 3064//2283
f 3404//399 3064//399 3063//399
f 3305//2284 3304//2284 3387//2284
f 3305//2285 3387//2285 3409//2285
f 3305//2286 3409//2286 3405//2286
f 3305//399 3405//399 3063//399
f 2936//1848 2935//1848 3392//1848
f 2936//2287 3392//2287 3390//2287
f 2936//2288 3390//2288 2940//2288
f 1711//2289 2699//2289 2698//2289
f 3413//2288 2935//2288 2933//2288
f 3413//2290 2933//2290 3066//2290
f 3413//2291 3066//2291 3415//2291
f 3413//2292 3415//2292 3416//2292
f 3413//2288 3416//2288 2935//2288
f 3416//2292 3415//2292 3418//2292
f 3416//2293 3418//2293 3393//2293
f 3416//2294 3393//2294 3392//2294
f 3416//2295 3392//2295 2935//2295
f 3420//2296 1511//2296 2521//2296
f 3420//2297 2521//2297 2519//2297
f 3420//2298 2519//2298 2739//2298
f 3420//2299 2739//2299 3423//2299
f 3420//2300 3423//2300 1770//2300
f 3420//2301 1770//2301 1511//2301
f 3149//2302 3425//2302 2250//2302
f 3149//1 3425//1 3426//1
f 3149//399 3086//399 3427//399
f 3149//2303 3086//2303 3377//2303
f 3149//2304 3377//2304 3381//2304
f 3149//2305 3381//2305 3151//2305
f 2212//2306 2209//2306 3429//2306
f 2212//2307 3429//2307 3430//2307
f 2212//612 3430//612 3431//612
f 2212//61 3431//61 2501//61
f 2212//2308 2501//2308 2214//2308
f 3432//2309 1443//2309 2742//2309
f 3432//2310 2742//2310 3433//2310
f 3432//2311 3433//2311 3434//2311
f 3432//2312 3434//2312 2410//2312
f 3432//2313 2410//2313 1596//2313
f 3432//2314 1596//2314 1443//2314
f 3308//2315 3099//2315 3097//2315
f 3308//2316 3097//2316 3321//2316
f 3308//2317 3321//2317 3437//2317
f 3308//2318 3437//2318 3310//2318
f 3438//794 3439//794 3441//794
f 3438//2228 3441//2228 3442//2228
f 3438//2319 3442//2319 3444//2319
f 3438//2320 3444//2320 3445//2320
f 3438//2321 3445//2321 3439//2321
f 2410//2322 1598//2322 1596//2322
f 3448//2323 3439//2323 3445//2323
f 3448//2324 3445//2324 3450//2324
f 3448//2325 3450//2325 3452//2325
f 3448//2326 3452//2326 3454//2326
f 3448//2327 3454//2327 3439//2327
f 3441//472 3439//472 3454//472
f 3441//1300 3454//1300 3457//1300
f 3441//1300 3457//1300 3458//1300
f 3441//2328 3458//2328 3442//2328
f 3460//2329 3462//2329 3445//2329
f 3460//2330 3445//2330 3444//2330
f 3460//2330 3444//2330 3463//2330
f 3460//2331 3463//2331 3465//2331
f 3460//2332 3465//2332 3462//2332
f 3467//2333 3462//2333 3465//2333
f 3467//2334 3465//2334 3468//2334
f 3467//2335 3468//2335 3469//2335
f 3467//2336 3469//2336 3471//2336
f 3467//2337 3471//2337 3450//2337
f 3467//2338 3450//2338 3462//2338
f 3450//2339 3445//2339 3462//2339
f 3230//2136 3208//2136 3312//2136
f 3230//658 3312//658 3473//658
f 3230//2340 3473//2340 3239//2340
f 3230//2341 3239//2341 2977//2341
f 3475//2342 1663//2342 2541//2342
f 3475//2343 2541//2343 3477//2343
f 3475//2344 3477//2344 3478//2344
f 3475//2345 3478//2345 1664//2345
f 3475//2346 1664//2346 1663//2346
f 3480//2347 3120//2347 3118//2347
f 3480//2348 3118//2348 3241//2348
f 3480//2036 3241//2036 3239//2036
f 3480//2349 3239//2349 3473//2349
f 3480//2350 3473//2350 3124//2350
f 3480//2351 3124//2351 3120//2351
f 3482//2352 3114//2352 3136//2352
f 3482//2353 3136//2353 3236//2353
f 3482//439 3236//439 3234//439
f 3482//2354 3234//2354 3484//2354
f 3482//2355 3484//2355 3115//2355
f 3482//2356 3115//2356 3114//2356
f 3486//2357 3381//2357 3380//2357
f 3486//2358 3380//2358 3487//2358
f 3486//2359 3487//2359 3489//2359
f 3486//2360 3489//2360 3491//2360
f 3486//2361 3491//2361 2995//2361
f 3486//2036 2995//2036 2993//2036
f 3486//2362 2993//2362 3151//2362
f 3486//2363 3151//2363 3381//2363
f 3495//2364 1518//2364 1798//2364
f 3495//2365 1798//2365 3496//2365
f 3495//2366 3496//2366 2773//2366
f 3495//2367 2773//2367 2539//2367
f 3495//2368 2539//2368 2537//2368
f 3495//2369 2537//2369 1518//2369
f 3497//2370 3499//2370 3500//2370
f 3497//2371 3500//2371 3501//2371
f 3497//2372 3501//2372 3503//2372
f 3497//2373 3503//2373 3505//2373
f 3497//2374 3505//2374 3506//2374
f 3497//2375 3506//2375 3499//2375
f 3264//2376 3261//2376 3509//2376
f 3264//2377 3509//2377 3511//2377
f 3264//1202 3511//1202 3336//1202
f 3264//1767 3336//1767 3017//1767
f 3513//2378 3499//2378 3506//2378
f 3513//201 3506//201 3514//201
f 3513//2379 3514//2379 3515//2379
f 3513//2380 3515//2380 3516//2380
f 3513//2380 3516//2380 3499//2380
f 3517//2381 3499//2381 3516//2381
f 3517//2382 3516//2382 3519//2382
f 3517//2383 3519//2383 3521//2383
f 3517//2384 3521//2384 3522//2384
f 3517//2385 3522//2385 3500//2385
f 3517//57 3500//57 3499//57
f 3524//2386 3380//2386 3048//2386
f 3524//2387 3048//2387 3046//2387
f 3524//2388 3046//2388 3526//2388
f 3524//2389 3526//2389 3528//2389
f 3524//472 3528//472 3487//472
f 3524//2250 3487//2250 3380//2250
f 3342//658 3340//658 3042//658
f 3342//2036 3042//2036 3041//2036
f 3342//2390 3041//2390 3048//2390
f 3342//2391 3048//2391 3380//2391
f 2019//227 2012//227 2010//227
f 2019//2392 2010//2392 2022//2392
f 3053//1275 2622//1275 338//1275
f 3053//2393 338//2393 3534//2393
f 3053//2394 3534//2394 2273//2394
f 3053//2395 2273//2395 2278//2395
f 2870//2396 2869//2396 3537//2396
f 2870//1026 3537//1026 1035//1026
f 2870//61 1035//61 1075//61
f 2870//61 1075//61 2901//61
f 2870//61 2901//61 2899//61
f 1490//2397 1488//2397 3539//2397
f 1490//2398 3539//2398 3541//2398
f 1490//2399 3541//2399 3289//2399
f 1490//1162 3289//1162 1839//1162
f 3543//2400 3544//2400 3546//2400
f 3543//2401 3546//2401 3548//2401
f 3543//2402 3548//2402 3550//2402
f 3543//2403 3550//2403 3552//2403
f 3543//2404 3552//2404 3544//2404
f 3372//399 2903//399 2886//399
f 3372//2405 2886//2405 2884//2405
f 3372//2406 2884//2406 3554//2406
f 3372//2407 3554//2407 3557//2407
f 3372//2408 3557//2408 1051//2408
f 3372//2409 1051//2409 1050//2409
f 3372//2410 1050//2410 3375//2410
f 1979//95 3291//95 3558//95
f 1979//2411 3558//2411 2077//2411
f 1979//2412 2077//2412 2075//2412
f 1979//136 2075//136 1975//136
f 3561//2413 3363//2413 3375//2413
f 3561//2414 3375//2414 3563//2414
f 3561//2415 3563//2415 699//2415
f 3561//2416 699//2416 3365//2416
f 3561//2417 3365//2417 3363//2417
f 3566//2418 1634//2418 1701//2418
f 3566//2419 1701//2419 1947//2419
f 3566//2420 1947//2420 597//2420
f 3566//2421 597//2421 599//2421
f 3566//2422 599//2422 1636//2422
f 3566//2423 1636//2423 1634//2423
f 1639//2424 85//2424 93//2424
f 1639//2425 93//2425 609//2425
f 1639//2426 609//2426 2716//2426
f 1639//2427 2716//2427 1230//2427
f 2356//2428 1631//2428 3286//2428
f 2356//2429 3286//2429 3572//2429
f 2356//2430 3572//2430 1764//2430
f 2356//2431 1764//2431 1762//2431
f 3574//2432 3575//2432 3577//2432
f 3574//2433 3577//2433 3578//2433
f 3574//2434 3578//2434 3580//2434
f 3574//2435 3580//2435 3582//2435
f 3574//791 3582//791 3584//791
f 3574//791 3584//791 3575//791
f 2731//1232 420//1232 2199//1232
f 2731//134 2199//134 1783//134
f 2731//2436 1783//2436 1781//2436
f 2731//2437 1781//2437 1779//2437
f 2731//2438 1779//2438 3587//2438
f 2731//1 3587//1 3589//1
f 2731//2439 3589//2439 2708//2439
f 3076//2440 2347//2440 2345//2440
f 3076//2441 2345//2441 3592//2441
f 3076//2442 3592//2442 3593//2442
f 3076//2443 3593//2443 3079//2443
f 3423//2444 2739//2444 3595//2444
f 3423//2445 3595//2445 3598//2445
f 3423//2446 3598//2446 3599//2446
f 3423//2447 3599//2447 1771//2447
f 3423//2448 1771//2448 1770//2448
f 3601//1 3603//1 3605//1
f 3601//1 3605//1 3606//1
f 3601//173 3606//173 3607//173
f 3601//173 3607//173 3608//173
f 3601//342 3608//342 3610//342
f 3601//498 3610//498 3603//498
f 3611//2449 3603//2449 3613//2449
f 3611//2450 3613//2450 3615//2450
f 3611//2451 3615//2451 3616//2451
f 3611//265 3616//265 3617//265
f 3611//265 3617//265 3618//265
f 3611//1376 3618//1376 3603//1376
f 3618//2452 3617//2452 3620//2452
f 3618//2453 3620//2453 3621//2453
f 3618//2454 3621//2454 3605//2454
f 3618//1376 3605//1376 3603//1376
f 3610//2455 3608//2455 3623//2455
f 3610//2456 3623//2456 3625//2456
f 3610//2457 3625//2457 3613//2457
f 3610//498 3613//498 3603//498
f 2397//2458 1664//2458 3478//2458
f 2397//2459 3478//2459 3628//2459
f 2397//2460 3628//2460 3630//2460
f 2397//2461 3630//2461 2517//2461
f 2397//2462 2517//2462 2400//2462
f 3632//2463 3465//2463 3463//2463
f 3632//873 3463//873 3633//873
f 3632//1119 3633//1119 3634//1119
f 3632//1299 3634//1299 3636//1299
f 3632//2464 3636//2464 3468//2464
f 3632//2465 3468//2465 3465//2465
f 3639//2466 3226//2466 3225//2466
f 3639//2467 3225//2467 3640//2467
f 3639//2468 3640//2468 3642//2468
f 3639//2469 3642//2469 3645//2469
f 3639//2470 3645//2470 3234//2470
f 3639//2471 3234//2471 3226//2471
f 3326//2472 3111//2472 3110//2472
f 3326//2473 3110//2473 3333//2473
f 3326//2474 3333//2474 3648//2474
f 3326//2475 3648//2475 3328//2475
f 3649//542 3606//542 3605//542
f 3649//542 3605//542 3621//542
f 3649//2476 3621//2476 3652//2476
f 3649//2477 3652//2477 3654//2477
f 3649//2478 3654//2478 3607//2478
f 3649//639 3607//639 3606//639
f 3496//2479 1798//2479 1796//2479
f 3496//2480 1796//2480 3657//2480
f 3496//2481 3657//2481 3658//2481
f 3496//2482 3658//2482 3659//2482
f 3496//2483 3659//2483 2773//2483
f 3660//61 1810//61 1817//61
f 3660//1183 1817//1183 3661//1183
f 3660//2484 3661//2484 2625//2484
f 3660//2485 2625//2485 2783//2485
f 3660//2486 2783//2486 3663//2486
f 3660//1 3663//1 3665//1
f 3660//2487 3665//2487 1811//2487
f 3660//2488 1811//2488 1810//2488
f 3667//2489 1806//2489 1804//2489
f 3667//399 1804//399 3144//399
f 3667//658 3144//658 2556//658
f 3667//2490 2556//2490 1806//2490
f 3670//2491 3672//2491 3674//2491
f 3670//2492 3674//2492 3675//2492
f 3670//2493 3675//2493 3515//2493
f 3670//2494 3515//2494 3514//2494
f 3670//2495 3514//2495 3678//2495
f 3670//2496 3678//2496 3679//2496
f 3670//2497 3679//2497 3672//2497
f 3681//2498 3672//2498 3679//2498
f 3681//1738 3679//1738 3684//1738
f 3681//2499 3684//2499 3685//2499
f 3681//777 3685//777 3687//777
f 3681//2500 3687//2500 3674//2500
f 3681//201 3674//201 3672//201
f 3689//498 3506//498 3505//498
f 3689//2501 3505//2501 3690//2501
f 3689//2502 3690//2502 3692//2502
f 3689//2503 3692//2503 3693//2503
f 3689//2504 3693//2504 3514//2504
f 3689//2505 3514//2505 3506//2505
f 3694//2506 3500//2506 3522//2506
f 3694//2507 3522//2507 3696//2507
f 3694//2508 3696//2508 3698//2508
f 3694//2509 3698//2509 3699//2509
f 3694//2510 3699//2510 3501//2510
f 3694//2511 3501//2511 3500//2511
f 3702//2512 3675//2512 3674//2512
f 3702//2513 3674//2513 3703//2513
f 3702//2514 3703//2514 3705//2514
f 3702//2515 3705//2515 3706//2515
f 3702//2516 3706//2516 3708//2516
f 3702//2517 3708//2517 3675//2517
f 3708//2518 3706//2518 3710//2518
f 3708//2519 3710//2519 3712//2519
f 3708//2520 3712//2520 3515//2520
f 3708//2521 3515//2521 3675//2521
f 3021//2522 1606//2522 857//2522
f 3021//2523 857//2523 1826//2523
f 3021//2524 1826//2524 3716//2524
f 3021//2525 3716//2525 3023//2525
f 3717//2526 1569//2526 1723//2526
f 3717//2527 1723//2527 541//2527
f 3717//2528 541//2528 549//2528
f 3717//2529 549//2529 3720//2529
f 3717//1445 3720//1445 1570//1445
f 3717//2530 1570//2530 1569//2530
f 3722//2531 3182//2531 3180//2531
f 3722//2532 3180//2532 3724//2532
f 3722//2533 3724//2533 3726//2533
f 3722//2534 3726//2534 3727//2534
f 3722//658 3727//658 3260//658
f 3722//2535 3260//2535 3182//2535
f 3729//2536 3487//2536 3528//2536
f 3729//2537 3528//2537 3732//2537
f 3729//2538 3732//2538 3734//2538
f 3729//2539 3734//2539 3489//2539
f 3729//2540 3489//2540 3487//2540
f 3491//2541 3489//2541 1136//2541
f 3491//2542 1136//2542 1135//2542
f 3491//2543 1135//2543 1141//2543
f 3491//2544 1141//2544 3737//2544
f 3491//2545 3737//2545 3046//2545
f 3491//2546 3046//2546 3031//2546
f 3491//399 3031//399 2995//399
f 3740//2547 2158//2547 2796//2547
f 3740//1493 2796//1493 3741//1493
f 3740//2548 3741//2548 3743//2548
f 3740//2549 3743//2549 3745//2549
f 3740//2550 3745//2550 3747//2550
f 3740//2551 3747//2551 812//2551
f 3740//2552 812//2552 2160//2552
f 3740//2553 2160//2553 2158//2553
f 3750//2554 3751//2554 3752//2554
f 3750//2555 3752//2555 3754//2555
f 3750//2556 3754//2556 3756//2556
f 3750//472 3756//472 3758//472
f 3750//2557 3758//2557 3760//2557
f 3750//2558 3760//2558 3751//2558
f 3762//2559 3751//2559 3764//2559
f 3762//2560 3764//2560 1226//2560
f 3762//2561 1226//2561 3766//2561
f 3762//2562 3766//2562 3752//2562
f 3762//2563 3752//2563 3751//2563
f 3760//2564 3758//2564 3769//2564
f 3760//2565 3769//2565 3764//2565
f 3760//2566 3764//2566 3751//2566
f 3771//2567 2147//2567 1913//2567
f 3771//2567 1913//2567 926//2567
f 3771//2568 926//2568 3773//2568
f 3771//2569 3773//2569 3741//2569
f 3771//2570 3741//2570 2796//2570
f 3771//2571 2796//2571 2147//2571
f 2611//2572 1573//2572 1939//2572
f 2611//2573 1939//2573 3776//2573
f 2611//2574 3776//2574 822//2574
f 2611//2575 822//2575 2612//2575
f 3781//2576 1728//2576 1726//2576
f 3781//2577 1726//2577 2617//2577
f 3781//2578 2617//2578 678//2578
f 3781//2579 678//2579 3783//2579
f 3781//1777 3783//1777 2027//1777
f 3781//2580 2027//2580 1728//2580
f 3044//1111 3042//1111 3340//1111
f 3552//2581 3550//2581 3786//2581
f 3552//472 3786//472 3788//472
f 3552//2582 3788//2582 3789//2582
f 3552//2583 3789//2583 3544//2583
f 3791//2584 3544//2584 3789//2584
f 3791//2585 3789//2585 3788//2585
f 3791//2586 3788//2586 1174//2586
f 3791//136 1174//136 3794//136
f 3791//2587 3794//2587 3546//2587
f 3791//2588 3546//2588 3544//2588
f 3366//2589 3365//2589 699//2589
f 3366//2590 699//2590 697//2590
f 3366//2591 697//2591 3554//2591
f 3366//2592 3554//2592 2884//2592
f 3354//2593 1835//2593 2189//2593
f 3354//2594 2189//2594 2907//2594
f 3354//2595 2907//2595 267//2595
f 3354//2596 267//2596 266//2596
f 3354//2597 266//2597 276//2597
f 3800//1459 3802//1459 3803//1459
f 3800//2598 3803//2598 697//2598
f 3800//2599 697//2599 3805//2599
f 3800//2600 3805//2600 3806//2600
f 3800//616 3806//616 3802//616
f 3808//2601 1584//2601 1582//2601
f 3808//2602 1582//2602 380//2602
f 3808//2528 380//2528 387//2528
f 3808//2529 387//2529 2464//2529
f 3808//1445 2464//1445 1584//1445
f 3811//2603 3802//2603 3806//2603
f 3811//2604 3806//2604 3812//2604
f 3811//2605 3812//2605 702//2605
f 3811//2606 702//2606 3815//2606
f 3811//2607 3815//2607 3802//2607
f 3815//2608 702//2608 700//2608
f 3815//2609 700//2609 3803//2609
f 3815//2555 3803//2555 3802//2555
f 3818//2610 3575//2610 3584//2610
f 3818//2611 3584//2611 3820//2611
f 3818//2612 3820//2612 3821//2612
f 3818//2613 3821//2613 3823//2613
f 3818//1300 3823//1300 3825//1300
f 3818//2614 3825//2614 3575//2614
f 3826//2615 3575//2615 3825//2615
f 3826//2616 3825//2616 3828//2616
f 3826//741 3828//741 3829//741
f 3826//2617 3829//2617 3832//2617
f 3826//2618 3832//2618 3577//2618
f 3826//2619 3577//2619 3575//2619
f 3427//1 3834//1 3836//1
f 3427//2620 2390//2620 3836//2620
f 3427//2621 2389//2621 2390//2621
f 3427//2622 2389//2622 3086//2622
f 2913//2623 2692//2623 3838//2623
f 2913//2624 3838//2624 403//2624
f 2913//2625 403//2625 417//2625
f 2913//2626 417//2626 3840//2626
f 2913//2627 3840//2627 3592//2627
f 2913//2628 3592//2628 2345//2628
f 2199//134 991//134 1783//134
f 2722//2629 2718//2629 432//2629
f 2722//1054 432//1054 430//1054
f 2722//2630 430//2630 3847//2630
f 2722//134 3847//134 2728//134
f 2722//1 2728//1 3431//1
f 2722//2631 3431//2631 3850//2631
f 2722//2632 3850//2632 2723//2632
f 3850//1746 3431//1746 3854//1746
f 3850//2633 3854//2633 3856//2633
f 3850//2634 3856//2634 2737//2634
f 3850//2635 2737//2635 2723//2635
f 2207//2636 1660//2636 264//2636
f 2207//2637 264//2637 262//2637
f 2207//134 262//134 3859//134
f 2207//1 3859//1 3429//1
f 2207//399 3429//399 2209//399
f 3862//2638 3863//2638 3864//2638
f 3862//2639 3864//2639 3866//2639
f 3862//2640 3866//2640 3867//2640
f 3862//2641 3867//2641 3869//2641
f 3862//2642 3869//2642 3871//2642
f 3862//445 3871//445 3863//445
f 3599//2643 3598//2643 3873//2643
f 3599//2644 3873//2644 3875//2644
f 3599//2645 3875//2645 1985//2645
f 3599//2646 1985//2646 1771//2646
f 3877//2647 3863//2647 3871//2647
f 3877//2648 3871//2648 3879//2648
f 3877//2649 3879//2649 3881//2649
f 3877//2650 3881//2650 3883//2650
f 3877//1453 3883//1453 3863//1453
f 3884//2651 3863//2651 3883//2651
f 3884//2652 3883//2652 3886//2652
f 3884//2653 3886//2653 3888//2653
f 3884//2654 3888//2654 3889//2654
f 3884//2655 3889//2655 3864//2655
f 3884//728 3864//728 3863//728
f 3587//2656 1779//2656 1989//2656
f 3587//2657 1989//2657 1985//2657
f 3587//2658 1985//2658 3875//2658
f 3587//2659 3875//2659 3615//2659
f 3587//2660 3615//2660 3613//2660
f 3587//2661 3613//2661 3625//2661
f 3587//2662 3625//2662 3893//2662
f 3587//2663 3893//2663 3589//2663
f 3895//2664 3582//2664 3580//2664
f 3895//2665 3580//2665 3897//2665
f 3895//2666 3897//2666 3898//2666
f 3895//2667 3898//2667 3900//2667
f 3895//2668 3900//2668 3901//2668
f 3895//2669 3901//2669 3582//2669
f 3901//296 3900//296 3903//296
f 3901//2670 3903//2670 3904//2670
f 3901//2671 3904//2671 3820//2671
f 3901//2672 3820//2672 3584//2672
f 3901//2673 3584//2673 3582//2673
f 3205//2130 2968//2130 2966//2130
f 3205//2674 2966//2674 2961//2674
f 3205//2675 2961//2675 2959//2675
f 3205//2676 2959//2676 3203//2676
f 3205//2677 3203//2677 3208//2677
f 3908//2678 2509//2678 2507//2678
f 3908//2678 2507//2678 3148//2678
f 3908//1376 3148//1376 3911//1376
f 3908//1376 3911//1376 3912//1376
f 3908//1376 3912//1376 3070//1376
f 3908//2678 3070//2678 2509//2678
f 3444//2679 3442//2679 3458//2679
f 3444//2680 3458//2680 3913//2680
f 3444//2681 3913//2681 3633//2681
f 3444//2682 3633//2682 3463//2682
f 3314//2683 3126//2683 3124//2683
f 3314//2684 3124//2684 3473//2684
f 3314//2685 3473//2685 3312//2685
f 3314//2686 3312//2686 3310//2686
f 3314//2687 3310//2687 3917//2687
f 3314//2688 3917//2688 3920//2688
f 3314//2689 3920//2689 3316//2689
f 3330//1244 3328//1244 3923//1244
f 3330//307 3923//307 3924//307
f 3330//2690 3924//2690 3214//2690
f 3330//2691 3214//2691 3212//2691
f 3927//2692 3136//2692 3134//2692
f 3927//2693 3134//2693 3929//2693
f 3927//2694 3929//2694 3931//2694
f 3927//2695 3931//2695 3217//2695
f 3927//2696 3217//2696 3236//2696
f 3927//2697 3236//2697 3136//2697
f 3665//2698 3663//2698 472//2698
f 3665//2699 472//2699 3652//2699
f 3665//2700 3652//2700 3621//2700
f 3665//2701 3621//2701 3620//2701
f 3665//2702 3620//2702 3936//2702
f 3665//2703 3936//2703 1996//2703
f 3665//2704 1996//2704 1994//2704
f 3665//1114 1994//1114 1811//1114
f 3939//2705 3131//2705 3241//2705
f 3939//2706 3241//2706 3118//2706
f 3939//2707 3118//2707 3941//2707
f 3939//2708 3941//2708 3929//2708
f 3939//2709 3929//2709 3134//2709
f 3939//2710 3134//2710 3131//2710
f 3657//2711 1796//2711 1996//2711
f 3657//2712 1996//2712 3936//2712
f 3657//2713 3936//2713 3943//2713
f 3657//2714 3943//2714 3658//2714
f 3945//2715 2562//2715 2776//2715
f 3945//2716 2776//2716 3946//2716
f 3945//2717 3946//2717 3948//2717
f 3945//1119 3948//1119 3139//1119
f 3945//2718 3139//2718 2564//2718
f 3945//2719 2564//2719 2562//2719
f 3720//2529 549//2529 613//2529
f 3720//2720 613//2720 611//2720
f 3720//2721 611//2721 1815//2721
f 3720//2722 1815//2722 1570//2722
f 3699//2723 3698//2723 3952//2723
f 3699//2724 3952//2724 3954//2724
f 3699//2725 3954//2725 3503//2725
f 3699//2726 3503//2726 3501//2726
f 3703//2727 3674//2727 3687//2727
f 3703//2728 3687//2728 3956//2728
f 3703//2729 3956//2729 3959//2729
f 3703//2730 3959//2730 3705//2730
f 3163//2731 3337//2731 3961//2731
f 3163//2732 3961//2732 3963//2732
f 3163//2733 3963//2733 3156//2733
f 3163//2734 3156//2734 3154//2734
f 2580//2735 1926//2735 3966//2735
f 2580//2736 3966//2736 3968//2736
f 2580//2737 3968//2737 2124//2737
f 2580//1710 2124//1710 1476//1710
f 3159//2738 3158//2738 3970//2738
f 3159//2739 3970//2739 3972//2739
f 3159//2740 3972//2740 3167//2740
f 3159//2741 3167//2741 3161//2741
f 3974//2742 2792//2742 3167//2742
f 3974//2743 3167//2743 3972//2743
f 3974//2744 3972//2744 3976//2744
f 3974//1798 3976//1798 3266//1798
f 3974//2745 3266//2745 2794//2745
f 3974//2746 2794//2746 2792//2746
f 3978//1061 868//1061 2141//1061
f 3978//2747 2141//2747 787//2747
f 3978//2748 787//2748 796//2748
f 3978//2748 796//2748 799//2748
f 3978//2749 799//2749 671//2749
f 3978//2749 671//2749 669//2749
f 3978//2424 669//2424 2615//2424
f 3978//1062 2615//1062 868//1062
f 3982//536 1071//536 1535//536
f 3982//2750 1535//2750 557//2750
f 3982//2751 557//2751 555//2751
f 3982//2752 555//2752 563//2752
f 3982//2753 563//2753 542//2753
f 3982//2754 542//2754 541//2754
f 3982//2755 541//2755 1723//2755
f 3982//2756 1723//2756 1071//2756
f 3988//1445 1533//1445 2612//1445
f 3988//2529 2612//2529 3990//2529
f 3988//2757 3990//2757 557//2757
f 3988//2758 557//2758 1535//2758
f 3988//2759 1535//2759 1533//2759
f 3966//1920 1926//1920 1924//1920
f 3966//2760 1924//2760 3993//2760
f 3966//2761 3993//2761 3995//2761
f 3966//2736 3995//2736 3968//2736
f 3534//2762 338//2762 336//2762
f 3534//2763 336//2763 346//2763
f 3534//2764 346//2764 3993//2764
f 3534//2765 3993//2765 2274//2765
f 3534//2766 2274//2766 2273//2766
f 1413//2767 1408//2767 901//2767
f 1413//2768 901//2768 899//2768
f 1413//2769 899//2769 3998//2769
f 1413//2770 3998//2770 1417//2770
f 2259//1431 1417//1431 3998//1431
f 2259//2771 3998//2771 899//2771
f 2259//2772 899//2772 893//2772
f 3766//227 1226//227 1209//227
f 3766//2773 1209//2773 3756//2773
f 3766//2774 3756//2774 3754//2774
f 3766//2775 3754//2775 3752//2775
f 3526//2776 3046//2776 3737//2776
f 3526//2777 3737//2777 4003//2777
f 3526//2778 4003//2778 3732//2778
f 3526//2779 3732//2779 3528//2779
f 4003//2780 3737//2780 1141//2780
f 4003//352 1141//352 940//352
f 4003//2781 940//2781 3732//2781
f 4007//432 4008//432 4010//432
f 4007//2782 4010//2782 941//2782
f 4007//2783 941//2783 4003//2783
f 4007//2784 4003//2784 4011//2784
f 4007//439 4011//439 4008//439
f 4013//2785 4008//2785 4011//2785
f 4013//2786 4011//2786 1019//2786
f 4013//2787 1019//2787 1017//2787
f 4013//2788 1017//2788 4015//2788
f 4013//1376 4015//1376 4008//1376
f 4015//2172 1017//2172 4017//2172
f 4015//61 4017//61 4010//61
f 4015//432 4010//432 4008//432
f 3794//1232 1174//1232 1172//1232
f 3794//1512 1172//1512 692//1512
f 3794//2789 692//2789 690//2789
f 3794//2790 690//2790 3548//2790
f 3794//2791 3548//2791 3546//2791
f 697//2792 3803//2792 700//2792
f 697//2793 700//2793 695//2793
f 697//261 695//261 3557//261
f 697//2126 3557//2126 3805//2126
f 3812//2794 3806//2794 3805//2794
f 3812//2795 3805//2795 3557//2795
f 3812//2796 3557//2796 1051//2796
f 3812//2797 1051//2797 703//2797
f 3812//2798 703//2798 702//2798
f 3832//2799 3829//2799 4024//2799
f 3832//2800 4024//2800 3578//2800
f 3832//2801 3578//2801 3577//2801
f 4024//2802 3829//2802 3897//2802
f 4024//227 3897//227 3580//227
f 4024//2803 3580//2803 3578//2803
f 3866//2804 3864//2804 3889//2804
f 3866//2805 3889//2805 4027//2805
f 3866//919 4027//919 4029//919
f 3866//2806 4029//2806 4030//2806
f 3866//2807 4030//2807 3867//2807
f 4032//1183 4030//1183 4029//1183
f 4032//2292 4029//2292 4034//2292
f 4032//472 4034//472 4036//472
f 4032//137 4036//137 3867//137
f 4032//2808 3867//2808 4030//2808
f 2728//2809 2501//2809 3431//2809
f 3654//2810 3652//2810 472//2810
f 3654//416 472//416 3623//416
f 3654//1001 3623//1001 3608//1001
f 3654//1001 3608//1001 3607//1001
f 3208//2811 3203//2811 3312//2811
f 3920//2812 3917//2812 4039//2812
f 3920//2813 4039//2813 4041//2813
f 3920//2814 4041//2814 4043//2814
f 3920//1 4043//1 3319//1
f 3920//2815 3319//2815 3316//2815
f 3452//2816 3450//2816 3471//2816
f 3452//658 3471//658 3913//658
f 3452//658 3913//658 3457//658
f 3452//2817 3457//2817 3454//2817
f 3931//2818 3929//2818 4048//2818
f 3931//658 4048//658 4049//658
f 3931//2819 4049//2819 3219//2819
f 3931//2820 3219//2820 3217//2820
f 3102//2821 2411//2821 4050//2821
f 3102//2822 4050//2822 4052//2822
f 3102//2823 4052//2823 2771//2823
f 3102//2824 2771//2824 2239//2824
f 3484//2825 3234//2825 4054//2825
f 3484//2826 4054//2826 4048//2826
f 3484//2827 4048//2827 3941//2827
f 3484//1032 3941//1032 3115//1032
f 3941//2828 3118//2828 3115//2828
f 3139//2829 2547//2829 2557//2829
f 3139//1 2557//1 2564//1
f 4056//13 4057//13 4058//13
f 4056//2830 4058//2830 4060//2830
f 4056//2831 4060//2831 4062//2831
f 4056//2832 4062//2832 4063//2832
f 4056//2833 4063//2833 4065//2833
f 4056//2834 4065//2834 4057//2834
f 4066//2835 3679//2835 3678//2835
f 4066//2836 3678//2836 3693//2836
f 4066//2837 3693//2837 3692//2837
f 4066//2838 3692//2838 4068//2838
f 4066//2839 4068//2839 4069//2839
f 4066//2840 4069//2840 3684//2840
f 4066//2841 3684//2841 3679//2841
f 3519//2756 3516//2756 3712//2756
f 3519//2842 3712//2842 3690//2842
f 3519//1925 3690//1925 3505//1925
f 3519//2843 3505//2843 3503//2843
f 3519//2844 3503//2844 3954//2844
f 3519//2845 3954//2845 3521//2845
f 4073//998 4058//998 4074//998
f 4073//2846 4074//2846 4076//2846
f 4073//2847 4076//2847 4078//2847
f 4073//2848 4078//2848 4060//2848
f 4073//2849 4060//2849 4058//2849
f 3712//2308 3516//2308 3515//2308
f 4080//2850 3260//2850 3727//2850
f 4080//2851 3727//2851 4082//2851
f 4080//2852 4082//2852 4083//2852
f 4080//2853 4083//2853 3261//2853
f 4080//1493 3261//1493 3260//1493
f 4082//2854 3727//2854 3726//2854
f 4082//2855 3726//2855 4085//2855
f 4082//2856 4085//2856 4086//2856
f 4082//1947 4086//1947 4083//1947
f 4089//2857 3176//2857 3173//2857
f 4089//2858 3173//2858 4090//2858
f 4089//1734 4090//1734 4092//1734
f 4089//2859 4092//2859 4093//2859
f 4089//2860 4093//2860 3179//2860
f 4089//2861 3179//2861 3176//2861
f 4003//2862 941//2862 940//2862
f 4003//2863 940//2863 946//2863
f 4003//2864 946//2864 1019//2864
f 4003//2865 1019//2865 4011//2865
f 4017//2866 1017//2866 1015//2866
f 4017//2867 1015//2867 943//2867
f 4017//2868 943//2868 941//2868
f 4017//1023 941//1023 4010//1023
f 3186//2869 3184//2869 3541//2869
f 3186//2870 3541//2870 4100//2870
f 3186//2871 4100//2871 1692//2871
f 3186//2872 1692//2872 1690//2872
f 2475//2873 2474//2873 276//2873
f 2475//2874 276//2874 274//2874
f 2475//2875 274//2875 3283//2875
f 2475//2876 3283//2876 1626//2876
f 4103//2517 3548//2517 690//2517
f 4103//2163 690//2163 829//2163
f 4103//2877 829//2877 3786//2877
f 4103//2878 3786//2878 3550//2878
f 4103//2879 3550//2879 3548//2879
f 3558//2880 3291//2880 3184//2880
f 3558//2881 3184//2881 2686//2881
f 3558//2882 2686//2882 2077//2882
f 2704//2883 280//2883 601//2883
f 2704//2884 601//2884 4106//2884
f 2704//2885 4106//2885 2084//2885
f 2704//2886 2084//2886 1711//2886
f 3198//2887 2712//2887 2493//2887
f 3198//2888 2493//2888 117//2888
f 3198//2889 117//2889 116//2889
f 3198//2890 116//2890 283//2890
f 3198//2891 283//2891 285//2891
f 4111//2892 2342//2892 3081//2892
f 4111//2893 3081//2893 4112//2893
f 4111//2894 4112//2894 404//2894
f 4111//2895 404//2895 2344//2895
f 4111//2896 2344//2896 2342//2896
f 3869//2897 3867//2897 4036//2897
f 3869//2898 4036//2898 4116//2898
f 3869//2899 4116//2899 4117//2899
f 3869//2900 4117//2900 3871//2900
f 4117//2901 4116//2901 4119//2901
f 4117//2902 4119//2902 4027//2902
f 4117//2903 4027//2903 4121//2903
f 4117//659 4121//659 3879//659
f 4117//2904 3879//2904 3871//2904
f 3856//2802 3854//2802 4124//2802
f 3856//2905 4124//2905 3595//2905
f 3856//2906 3595//2906 2738//2906
f 3856//103 2738//103 2737//103
f 2519//2907 2517//2907 4127//2907
f 2519//2908 4127//2908 3433//2908
f 2519//2909 3433//2909 2742//2909
f 2519//2910 2742//2910 2739//2910
f 4130//2911 3616//2911 3615//2911
f 4130//2912 3615//2912 4132//2912
f 4130//489 4132//489 4133//489
f 4130//13 4133//13 3617//13
f 4130//13 3617//13 3616//13
f 4136//2913 3225//2913 3219//2913
f 4136//2914 3219//2914 4049//2914
f 4136//2915 4049//2915 4138//2915
f 4136//2916 4138//2916 4139//2916
f 4136//872 4139//872 3640//872
f 4136//2917 3640//2917 3225//2917
f 4141//1 4143//1 4144//1
f 4141//2918 4144//2918 4146//2918
f 4141//2919 4146//2919 4148//2919
f 4141//2920 4148//2920 4149//2920
f 4141//2921 4149//2921 4143//2921
f 4151//2922 4143//2922 4149//2922
f 4151//2923 4149//2923 4152//2923
f 4151//2924 4152//2924 152//2924
f 4151//2925 152//2925 4155//2925
f 4151//2926 4155//2926 4143//2926
f 4155//2927 152//2927 4157//2927
f 4155//2928 4157//2928 4144//2928
f 4155//241 4144//241 4143//241
f 4157//2929 152//2929 151//2929
f 4157//2930 151//2930 4159//2930
f 4157//2931 4159//2931 4146//2931
f 4157//2932 4146//2932 4144//2932
f 3924//75 3923//75 4161//75
f 3924//2603 4161//2603 4163//2603
f 3924//2933 4163//2933 3333//2933
f 3924//2934 3333//2934 3214//2934
f 3645//2935 3642//2935 4165//2935
f 3645//734 4165//734 4167//734
f 3645//2802 4167//2802 4054//2802
f 3645//2936 4054//2936 3234//2936
f 3620//2937 3617//2937 4133//2937
f 3620//2938 4133//2938 4170//2938
f 3620//2939 4170//2939 4132//2939
f 3620//2940 4132//2940 3936//2940
f 4052//2941 4050//2941 4173//2941
f 4052//2942 4173//2942 4175//2942
f 4052//2943 4175//2943 2539//2943
f 4052//2943 2539//2943 2771//2943
f 2773//2944 2771//2944 2539//2944
f 4175//2945 4173//2945 3477//2945
f 4175//2946 3477//2946 2541//2946
f 4175//2947 2541//2947 2539//2947
f 3946//238 2776//238 2774//238
f 3946//2948 2774//2948 3659//2948
f 3946//2949 3659//2949 4178//2949
f 3946//2950 4178//2950 3948//2950
f 4180//2951 4057//2951 4065//2951
f 4180//134 4065//134 4183//134
f 4180//2952 4183//2952 4184//2952
f 4180//2953 4184//2953 4185//2953
f 4180//2954 4185//2954 4057//2954
f 4187//2955 4057//2955 4185//2955
f 4187//2956 4185//2956 4190//2956
f 4187//2957 4190//2957 4191//2957
f 4187//2958 4191//2958 4193//2958
f 4187//2959 4193//2959 4074//2959
f 4187//141 4074//141 4058//141
f 4187//141 4058//141 4057//141
f 4195//2960 4060//2960 4078//2960
f 4195//2961 4078//2961 4197//2961
f 4195//2962 4197//2962 4198//2962
f 4195//2963 4198//2963 4062//2963
f 4195//2964 4062//2964 4060//2964
f 3678//2965 3514//2965 3693//2965
f 4201//2064 3180//2064 3179//2064
f 4201//472 3179//472 4093//472
f 4201//472 4093//472 4203//472
f 4201//2966 4203//2966 4204//2966
f 4201//2967 4204//2967 3724//2967
f 4201//2968 3724//2968 3180//2968
f 3769//2969 3758//2969 907//2969
f 3769//2970 907//2970 809//2970
f 3769//201 809//201 1226//201
f 3769//2971 1226//2971 3764//2971
f 2620//2972 1680//2972 3348//2972
f 2620//2973 3348//2973 339//2973
f 2620//2974 339//2974 338//2974
f 2620//2975 338//2975 2622//2975
f 1752//2976 2027//2976 222//2976
f 1752//2977 222//2977 4211//2977
f 1752//2978 4211//2978 3272//2978
f 1752//2979 3272//2979 1754//2979
f 3289//2921 3541//2921 3184//2921
f 3289//2980 3184//2980 3291//2980
f 2071//472 2069//472 4213//472
f 2071//2981 4213//2981 2043//2981
f 2071//2982 2043//2982 2041//2982
f 2071//173 2041//173 2040//173
f 3557//2983 3554//2983 697//2983
f 3557//137 695//137 707//137
f 3557//2984 707//2984 1412//2984
f 3557//1922 1412//1922 1051//1922
f 3385//2985 3300//2985 3298//2985
f 3385//2986 3298//2986 4218//2986
f 3385//2987 4218//2987 4220//2987
f 3385//2988 4220//2988 3387//2988
f 3838//2989 2692//2989 2344//2989
f 3838//2990 2344//2990 404//2990
f 3838//2991 404//2991 403//2991
f 2285//2992 1176//2992 1175//2992
f 2285//2993 1175//2993 1183//2993
f 2285//2994 1183//2994 1506//2994
f 2285//2745 1506//2745 1504//2745
f 3189//2995 2460//2995 108//2995
f 3189//2996 108//2996 106//2996
f 3189//2997 106//2997 117//2997
f 3189//2998 117//2998 2493//2998
f 4224//1039 2379//1039 2377//1039
f 4224//1039 2377//1039 1198//1039
f 4224//2999 1198//2999 2754//2999
f 4224//982 2754//982 2379//982
f 3595//3000 2739//3000 2738//3000
f 3912//173 3911//173 4227//173
f 3912//3001 4227//3001 4228//3001
f 3912//3002 4228//3002 4230//3002
f 3912//3003 4230//3003 3074//3003
f 3912//3004 3074//3004 3070//3004
f 4232//3005 3633//3005 3913//3005
f 4232//734 3913//734 3471//734
f 4232//3006 3471//3006 3469//3006
f 4232//2161 3469//2161 4235//2161
f 4232//3007 4235//3007 3634//3007
f 4232//3008 3634//3008 3633//3008
f 3457//3009 3913//3009 3458//3009
f 4132//489 4170//489 4133//489
f 3659//3010 2774//3010 2773//3010
f 3147//3011 3037//3011 4238//3011
f 3147//3012 4238//3012 4240//3012
f 3147//3013 4240//3013 4242//3013
f 3147//3014 4242//3014 3911//3014
f 3147//3015 3911//3015 3148//3015
f 4243//3016 3911//3016 4242//3016
f 4243//3017 4242//3017 4240//3017
f 4243//3018 4240//3018 4245//3018
f 4243//1300 4245//1300 4247//1300
f 4243//472 4247//472 4227//472
f 4243//3019 4227//3019 3911//3019
f 2990//3020 2552//3020 334//3020
f 2990//3021 334//3021 333//3021
f 2990//3022 333//3022 196//3022
f 2990//3023 196//3023 4251//3023
f 2990//3024 4251//3024 2566//3024
f 4253//3025 2570//3025 2755//3025
f 4253//3026 2755//3026 2754//3026
f 4253//1137 2754//1137 1198//1137
f 4253//399 1198//399 1196//399
f 4253//3027 1196//3027 1387//3027
f 4253//3028 1387//3028 1009//3028
f 4253//3029 1009//3029 891//3029
f 4253//3030 891//3030 333//3030
f 4253//3031 333//3031 335//3031
f 4253//3032 335//3032 2570//3032
f 4251//3033 196//3033 195//3033
f 4251//3034 195//3034 205//3034
f 4251//3035 205//3035 2566//3035
f 4085//3036 3726//3036 3724//3036
f 4085//3037 3724//3037 4204//3037
f 4085//3038 4204//3038 4086//3038
f 2805//3039 2803//3039 3274//3039
f 2805//3040 3274//3040 3344//3040
f 2805//728 3344//728 2012//728
f 3993//3041 1924//3041 1922//3041
f 3993//3042 1922//3042 2274//3042
f 3274//3043 3272//3043 2815//3043
f 3274//3044 2815//3044 2813//3044
f 3274//3045 2813//3045 3344//3045
f 4262//3046 2054//3046 2052//3046
f 4262//201 2052//201 4264//201
f 4262//3047 4264//3047 4266//3047
f 4262//3048 4266//3048 2058//3048
f 4262//3049 2058//3049 2054//3049
f 2907//3050 2477//3050 2352//3050
f 2907//3051 2352//3051 4269//3051
f 2907//3052 4269//3052 605//3052
f 2907//3053 605//3053 267//3053
f 3563//3054 3375//3054 1050//3054
f 3563//3055 1050//3055 703//3055
f 3563//3056 703//3056 705//3056
f 3563//3057 705//3057 695//3057
f 3563//3058 695//3058 699//3058
f 4274//3059 2909//3059 3074//3059
f 4274//3060 3074//3060 4276//3060
f 4274//3061 4276//3061 710//3061
f 4274//3062 710//3062 717//3062
f 4274//3063 717//3063 829//3063
f 4274//3064 829//3064 828//3064
f 4274//3065 828//3065 2909//3065
f 3823//3066 3821//3066 4280//3066
f 3823//3067 4280//3067 3898//3067
f 3823//3068 3898//3068 3828//3068
f 3823//3069 3828//3069 3825//3069
f 2376//3070 284//3070 283//3070
f 2376//498 283//498 100//498
f 2376//3071 100//3071 1188//3071
f 2376//1054 1188//1054 1198//1054
f 2376//1054 1198//1054 2377//1054
f 3407//3072 3405//3072 3409//3072
f 3407//3073 3409//3073 4284//3073
f 3407//3074 4284//3074 3415//3074
f 3407//3075 3415//3075 3066//3075
f 4286//1 4287//1 4289//1
f 4286//1 4289//1 4291//1
f 4286//3076 4291//3076 3246//3076
f 4286//3077 3246//3077 3429//3077
f 4286//3078 3429//3078 3859//3078
f 4286//3079 3859//3079 4293//3079
f 4286//3080 4293//3080 4287//3080
f 4293//3081 3859//3081 4295//3081
f 4293//134 4295//134 986//134
f 4293//1039 986//1039 4297//1039
f 4293//3082 4297//3082 4298//3082
f 4293//3083 4298//3083 4289//3083
f 4293//201 4289//201 4287//201
f 3630//3084 3628//3084 4301//3084
f 3630//3085 4301//3085 4127//3085
f 3630//3086 4127//3086 2517//3086
f 4148//3087 4146//3087 141//3087
f 4148//3088 141//3088 149//3088
f 4148//3089 149//3089 4152//3089
f 4148//3090 4152//3090 4149//3090
f 3437//3091 3321//3091 4303//3091
f 3437//3092 4303//3092 4305//3092
f 3437//2988 4305//2988 3917//2988
f 3437//3093 3917//3093 3310//3093
f 4291//1 4289//1 4306//1
f 4291//3094 4306//3094 4307//3094
f 4291//3095 4307//3095 4308//3095
f 4291//3096 4308//3096 3144//3096
f 4291//3097 3144//3097 3246//3097
f 4307//201 4306//201 4289//201
f 4307//3098 4289//3098 4298//3098
f 4307//3099 4298//3099 4311//3099
f 4307//1026 4311//1026 4312//1026
f 4307//61 4312//61 4314//61
f 4307//3100 4314//3100 4308//3100
f 4303//3101 3321//3101 3319//3101
f 4303//2678 3319//2678 4043//2678
f 4303//3102 4043//3102 4316//3102
f 4303//2859 4316//2859 4317//2859
f 4303//3103 4317//3103 4305//3103
f 4041//3104 4039//3104 4319//3104
f 4041//3105 4319//3105 4320//3105
f 4041//3106 4320//3106 4316//3106
f 4041//3107 4316//3107 4043//3107
f 4183//3108 4065//3108 4063//3108
f 4183//3109 4063//3109 4322//3109
f 4183//3110 4322//3110 500//3110
f 4183//3111 500//3111 4184//3111
f 4322//472 4063//472 4062//472
f 4322//472 4062//472 4198//472
f 4322//3112 4198//3112 489//3112
f 4322//3113 489//3113 500//3113
f 4324//3114 1667//3114 2564//3114
f 4324//668 2564//668 875//668
f 4324//3115 875//3115 790//3115
f 4324//3116 790//3116 4327//3116
f 4324//3117 4327//3117 2573//3117
f 4324//3118 2573//3118 1667//3118
f 3685//3119 3684//3119 4329//3119
f 3685//3120 4329//3120 890//3120
f 3685//2469 890//2469 3956//2469
f 3685//417 3956//417 3687//417
f 4076//3121 4074//3121 4193//3121
f 4076//3122 4193//3122 4332//3122
f 4076//3123 4332//3123 4197//3123
f 4076//3124 4197//3124 4078//3124
f 4238//3125 3037//3125 909//3125
f 4238//3126 909//3126 907//3126
f 4238//3127 907//3127 775//3127
f 4238//3128 775//3128 773//3128
f 4238//3129 773//3129 4240//3129
f 3734//3130 3732//3130 940//3130
f 3734//3131 940//3131 944//3131
f 3734//3132 944//3132 946//3132
f 3734//3133 946//3133 1136//3133
f 3734//3134 1136//3134 3489//3134
f 4338//3135 2169//3135 2179//3135
f 4338//3136 2179//3136 4340//3136
f 4338//3137 4340//3137 4342//3137
f 4338//201 4342//201 2171//201
f 4338//3138 2171//3138 2169//3138
f 4344//1244 2047//1244 2043//1244
f 4344//382 2043//382 4346//382
f 4344//3139 4346//3139 4347//3139
f 4344//3140 4347//3140 4264//3140
f 4344//3141 4264//3141 2047//3141
f 4264//3142 2052//3142 2047//3142
f 4213//472 2069//472 4349//472
f 4213//3143 4349//3143 4351//3143
f 4213//3144 4351//3144 4346//3144
f 4213//3145 4346//3145 2043//3145
f 3059//3146 2465//3146 4353//3146
f 3059//3147 4353//3147 1037//3147
f 3059//2751 1037//2751 965//2751
f 3059//134 965//134 3539//134
f 3059//134 3539//134 1488//134
f 4356//134 1692//134 4100//134
f 4356//134 4100//134 964//134
f 4356//3148 964//3148 591//3148
f 4356//3149 591//3149 4359//3149
f 4356//3150 4359//3150 1943//3150
f 4356//3151 1943//3151 1692//3151
f 3539//134 965//134 964//134
f 3539//134 964//134 4100//134
f 3539//1450 4100//1450 3541//1450
f 4269//3152 2352//3152 2088//3152
f 4269//3153 2088//3153 2086//3153
f 4269//3154 2086//3154 607//3154
f 4269//3155 607//3155 605//3155
f 1706//2751 396//2751 395//2751
f 1706//2752 395//2752 79//2752
f 1706//2753 79//2753 381//2753
f 1706//2754 381//2754 380//2754
f 1706//3156 380//3156 1582//3156
f 2392//3157 2390//3157 4370//3157
f 2392//3158 4370//3158 4372//3158
f 2392//3159 4372//3159 4349//3159
f 2392//2829 4349//2829 2069//2829
f 4276//3160 3074//3160 4230//3160
f 4276//3161 4230//3161 4228//3161
f 4276//3162 4228//3162 4374//3162
f 4276//3163 4374//3163 4376//3163
f 4276//3164 4376//3164 1242//3164
f 4276//61 1242//61 713//61
f 4276//3165 713//3165 711//3165
f 4276//3166 711//3166 710//3166
f 3370//3167 3368//3167 233//3167
f 3370//3168 233//3168 248//3168
f 3370//1250 248//1250 251//1250
f 3370//3169 251//3169 264//3169
f 3370//3170 264//3170 1660//3170
f 3370//3171 1660//3171 1659//3171
f 3897//2802 3829//2802 3828//2802
f 3897//3172 3828//3172 3898//3172
f 3847//498 430//498 850//498
f 3847//3173 850//3173 236//3173
f 3847//3174 236//3174 235//3174
f 3847//3175 235//3175 2205//3175
f 3847//3176 2205//3176 2728//3176
f 3368//472 1610//472 2205//472
f 3368//3177 2205//3177 235//3177
f 3368//3178 235//3178 233//3178
f 4385//3179 3859//3179 262//3179
f 4385//3180 262//3180 260//3180
f 4385//3181 260//3181 982//3181
f 4385//3182 982//3182 4387//3182
f 4385//3183 4387//3183 4295//3183
f 4385//3184 4295//3184 3859//3184
f 4390//3185 3840//3185 417//3185
f 4390//3186 417//3186 415//3186
f 4390//607 415//607 727//607
f 4390//607 727//607 4392//607
f 4390//134 4392//134 3840//134
f 4392//3187 727//3187 435//3187
f 4392//5 435//5 4395//5
f 4392//1232 4395//1232 4397//1232
f 4392//3188 4397//3188 3592//3188
f 4392//3189 3592//3189 3840//3189
f 4399//3190 2199//3190 420//3190
f 4399//3191 420//3191 419//3191
f 4399//3192 419//3192 424//3192
f 4399//3193 424//3193 391//3193
f 4399//3194 391//3194 390//3194
f 4399//3195 390//3195 4404//3195
f 4399//2345 4404//2345 2200//2345
f 4399//3196 2200//3196 2199//3196
f 4406//3197 3081//3197 3079//3197
f 4406//3198 3079//3198 4408//3198
f 4406//3199 4408//3199 4409//3199
f 4406//3200 4409//3200 4410//3200
f 4406//3201 4410//3201 4411//3201
f 4406//5 4411//5 4112//5
f 4406//3202 4112//3202 3081//3202
f 4413//1 4397//1 4414//1
f 4413//1 4414//1 3589//1
f 4413//3203 3589//3203 3893//3203
f 4413//3204 3893//3204 442//3204
f 4413//3205 442//3205 449//3205
f 4413//2118 449//2118 4419//2118
f 4413//1 4419//1 4397//1
f 4419//2118 449//2118 4421//2118
f 4419//3206 4421//3206 3593//3206
f 4419//3207 3593//3207 3592//3207
f 4419//1 3592//1 4397//1
f 4395//3208 435//3208 433//3208
f 4395//607 433//607 440//607
f 4395//1232 440//1232 4414//1232
f 4395//1232 4414//1232 4397//1232
f 440//3209 2708//3209 3589//3209
f 440//3210 3589//3210 4414//3210
f 4297//1039 986//1039 992//1039
f 4297//399 992//399 4311//399
f 4297//399 4311//399 4298//399
f 3836//3211 4370//3211 2390//3211
f 4427//3212 3079//3212 3593//3212
f 4427//3213 3593//3213 4429//3213
f 4427//61 4429//61 4432//61
f 4427//3214 4432//3214 4434//3214
f 4427//3215 4434//3215 4408//3215
f 4427//3216 4408//3216 3079//3216
f 4034//651 4029//651 119//651
f 4034//652 119//652 131//652
f 4034//3217 131//3217 852//3217
f 4034//3218 852//3218 4116//3218
f 4034//472 4116//472 4036//472
f 3246//1 3144//1 3141//1
f 3246//1 3141//1 3430//1
f 3246//1 3430//1 3429//1
f 4438//3219 4408//3219 4439//3219
f 4438//3220 4439//3220 4441//3220
f 4438//3221 4441//3221 4443//3221
f 4438//173 4443//173 4409//173
f 4438//3222 4409//3222 4408//3222
f 4439//3223 4408//3223 4434//3223
f 4439//3224 4434//3224 458//3224
f 4439//3225 458//3225 466//3225
f 4439//3226 466//3226 4447//3226
f 4439//3227 4447//3227 4449//3227
f 4439//3228 4449//3228 4441//3228
f 4280//741 3821//741 469//741
f 4280//741 469//741 138//741
f 4280//3229 138//3229 136//3229
f 4280//1039 136//1039 3900//1039
f 4280//3230 3900//3230 3898//3230
f 4124//61 3854//61 860//61
f 4124//61 860//61 4456//61
f 4124//3231 4456//3231 3598//3231
f 4124//3232 3598//3232 3595//3232
f 3431//1 3430//1 3141//1
f 3431//1 3141//1 3139//1
f 3431//1657 3139//1657 4459//1657
f 3431//3233 4459//3233 3854//3233
f 4462//3234 4029//3234 4027//3234
f 4462//3235 4027//3235 4119//3235
f 4462//3236 4119//3236 4464//3236
f 4462//3237 4464//3237 121//3237
f 4462//3238 121//3238 119//3238
f 4462//3239 119//3239 4029//3239
f 4121//3240 4027//3240 3889//3240
f 4121//472 3889//472 4468//472
f 4121//2369 4468//2369 4470//2369
f 4121//2128 4470//2128 3879//2128
f 4468//1086 3889//1086 3888//1086
f 4468//3241 3888//3241 4472//3241
f 4468//3242 4472//3242 454//3242
f 4468//533 454//533 4470//533
f 4474//3243 3883//3243 3881//3243
f 4474//3244 3881//3244 295//3244
f 4474//3245 295//3245 294//3245
f 4474//3246 294//3246 298//3246
f 4474//3247 298//3247 3886//3247
f 4474//3248 3886//3248 3883//3248
f 3875//960 3873//960 4477//960
f 3875//399 4477//399 3936//399
f 3875//1 3936//1 4132//1
f 3875//3249 4132//3249 3615//3249
f 3904//3250 3903//3250 4480//3250
f 3904//3251 4480//3251 171//3251
f 3904//3252 171//3252 3821//3252
f 3904//3253 3821//3253 3820//3253
f 4482//3254 2410//3254 3434//3254
f 4482//3255 3434//3255 4301//3255
f 4482//3256 4301//3256 4173//3256
f 4482//3257 4173//3257 4050//3257
f 4482//3258 4050//3258 2411//3258
f 4482//3259 2411//3259 2410//3259
f 4247//1300 4245//1300 4374//1300
f 4247//1300 4374//1300 4228//1300
f 4247//472 4228//472 4227//472
f 4485//3260 3468//3260 3636//3260
f 4485//3261 3636//3261 302//3261
f 4485//3262 302//3262 301//3262
f 4485//3263 301//3263 3469//3263
f 4485//3264 3469//3264 3468//3264
f 4049//3265 4048//3265 4054//3265
f 4049//3266 4054//3266 4167//3266
f 4049//3267 4167//3267 4138//3267
f 4163//728 4161//728 4490//728
f 4163//3268 4490//3268 4492//3268
f 4163//3269 4492//3269 3648//3269
f 4163//3270 3648//3270 3333//3270
f 4494//3271 4320//3271 4319//3271
f 4494//3272 4319//3272 4496//3272
f 4494//3273 4496//3273 4497//3273
f 4494//3274 4497//3274 4500//3274
f 4494//1 4500//1 4320//1
f 3941//3275 4048//3275 3929//3275
f 4502//3276 4320//3276 4500//3276
f 4502//3277 4500//3277 4503//3277
f 4502//3278 4503//3278 4505//3278
f 4502//3279 4505//3279 4317//3279
f 4502//2906 4317//2906 4316//2906
f 4502//2655 4316//2655 4320//2655
f 4497//3280 4496//3280 4507//3280
f 4497//3281 4507//3281 4503//3281
f 4497//3282 4503//3282 4500//3282
f 4178//3283 3659//3283 3658//3283
f 4178//3284 3658//3284 4511//3284
f 4178//134 4511//134 861//134
f 4178//134 861//134 3948//134
f 4512//3285 3139//3285 3948//3285
f 4512//914 3948//914 861//914
f 4512//791 861//791 860//791
f 4512//791 860//791 4459//791
f 4512//1657 4459//1657 3139//1657
f 4513//3286 4441//3286 4514//3286
f 4513//3287 4514//3287 4515//3287
f 4513//3288 4515//3288 4516//3288
f 4513//32 4516//32 4517//32
f 4513//3289 4517//3289 4518//3289
f 4513//3290 4518//3290 4443//3290
f 4513//3291 4443//3291 4441//3291
f 4519//3292 4441//3292 4449//3292
f 4519//3293 4449//3293 482//3293
f 4519//3294 482//3294 480//3294
f 4519//3295 480//3295 4521//3295
f 4519//3296 4521//3296 4514//3296
f 4519//3297 4514//3297 4441//3297
f 4523//1 4521//1 4525//1
f 4523//1 4525//1 4527//1
f 4523//1183 4527//1183 504//1183
f 4523//1183 504//1183 503//1183
f 4523//3298 503//3298 4529//3298
f 4523//658 4529//658 4515//658
f 4523//1 4515//1 4514//1
f 4523//1 4514//1 4521//1
f 4532//3299 4521//3299 480//3299
f 4532//134 480//134 488//134
f 4532//134 488//134 865//134
f 4532//3300 865//3300 4534//3300
f 4532//3301 4534//3301 4525//3301
f 4532//3299 4525//3299 4521//3299
f 3663//3302 2783//3302 504//3302
f 3663//3303 504//3303 4527//3303
f 3663//1 4527//1 4525//1
f 3663//3304 4525//3304 4535//3304
f 3663//3305 4535//3305 472//3305
f 4535//3306 4525//3306 4534//3306
f 4535//3307 4534//3307 865//3307
f 4535//134 865//134 474//134
f 4535//3308 474//3308 472//3308
f 4190//3309 4185//3309 4184//3309
f 4190//3310 4184//3310 4538//3310
f 4190//3311 4538//3311 4443//3311
f 4190//3312 4443//3312 4518//3312
f 4190//3313 4518//3313 4191//3313
f 4540//61 2564//61 2557//61
f 4540//3314 2557//3314 2556//3314
f 4540//3315 2556//3315 356//3315
f 4540//3316 356//3316 354//3316
f 4540//3317 354//3317 876//3317
f 4540//542 876//542 875//542
f 4540//3318 875//3318 2564//3318
f 4544//61 4529//61 503//61
f 4544//1429 503//1429 512//1429
f 4544//1429 512//1429 515//1429
f 4544//3319 515//3319 522//3319
f 4544//3320 522//3320 4515//3320
f 4544//3321 4515//3321 4529//3321
f 3661//3322 1817//3322 1815//3322
f 3661//3323 1815//3323 611//3323
f 3661//3324 611//3324 528//3324
f 3661//919 528//919 526//919
f 3661//3325 526//3325 2625//3325
f 3253//227 1747//227 3250//227
f 3253//57 3250//57 350//57
f 3253//3326 350//3326 356//3326
f 3253//3327 356//3327 2556//3327
f 4551//3328 4308//3328 4314//3328
f 4551//3329 4314//3329 1085//3329
f 4551//2292 1085//2292 997//2292
f 4551//3330 997//3330 316//3330
f 4551//3331 316//3331 314//3331
f 4551//3332 314//3332 4308//3332
f 314//3333 3246//3333 4308//3333
f 4555//3334 4515//3334 522//3334
f 4555//2517 522//2517 519//2517
f 4555//1953 519//1953 618//1953
f 4555//3335 618//3335 616//3335
f 4555//3336 616//3336 4516//3336
f 4555//3337 4516//3337 4515//3337
f 3710//3338 3706//3338 4068//3338
f 3710//3339 4068//3339 3692//3339
f 3710//3340 3692//3340 3690//3340
f 3710//3341 3690//3341 3712//3341
f 4560//3342 3337//3342 3336//3342
f 4560//3343 3336//3343 3511//3343
f 4560//3344 3511//3344 533//3344
f 4560//3345 533//3345 538//3345
f 4560//3346 538//3346 3961//3346
f 4560//3347 3961//3347 3337//3347
f 3705//2730 3959//2730 4563//2730
f 3705//3348 4563//3348 4069//3348
f 3705//3349 4069//3349 4068//3349
f 3705//3350 4068//3350 3706//3350
f 4566//3351 3522//3351 3521//3351
f 4566//3352 3521//3352 4568//3352
f 4566//3353 4568//3353 193//3353
f 4566//3354 193//3354 191//3354
f 4566//3355 191//3355 3696//3355
f 4566//3356 3696//3356 3522//3356
f 4570//57 3261//57 4083//57
f 4570//57 4083//57 4086//57
f 4570//3357 4086//3357 4204//3357
f 4570//3358 4204//3358 4203//3358
f 4570//791 4203//791 3509//791
f 4570//3359 3509//3359 3261//3359
f 2126//3360 2124//3360 3968//3360
f 2126//3361 3968//3361 4573//3361
f 2126//3362 4573//3362 759//3362
f 2126//3363 759//3363 2127//3363
f 4575//472 2248//472 2264//472
f 4575//3364 2264//3364 2181//3364
f 4575//3365 2181//3365 4578//3365
f 4575//3366 4578//3366 4580//3366
f 4575//3367 4580//3367 4581//3367
f 4575//472 4581//472 2248//472
f 4581//3368 4580//3368 4582//3368
f 4581//3369 4582//3369 4584//3369
f 4581//3370 4584//3370 2249//3370
f 4581//2809 2249//2809 2248//2809
f 4211//61 222//61 220//61
f 4211//3371 220//3371 230//3371
f 4211//3372 230//3372 2815//3372
f 4211//3373 2815//3373 3272//3373
f 3776//61 1939//61 1937//61
f 3776//3374 1937//3374 230//3374
f 3776//3375 230//3375 228//3375
f 3776//2754 228//2754 814//2754
f 3776//3376 814//3376 822//3376
f 4342//3377 4340//3377 4590//3377
f 4342//3378 4590//3378 4591//3378
f 4342//3379 4591//3379 4592//3379
f 4342//3380 4592//3380 2173//3380
f 4342//3381 2173//3381 2171//3381
f 4592//3382 4591//3382 4578//3382
f 4592//3383 4578//3383 2181//3383
f 4592//1900 2181//1900 2173//1900
f 4218//3384 3298//3384 3297//3384
f 4218//3385 3297//3385 3402//3385
f 4218//3386 3402//3386 400//3386
f 4218//3387 400//3387 4220//3387
f 3402//3388 3297//3388 3398//3388
f 4597//3389 2058//3389 4266//3389
f 4597//3390 4266//3390 4598//3390
f 4597//3391 4598//3391 4599//3391
f 4597//3392 4599//3392 4372//3392
f 4597//2348 4372//2348 2217//2348
f 4597//399 2217//399 2058//399
f 3572//525 3286//525 4602//525
f 3572//3393 4602//3393 277//3393
f 3572//3394 281//3394 277//3394
f 3572//3395 281//3395 1764//3395
f 4470//3396 454//3396 453//3396
f 4470//3397 453//3397 295//3397
f 4470//3398 295//3398 3881//3398
f 4470//3399 3881//3399 3879//3399
f 4421//61 449//61 447//61
f 4421//61 447//61 854//61
f 4421//61 854//61 4429//61
f 4421//3400 4429//3400 3593//3400
f 4606//1382 4409//1382 4443//1382
f 4606//3401 4443//3401 4538//3401
f 4606//472 4538//472 4608//472
f 4606//3008 4608//3008 4410//3008
f 4606//3402 4410//3402 4409//3402
f 4301//3403 3434//3403 3433//3403
f 4301//3404 3433//3404 4127//3404
f 4611//3405 4139//3405 4138//3405
f 4611//3406 4138//3406 4613//3406
f 4611//3407 4613//3407 4614//3407
f 4611//1356 4614//1356 288//1356
f 4611//3408 288//3408 286//3408
f 4611//3409 286//3409 4616//3409
f 4611//3410 4616//3410 4139//3410
f 4616//3411 286//3411 292//3411
f 4616//3412 292//3412 3642//3412
f 4616//3412 3642//3412 3640//3412
f 4616//3413 3640//3413 4139//3413
f 4618//3414 3903//3414 3900//3414
f 4618//3415 3900//3415 136//3415
f 4618//3416 136//3416 135//3416
f 4618//3417 135//3417 162//3417
f 4618//3418 162//3418 4620//3418
f 4618//3419 4620//3419 4480//3419
f 4618//3420 4480//3420 3903//3420
f 4622//1457 2218//1457 2217//1457
f 4622//3421 2217//3421 4372//3421
f 4622//3422 4372//3422 4625//3422
f 4622//3423 4625//3423 4584//3423
f 4622//3424 4584//3424 2256//3424
f 4622//1477 2256//1477 2218//1477
f 4305//3425 4317//3425 4628//3425
f 4305//3426 4628//3426 4039//3426
f 4305//3427 4039//3427 3917//3427
f 3628//3428 3478//3428 3477//3428
f 3628//3429 3477//3429 4173//3429
f 3628//1413 4173//1413 4301//1413
f 4632//399 3936//399 4477//399
f 4632//3430 4477//3430 4634//3430
f 4632//3430 4634//3430 4636//3430
f 4632//3431 4636//3431 3943//3431
f 4632//1055 3943//1055 3936//1055
f 4638//3432 4639//3432 2250//3432
f 4638//3433 2250//3433 2249//3433
f 4638//3434 2249//3434 4584//3434
f 4638//3435 4584//3435 4625//3435
f 4312//3436 4311//3436 992//3436
f 4312//3437 992//3437 990//3437
f 4312//3438 990//3438 1087//3438
f 4312//61 1087//61 1085//61
f 4312//61 1085//61 4314//61
f 4517//279 4516//279 616//279
f 4517//3439 616//3439 629//3439
f 4517//61 629//61 4642//61
f 4517//3440 4642//3440 4191//3440
f 4517//704 4191//704 4518//704
f 4642//1348 629//1348 745//1348
f 4642//3441 745//3441 492//3441
f 4642//1 492//1 490//1
f 4642//61 490//61 4645//61
f 4642//61 4645//61 4193//61
f 4642//3442 4193//3442 4191//3442
f 3952//2127 3698//2127 4648//2127
f 3952//1244 4648//1244 309//1244
f 3952//3443 309//3443 4651//3443
f 3952//3444 4651//3444 4568//3444
f 3952//3445 4568//3445 3954//3445
f 4568//3446 3521//3446 3954//3446
f 3963//2923 3961//2923 538//2923
f 3963//3447 538//3447 536//3447
f 3963//3448 536//3448 3158//3448
f 3963//3449 3158//3449 3156//3449
f 4655//399 2179//399 2256//399
f 4655//2348 2256//2348 4584//2348
f 4655//3450 4584//3450 4582//3450
f 4655//3451 4582//3451 4656//3451
f 4655//3452 4656//3452 4340//3452
f 4655//3453 4340//3453 2179//3453
f 4090//3454 3173//3454 3266//3454
f 4090//3432 3266//3432 535//3432
f 4090//3455 535//3455 533//3455
f 4090//3456 533//3456 4092//3456
f 4661//3457 3743//3457 3741//3457
f 4661//3458 3741//3458 4663//3458
f 4661//3459 4663//3459 4664//3459
f 4661//3460 4664//3460 3745//3460
f 4661//3461 3745//3461 3743//3461
f 3773//3462 926//3462 923//3462
f 3773//3463 923//3463 1218//3463
f 3773//3464 1218//3464 4663//3464
f 3773//3465 4663//3465 3741//3465
f 3250//919 1747//919 1745//919
f 4668//3140 4264//3140 4347//3140
f 4668//3466 4347//3466 4670//3466
f 4668//3467 4670//3467 4598//3467
f 4668//3468 4598//3468 4266//3468
f 4668//3469 4266//3469 4264//3469
f 4672//472 2647//472 2901//472
f 4672//472 2901//472 1075//472
f 4672//1 1075//1 1233//1
f 4672//5 1233//5 1022//5
f 4672//3470 1022//3470 1021//3470
f 4672//3471 1021//3471 2647//3471
f 4676//3472 2460//3472 587//3472
f 4676//3473 587//3473 586//3473
f 4676//3474 586//3474 1048//3474
f 4676//3475 1048//3475 4680//3475
f 4676//3476 4680//3476 2460//3476
f 4680//3477 1048//3477 109//3477
f 4680//3478 109//3478 108//3478
f 4680//3479 108//3479 2460//3479
f 4602//3480 3286//3480 3283//3480
f 4602//3481 3283//3481 274//3481
f 4602//3481 274//3481 272//3481
f 4602//3482 272//3482 277//3482
f 4387//134 982//134 1077//134
f 4387//134 1077//134 987//134
f 4387//134 987//134 986//134
f 4387//134 986//134 4295//134
f 4685//3483 4410//3483 4687//3483
f 4685//3484 4687//3484 497//3484
f 4685//3485 497//3485 741//3485
f 4685//3486 741//3486 832//3486
f 4685//439 832//439 4690//439
f 4685//134 4690//134 4411//134
f 4685//3487 4411//3487 4410//3487
f 4608//472 4538//472 4692//472
f 4608//1 4692//1 4693//1
f 4608//1 4693//1 497//1
f 4608//3488 497//3488 4687//3488
f 4608//3489 4687//3489 4410//3489
f 4456//32 860//32 863//32
f 4456//32 863//32 4694//32
f 4456//61 4694//61 3873//61
f 4456//3490 3873//3490 3598//3490
f 4432//61 4429//61 854//61
f 4432//3491 854//3491 460//3491
f 4432//3492 460//3492 458//3492
f 4432//3493 458//3493 4434//3493
f 4472//3494 3888//3494 3886//3494
f 4472//3494 3886//3494 298//3494
f 4472//3495 298//3495 125//3495
f 4472//3496 125//3496 123//3496
f 4472//3497 123//3497 454//3497
f 4159//2012 151//2012 162//2012
f 4159//1 162//1 135//1
f 4159//432 135//432 141//432
f 4159//3498 141//3498 4146//3498
f 4701//3499 3328//3499 3648//3499
f 4701//3500 3648//3500 4492//3500
f 4701//3501 4492//3501 4703//3501
f 4701//3502 4703//3502 4613//3502
f 4701//3503 4613//3503 3923//3503
f 4701//3504 3923//3504 3328//3504
f 4613//3505 4703//3505 4165//3505
f 4613//3506 4165//3506 4706//3506
f 4613//3507 4706//3507 4138//3507
f 4613//3508 4138//3508 4161//3508
f 4613//5 4161//5 3923//5
f 4138//3509 4706//3509 4708//3509
f 4138//3510 4708//3510 4490//3510
f 4138//1376 4490//1376 4161//1376
f 4628//3511 4317//3511 4505//3511
f 4628//658 4505//658 4507//658
f 4628//3512 4507//3512 4496//3512
f 4628//134 4496//134 4319//134
f 4628//3513 4319//3513 4039//3513
f 4447//3514 466//3514 464//3514
f 4447//288 464//288 483//288
f 4447//3515 483//3515 482//3515
f 4447//3516 482//3516 4449//3516
f 4511//3517 3658//3517 3943//3517
f 4511//134 3943//134 4713//134
f 4511//5 4713//5 862//5
f 4511//5 862//5 861//5
f 4329//3518 3684//3518 4069//3518
f 4329//2127 4069//2127 324//2127
f 4329//3519 324//3519 331//3519
f 4329//3520 331//3520 890//3520
f 4717//525 3024//525 3023//525
f 4717//3521 3023//3521 640//3521
f 4717//3522 640//3522 341//3522
f 4717//3523 341//3523 339//3523
f 4717//3523 339//3523 3348//3523
f 4717//3524 3348//3524 3024//3524
f 4723//3525 3044//3525 4724//3525
f 4723//3299 4724//3299 4725//3299
f 4723//1 4725//1 4727//1
f 4723//3526 4727//3526 2837//3526
f 4723//201 2837//201 3044//201
f 4728//134 3044//134 1098//134
f 4728//20 1098//20 1097//20
f 4728//3527 1097//3527 1149//3527
f 4728//3528 1149//3528 1148//3528
f 4728//3529 1148//3529 570//3529
f 4728//3530 570//3530 4724//3530
f 4728//1039 4724//1039 3044//1039
f 4727//1 4725//1 4733//1
f 4727//3531 4733//3531 4734//3531
f 4727//3532 4734//3532 4736//3532
f 4727//3533 4736//3533 4737//3533
f 4727//3534 4737//3534 2837//3534
f 2839//3535 2837//3535 4737//3535
f 2839//3536 4737//3536 571//3536
f 2839//3537 571//3537 570//3537
f 2839//3538 570//3538 1156//3538
f 2839//3539 1156//3539 1167//3539
f 2839//668 1167//668 2840//668
f 2868//3540 2867//3540 4742//3540
f 2868//3541 4742//3541 4744//3541
f 2868//3105 4744//3105 4746//3105
f 2868//1 4746//1 4748//1
f 2868//1 4748//1 2869//1
f 3537//2118 2869//2118 4748//2118
f 3537//2118 4748//2118 4751//2118
f 3537//2802 4751//2802 960//2802
f 3537//3542 960//3542 1035//3542
f 4751//1082 4748//1082 4746//1082
f 4751//3543 4746//3543 827//3543
f 4751//3544 827//3544 825//3544
f 4751//2802 825//2802 960//2802
f 4744//1039 4742//1039 823//1039
f 4744//3545 823//3545 827//3545
f 4744//3546 827//3546 4746//3546
f 4359//3547 591//3547 589//3547
f 4359//3548 589//3548 597//3548
f 4359//3549 597//3549 1947//3549
f 4359//3550 1947//3550 1943//3550
f 4353//3551 2465//3551 2464//3551
f 4353//3552 2464//3552 387//3552
f 4353//3553 387//3553 386//3553
f 4353//3554 386//3554 1037//3554
f 4757//3555 1636//3555 599//3555
f 4757//3556 599//3556 595//3556
f 4757//3557 595//3557 720//3557
f 4757//2748 720//2748 85//2748
f 4757//3558 85//3558 1636//3558
f 4760//2421 2716//2421 609//2421
f 4760//3559 609//3559 427//3559
f 4760//3560 427//3560 425//3560
f 4760//3561 425//3561 432//3561
f 4760//3562 432//3562 2718//3562
f 4760//2421 2718//2421 2716//2421
f 4765//2529 2202//2529 2200//2529
f 4765//2529 2200//2529 4404//2529
f 4765//3563 4404//3563 390//3563
f 4765//3564 390//3564 389//3564
f 4765//3565 389//3565 396//3565
f 4765//2757 396//2757 2202//2757
f 4351//3566 4349//3566 4599//3566
f 4351//3567 4599//3567 4769//3567
f 4351//3568 4769//3568 4771//3568
f 4351//3569 4771//3569 4773//3569
f 4351//3570 4773//3570 4346//3570
f 4599//3571 4349//3571 4372//3571
f 3401//3572 3394//3572 3393//3572
f 3401//3573 3393//3573 3418//3573
f 3401//3574 3418//3574 397//3574
f 3401//3575 397//3575 400//3575
f 3401//3576 400//3576 3402//3576
f 4690//3577 832//3577 407//3577
f 4690//20 407//20 404//20
f 4690//1188 404//1188 4112//1188
f 4690//134 4112//134 4411//134
f 4708//1512 4706//1512 4165//1512
f 4708//2469 4165//2469 4780//2469
f 4708//781 4780//781 4490//781
f 4782//3578 3821//3578 171//3578
f 4782//1179 171//1179 169//1179
f 4782//3579 169//3579 4784//3579
f 4782//607 4784//607 4786//607
f 4782//3580 4786//3580 4788//3580
f 4782//3581 4788//3581 4789//3581
f 4782//3582 4789//3582 4791//3582
f 4782//3583 4791//3583 3821//3583
f 4791//3584 4789//3584 4793//3584
f 4791//3585 4793//3585 167//3585
f 4791//3586 167//3586 469//3586
f 4791//3587 469//3587 3821//3587
f 4795//3588 4138//3588 4167//3588
f 4795//3589 4167//3589 4165//3589
f 4795//3590 4165//3590 291//3590
f 4795//3591 291//3591 289//3591
f 4795//3592 289//3592 4798//3592
f 4795//668 4798//668 4613//668
f 4795//1493 4613//1493 4138//1493
f 4800//3593 3634//3593 4235//3593
f 4800//3594 4235//3594 4802//3594
f 4800//3595 4802//3595 135//3595
f 4800//3596 135//3596 133//3596
f 4800//3597 133//3597 4804//3597
f 4800//3598 4804//3598 3634//3598
f 4804//3599 133//3599 139//3599
f 4804//3600 139//3600 302//3600
f 4804//3601 302//3601 3636//3601
f 4804//134 3636//134 3634//134
f 4807//432 4786//432 4784//432
f 4807//3602 4784//3602 169//3602
f 4807//668 169//668 4809//668
f 4807//61 4809//61 4810//61
f 4807//3603 4810//3603 4786//3603
f 4812//3604 4786//3604 4810//3604
f 4812//3605 4810//3605 4813//3605
f 4812//1136 4813//1136 4815//1136
f 4812//416 4815//416 4788//416
f 4812//623 4788//623 4786//623
f 4802//612 4235//612 3469//612
f 4802//3606 3469//3606 301//3606
f 4802//3607 301//3607 162//3607
f 4802//3608 162//3608 135//3608
f 4503//3609 4507//3609 4505//3609
f 4645//3610 490//3610 4818//3610
f 4645//3611 4818//3611 4332//3611
f 4645//3612 4332//3612 4193//3612
f 4563//3613 3959//3613 631//3613
f 4563//3614 631//3614 326//3614
f 4563//3615 326//3615 324//3615
f 4563//1086 324//1086 4069//1086
f 4327//3616 790//3616 789//3616
f 4327//3559 789//3559 4822//3559
f 4327//2421 4822//2421 2139//2421
f 4327//2421 2139//2421 2573//2421
f 4822//3556 789//3556 787//3556
f 4822//3555 787//3555 2141//3555
f 4822//3617 2141//3617 2139//3617
f 4825//2425 2615//2425 669//2425
f 4825//3618 669//3618 668//3618
f 4825//3559 668//3559 678//3559
f 4825//2421 678//2421 2617//2421
f 4825//3619 2617//3619 2615//3619
f 3970//3620 3158//3620 536//3620
f 3970//3621 536//3621 535//3621
f 3970//3622 535//3622 3976//3622
f 3970//3623 3976//3623 3972//3623
f 3747//3624 3745//3624 4829//3624
f 3747//3625 4829//3625 1216//3625
f 3747//3626 1216//3626 806//3626
f 3747//61 806//61 805//61
f 3747//3627 805//3627 812//3627
f 4664//3102 4663//3102 1218//3102
f 4664//3628 1218//3628 1216//3628
f 4664//3629 1216//3629 4829//3629
f 4664//3630 4829//3630 3745//3630
f 3990//3631 2612//3631 822//3631
f 3990//3632 822//3632 820//3632
f 3990//3155 820//3155 558//3155
f 3990//3633 558//3633 557//3633
f 4656//3634 4582//3634 206//3634
f 4656//3635 206//3635 209//3635
f 4656//3636 209//3636 4590//3636
f 4656//3637 4590//3637 4340//3637
f 3783//3638 678//3638 675//3638
f 3783//3639 675//3639 223//3639
f 3783//3640 223//3640 222//3640
f 3783//2227 222//2227 2027//2227
f 4838//3641 4733//3641 4725//3641
f 4838//3299 4725//3299 4724//3299
f 4838//2950 4724//2950 570//2950
f 4838//2950 570//2950 573//2950
f 4838//3642 573//3642 4842//3642
f 4838//3643 4842//3643 4733//3643
f 4842//2130 573//2130 4844//2130
f 4842//3644 4844//3644 4734//3644
f 4842//3645 4734//3645 4733//3645
f 4347//3646 4346//3646 4773//3646
f 4347//3647 4773//3647 4771//3647
f 4347//3648 4771//3648 4670//3648
f 4845//3649 1342//3649 2186//3649
f 4845//2771 2186//2771 97//2771
f 4845//3650 97//3650 96//3650
f 4845//3651 96//3651 105//3651
f 4845//3652 105//3652 4849//3652
f 4845//3653 4849//3653 1342//3653
f 4849//3654 105//3654 1048//3654
f 4849//3655 1048//3655 1451//3655
f 4849//3656 1451//3656 4852//3656
f 4849//3657 4852//3657 1344//3657
f 4849//1176 1344//1176 1342//1176
f 4854//3658 3788//3658 3786//3658
f 4854//3659 3786//3659 829//3659
f 4854//3660 829//3660 1169//3660
f 4854//3661 1169//3661 1174//3661
f 4854//3662 1174//3662 3788//3662
f 4769//3663 4599//3663 4598//3663
f 4769//3664 4598//3664 4670//3664
f 4769//3665 4670//3665 4771//3665
f 4284//3666 3409//3666 398//3666
f 4284//3667 398//3667 397//3667
f 4284//3668 397//3668 3418//3668
f 4284//808 3418//808 3415//808
f 4464//134 4119//134 4116//134
f 4464//3669 4116//3669 852//3669
f 4464//3670 852//3670 452//3670
f 4464//3671 452//3671 121//3671
f 4614//3672 4613//3672 4798//3672
f 4614//3673 4798//3673 4863//3673
f 4614//3674 4863//3674 4865//3674
f 4614//3675 4865//3675 288//3675
f 4165//3676 3642//3676 292//3676
f 4165//3677 292//3677 291//3677
f 4867//3678 4868//3678 4870//3678
f 4867//3679 4870//3679 4871//3679
f 4867//57 4871//57 178//57
f 4867//3680 178//3680 154//3680
f 4867//3681 154//3681 152//3681
f 4867//3682 152//3682 4868//3682
f 4620//3683 162//3683 160//3683
f 4620//3684 160//3684 164//3684
f 4620//3685 164//3685 171//3685
f 4620//3686 171//3686 4480//3686
f 4780//2036 4165//2036 4703//2036
f 4780//3687 4703//3687 4492//3687
f 4780//3688 4492//3688 4490//3688
f 4648//3689 3698//3689 3696//3689
f 4648//3690 3696//3690 191//3690
f 4648//3691 191//3691 189//3691
f 4648//3692 189//3692 309//3692
f 4651//3693 309//3693 183//3693
f 4651//3694 183//3694 181//3694
f 4651//3695 181//3695 193//3695
f 4651//3696 193//3696 4568//3696
f 4818//3697 490//3697 489//3697
f 4818//3698 489//3698 4198//3698
f 4818//2570 4198//2570 4197//2570
f 4818//3699 4197//3699 4332//3699
f 4880//3700 1826//3700 2127//3700
f 4880//3701 2127//3701 759//3701
f 4880//3702 759//3702 637//3702
f 4880//3703 637//3703 4882//3703
f 4880//3704 4882//3704 1826//3704
f 4882//3705 637//3705 635//3705
f 4882//3706 635//3706 640//3706
f 4882//3707 640//3707 3716//3707
f 4882//3708 3716//3708 1826//3708
f 4885//1709 3509//1709 4203//1709
f 4885//3709 4203//3709 4093//3709
f 4885//3710 4093//3710 4092//3710
f 4885//658 4092//658 533//658
f 4885//3711 533//3711 3511//3711
f 4885//3712 3511//3712 3509//3712
f 4580//3713 4578//3713 4889//3713
f 4580//3714 4889//3714 207//3714
f 4580//3715 207//3715 206//3715
f 4580//3716 206//3716 4582//3716
f 640//3717 3023//3717 3716//3717
f 535//3718 3266//3718 3976//3718
f 4892//3719 3756//3719 1209//3719
f 4892//3720 1209//3720 1207//3720
f 4892//3721 1207//3721 907//3721
f 4892//3722 907//3722 3758//3722
f 4892//3723 3758//3723 3756//3723
f 4591//525 4590//525 209//525
f 4591//3697 209//3697 207//3697
f 4591//3697 207//3697 4889//3697
f 4591//3724 4889//3724 4578//3724
f 4897//3725 2867//3725 948//3725
f 4897//3726 948//3726 960//3726
f 4897//3727 960//3727 825//3727
f 4897//3728 825//3728 823//3728
f 4897//3729 823//3729 4742//3729
f 4897//3730 4742//3730 2867//3730
f 4852//3731 1451//3731 1611//3731
f 4852//3732 1611//3732 1177//3732
f 4852//3733 1177//3733 1419//3733
f 4852//3734 1419//3734 1344//3734
f 4220//3735 400//3735 398//3735
f 4220//3736 398//3736 3409//3736
f 4220//3235 3409//3235 3387//3235
f 4106//3737 601//3737 600//3737
f 4106//3738 600//3738 607//3738
f 4106//3739 607//3739 2086//3739
f 4106//3740 2086//3740 2084//3740
f 4904//3217 4374//3217 4245//3217
f 4904//3741 4245//3741 4906//3741
f 4904//3742 4906//3742 1297//3742
f 4904//3743 1297//3743 1243//3743
f 4904//3744 1243//3744 1242//3744
f 4904//3745 1242//3745 4376//3745
f 4904//3746 4376//3746 4374//3746
f 4634//3747 4477//3747 3873//3747
f 4634//3748 3873//3748 4694//3748
f 4634//3749 4694//3749 863//3749
f 4634//3750 863//3750 4636//3750
f 860//1136 3854//1136 4459//1136
f 3893//3751 3625//3751 3623//3751
f 3893//416 3623//416 472//416
f 3893//3752 472//3752 471//3752
f 3893//3753 471//3753 443//3753
f 3893//3754 443//3754 442//3754
f 4912//3755 4868//3755 152//3755
f 4912//3756 152//3756 4152//3756
f 4912//3757 4152//3757 149//3757
f 4912//3758 149//3758 156//3758
f 4912//3584 156//3584 174//3584
f 4912//134 174//134 4868//134
f 4916//134 4868//134 174//134
f 4916//3584 174//3584 173//3584
f 4916//3759 173//3759 4918//3759
f 4916//3760 4918//3760 4870//3760
f 4916//3761 4870//3761 4868//3761
f 4815//3762 4813//3762 4793//3762
f 4815//3763 4793//3763 4789//3763
f 4815//3764 4789//3764 4788//3764
f 4871//3765 4870//3765 4918//3765
f 4871//3766 4918//3766 173//3766
f 4871//3767 173//3767 172//3767
f 4871//3768 172//3768 178//3768
f 4922//2640 4865//2640 4863//2640
f 4922//3769 4863//3769 4924//3769
f 4922//3770 4924//3770 4926//3770
f 4922//3771 4926//3771 4927//3771
f 4922//3772 4927//3772 4865//3772
f 4927//3773 4926//3773 289//3773
f 4927//3774 289//3774 288//3774
f 4927//3775 288//3775 4865//3775
f 4924//3776 4863//3776 4798//3776
f 4924//3777 4798//3777 289//3777
f 4924//3778 289//3778 4926//3778
f 4809//3779 169//3779 167//3779
f 4809//3780 167//3780 4793//3780
f 4809//3781 4793//3781 4813//3781
f 4809//61 4813//61 4810//61
f 4693//747 4692//747 4538//747
f 4693//3782 4538//3782 4184//3782
f 4693//3783 4184//3783 500//3783
f 4693//743 500//743 498//743
f 4693//1 498//1 497//1
f 4636//3750 863//3750 862//3750
f 4636//3784 862//3784 4713//3784
f 4636//3785 4713//3785 3943//3785
f 4240//975 773//975 771//975
f 4240//3786 771//3786 780//3786
f 4240//134 780//134 1297//134
f 4240//3787 1297//3787 4906//3787
f 4240//3788 4906//3788 4245//3788
f 4938//3789 3956//3789 890//3789
f 4938//3790 890//3790 633//3790
f 4938//3791 633//3791 631//3791
f 4938//1076 631//1076 3959//1076
f 4938//2172 3959//2172 3956//2172
f 4573//3792 3968//3792 3995//3792
f 4573//3793 3995//3793 4942//3793
f 4573//3794 4942//3794 756//3794
f 4573//3795 756//3795 759//3795
f 4942//3796 3995//3796 3993//3796
f 4942//3797 3993//3797 346//3797
f 4942//3798 346//3798 345//3798
f 4942//3799 345//3799 756//3799
f 4944//3325 2634//3325 912//3325
f 4944//1493 912//1493 911//1493
f 4944//3800 911//3800 2636//3800
f 4944//3801 2636//3801 2634//3801
f 4947//3802 3250//3802 313//3802
f 4947//3803 313//3803 311//3803
f 4947//399 311//399 321//399
f 4947//731 321//731 4950//731
f 4947//2603 4950//2603 3250//2603
f 4950//3804 321//3804 934//3804
f 4950//3805 934//3805 351//3805
f 4950//3806 351//3806 350//3806
f 4950//3807 350//3807 3250//3807
f 4954//3808 1407//3808 219//3808
f 4954//3809 219//3809 217//3809
f 4954//2992 217//2992 215//2992
f 4954//3810 215//3810 1507//3810
f 4954//808 1507//808 1654//808
f 4954//3811 1654//3811 4959//3811
f 4954//3812 4959//3812 1407//3812
f 4959//3813 1654//3813 920//3813
f 4959//3814 920//3814 901//3814
f 4959//1336 901//1336 1408//1336
f 4959//3815 1408//3815 1407//3815
f 4844//3816 573//3816 571//3816
f 4844//3817 571//3817 4736//3817
f 4844//1026 4736//1026 4734//1026
f 571//3818 4737//3818 4736//3818
f 75//2748 85//2748 720//2748
f 75//3768 720//3768 77//3768
f 75//3768 77//3768 79//3768
f 75//136 79//136 80//136
f 75//3819 80//3819 83//3819
f 75//2749 83//2749 85//2749
f 83//3820 80//3820 88//3820
f 83//3821 88//3821 91//3821
f 83//3822 91//3822 93//3822
f 83//2749 93//2749 85//2749
f 96//3823 97//3823 98//3823
f 96//3824 98//3824 100//3824
f 96//3825 100//3825 102//3825
f 96//3826 102//3826 105//3826
f 106//3827 108//3827 109//3827
f 106//3828 109//3828 111//3828
f 106//3829 111//3829 113//3829
f 106//3830 113//3830 116//3830
f 106//3831 116//3831 117//3831
f 118//3832 119//3832 121//3832
f 118//3833 121//3833 123//3833
f 118//3834 123//3834 125//3834
f 118//3835 125//3835 127//3835
f 118//3836 127//3836 129//3836
f 118//3837 129//3837 131//3837
f 118//3838 131//3838 119//3838
f 133//3839 135//3839 136//3839
f 133//3840 136//3840 138//3840
f 133//3841 138//3841 139//3841
f 133//3842 141//3842 135//3842
f 133//3843 135//3843 143//3843
f 133//3844 143//3844 145//3844
f 133//3844 145//3844 147//3844
f 133//3845 147//3845 149//3845
f 133//3846 149//3846 141//3846
f 151//3847 152//3847 154//3847
f 151//3848 154//3848 156//3848
f 151//658 156//658 158//658
f 151//3849 158//3849 147//3849
f 151//3850 147//3850 160//3850
f 151//3851 160//3851 162//3851
f 164//3852 160//3852 139//3852
f 164//3853 139//3853 138//3853
f 164//3854 138//3854 167//3854
f 164//3855 167//3855 169//3855
f 164//542 169//542 171//542
f 172//3856 173//3856 174//3856
f 172//3857 174//3857 156//3857
f 172//3858 156//3858 154//3858
f 172//3859 154//3859 178//3859
f 180//3860 181//3860 183//3860
f 180//3861 183//3861 185//3861
f 180//3862 185//3862 187//3862
f 180//3863 187//3863 188//3863
f 180//3864 188//3864 181//3864
f 188//3865 187//3865 189//3865
f 188//2392 189//2392 191//2392
f 188//1493 191//1493 193//1493
f 188//3866 193//3866 181//3866
f 195//3867 196//3867 197//3867
f 195//3868 197//3868 199//3868
f 195//3869 199//3869 200//3869
f 195//3870 200//3870 203//3870
f 195//3871 203//3871 205//3871
f 206//3872 207//3872 209//3872
f 210//3873 212//3873 213//3873
f 210//3874 213//3874 215//3874
f 210//3875 215//3875 217//3875
f 210//3876 217//3876 219//3876
f 220//3877 222//3877 223//3877
f 220//3878 223//3878 226//3878
f 220//3879 226//3879 228//3879
f 220//3880 228//3880 230//3880
f 231//3881 233//3881 235//3881
f 231//3882 235//3882 236//3882
f 231//1459 236//1459 237//1459
f 231//3883 237//3883 239//3883
f 231//3884 239//3884 233//3884
f 239//5 237//5 241//5
f 239//134 241//134 243//134
f 239//3885 243//3885 245//3885
f 239//3886 245//3886 247//3886
f 239//3887 247//3887 248//3887
f 239//3888 248//3888 233//3888
f 250//662 251//662 248//662
f 250//3889 248//3889 247//3889
f 250//3890 247//3890 253//3890
f 250//3891 253//3891 255//3891
f 250//3892 255//3892 257//3892
f 250//399 257//399 251//399
f 257//3893 255//3893 259//3893
f 257//3894 259//3894 260//3894
f 257//3895 260//3895 262//3895
f 257//3896 262//3896 264//3896
f 257//3897 264//3897 251//3897
f 266//3898 267//3898 268//3898
f 266//3899 268//3899 271//3899
f 266//3900 271//3900 272//3900
f 266//3901 272//3901 274//3901
f 266//3902 274//3902 276//3902
f 277//3903 272//3903 279//3903
f 277//3904 279//3904 280//3904
f 277//3905 280//3905 281//3905
f 283//3906 284//3906 285//3906
f 286//3907 288//3907 289//3907
f 286//3908 289//3908 291//3908
f 286//3909 291//3909 292//3909
f 294//3910 295//3910 297//3910
f 294//3911 297//3911 127//3911
f 294//3912 127//3912 125//3912
f 294//3912 125//3912 298//3912
f 299//472 135//472 162//472
f 299//3913 162//3913 301//3913
f 299//3914 301//3914 302//3914
f 299//3915 302//3915 139//3915
f 299//3916 139//3916 304//3916
f 299//3917 304//3917 306//3917
f 299//32 306//32 135//32
f 306//472 304//472 145//472
f 306//472 145//472 143//472
f 306//3918 143//3918 135//3918
f 185//3919 183//3919 309//3919
f 185//3920 309//3920 189//3920
f 185//3921 189//3921 187//3921
f 311//3922 313//3922 314//3922
f 311//3923 314//3923 316//3923
f 311//3924 316//3924 318//3924
f 311//3925 318//3925 320//3925
f 311//3892 320//3892 321//3892
f 323//3615 324//3615 326//3615
f 323//3926 326//3926 327//3926
f 323//1540 327//1540 329//1540
f 323//134 329//134 331//134
f 323//134 331//134 324//134
f 333//3927 334//3927 335//3927
f 336//3928 338//3928 339//3928
f 336//3929 339//3929 341//3929
f 336//3930 341//3930 343//3930
f 336//3931 343//3931 345//3931
f 336//3932 345//3932 346//3932
f 349//3933 350//3933 351//3933
f 349//842 351//842 352//842
f 349//1459 352//1459 354//1459
f 349//3882 354//3882 356//3882
f 349//3934 356//3934 350//3934
f 358//1851 359//1851 361//1851
f 358//3935 361//3935 363//3935
f 358//1300 363//1300 365//1300
f 358//3936 365//3936 367//3936
f 369//3937 370//3937 371//3937
f 369//3938 371//3938 373//3938
f 369//3559 373//3559 375//3559
f 369//399 375//399 377//399
f 378//3939 380//3939 381//3939
f 378//3940 381//3940 383//3940
f 378//3941 383//3941 386//3941
f 378//3155 386//3155 387//3155
f 378//3942 387//3942 380//3942
f 389//3943 390//3943 391//3943
f 389//3944 391//3944 393//3944
f 389//3945 393//3945 395//3945
f 389//3946 395//3946 396//3946
f 397//3947 398//3947 400//3947
f 401//3948 403//3948 404//3948
f 401//3949 404//3949 407//3949
f 401//3950 407//3950 409//3950
f 401//3951 409//3951 411//3951
f 401//3952 411//3952 403//3952
f 411//3953 409//3953 413//3953
f 411//134 413//134 415//134
f 411//498 415//498 417//498
f 411//3954 417//3954 403//3954
f 419//399 420//399 375//399
f 419//3955 375//3955 373//3955
f 419//2922 373//2922 422//2922
f 419//3956 422//3956 424//3956
f 425//3957 427//3957 91//3957
f 425//3958 91//3958 428//3958
f 425//3959 428//3959 430//3959
f 425//3960 430//3960 432//3960
f 433//3961 435//3961 436//3961
f 433//747 436//747 438//747
f 433//3962 438//3962 363//3962
f 433//3963 363//3963 440//3963
f 441//279 442//279 443//279
f 441//32 443//32 445//32
f 441//32 445//32 447//32
f 441//61 447//61 449//61
f 441//3964 449//3964 442//3964
f 121//3965 452//3965 453//3965
f 121//3966 453//3966 454//3966
f 121//3497 454//3497 123//3497
f 457//3967 458//3967 460//3967
f 457//3968 460//3968 462//3968
f 457//1377 462//1377 464//1377
f 457//141 464//141 466//141
f 457//3969 466//3969 458//3969
f 149//3758 147//3758 158//3758
f 149//3758 158//3758 156//3758
f 469//3970 167//3970 138//3970
f 471//3971 472//3971 474//3971
f 471//3972 474//3972 475//3972
f 471//3973 475//3973 477//3973
f 471//3974 477//3974 443//3974
f 479//3975 480//3975 482//3975
f 479//3976 482//3976 483//3976
f 479//3977 483//3977 485//3977
f 479//5 485//5 488//5
f 479//134 488//134 480//134
f 489//1 490//1 492//1
f 489//1459 492//1459 493//1459
f 489//1459 493//1459 495//1459
f 489//3978 495//3978 497//3978
f 489//1 497//1 498//1
f 489//3979 498//3979 500//3979
f 501//1429 503//1429 504//1429
f 501//3980 504//3980 506//3980
f 501//3981 506//3981 508//3981
f 501//3982 508//3982 510//3982
f 501//3982 510//3982 512//3982
f 501//1429 512//1429 503//1429
f 515//3982 512//3982 510//3982
f 515//3983 510//3983 517//3983
f 515//61 517//61 518//61
f 515//61 518//61 519//61
f 515//542 519//542 522//542
f 523//1056 525//1056 526//1056
f 523//3984 526//3984 528//3984
f 523//3985 528//3985 530//3985
f 523//3559 530//3559 532//3559
f 533//3986 535//3986 536//3986
f 533//3987 536//3987 538//3987
f 539//3939 541//3939 542//3939
f 539//3988 542//3988 544//3988
f 539//3989 544//3989 545//3989
f 539//3990 545//3990 547//3990
f 539//3991 547//3991 549//3991
f 539//3942 549//3942 541//3942
f 555//3946 557//3946 558//3946
f 555//3992 558//3992 560//3992
f 555//3993 560//3993 561//3993
f 555//3994 561//3994 563//3994
f 200//3995 199//3995 564//3995
f 200//3996 564//3996 566//3996
f 200//3997 566//3997 568//3997
f 200//3998 568//3998 203//3998
f 570//3999 571//3999 573//3999
f 575//4000 576//4000 577//4000
f 575//4001 577//4001 579//4001
f 575//19 579//19 580//19
f 575//4002 580//4002 583//4002
f 575//4003 583//4003 576//4003
f 580//4004 579//4004 585//4004
f 580//4005 585//4005 586//4005
f 580//4006 586//4006 587//4006
f 580//2751 587//2751 576//2751
f 580//4007 576//4007 583//4007
f 589//4008 591//4008 592//4008
f 589//4009 592//4009 593//4009
f 589//4009 593//4009 595//4009
f 589//3559 595//3559 597//3559
f 595//3559 599//3559 597//3559
f 600//4010 601//4010 603//4010
f 600//4011 603//4011 268//4011
f 600//4012 268//4012 605//4012
f 600//3941 605//3941 607//3941
f 268//4013 267//4013 605//4013
f 93//3822 91//3822 427//3822
f 93//3618 427//3618 609//3618
f 547//2903 545//2903 611//2903
f 547//4014 611//4014 613//4014
f 547//3563 613//3563 549//3563
f 615//4015 616//4015 618//4015
f 615//4016 618//4016 619//4016
f 615//4017 619//4017 621//4017
f 615//472 621//472 623//472
f 615//472 623//472 616//472
f 623//1267 621//1267 625//1267
f 623//227 625//227 627//227
f 623//57 627//57 629//57
f 623//4018 629//4018 616//4018
f 327//3614 326//3614 631//3614
f 327//3375 631//3375 633//3375
f 327//4019 633//4019 329//4019
f 635//4020 637//4020 638//4020
f 635//4021 638//4021 343//4021
f 635//4022 343//4022 341//4022
f 635//4023 341//4023 640//4023
f 642//4024 643//4024 644//4024
f 642//173 644//173 646//173
f 642//354 646//354 647//354
f 642//488 647//488 649//488
f 642//4025 649//4025 651//4025
f 642//4026 651//4026 653//4026
f 642//4027 653//4027 655//4027
f 642//4028 655//4028 643//4028
f 657//4029 643//4029 658//4029
f 657//4030 658//4030 660//4030
f 657//4031 660//4031 662//4031
f 657//1429 662//1429 644//1429
f 657//1 644//1 643//1
f 655//4032 653//4032 665//4032
f 655//4033 665//4033 658//4033
f 655//4034 658//4034 643//4034
f 668//3822 669//3822 671//3822
f 668//4035 671//4035 673//4035
f 668//4009 673//4009 675//4009
f 668//3559 675//3559 678//3559
f 662//4036 660//4036 679//4036
f 662//1100 679//1100 681//1100
f 662//1746 681//1746 646//1746
f 662//4037 646//4037 644//4037
f 685//4038 577//4038 686//4038
f 685//4039 686//4039 688//4039
f 685//4040 688//4040 690//4040
f 685//2062 690//2062 692//2062
f 685//4041 692//4041 579//4041
f 685//4042 579//4042 577//4042
f 695//4043 697//4043 699//4043
f 695//4044 700//4044 702//4044
f 695//4045 702//4045 703//4045
f 695//4046 703//4046 705//4046
f 695//4047 705//4047 707//4047
f 708//4048 710//4048 711//4048
f 708//4049 711//4049 713//4049
f 708//4050 713//4050 714//4050
f 708//4051 714//4051 716//4051
f 708//4052 716//4052 717//4052
f 708//4053 717//4053 710//4053
f 80//4054 79//4054 395//4054
f 80//4055 395//4055 393//4055
f 80//2950 393//2950 88//2950
f 77//808 720//808 722//808
f 77//4056 722//4056 383//4056
f 77//4057 383//4057 381//4057
f 77//4058 381//4058 79//4058
f 279//4059 272//4059 271//4059
f 279//4060 271//4060 603//4060
f 279//4061 603//4061 601//4061
f 279//4062 601//4062 280//4062
f 726//4063 435//4063 727//4063
f 726//747 727//747 415//747
f 726//4064 415//4064 729//4064
f 726//4065 729//4065 731//4065
f 726//631 731//631 733//631
f 726//631 733//631 436//631
f 726//134 436//134 435//134
f 413//1054 409//1054 735//1054
f 413//498 735//498 731//498
f 413//498 731//498 729//498
f 413//134 729//134 415//134
f 495//472 493//472 738//472
f 495//4066 738//4066 740//4066
f 495//1717 740//1717 741//1717
f 495//4067 741//4067 497//4067
f 297//4068 295//4068 453//4068
f 297//4069 453//4069 452//4069
f 297//4070 452//4070 129//4070
f 297//4071 129//4071 127//4071
f 304//4072 139//4072 145//4072
f 745//4073 629//4073 627//4073
f 745//4074 627//4074 747//4074
f 745//4075 747//4075 748//4075
f 745//4076 748//4076 750//4076
f 745//4077 750//4077 492//4077
f 518//542 517//542 752//542
f 518//542 752//542 753//542
f 518//668 753//668 619//668
f 518//4078 619//4078 519//4078
f 619//4079 618//4079 519//4079
f 756//1413 345//1413 638//1413
f 756//4080 638//4080 637//4080
f 756//4081 637//4081 759//4081
f 760//170 492//170 750//170
f 760//1900 750//1900 762//1900
f 760//4082 762//4082 764//4082
f 760//4083 764//4083 766//4083
f 760//4084 766//4084 493//4084
f 760//4085 493//4085 492//4085
f 769//4086 771//4086 773//4086
f 769//4087 773//4087 775//4087
f 769//4088 775//4088 777//4088
f 769//767 777//767 778//767
f 769//4089 778//4089 780//4089
f 769//4090 780//4090 771//4090
f 665//4091 653//4091 782//4091
f 665//201 782//201 783//201
f 665//4092 783//4092 660//4092
f 665//4093 660//4093 658//4093
f 786//3557 787//3557 789//3557
f 786//4094 789//4094 790//4094
f 786//4095 790//4095 792//4095
f 786//4096 792//4096 794//4096
f 786//906 794//906 796//906
f 786//3557 796//3557 787//3557
f 798//227 563//227 799//227
f 798//4097 799//4097 796//4097
f 798//4098 796//4098 794//4098
f 798//3432 794//3432 544//3432
f 798//4099 544//4099 542//4099
f 798//4100 542//4100 563//4100
f 561//4101 560//4101 803//4101
f 561//741 803//741 671//741
f 561//3582 671//3582 799//3582
f 561//3582 799//3582 563//3582
f 805//4102 806//4102 807//4102
f 805//4103 807//4103 809//4103
f 805//4104 809//4104 810//4104
f 805//4105 810//4105 812//4105
f 814//4106 228//4106 816//4106
f 814//4107 816//4107 818//4107
f 814//4108 818//4108 820//4108
f 814//4109 820//4109 822//4109
f 823//3548 825//3548 827//3548
f 828//4110 829//4110 690//4110
f 828//4111 690//4111 688//4111
f 113//4112 111//4112 831//4112
f 113//4113 831//4113 105//4113
f 113//4114 105//4114 102//4114
f 113//4115 102//4115 100//4115
f 113//4116 100//4116 116//4116
f 100//4117 283//4117 116//4117
f 832//4118 741//4118 740//4118
f 832//134 740//134 834//134
f 832//4119 834//4119 836//4119
f 832//4120 836//4120 837//4120
f 832//4121 837//4121 407//4121
f 837//4122 836//4122 838//4122
f 837//4123 838//4123 840//4123
f 837//4124 840//4124 843//4124
f 837//4125 843//4125 735//4125
f 837//4126 735//4126 409//4126
f 837//4127 409//4127 407//4127
f 428//4128 91//4128 88//4128
f 428//658 88//658 847//658
f 428//747 847//747 848//747
f 428//747 848//747 850//747
f 428//4129 850//4129 430//4129
f 852//1300 131//1300 129//1300
f 852//3936 129//3936 452//3936
f 462//4130 460//4130 854//4130
f 462//32 854//32 447//32
f 462//32 447//32 445//32
f 462//1 445//1 485//1
f 462//1377 485//1377 464//1377
f 445//32 443//32 477//32
f 445//1 477//1 475//1
f 445//1 475//1 485//1
f 859//173 860//173 861//173
f 859//4131 861//4131 862//4131
f 859//1 862//1 863//1
f 859//4132 863//4132 860//4132
f 485//4133 483//4133 464//4133
f 475//5 474//5 865//5
f 475//5 865//5 488//5
f 475//5 488//5 485//5
f 766//4134 764//4134 867//4134
f 766//3752 867//3752 869//3752
f 766//3752 869//3752 738//3752
f 766//472 738//472 493//472
f 871//4135 611//4135 545//4135
f 871//4136 545//4136 872//4136
f 871//4137 872//4137 782//4137
f 871//3982 782//3982 653//3982
f 871//4138 653//4138 651//4138
f 871//4139 651//4139 528//4139
f 871//4140 528//4140 611//4140
f 792//4141 790//4141 875//4141
f 792//4142 875//4142 876//4142
f 792//3982 876//3982 877//3982
f 792//3982 877//3982 872//3982
f 792//658 872//658 794//658
f 880//227 627//227 625//227
f 880//808 625//808 881//808
f 880//4143 881//4143 840//4143
f 880//4144 840//4144 883//4144
f 880//4145 883//4145 885//4145
f 880//4146 885//4146 887//4146
f 880//3620 887//3620 747//3620
f 880//4147 747//4147 627//4147
f 331//4148 329//4148 633//4148
f 331//4149 633//4149 890//4149
f 891//4150 893//4150 894//4150
f 891//4151 894//4151 197//4151
f 891//4152 197//4152 196//4152
f 891//4153 196//4153 333//4153
f 898//4154 893//4154 899//4154
f 898//4155 899//4155 901//4155
f 898//4156 901//4156 566//4156
f 898//4157 566//4157 564//4157
f 898//4158 564//4158 197//4158
f 898//4159 197//4159 894//4159
f 898//4160 894//4160 893//4160
f 748//4161 747//4161 887//4161
f 748//4162 887//4162 905//4162
f 748//4163 905//4163 762//4163
f 748//4164 762//4164 750//4164
f 809//4165 907//4165 909//4165
f 809//4166 909//4166 810//4166
f 911//1493 912//1493 913//1493
f 911//734 913//734 914//734
f 911//4167 914//4167 916//4167
f 911//808 916//808 918//808
f 566//4168 901//4168 920//4168
f 566//4169 920//4169 922//4169
f 566//4170 922//4170 923//4170
f 566//4171 923//4171 926//4171
f 566//4172 926//4172 568//4172
f 928//4173 321//4173 320//4173
f 928//4174 320//4174 930//4174
f 928//4175 930//4175 932//4175
f 928//3524 932//3524 933//3524
f 928//4176 933//4176 934//4176
f 928//4177 934//4177 321//4177
f 936//4178 646//4178 681//4178
f 936//4179 681//4179 937//4179
f 936//4180 937//4180 647//4180
f 936//4181 647//4181 646//4181
f 940//2862 941//2862 943//2862
f 940//4182 944//4182 946//4182
f 947//4183 948//4183 950//4183
f 947//4184 950//4184 952//4184
f 947//4185 952//4185 954//4185
f 947//4186 954//4186 956//4186
f 947//4187 956//4187 958//4187
f 947//4188 958//4188 960//4188
f 947//4189 960//4189 948//4189
f 962//4190 964//4190 965//4190
f 962//4191 965//4191 967//4191
f 962//4192 967//4192 969//4192
f 962//4193 969//4193 592//4193
f 962//4194 592//4194 591//4194
f 962//4195 591//4195 964//4195
f 268//3634 603//3634 271//3634
f 973//4196 260//4196 259//4196
f 973//4197 259//4197 975//4197
f 973//4198 975//4198 976//4198
f 973//658 976//658 978//658
f 973//658 978//658 980//658
f 973//4191 980//4191 982//4191
f 973//4199 982//4199 260//4199
f 984//4200 986//4200 987//4200
f 984//4201 987//4201 989//4201
f 984//525 989//525 990//525
f 984//943 990//943 992//943
f 984//4202 992//4202 986//4202
f 994//4203 316//4203 997//4203
f 994//1493 997//1493 999//1493
f 994//658 999//658 1002//658
f 994//658 1002//658 1004//658
f 994//4198 1004//4198 1006//4198
f 994//4204 1006//4204 318//4204
f 994//4205 318//4205 316//4205
f 213//4206 212//4206 891//4206
f 213//2012 891//2012 1009//2012
f 213//4207 1009//4207 1011//4207
f 213//4208 1011//4208 215//4208
f 345//3663 343//3663 638//3663
f 946//4209 944//4209 1013//4209
f 946//4210 1013//4210 1015//4210
f 946//4211 1015//4211 1017//4211
f 946//4212 1017//4212 1019//4212
f 1020//134 1021//134 1022//134
f 1020//4213 1022//4213 1023//4213
f 1020//914 1023//914 1024//914
f 1020//1224 1024//1224 950//1224
f 1020//1224 950//1224 1021//1224
f 958//61 956//61 1027//61
f 958//2348 1027//2348 1029//2348
f 958//4214 1029//4214 1031//4214
f 958//4215 1031//4215 1033//4215
f 958//4216 1033//4216 1035//4216
f 958//4217 1035//4217 960//4217
f 1037//4218 386//4218 1039//4218
f 1037//4080 1039//4080 967//4080
f 1037//4219 967//4219 965//4219
f 371//4220 370//4220 1042//4220
f 371//4221 1042//4221 367//4221
f 371//4222 367//4222 365//4222
f 371//4223 365//4223 1044//4223
f 371//4224 1044//4224 373//4224
f 1039//3941 386//3941 383//3941
f 1039//4225 383//4225 722//4225
f 1039//4225 722//4225 969//4225
f 1039//4226 969//4226 967//4226
f 831//4227 111//4227 109//4227
f 831//4228 109//4228 1048//4228
f 831//4229 1048//4229 105//4229
f 703//1799 1050//1799 1051//1799
f 703//4230 1051//4230 1052//4230
f 703//4231 1052//4231 1054//4231
f 703//4232 1054//4232 705//4232
f 593//3849 592//3849 969//3849
f 593//3849 969//3849 722//3849
f 593//4233 722//4233 720//4233
f 593//4234 720//4234 595//4234
f 869//472 867//472 1057//472
f 869//4235 1057//4235 1059//4235
f 869//4236 1059//4236 1061//4236
f 869//4237 1061//4237 740//4237
f 869//4237 740//4237 738//4237
f 834//134 740//134 1061//134
f 834//4238 1061//4238 1059//4238
f 834//4239 1059//4239 838//4239
f 834//4240 838//4240 836//4240
f 438//631 436//631 1064//631
f 438//631 1064//631 1065//631
f 438//631 1065//631 1068//631
f 438//4241 1068//4241 373//4241
f 438//658 373//658 1070//658
f 438//658 1070//658 365//658
f 438//4242 365//4242 363//4242
f 980//4243 978//4243 1072//4243
f 980//4244 1072//4244 1073//4244
f 980//1 1073//1 1075//1
f 980//1376 1075//1376 1033//1376
f 980//4245 1033//4245 1031//4245
f 980//4246 1031//4246 982//4246
f 1077//4247 982//4247 1031//4247
f 1077//4248 1031//4248 1029//4248
f 1077//4249 1029//4249 1078//4249
f 1077//4250 1078//4250 1081//4250
f 1077//4251 1081//4251 1082//4251
f 1077//659 1082//659 989//659
f 1077//659 989//659 987//659
f 1084//61 997//61 1085//61
f 1084//61 1085//61 1087//61
f 1084//734 1087//734 1088//734
f 1084//734 1088//734 1089//734
f 1084//4252 1089//4252 1091//4252
f 1084//4253 1091//4253 1093//4253
f 1084//4254 1093//4254 1095//4254
f 1084//4255 1095//4255 1096//4255
f 1084//4256 1096//4256 997//4256
f 999//3395 997//3395 1096//3395
f 999//4257 1096//4257 1097//4257
f 999//1376 1097//1376 1098//1376
f 999//1 1098//1 1100//1
f 999//4258 1100//4258 1102//4258
f 999//4259 1102//4259 1002//4259
f 916//4260 914//4260 1105//4260
f 916//4261 1105//4261 1106//4261
f 916//658 1106//658 1107//658
f 916//658 1107//658 1109//658
f 916//4262 1109//4262 506//4262
f 916//1300 506//1300 1112//1300
f 916//808 1112//808 918//808
f 1109//658 1107//658 530//658
f 1109//4263 530//4263 1114//4263
f 1109//279 1114//279 1116//279
f 1109//279 1116//279 1118//279
f 1109//279 1118//279 508//279
f 1109//61 508//61 506//61
f 1121//4264 647//4264 937//4264
f 1121//4265 937//4265 1122//4265
f 1121//4265 1122//4265 1124//4265
f 1121//4266 1124//4266 649//4266
f 1121//4232 649//4232 647//4232
f 199//4267 197//4267 564//4267
f 1127//3768 762//3768 905//3768
f 1127//4268 905//4268 1129//4268
f 1127//4269 1129//4269 764//4269
f 1127//4270 764//4270 762//4270
f 803//4225 560//4225 818//4225
f 803//4225 818//4225 1132//4225
f 803//3849 1132//3849 673//3849
f 803//4271 673//4271 671//4271
f 820//3941 818//3941 560//3941
f 820//3941 560//3941 558//3941
f 1135//4272 1136//4272 946//4272
f 1135//4273 946//4273 1138//4273
f 1135//1078 1138//1078 1140//1078
f 1135//1922 1140//1922 1141//1922
f 914//4274 913//4274 532//4274
f 914//4275 532//4275 530//4275
f 914//4276 530//4276 1105//4276
f 1144//4009 675//4009 673//4009
f 1144//3849 673//3849 1132//3849
f 1144//4277 1132//4277 226//4277
f 1144//4278 226//4278 223//4278
f 1144//4274 223//4274 675//4274
f 816//1493 228//1493 226//1493
f 816//4279 226//4279 1132//4279
f 816//4280 1132//4280 818//4280
f 1148//4281 1149//4281 944//4281
f 1148//4282 944//4282 1151//4282
f 1148//1 1151//1 1152//1
f 1148//1 1152//1 1154//1
f 1148//4283 1154//4283 570//4283
f 1156//4284 570//4284 1154//4284
f 1156//4285 1154//4285 1158//4285
f 1156//4286 1158//4286 1160//4286
f 1156//4287 1160//4287 1162//4287
f 1156//4288 1162//4288 1166//4288
f 1156//4289 1166//4289 1167//4289
f 1169//4290 829//4290 717//4290
f 1169//4291 717//4291 716//4291
f 1169//4292 716//4292 714//4292
f 1169//4293 714//4293 1172//4293
f 1169//3661 1172//3661 1174//3661
f 1175//4294 1176//4294 1177//4294
f 1175//4295 1177//4295 1178//4295
f 1175//4296 1178//4296 1180//4296
f 1175//399 1180//399 1183//399
f 1044//4297 365//4297 1185//4297
f 1044//4298 1185//4298 1070//4298
f 1044//4299 1070//4299 373//4299
f 1188//4300 100//4300 1183//4300
f 1188//4301 1183//4301 1180//4301
f 1188//4302 1180//4302 1190//4302
f 1188//847 1190//847 1191//847
f 1188//4303 1191//4303 1192//4303
f 1188//4304 1192//4304 1194//4304
f 1188//4305 1194//4305 1196//4305
f 1188//4306 1196//4306 1198//4306
f 847//658 88//658 393//658
f 847//4307 393//4307 391//4307
f 847//4308 391//4308 424//4308
f 847//4309 424//4309 1202//4309
f 847//4310 1202//4310 848//4310
f 530//4311 528//4311 651//4311
f 530//4311 651//4311 1206//4311
f 530//61 1206//61 1114//61
f 872//4312 545//4312 544//4312
f 872//658 544//658 794//658
f 1207//3720 1209//3720 1210//3720
f 1207//4313 1210//4313 778//4313
f 1207//4314 778//4314 777//4314
f 1207//4315 777//4315 775//4315
f 1207//4316 775//4316 907//4316
f 1105//4317 530//4317 1107//4317
f 1105//4318 1107//4318 1106//4318
f 806//4319 1216//4319 1218//4319
f 806//4320 1218//4320 1220//4320
f 806//4321 1220//4321 1221//4321
f 806//4322 1221//4322 1224//4322
f 806//4323 1224//4323 807//4323
f 1210//1183 1209//1183 1226//1183
f 1210//4324 1226//4324 809//4324
f 1210//2163 809//2163 807//2163
f 1210//4325 807//4325 778//4325
f 943//4326 1015//4326 1152//4326
f 943//4327 1152//4327 1151//4327
f 943//4328 1151//4328 944//4328
f 943//4047 944//4047 940//4047
f 943//137 940//137 1141//137
f 943//4329 1141//4329 1140//4329
f 943//4330 1140//4330 1231//4330
f 943//4331 1231//4331 944//4331
f 1233//1 1075//1 1073//1
f 1233//4332 1073//4332 1234//4332
f 1233//4333 1234//4333 1236//4333
f 1233//4334 1236//4334 1022//4334
f 1075//57 1035//57 1033//57
f 365//658 1070//658 1185//658
f 1234//4335 1073//4335 1072//4335
f 1234//4336 1072//4336 978//4336
f 1234//4337 978//4337 1240//4337
f 1234//4338 1240//4338 1236//4338
f 713//4339 1242//4339 1243//4339
f 713//1918 1243//1918 1245//1918
f 713//472 1245//472 1247//472
f 713//4340 1247//4340 1249//4340
f 713//4341 1249//4341 714//4341
f 1250//134 373//134 1068//134
f 1250//498 1068//498 1254//498
f 1250//498 1254//498 1256//498
f 1250//4342 1256//4342 422//4342
f 1250//1054 422//1054 373//1054
f 733//498 731//498 1258//498
f 733//498 1258//498 1260//498
f 733//498 1260//498 1064//498
f 733//631 1064//631 436//631
f 976//4343 975//4343 1263//4343
f 976//4344 1263//4344 1265//4344
f 976//4345 1265//4345 1267//4345
f 976//658 1267//658 1004//658
f 976//658 1004//658 1002//658
f 976//658 1002//658 978//658
f 1269//4047 978//4047 1002//4047
f 1269//4047 1002//4047 1271//4047
f 1269//1920 1271//1920 1273//1920
f 1269//4346 1273//4346 1274//4346
f 1269//1300 1274//1300 1276//1300
f 1269//4047 1276//4047 978//4047
f 1276//1300 1274//1300 1278//1300
f 1276//4347 1278//4347 1279//4347
f 1276//1920 1279//1920 1240//1920
f 1276//4047 1240//4047 978//4047
f 1281//162 1267//162 1265//162
f 1281//525 1265//525 1283//525
f 1281//1709 1283//1709 1286//1709
f 1281//4348 1286//4348 1288//4348
f 1281//4349 1288//4349 1267//4349
f 1290//4350 1267//4350 1288//4350
f 1290//4351 1288//4351 1286//4351
f 1290//4352 1286//4352 1291//4352
f 1290//4353 1291//4353 1004//4353
f 1290//4354 1004//4354 1267//4354
f 780//4355 778//4355 1294//4355
f 780//4356 1294//4356 1295//4356
f 780//472 1295//472 1245//472
f 780//1918 1245//1918 1243//1918
f 780//4357 1243//4357 1297//4357
f 1299//4358 1004//4358 1283//4358
f 1299//4359 1283//4359 1301//4359
f 1299//4360 1301//4360 1303//4360
f 1299//4361 1303//4361 318//4361
f 1299//658 318//658 1006//658
f 1299//4362 1006//4362 1004//4362
f 1291//4363 1286//4363 1283//4363
f 1291//4364 1283//4364 1004//4364
f 1306//4365 1002//4365 1102//4365
f 1306//4366 1102//4366 1100//4366
f 1306//4367 1100//4367 1308//4367
f 1306//4368 1308//4368 1309//4368
f 1306//4369 1309//4369 1271//4369
f 1306//4370 1271//4370 1002//4370
f 753//542 752//542 1311//542
f 753//4371 1311//4371 1313//4371
f 753//4372 1313//4372 625//4372
f 753//4373 625//4373 621//4373
f 753//4374 621//4374 619//4374
f 1313//4375 1311//4375 1316//4375
f 1313//4376 1316//4376 1319//4376
f 1313//4377 1319//4377 1321//4377
f 1313//4378 1321//4378 881//4378
f 1313//4379 881//4379 625//4379
f 510//279 508//279 1324//279
f 510//279 1324//279 752//279
f 510//4380 752//4380 517//4380
f 1118//542 1116//542 1327//542
f 1118//542 1327//542 1328//542
f 1118//542 1328//542 1324//542
f 1118//279 1324//279 508//279
f 1308//1 1100//1 1098//1
f 1308//1 1098//1 1330//1
f 1308//32 1330//32 1331//32
f 1308//4381 1331//4381 1309//4381
f 1220//4382 1218//4382 923//4382
f 1220//4383 923//4383 922//4383
f 1220//4384 922//4384 1333//4384
f 1220//4385 1333//4385 1221//4385
f 1335//989 1167//989 1336//989
f 1335//1136 1336//1136 1338//1136
f 1335//4386 1338//4386 1331//4386
f 1335//4387 1331//4387 1330//4387
f 1023//4388 1022//4388 1236//4388
f 1023//4389 1236//4389 1340//4389
f 1023//4390 1340//4390 1343//4390
f 1023//4391 1343//4391 1345//4391
f 1023//4392 1345//4392 1024//4392
f 1348//4393 579//4393 692//4393
f 1348//20 692//20 1351//20
f 1348//4394 1351//4394 1353//4394
f 1348//4395 1353//4395 1355//4395
f 1348//4396 1355//4396 1358//4396
f 1348//4397 1358//4397 579//4397
f 1358//4398 1355//4398 1360//4398
f 1358//4399 1360//4399 1361//4399
f 1358//4400 1361//4400 585//4400
f 1358//4401 585//4401 579//4401
f 1363//3999 424//3999 422//3999
f 1363//4402 422//4402 1365//4402
f 1363//4403 1365//4403 1366//4403
f 1363//4404 1366//4404 1367//4404
f 1363//4405 1367//4405 1202//4405
f 1363//747 1202//747 424//747
f 1369//4406 883//4406 838//4406
f 1369//4407 838//4407 1371//4407
f 1369//4408 1371//4408 1372//4408
f 1369//4409 1372//4409 1373//4409
f 1369//4410 1373//4410 885//4410
f 1369//4411 885//4411 883//4411
f 838//4412 883//4412 840//4412
f 1375//4413 838//4413 1059//4413
f 1375//4414 1059//4414 1377//4414
f 1375//4415 1377//4415 1378//4415
f 1375//4416 1378//4416 1379//4416
f 1375//795 1379//795 1371//795
f 1375//4417 1371//4417 838//4417
f 1129//4418 905//4418 887//4418
f 1129//4419 887//4419 885//4419
f 1129//4420 885//4420 1373//4420
f 1129//4421 1373//4421 1382//4421
f 1129//4422 1382//4422 867//4422
f 1129//4423 867//4423 764//4423
f 1384//4424 867//4424 1382//4424
f 1384//4425 1382//4425 1009//4425
f 1384//4426 1009//4426 1387//4426
f 1384//1 1387//1 1388//1
f 1384//1 1388//1 1057//1
f 1384//4427 1057//4427 867//4427
f 877//32 876//32 1391//32
f 877//32 1391//32 1393//32
f 877//4428 1393//4428 782//4428
f 877//4429 782//4429 872//4429
f 1396//4430 1097//4430 1096//4430
f 1396//2036 1096//2036 1095//2036
f 1396//4431 1095//4431 1397//4431
f 1396//4432 1397//4432 1399//4432
f 1396//4433 1399//4433 1160//4433
f 1396//3293 1160//3293 1149//3293
f 1396//4434 1149//4434 1097//4434
f 1338//4435 1336//4435 1402//4435
f 1338//4436 1402//4436 1404//4436
f 1338//4437 1404//4437 1406//4437
f 1338//4438 1406//4438 1309//4438
f 1338//4439 1309//4439 1331//4439
f 1340//4440 1236//4440 1240//4440
f 1340//1920 1240//1920 1279//1920
f 1340//744 1279//744 1409//744
f 1340//4441 1409//4441 1343//4441
f 1411//4442 1412//4442 707//4442
f 1411//4443 707//4443 1414//4443
f 1411//2120 1414//2120 1415//2120
f 1411//4444 1415//4444 1416//4444
f 1411//4445 1416//4445 1418//4445
f 1411//4446 1418//4446 1420//4446
f 1411//4447 1420//4447 1421//4447
f 1411//4448 1421//4448 1412//4448
f 1423//4449 1412//4449 1421//4449
f 1423//1054 1421//1054 1425//1054
f 1423//1054 1425//1054 1426//1054
f 1423//399 1426//399 1427//399
f 1423//399 1427//399 1429//399
f 1423//399 1429//399 1052//399
f 1423//4450 1052//4450 1412//4450
f 1052//1078 1051//1078 1412//1078
f 705//4451 1054//4451 1430//4451
f 705//1543 1430//1543 1432//1543
f 705//4452 1432//4452 1434//4452
f 705//4453 1434//4453 1415//4453
f 705//4454 1415//4454 1414//4454
f 705//4455 1414//4455 707//4455
f 1436//2228 1367//2228 1366//2228
f 1436//4456 1366//4456 1437//4456
f 1436//4457 1437//4457 1439//4457
f 1436//134 1439//134 241//134
f 1436//4458 241//4458 1367//4458
f 1442//4459 1367//4459 241//4459
f 1442//5 241//5 237//5
f 1442//1 237//1 1444//1
f 1442//4460 1444//4460 1202//4460
f 1442//4461 1202//4461 1367//4461
f 1446//4462 586//4462 585//4462
f 1446//4463 585//4463 1361//4463
f 1446//4464 1361//4464 1449//4464
f 1446//4465 1449//4465 1451//4465
f 1446//4466 1451//4466 1048//4466
f 1446//4467 1048//4467 586//4467
f 1453//4468 1454//4468 1455//4468
f 1453//4469 1455//4469 1190//4469
f 1453//4470 1190//4470 1180//4470
f 1453//4471 1180//4471 1458//4471
f 1453//4472 1458//4472 1454//4472
f 1460//4473 840//4473 881//4473
f 1460//4474 881//4474 1321//4474
f 1460//173 1321//173 1319//173
f 1460//173 1319//173 1461//173
f 1460//4475 1461//4475 843//4475
f 1460//472 843//472 840//472
f 1463//4476 1465//4476 1466//4476
f 1463//4477 1466//4477 1468//4477
f 1463//4478 1468//4478 1470//4478
f 1463//4479 1470//4479 1471//4479
f 1463//1 1471//1 1473//1
f 1463//1 1473//1 1465//1
f 1475//4480 1465//4480 1473//4480
f 1475//4481 1473//4481 1477//4481
f 1475//472 1477//472 1479//472
f 1475//4482 1479//4482 1481//4482
f 1475//4483 1481//4483 1483//4483
f 1475//472 1483//472 1465//472
f 1483//2250 1481//2250 1484//2250
f 1483//1746 1484//1746 1486//1746
f 1483//427 1486//427 1487//427
f 1483//1657 1487//1657 1466//1657
f 1483//472 1466//472 1465//472
f 1489//847 1473//847 1471//847
f 1489//4484 1471//4484 1491//4484
f 1489//4485 1491//4485 1493//4485
f 1489//4486 1493//4486 1477//4486
f 1489//4487 1477//4487 1473//4487
f 1495//4488 1471//4488 1470//4488
f 1495//3431 1470//3431 1484//3431
f 1495//525 1484//525 1481//525
f 1495//4489 1481//4489 1497//4489
f 1495//4490 1497//4490 1491//4490
f 1495//4491 1491//4491 1471//4491
f 1011//1 1009//1 1500//1
f 1011//4492 1500//4492 1502//4492
f 1011//4493 1502//4493 1503//4493
f 1011//399 1503//399 1505//399
f 1011//4494 1505//4494 1507//4494
f 1011//4495 1507//4495 215//4495
f 1509//4496 681//4496 679//4496
f 1509//61 679//61 1512//61
f 1509//734 1512//734 1513//734
f 1509//4497 1513//4497 1514//4497
f 1509//4498 1514//4498 1122//4498
f 1509//4499 1122//4499 937//4499
f 1509//4500 937//4500 681//4500
f 1515//4501 1140//4501 1138//4501
f 1515//399 1138//399 1516//399
f 1515//668 1520//668 1522//668
f 1515//4502 1522//4502 1140//4502
f 1231//4503 1140//4503 1522//4503
f 1231//4504 1522//4504 1524//4504
f 1231//4505 1524//4505 1158//4505
f 1231//4506 1158//4506 1154//4506
f 1231//20 1154//20 1152//20
f 1406//4507 1404//4507 1525//4507
f 1406//744 1525//744 1273//744
f 1406//1920 1273//1920 1271//1920
f 1406//4508 1271//4508 1309//4508
f 1437//4509 1366//4509 1365//4509
f 1437//4510 1365//4510 1528//4510
f 1437//4511 1528//4511 1530//4511
f 1437//4512 1530//4512 1439//4512
f 714//1576 1249//1576 1531//1576
f 714//4513 1531//4513 1351//4513
f 714//2855 1351//2855 692//2855
f 714//4514 692//4514 1172//4514
f 1534//4515 1454//4515 1458//4515
f 1534//4516 1458//4516 1537//4516
f 1534//4517 1537//4517 1539//4517
f 1534//4518 1539//4518 1540//4518
f 1534//4519 1540//4519 1541//4519
f 1534//4520 1541//4520 1454//4520
f 1541//4521 1540//4521 1543//4521
f 1541//4522 1543//4522 1455//4522
f 1541//4523 1455//4523 1454//4523
f 1543//4524 1540//4524 1545//4524
f 1543//4525 1545//4525 1547//4525
f 1543//4526 1547//4526 1549//4526
f 1543//399 1549//399 1190//399
f 1543//399 1190//399 1455//399
f 1549//4526 1547//4526 1551//4526
f 1549//4527 1551//4527 1553//4527
f 1549//658 1553//658 1555//658
f 1549//1138 1555//1138 1191//1138
f 1549//4528 1191//4528 1190//4528
f 1194//4529 1192//4529 1558//4529
f 1194//4530 1558//4530 1560//4530
f 1194//4531 1560//4531 1561//4531
f 1194//4532 1561//4532 1563//4532
f 1194//4533 1563//4533 1388//4533
f 1194//4534 1388//4534 1196//4534
f 1388//4535 1563//4535 1059//4535
f 1388//4536 1059//4536 1057//4536
f 1388//1 1387//1 1196//1
f 1566//4537 1378//4537 1382//4537
f 1566//4538 1382//4538 1373//4538
f 1566//4539 1373//4539 1568//4539
f 1566//4540 1568//4540 1571//4540
f 1566//4541 1571//4541 1572//4541
f 1566//4541 1572//4541 1378//4541
f 1377//4542 1059//4542 1574//4542
f 1377//4543 1574//4543 1576//4543
f 1377//4544 1576//4544 1577//4544
f 1377//4545 1577//4545 1382//4545
f 1377//4546 1382//4546 1378//4546
f 1572//4547 1571//4547 1579//4547
f 1572//4548 1579//4548 1580//4548
f 1572//4549 1580//4549 1379//4549
f 1572//4550 1379//4550 1378//4550
f 1583//4551 1265//4551 1263//4551
f 1583//4552 1263//4552 259//4552
f 1583//1078 259//1078 1585//1078
f 1583//399 1585//399 1587//399
f 1583//399 1587//399 1303//399
f 1583//4553 1303//4553 1301//4553
f 1583//4553 1301//4553 1265//4553
f 1589//4554 1245//4554 1295//4554
f 1589//4555 1295//4555 1590//4555
f 1589//4556 1590//4556 1593//4556
f 1589//4557 1593//4557 1595//4557
f 1589//4558 1595//4558 1247//4558
f 1589//4559 1247//4559 1245//4559
f 1597//57 807//57 1224//57
f 1597//4560 1224//4560 1599//4560
f 1597//4561 1599//4561 1600//4561
f 1597//4562 1600//4562 1602//4562
f 1597//2097 1602//2097 1604//2097
f 1597//4563 1604//4563 778//4563
f 1597//4564 778//4564 807//4564
f 1605//1 1416//1 1415//1
f 1605//4565 1415//4565 1434//4565
f 1605//4566 1434//4566 1607//4566
f 1605//4567 1607//4567 1609//4567
f 1605//4568 1609//4568 1418//4568
f 1605//4569 1418//4569 1416//4569
f 1611//4570 1451//4570 1449//4570
f 1611//134 1449//134 1613//134
f 1611//134 1613//134 1614//134
f 1611//760 1614//760 1178//760
f 1611//741 1178//741 1177//741
f 1178//4571 1614//4571 1615//4571
f 1178//4572 1615//4572 1617//4572
f 1178//4573 1617//4573 1537//4573
f 1178//4574 1537//4574 1458//4574
f 1178//4575 1458//4575 1180//4575
f 1555//4576 1553//4576 1551//4576
f 1555//4577 1551//4577 1620//4577
f 1555//4578 1620//4578 1621//4578
f 1555//4579 1621//4579 1192//4579
f 1555//4580 1192//4580 1191//4580
f 1574//4581 1059//4581 1563//4581
f 1574//4582 1563//4582 1622//4582
f 1574//4583 1622//4583 1623//4583
f 1574//4584 1623//4584 1576//4584
f 1468//4585 1466//4585 1624//4585
f 1468//108 1624//108 1625//108
f 1468//4586 1625//4586 1484//4586
f 1468//3430 1484//3430 1470//3430
f 1628//4587 1009//4587 1382//4587
f 1628//4588 1382//4588 1629//4588
f 1628//61 1629//61 1630//61
f 1628//4589 1630//4589 1632//4589
f 1628//4590 1632//4590 1633//4590
f 1628//2161 1633//2161 1500//2161
f 1628//4591 1500//4591 1009//4591
f 1635//4592 1500//4592 1633//4592
f 1635//4593 1633//4593 1637//4593
f 1635//4594 1637//4594 1638//4594
f 1635//3470 1638//3470 1640//3470
f 1635//4595 1640//4595 1502//4595
f 1635//4596 1502//4596 1500//4596
f 1642//4597 1221//4597 1333//4597
f 1642//4598 1333//4598 1644//4598
f 1642//4599 1644//4599 1645//4599
f 1642//4600 1645//4600 1647//4600
f 1642//4601 1647//4601 1221//4601
f 1647//4602 1645//4602 1649//4602
f 1647//4603 1649//4603 1650//4603
f 1647//3982 1650//3982 1651//3982
f 1647//1076 1651//1076 1599//1076
f 1647//1813 1599//1813 1224//1813
f 1647//2172 1224//2172 1221//2172
f 1653//4604 920//4604 1654//4604
f 1653//61 1654//61 1655//61
f 1653//61 1655//61 1644//61
f 1653//4605 1644//4605 1333//4605
f 1653//4606 1333//4606 922//4606
f 1653//4607 922//4607 920//4607
f 1160//4608 1158//4608 1524//4608
f 1160//4609 1524//4609 1658//4609
f 1160//134 1658//134 944//134
f 1160//134 944//134 1149//134
f 1516//1512 1138//1512 1013//1512
f 1516//4610 1013//4610 1015//4610
f 1516//472 1015//472 1515//472
f 1516//472 1515//472 1517//472
f 1516//4611 1661//4611 1517//4611
f 1516//4612 1013//4612 1661//4612
f 1515//399 1517//399 1519//399
f 1515//668 1519//668 1520//668
f 1515//4613 1520//4613 1524//4613
f 1515//4614 1524//4614 1152//4614
f 1515//4615 1152//4615 1015//4615
f 1013//4616 1138//4616 946//4616
f 1013//4617 944//4617 1152//4617
f 1013//4618 1152//4618 1524//4618
f 1013//4619 1524//4619 1661//4619
f 1027//4620 956//4620 1666//4620
f 1027//4621 1666//4621 1343//4621
f 1027//61 1343//61 1669//61
f 1027//4431 1669//4431 1670//4431
f 1027//4431 1670//4431 1029//4431
f 1672//4622 255//4622 253//4622
f 1672//4623 253//4623 1673//4623
f 1672//4624 1673//4624 1675//4624
f 1672//4625 1675//4625 1677//4625
f 1672//4282 1677//4282 1585//4282
f 1672//4626 1585//4626 255//4626
f 1585//4627 259//4627 255//4627
f 1679//4628 1029//4628 1670//4628
f 1679//4629 1670//4629 1681//4629
f 1679//658 1681//658 1682//658
f 1679//658 1682//658 1685//658
f 1679//4630 1685//4630 1687//4630
f 1679//4631 1687//4631 1688//4631
f 1679//914 1688//914 1689//914
f 1679//4632 1689//4632 1029//4632
f 1689//4633 1688//4633 1691//4633
f 1689//4634 1691//4634 1693//4634
f 1689//4635 1693//4635 1078//4635
f 1689//4636 1078//4636 1029//4636
f 1561//4637 1560//4637 1696//4637
f 1561//4638 1696//4638 1698//4638
f 1561//4639 1698//4639 1700//4639
f 1561//4640 1700//4640 1622//4640
f 1561//4641 1622//4641 1563//4641
f 1497//4642 1481//4642 1479//4642
f 1497//4643 1479//4643 1702//4643
f 1497//484 1702//484 1703//484
f 1497//4644 1703//4644 1493//4644
f 1497//4645 1493//4645 1491//4645
f 1705//4646 1373//4646 1372//4646
f 1705//4647 1372//4647 1707//4647
f 1705//4648 1707//4648 1709//4648
f 1705//4649 1709//4649 1710//4649
f 1705//4650 1710//4650 1568//4650
f 1705//4651 1568//4651 1373//4651
f 1712//4652 1502//4652 1640//4652
f 1712//4653 1640//4653 1714//4653
f 1712//4654 1714//4654 1715//4654
f 1712//4655 1715//4655 1717//4655
f 1712//4656 1718//4656 1717//4656
f 1712//4657 1719//4657 1718//4657
f 1712//4658 1719//4658 1502//4658
f 1719//4659 1638//4659 1718//4659
f 1719//4660 1637//4660 1638//4660
f 1719//4661 1637//4661 1503//4661
f 1719//4662 1503//4662 1502//4662
f 1577//4663 1576//4663 1623//4663
f 1577//4664 1623//4664 1724//4664
f 1577//4665 1724//4665 1725//4665
f 1577//4666 1725//4666 1629//4666
f 1577//4667 1629//4667 1382//4667
f 1095//4668 1093//4668 1727//4668
f 1095//4669 1727//4669 1729//4669
f 1095//4670 1729//4670 1731//4670
f 1095//4431 1731//4431 1397//4431
f 1732//4671 320//4671 318//4671
f 1732//1078 318//1078 1303//1078
f 1732//399 1303//399 1735//399
f 1732//4672 1735//4672 1738//4672
f 1732//4673 1738//4673 930//4673
f 1732//4674 930//4674 320//4674
f 1740//4675 1351//4675 1531//4675
f 1740//4676 1531//4676 1742//4676
f 1740//4677 1742//4677 1744//4677
f 1740//4678 1744//4678 1746//4678
f 1740//4679 1746//4679 1748//4679
f 1740//4680 1748//4680 1351//4680
f 1749//4681 1351//4681 1748//4681
f 1749//4682 1748//4682 1746//4682
f 1749//4683 1746//4683 1751//4683
f 1749//4684 1751//4684 1753//4684
f 1749//4685 1753//4685 1353//4685
f 1749//4686 1353//4686 1351//4686
f 1756//4687 1361//4687 1360//4687
f 1756//4688 1360//4688 1758//4688
f 1756//4689 1758//4689 1760//4689
f 1756//4690 1760//4690 1613//4690
f 1756//134 1613//134 1449//134
f 1756//4691 1449//4691 1361//4691
f 1595//4692 1593//4692 1763//4692
f 1595//472 1763//472 1765//472
f 1595//4693 1765//4693 1766//4693
f 1595//4694 1766//4694 1249//4694
f 1595//4695 1249//4695 1247//4695
f 1742//4696 1531//4696 1249//4696
f 1742//4697 1249//4697 1766//4697
f 1742//4698 1766//4698 1744//4698
f 1769//4699 236//4699 850//4699
f 1769//5 850//5 848//5
f 1769//5 848//5 1444//5
f 1769//1 1444//1 237//1
f 1769//1459 237//1459 236//1459
f 1258//498 731//498 735//498
f 1258//4700 735//4700 843//4700
f 1258//4701 843//4701 1773//4701
f 1258//20 1773//20 1775//20
f 1258//20 1775//20 1260//20
f 1777//498 1064//498 1260//498
f 1777//20 1260//20 1778//20
f 1777//20 1778//20 1780//20
f 1777//20 1780//20 1782//20
f 1777//498 1782//498 1065//498
f 1777//498 1065//498 1064//498
f 1782//20 1780//20 1784//20
f 1782//20 1784//20 1254//20
f 1782//498 1254//498 1068//498
f 1782//498 1068//498 1065//498
f 848//4702 1202//4702 1444//4702
f 1528//4703 1365//4703 422//4703
f 1528//4704 422//4704 1256//4704
f 1528//4705 1256//4705 1787//4705
f 1528//4706 1787//4706 1530//4706
f 1789//4707 1560//4707 1558//4707
f 1789//4707 1558//4707 1790//4707
f 1789//4707 1790//4707 1792//4707
f 1789//4707 1792//4707 1715//4707
f 1789//658 1715//658 1714//658
f 1789//4708 1714//4708 1696//4708
f 1789//4709 1696//4709 1560//4709
f 1590//4710 1295//4710 1294//4710
f 1590//4711 1294//4711 1795//4711
f 1590//4712 1795//4712 1797//4712
f 1590//472 1797//472 1763//472
f 1590//4713 1763//4713 1593//4713
f 1792//4714 1790//4714 1799//4714
f 1792//4715 1799//4715 1801//4715
f 1792//1026 1801//1026 1802//1026
f 1792//399 1802//399 1717//399
f 1792//4707 1717//4707 1715//4707
f 1640//4716 1638//4716 1805//4716
f 1640//472 1805//472 1698//472
f 1640//472 1698//472 1696//472
f 1640//744 1696//744 1714//744
f 649//4717 1124//4717 1808//4717
f 649//4718 1808//4718 1206//4718
f 649//1 1206//1 651//1
f 783//4719 782//4719 1393//4719
f 783//1 1393//1 352//1
f 783//32 352//32 679//32
f 783//3419 679//3419 660//3419
f 1311//542 752//542 1324//542
f 1311//542 1324//542 1328//542
f 1311//57 1328//57 1812//57
f 1311//57 1812//57 1316//57
f 1813//542 1116//542 1114//542
f 1813//542 1114//542 1814//542
f 1813//57 1814//57 1816//57
f 1813//57 1816//57 1818//57
f 1813//57 1818//57 1327//57
f 1813//542 1327//542 1116//542
f 1808//4720 1124//4720 1821//4720
f 1808//4454 1821//4454 1823//4454
f 1808//57 1823//57 1825//57
f 1808//57 1825//57 1827//57
f 1808//57 1827//57 1814//57
f 1808//542 1814//542 1114//542
f 1808//542 1114//542 1206//542
f 1391//4721 876//4721 354//4721
f 1391//1459 354//1459 352//1459
f 1391//1 352//1 1393//1
f 1604//4722 1602//4722 1830//4722
f 1604//4723 1830//4723 1831//4723
f 1604//4724 1831//4724 1795//4724
f 1604//4725 1795//4725 1294//4725
f 1604//4726 1294//4726 778//4726
f 1834//1341 1654//1341 1507//1341
f 1834//4727 1507//4727 1837//4727
f 1834//4728 1837//4728 1838//4728
f 1834//61 1838//61 1655//61
f 1834//61 1655//61 1654//61
f 1420//4729 1418//4729 1609//4729
f 1420//4730 1609//4730 1841//4730
f 1420//1224 1841//1224 1425//1224
f 1420//1224 1425//1224 1421//1224
f 1429//4731 1427//4731 1430//4731
f 1429//61 1430//61 1054//61
f 1429//926 1054//926 1052//926
f 1681//3849 1670//3849 1669//3849
f 1681//4732 1669//4732 1409//4732
f 1681//4733 1409//4733 1279//4733
f 1681//4734 1279//4734 1278//4734
f 1681//2250 1278//2250 1682//2250
f 1343//4735 1409//4735 1669//4735
f 259//658 1263//658 975//658
f 1849//2250 1278//2250 1274//2250
f 1849//2250 1274//2250 1851//2250
f 1849//744 1851//744 1853//744
f 1849//4736 1853//4736 1855//4736
f 1849//4737 1855//4737 1858//4737
f 1849//4738 1858//4738 1860//4738
f 1849//4739 1860//4739 1861//4739
f 1849//744 1861//744 1682//744
f 1849//2250 1682//2250 1278//2250
f 1487//4740 1486//4740 1863//4740
f 1487//4741 1863//4741 1865//4741
f 1487//4742 1865//4742 1624//4742
f 1487//3285 1624//3285 1466//3285
f 1867//4743 1477//4743 1493//4743
f 1867//162 1493//162 1703//162
f 1867//4744 1703//4744 1870//4744
f 1867//4745 1870//4745 1871//4745
f 1867//4746 1871//4746 1479//4746
f 1867//1086 1479//1086 1477//1086
f 1875//4747 1274//4747 1273//4747
f 1875//4748 1273//4748 1525//4748
f 1875//4749 1525//4749 1397//4749
f 1875//3849 1397//3849 1731//3849
f 1875//4750 1731//4750 1729//4750
f 1875//658 1729//658 1851//658
f 1875//2250 1851//2250 1274//2250
f 1088//3639 1087//3639 990//3639
f 1088//525 990//525 989//525
f 1088//658 989//658 1880//658
f 1088//658 1880//658 1882//658
f 1088//658 1882//658 1884//658
f 1088//658 1884//658 1089//658
f 1505//4751 1503//4751 1886//4751
f 1505//4752 1886//4752 1887//4752
f 1505//4753 1887//4753 1889//4753
f 1505//4754 1889//4754 1837//4754
f 1505//4755 1837//4755 1507//4755
f 351//61 934//61 933//61
f 351//61 933//61 1512//61
f 351//61 1512//61 679//61
f 351//32 679//32 352//32
f 1404//4756 1402//4756 1894//4756
f 1404//914 1894//914 1399//914
f 1404//914 1399//914 1397//914
f 1404//4757 1397//4757 1525//4757
f 1520//760 1524//760 1897//760
f 1520//4758 1899//4758 1897//4758
f 1520//3293 1899//3293 1901//3293
f 1520//4374 1901//4374 1903//4374
f 1520//4759 1903//4759 1904//4759
f 1520//989 1904//989 1524//989
f 1904//4760 1903//4760 1906//4760
f 1904//4761 1906//4761 1661//4761
f 1904//4762 1661//4762 1658//4762
f 1904//427 1658//427 1524//427
f 1661//4763 1524//4763 1897//4763
f 1661//4764 1897//4764 1909//4764
f 1661//4765 1909//4765 1517//4765
f 1661//4611 1911//4611 1517//4611
f 1661//4766 1906//4766 1911//4766
f 1841//4767 1609//4767 1607//4767
f 1841//4768 1607//4768 1914//4768
f 1841//4769 1914//4769 1916//4769
f 1841//4770 1916//4770 1918//4770
f 1841//4771 1918//4771 1920//4771
f 1841//4772 1920//4772 1425//4772
f 1914//1493 1607//1493 1434//1493
f 1914//658 1434//658 1432//658
f 1914//1300 1432//1300 1916//1300
f 243//134 241//134 1439//134
f 243//659 1439//659 1923//659
f 243//4773 1923//4773 1925//4773
f 243//4774 1925//4774 245//4774
f 1430//4775 1427//4775 1927//4775
f 1430//4776 1927//4776 1918//4776
f 1430//4776 1918//4776 1916//4776
f 1430//1300 1916//1300 1432//1300
f 1930//4777 1078//4777 1693//4777
f 1930//4778 1693//4778 1932//4778
f 1930//4779 1932//4779 1934//4779
f 1930//818 1934//818 1936//818
f 1930//4780 1936//4780 1081//4780
f 1930//4781 1081//4781 1078//4781
f 1558//4782 1192//4782 1621//4782
f 1558//4783 1621//4783 1938//4783
f 1558//4784 1938//4784 1940//4784
f 1558//399 1940//399 1942//399
f 1558//399 1942//399 1790//399
f 1082//4785 1081//4785 1944//4785
f 1082//4786 1944//4786 1946//4786
f 1082//4787 1946//4787 1948//4787
f 1082//4788 1948//4788 1949//4788
f 1082//658 1949//658 989//658
f 1953//658 989//658 1949//658
f 1953//4789 1949//4789 1948//4789
f 1953//4789 1948//4789 1955//4789
f 1953//4790 1955//4790 1957//4790
f 1953//4791 1957//4791 1880//4791
f 1953//658 1880//658 989//658
f 1861//4792 1860//4792 1961//4792
f 1861//4793 1961//4793 1963//4793
f 1861//4008 1963//4008 1965//4008
f 1861//4794 1965//4794 1685//4794
f 1861//4795 1685//4795 1682//4795
f 1967//4796 1685//4796 1965//4796
f 1967//4797 1965//4797 1969//4797
f 1967//4798 1969//4798 1971//4798
f 1967//4799 1971//4799 1972//4799
f 1967//4800 1972//4800 1973//4800
f 1967//4801 1973//4801 1685//4801
f 1973//4802 1972//4802 1934//4802
f 1973//4803 1934//4803 1976//4803
f 1973//4804 1976//4804 1687//4804
f 1973//4805 1687//4805 1685//4805
f 1977//4806 1484//4806 1625//4806
f 1977//201 1625//201 1980//201
f 1977//4807 1980//4807 1981//4807
f 1977//173 1981//173 1983//173
f 1977//173 1983//173 1984//173
f 1977//2517 1984//2517 1486//2517
f 1977//4808 1486//4808 1484//4808
f 1986//4809 1969//4809 1965//4809
f 1986//4810 1965//4810 1987//4810
f 1986//4811 1987//4811 1988//4811
f 1986//4812 1988//4812 1990//4812
f 1986//4813 1990//4813 1991//4813
f 1986//4814 1991//4814 1993//4814
f 1986//2064 1993//2064 1995//2064
f 1986//3242 1995//3242 1969//3242
f 1997//4815 1969//4815 1995//4815
f 1997//4816 1995//4816 1993//4816
f 1997//4817 1993//4817 1998//4817
f 1997//4818 1998//4818 1999//4818
f 1997//4819 1999//4819 2000//4819
f 1997//3008 2000//3008 1969//3008
f 2002//4820 1969//4820 2000//4820
f 2002//4821 2000//4821 1999//4821
f 2002//4822 1999//4822 2004//4822
f 2002//4823 2004//4823 2005//4823
f 2002//4824 2005//4824 1971//4824
f 2002//4825 1971//4825 1969//4825
f 2007//4826 1880//4826 1957//4826
f 2007//4827 1957//4827 2009//4827
f 2007//4828 2009//4828 2011//4828
f 2007//4829 2011//4829 2014//4829
f 2007//4830 2014//4830 2016//4830
f 2007//4831 2016//4831 1880//4831
f 2016//511 2014//511 2018//511
f 2016//1137 2018//1137 2020//1137
f 2016//4832 2020//4832 2021//4832
f 2016//4833 2021//4833 1882//4833
f 2016//4834 1882//4834 1880//4834
f 2024//4835 1882//4835 2021//4835
f 2024//4836 2021//4836 2026//4836
f 2024//4837 2026//4837 2028//4837
f 2024//4838 2028//4838 1089//4838
f 2024//4839 1089//4839 1884//4839
f 2024//4835 1884//4835 1882//4835
f 2031//4840 1987//4840 1729//4840
f 2031//4841 1729//4841 2035//4841
f 2031//4842 2035//4842 2037//4842
f 2031//4843 2037//4843 1988//4843
f 2031//4844 1988//4844 1987//4844
f 1853//4845 1851//4845 1987//4845
f 1853//4846 1987//4846 1965//4846
f 1853//4847 1965//4847 1963//4847
f 1853//4848 1963//4848 2042//4848
f 1853//4849 2042//4849 1855//4849
f 2045//696 2046//696 2048//696
f 2045//4779 2048//4779 2050//4779
f 2045//4850 2050//4850 2051//4850
f 2045//4851 2051//4851 2053//4851
f 2045//4852 2053//4852 1727//4852
f 2045//4852 1727//4852 1093//4852
f 2045//4853 1093//4853 2046//4853
f 2055//4854 1990//4854 2048//4854
f 2055//4855 2048//4855 2046//4855
f 2057//4856 1089//4856 2028//4856
f 2057//4857 2028//4857 2060//4857
f 2057//4858 2060//4858 2062//4858
f 2057//1493 2062//1493 2064//1493
f 2057//279 2064//279 1091//279
f 2057//4859 1091//4859 1089//4859
f 2035//1136 1729//1136 1727//1136
f 2035//4860 1727//4860 2053//4860
f 2035//4861 2053//4861 2068//4861
f 2035//3712 2068//3712 2037//3712
f 1637//4862 1633//4862 1632//4862
f 1637//4863 1632//4863 2070//4863
f 1637//4864 2070//4864 2072//4864
f 1637//4865 2072//4865 1886//4865
f 1637//4866 1886//4866 1503//4866
f 2074//4867 1602//4867 1600//4867
f 2074//4868 1600//4868 2076//4868
f 2074//4869 2076//4869 2078//4869
f 2074//4870 2078//4870 1830//4870
f 2074//4871 1830//4871 1602//4871
f 1894//4872 1402//4872 2080//4872
f 1894//4612 2080//4612 2081//4612
f 1894//4873 2081//4873 1160//4873
f 1894//1054 1160//1054 1399//1054
f 2081//4874 2080//4874 2083//4874
f 2081//4875 2083//4875 2085//4875
f 2081//4876 2085//4876 2087//4876
f 2081//4877 2087//4877 2089//4877
f 2081//4878 2089//4878 1162//4878
f 2081//4879 1162//4879 1160//4879
f 253//2525 247//2525 245//2525
f 253//3427 245//3427 1925//3427
f 253//4880 1925//4880 1673//4880
f 2092//4881 1790//4881 1942//4881
f 2092//4882 1942//4882 1801//4882
f 2092//4883 1801//4883 2094//4883
f 2092//4884 2094//4884 2096//4884
f 2092//4885 2096//4885 2098//4885
f 2092//4886 2098//4886 1799//4886
f 2092//1237 1799//1237 1790//1237
f 2101//399 1717//399 1802//399
f 2101//399 1802//399 2103//399
f 2101//399 2103//399 2105//399
f 2101//4887 2107//4887 2105//4887
f 2101//4396 2107//4396 1717//4396
f 2107//4888 2111//4888 2105//4888
f 2107//4889 2111//4889 2112//4889
f 2107//4890 2114//4890 2112//4890
f 2107//1544 2114//1544 2116//1544
f 2107//4891 2116//4891 1718//4891
f 2107//4892 1717//4892 1718//4892
f 2118//4893 1972//4893 1971//4893
f 2118//4894 1971//4894 2005//4894
f 2118//4895 2005//4895 2120//4895
f 2118//4895 2120//4895 2121//4895
f 2118//4896 2121//4896 2123//4896
f 2118//4897 2123//4897 1972//4897
f 2123//4898 2121//4898 2125//4898
f 2123//4899 2125//4899 1936//4899
f 2123//4900 1936//4900 1934//4900
f 2123//4901 1934//4901 1972//4901
f 2042//4902 1963//4902 1961//4902
f 2042//4903 1961//4903 2128//4903
f 2042//4904 2128//4904 2130//4904
f 2042//4905 2130//4905 2132//4905
f 2042//4906 2132//4906 1855//4906
f 2048//4907 1990//4907 1988//4907
f 2048//4908 1988//4908 2037//4908
f 2048//4909 2037//4909 2050//4909
f 2070//4910 2135//4910 1632//4910
f 2070//4911 2135//4911 1805//4911
f 2070//4912 1805//4912 1638//4912
f 2070//4913 1638//4913 1637//4913
f 1666//4914 956//4914 2138//4914
f 1666//432 2138//432 2140//432
f 1666//2554 2140//2554 2142//2554
f 1666//2352 2142//2352 1345//2352
f 1666//4915 1345//4915 1343//4915
f 1938//4916 1621//4916 1620//4916
f 1938//4917 1620//4917 2143//4917
f 1938//4918 2143//4918 2145//4918
f 1938//4919 2145//4919 2146//4919
f 1938//4920 2146//4920 1940//4920
f 2148//4921 1948//4921 1946//4921
f 2148//4922 1946//4922 2150//4922
f 2148//4923 2150//4923 2152//4923
f 2148//3549 2152//3549 2154//3549
f 2148//511 2154//511 1955//511
f 2148//4924 1955//4924 1948//4924
f 2154//3235 2152//3235 2157//3235
f 2154//399 2157//399 2159//399
f 2154//1137 2159//1137 1957//1137
f 2154//4925 1957//4925 1955//4925
f 2159//4926 2157//4926 2161//4926
f 2159//4927 2161//4927 2011//4927
f 2159//4928 2011//4928 2009//4928
f 2159//4929 2009//4929 1957//4929
f 2098//4930 2096//4930 2145//4930
f 2098//4931 2145//4931 2094//4931
f 2098//4932 2094//4932 2164//4932
f 2098//4933 2164//4933 2166//4933
f 2098//4934 2166//4934 2168//4934
f 2098//4935 2168//4935 1799//4935
f 2168//4936 2166//4936 2170//4936
f 2168//4937 2170//4937 2172//4937
f 2168//4938 2172//4938 1801//4938
f 2168//2775 1801//2775 1799//2775
f 2011//4939 2161//4939 2174//4939
f 2011//4940 2174//4940 2176//4940
f 2011//4941 2176//4941 2178//4941
f 2011//4942 2178//4942 2180//4942
f 2011//4943 2180//4943 2018//4943
f 2011//4943 2018//4943 2014//4943
f 2020//399 2018//399 2182//399
f 2020//4944 2182//4944 2183//4944
f 2020//4945 2183//4945 2026//4945
f 2020//374 2026//374 2021//374
f 2185//409 2112//409 2111//409
f 2185//4946 2111//4946 2187//4946
f 2185//4947 2187//4947 2116//4947
f 2185//4948 2116//4948 2114//4948
f 2185//3967 2114//3967 2112//3967
f 1758//4949 1360//4949 1355//4949
f 1758//4950 1355//4950 2190//4950
f 1758//4951 2190//4951 2191//4951
f 1758//134 2191//134 2194//134
f 1758//4952 2194//4952 1760//4952
f 2196//4953 1537//4953 1617//4953
f 2196//4954 1617//4954 2197//4954
f 2196//4955 2197//4955 2198//4955
f 2196//4896 2198//4896 1539//4896
f 2196//4956 1539//4956 1537//4956
f 1677//4957 1675//4957 2201//4957
f 1677//4958 2201//4958 2203//4958
f 1677//4959 2203//4959 1587//4959
f 1677//4960 1587//4960 1585//4960
f 1944//631 1081//631 1936//631
f 1944//4191 1936//4191 2125//4191
f 1944//4961 2125//4961 2150//4961
f 1944//1774 2150//1774 1946//1774
f 1976//4962 1934//4962 1932//4962
f 1976//4963 1932//4963 2206//4963
f 1976//4964 2206//4964 2208//4964
f 1976//4965 2208//4965 1688//4965
f 1976//4966 1688//4966 1687//4966
f 2211//3752 1698//3752 1805//3752
f 2211//3752 1805//3752 2213//3752
f 2211//791 2213//791 2215//791
f 2211//4967 2215//4967 2216//4967
f 2211//4968 2216//4968 2094//4968
f 2211//4969 2094//4969 2219//4969
f 2211//4970 2219//4970 2220//4970
f 2211//4971 2220//4971 1698//4971
f 2220//4972 2219//4972 2222//4972
f 2220//4973 2222//4973 2146//4973
f 2220//4974 2146//4974 2145//4974
f 2220//4975 2145//4975 1700//4975
f 2220//4976 1700//4976 1698//4976
f 2225//4977 1624//4977 1865//4977
f 2225//134 1865//134 2227//134
f 2225//4978 2227//4978 2228//4978
f 2225//4979 2228//4979 2229//4979
f 2225//4980 2229//4980 1625//4980
f 2225//4981 1625//4981 1624//4981
f 2231//61 1486//61 1984//61
f 2231//3779 1984//3779 2229//3779
f 2231//668 2229//668 2228//668
f 2231//4982 2228//4982 2234//4982
f 2231//4983 2234//4983 1863//4983
f 2231//4740 1863//4740 1486//4740
f 2237//4984 1479//4984 2238//4984
f 2237//4985 2238//4985 2240//4985
f 2237//4986 2240//4986 2241//4986
f 2237//4987 2241//4987 1702//4987
f 2237//4988 1702//4988 1479//4988
f 1871//61 1870//61 2245//61
f 1871//4989 2245//4989 2247//4989
f 1871//4990 2247//4990 2238//4990
f 1871//4991 2238//4991 1479//4991
f 1735//399 1303//399 1587//399
f 1735//201 1587//201 2203//201
f 1735//201 2203//201 2251//201
f 1735//4992 2251//4992 1738//4992
f 2253//4993 1805//4993 2135//4993
f 2253//4994 2135//4994 2254//4994
f 2253//4995 2254//4995 2255//4995
f 2253//4996 2255//4996 1724//4996
f 2253//4997 1724//4997 2213//4997
f 2253//4998 2213//4998 1805//4998
f 2258//4999 930//4999 1738//4999
f 2258//5000 1738//5000 2260//5000
f 2258//5001 2260//5001 2262//5001
f 2258//5002 2262//5002 2263//5002
f 2258//658 2263//658 1513//658
f 2258//5003 1513//5003 932//5003
f 2258//4175 932//4175 930//4175
f 1923//5004 1439//5004 1530//5004
f 1923//5005 1530//5005 2265//5005
f 1923//658 2265//658 2267//658
f 1923//658 2267//658 1673//658
f 1923//5006 1673//5006 1925//5006
f 1615//3293 1614//3293 2269//3293
f 1615//5007 2269//5007 2270//5007
f 1615//5008 2270//5008 2272//5008
f 1615//5009 2272//5009 2197//5009
f 1615//399 2197//399 1617//399
f 1980//2469 1625//2469 2229//2469
f 1980//5010 2229//5010 2275//5010
f 1980//61 2275//61 1983//61
f 1980//2046 1983//2046 1981//2046
f 2276//5011 1860//5011 1858//5011
f 2276//5012 1858//5012 2277//5012
f 2276//5013 2277//5013 2128//5013
f 2276//5014 2128//5014 1961//5014
f 2276//5015 1961//5015 1860//5015
f 2132//5016 2130//5016 2277//5016
f 2132//5017 2277//5017 1858//5017
f 2132//5018 1858//5018 1855//5018
f 1870//5019 1703//5019 1702//5019
f 1870//5020 1702//5020 2241//5020
f 1870//5021 2241//5021 2245//5021
f 2072//5022 1637//5022 1632//5022
f 2072//5023 1632//5023 1887//5023
f 2072//5024 1887//5024 1886//5024
f 1651//32 1650//32 2281//32
f 1651//5025 2281//5025 2283//5025
f 1651//5026 2283//5026 2076//5026
f 1651//5027 2076//5027 1600//5027
f 1651//4374 1600//4374 1599//4374
f 1514//5028 1513//5028 2284//5028
f 1514//5029 2284//5029 2263//5029
f 1514//5030 2263//5030 1821//5030
f 1514//5031 1821//5031 1124//5031
f 1514//5032 1124//5032 1122//5032
f 1512//808 933//808 932//808
f 1512//5033 932//5033 1513//5033
f 2265//5029 1530//5029 2289//5029
f 2265//5034 2289//5034 1675//5034
f 2265//5035 1675//5035 2292//5035
f 2265//5036 2293//5036 2292//5036
f 2265//5037 2296//5037 2293//5037
f 2265//5038 2296//5038 2298//5038
f 2265//134 2298//134 2267//134
f 2300//5039 2267//5039 2298//5039
f 2300//5040 2298//5040 2302//5040
f 2300//5041 2302//5041 2304//5041
f 2300//5041 2304//5041 2306//5041
f 2300//1512 2306//1512 2308//1512
f 2300//5042 2308//5042 2292//5042
f 2300//5043 2292//5043 2267//5043
f 2267//5044 2292//5044 1675//5044
f 2267//5045 1675//5045 1673//5045
f 2289//5046 1530//5046 1787//5046
f 2289//659 1787//659 2311//659
f 2289//5047 2311//5047 1675//5047
f 2313//5048 1693//5048 1691//5048
f 2313//5049 1691//5049 2315//5049
f 2313//5050 2315//5050 2317//5050
f 2313//4018 2317//4018 2318//4018
f 2313//5051 2318//5051 2206//5051
f 2313//5052 2206//5052 1932//5052
f 2313//5053 1932//5053 1693//5053
f 2320//5054 1379//5054 1580//5054
f 2320//1950 1580//1950 2321//1950
f 2320//2355 2321//2355 1707//2355
f 2320//5055 1707//5055 1371//5055
f 2320//134 1371//134 1379//134
f 1707//5056 1372//5056 1371//5056
f 2146//5057 2222//5057 2103//5057
f 2146//5058 2103//5058 1942//5058
f 2146//981 1942//981 1940//981
f 2103//5059 1802//5059 1801//5059
f 2103//5060 1801//5060 1942//5060
f 2172//5061 2170//5061 2164//5061
f 2172//5062 2164//5062 2094//5062
f 2172//5063 2094//5063 1801//5063
f 2325//472 1763//472 1797//472
f 2325//5064 1797//5064 2327//5064
f 2325//5065 2327//5065 1765//5065
f 2325//472 1765//472 1763//472
f 1710//919 1709//919 2331//919
f 1710//5066 2331//5066 2333//5066
f 1710//5067 2333//5067 1571//5067
f 1710//5068 1571//5068 1568//5068
f 2284//658 1513//658 2337//658
f 2284//57 2337//57 2338//57
f 2284//5069 2338//5069 2341//5069
f 2284//5070 2341//5070 2343//5070
f 2284//5071 2343//5071 2260//5071
f 2284//5034 2260//5034 2263//5034
f 2262//5072 2260//5072 1823//5072
f 2262//4454 1823//4454 1821//4454
f 2262//734 1821//734 2263//734
f 2260//5073 2343//5073 2337//5073
f 2260//5074 2337//5074 1513//5074
f 2260//5075 2263//5075 1513//5075
f 2346//5076 2337//5076 2343//5076
f 2346//399 2343//399 2348//399
f 2346//2745 2348//2745 2350//2745
f 2346//2118 2350//2118 2351//2118
f 2346//2118 2351//2118 2353//2118
f 2346//2288 2353//2288 2338//2288
f 2346//5077 2338//5077 2337//5077
f 1899//472 1901//472 2355//472
f 1899//472 2355//472 2087//472
f 1899//5078 2087//5078 1909//5078
f 1899//5079 1909//5079 1897//5079
f 1024//5080 1345//5080 2357//5080
f 1024//5081 2357//5081 2358//5081
f 1024//1301 2358//1301 2360//1301
f 1024//1244 2360//1244 2361//1244
f 1024//5082 2361//5082 952//5082
f 1024//5083 952//5083 950//5083
f 2364//5084 2298//5084 2296//5084
f 2364//5085 2296//5085 2367//5085
f 2364//5086 2367//5086 2369//5086
f 2364//5087 2369//5087 2304//5087
f 2364//5088 2304//5088 2302//5088
f 2364//5089 2302//5089 2298//5089
f 1256//20 1254//20 2372//20
f 1256//20 2372//20 2374//20
f 1256//20 2374//20 2375//20
f 1256//4282 2375//4282 2311//4282
f 1256//4282 2311//4282 1787//4282
f 2201//5090 1675//5090 2311//5090
f 2201//5091 2311//5091 2375//5091
f 2201//20 2375//20 2381//20
f 2201//5092 2381//5092 2382//5092
f 2201//5092 2382//5092 2384//5092
f 2201//5093 2384//5093 2386//5093
f 2201//5094 2386//5094 2203//5094
f 1984//2250 1983//2250 2275//2250
f 1984//5095 2275//5095 2229//5095
f 2388//5096 2213//5096 2166//5096
f 2388//5097 2166//5097 2164//5097
f 2388//5098 2164//5098 2391//5098
f 2388//5099 2391//5099 2187//5099
f 2388//741 2105//741 2187//741
f 2388//5100 2215//5100 2105//5100
f 2388//5101 2215//5101 2213//5101
f 1724//658 1623//658 2395//658
f 1724//5102 2395//5102 2166//5102
f 1724//5103 2166//5103 2213//5103
f 2333//5104 2331//5104 2398//5104
f 2333//5105 2398//5105 2399//5105
f 2333//5106 2399//5106 2401//5106
f 2333//5107 2401//5107 1579//5107
f 2333//5108 1579//5108 1571//5108
f 1166//5109 1162//5109 2089//5109
f 1166//5110 2089//5110 2403//5110
f 1166//61 2403//61 2406//61
f 1166//5111 2406//5111 2408//5111
f 1166//5112 2408//5112 1336//5112
f 1166//5113 1336//5113 1167//5113
f 2219//5114 2094//5114 2145//5114
f 2219//5115 2145//5115 2096//5115
f 2219//5116 2096//5116 2094//5116
f 2219//5117 2094//5117 2412//5117
f 2219//4454 2412//4454 2222//4454
f 2391//5118 2164//5118 2170//5118
f 2391//5119 2170//5119 2166//5119
f 2391//5120 2166//5120 2395//5120
f 2391//5121 2395//5121 2416//5121
f 2391//5122 2416//5122 2418//5122
f 2391//5123 2418//5123 2187//5123
f 2420//5124 2422//5124 2424//5124
f 2420//5125 2424//5125 2426//5125
f 2420//201 2426//201 2428//201
f 2420//1 2428//1 2431//1
f 2420//1 2431//1 2422//1
f 2432//354 2422//354 2431//354
f 2432//5126 2431//5126 2434//5126
f 2432//5126 2434//5126 2436//5126
f 2432//5127 2436//5127 2424//5127
f 2432//5128 2424//5128 2422//5128
f 2434//5129 2431//5129 2428//5129
f 2434//5130 2428//5130 2439//5130
f 2434//5131 2439//5131 2441//5131
f 2434//5132 2441//5132 2436//5132
f 2426//5133 2424//5133 2442//5133
f 2426//5134 2442//5134 2439//5134
f 2426//5135 2439//5135 2428//5135
f 1725//5136 1724//5136 2255//5136
f 1725//5137 2255//5137 2444//5137
f 1725//5138 2444//5138 2446//5138
f 1725//5139 2446//5139 2448//5139
f 1725//5140 2448//5140 1629//5140
f 1630//61 1629//61 2448//61
f 1630//5141 2448//5141 2450//5141
f 1630//5142 2450//5142 2452//5142
f 1630//5143 2452//5143 1632//5143
f 2341//5144 2338//5144 2454//5144
f 2341//5145 2454//5145 2455//5145
f 2341//5146 2456//5146 2455//5146
f 2341//134 2456//134 2458//134
f 2341//134 2458//134 2343//134
f 2348//296 2343//296 2458//296
f 2348//5147 2458//5147 2456//5147
f 2348//5148 2456//5148 2459//5148
f 2348//5149 2459//5149 2350//5149
f 2293//399 2292//399 2308//399
f 2293//5150 2308//5150 2461//5150
f 2293//5151 2461//5151 2462//5151
f 2293//5152 2462//5152 2201//5152
f 2293//5 2201//5 2381//5
f 2293//5153 2381//5153 2367//5153
f 2293//5154 2367//5154 2296//5154
f 2208//5155 2206//5155 2318//5155
f 2208//5156 2318//5156 2466//5156
f 2208//5157 2466//5157 1691//5157
f 2208//5158 1691//5158 1688//5158
f 1461//1657 1319//1657 2467//1657
f 1461//5159 2467//5159 2468//5159
f 1461//1950 2468//1950 2470//1950
f 1461//5160 2470//5160 1773//5160
f 1461//5161 1773//5161 843//5161
f 1623//5162 1622//5162 1700//5162
f 1623//5163 1700//5163 2145//5163
f 1623//658 2145//658 2395//658
f 2216//5164 2416//5164 2215//5164
f 2216//5165 2416//5165 2395//5165
f 2216//5166 2395//5166 2094//5166
f 2128//658 2277//658 2130//658
f 2105//399 2103//399 2222//399
f 2105//1300 2416//1300 2222//1300
f 2105//5167 2215//5167 2416//5167
f 2187//5168 2111//5168 2105//5168
f 2476//5169 2260//5169 1738//5169
f 2476//5170 1738//5170 2251//5170
f 2476//5171 2251//5171 2478//5171
f 2476//5172 2478//5172 2479//5172
f 2476//5173 2479//5173 2481//5173
f 2476//57 2481//57 1823//57
f 2476//5174 1823//5174 2260//5174
f 2454//5175 2338//5175 2353//5175
f 2454//5176 2353//5176 2351//5176
f 2454//3720 2351//3720 2484//3720
f 2454//5177 2484//5177 2455//5177
f 2485//5178 1644//5178 2486//5178
f 2485//5179 2486//5179 2487//5179
f 2485//5180 2487//5180 1645//5180
f 2485//5181 1645//5181 1644//5181
f 1655//5182 1838//5182 2490//5182
f 1655//5183 2490//5183 2491//5183
f 1655//61 2491//61 2486//61
f 1655//61 2486//61 1644//61
f 1775//5092 1773//5092 2494//5092
f 1775//5092 2494//5092 2495//5092
f 1775//5092 2495//5092 2497//5092
f 1775//5092 2497//5092 1778//5092
f 1775//20 1778//20 1260//20
f 1784//5092 1780//5092 2499//5092
f 1784//5092 2499//5092 2500//5092
f 1784//5092 2500//5092 2372//5092
f 1784//20 2372//20 1254//20
f 2374//5092 2372//5092 2502//5092
f 2374//5092 2502//5092 2504//5092
f 2374//5092 2504//5092 2381//5092
f 2374//20 2381//20 2375//20
f 2506//5184 2005//5184 2004//5184
f 2506//5185 2004//5185 2508//5185
f 2506//2594 2508//2594 2510//2594
f 2506//5186 2510//5186 2120//5186
f 2506//5187 2120//5187 2005//5187
f 2180//5188 2178//5188 2183//5188
f 2180//5189 2183//5189 2182//5189
f 2180//5190 2182//5190 2018//5190
f 2060//5191 2028//5191 2026//5191
f 2060//5192 2026//5192 2183//5192
f 2060//5193 2183//5193 2178//5193
f 2060//5194 2178//5194 2062//5194
f 2444//5195 2255//5195 2254//5195
f 2444//2525 2254//2525 2515//2525
f 2444//5196 2515//5196 2516//5196
f 2444//5197 2516//5197 2446//5197
f 2518//5198 2037//5198 2068//5198
f 2518//5199 2068//5199 2520//5199
f 2518//5200 2520//5200 2522//5200
f 2518//5201 2522//5201 2524//5201
f 2518//5116 2524//5116 2051//5116
f 2518//5202 2051//5202 2050//5202
f 2518//5203 2050//5203 2037//5203
f 2526//5204 2064//5204 2062//5204
f 2526//658 2062//658 2527//658
f 2526//5205 2529//5205 2527//5205
f 2526//5206 2529//5206 2531//5206
f 2526//305 2531//305 2533//305
f 2526//5207 2533//5207 2535//5207
f 2526//2145 2535//2145 2064//2145
f 2536//5208 2064//5208 2535//5208
f 2536//5209 2535//5209 2538//5209
f 2536//5210 2538//5210 2540//5210
f 2536//4270 2540//4270 2542//4270
f 2536//4270 2542//4270 2544//4270
f 2536//5211 2544//5211 2064//5211
f 2546//57 1328//57 1327//57
f 2546//57 1327//57 1818//57
f 2546//5173 1818//5173 2549//5173
f 2546//5173 2549//5173 2550//5173
f 2546//5173 2550//5173 1812//5173
f 2546//57 1812//57 1328//57
f 1827//5173 1825//5173 2554//5173
f 1827//5173 2554//5173 2555//5173
f 1827//5173 2555//5173 1816//5173
f 1827//57 1816//57 1814//57
f 2481//5173 2479//5173 2558//5173
f 2481//5173 2558//5173 2559//5173
f 2481//5173 2559//5173 1825//5173
f 2481//57 1825//57 1823//57
f 1889//5212 1887//5212 1632//5212
f 1889//5213 1632//5213 2452//5213
f 1889//2258 2452//2258 2563//2258
f 1889//399 2563//399 2565//399
f 1889//5214 2565//5214 1837//5214
f 2567//5215 1865//5215 1863//5215
f 2567//5216 1863//5216 2234//5216
f 2567//5217 2234//5217 2569//5217
f 2567//5218 2569//5218 2571//5218
f 2567//5219 2571//5219 2572//5219
f 2567//1224 2572//1224 2227//1224
f 2567//5220 2227//5220 1865//5220
f 2412//5221 2094//5221 2395//5221
f 2412//5222 2395//5222 2145//5222
f 2412//5223 2145//5223 2143//5223
f 2412//734 2143//734 2222//734
f 2574//472 2575//472 2576//472
f 2574//399 2578//399 2576//399
f 2574//5224 2579//5224 2578//5224
f 2574//4563 2579//4563 2581//4563
f 2574//472 2581//472 2582//472
f 2574//472 2582//472 2575//472
f 2584//5225 1999//5225 1998//5225
f 2584//5226 1998//5226 2586//5226
f 2584//5227 2586//5227 2588//5227
f 2584//5228 2588//5228 2589//5228
f 2584//5229 2589//5229 2004//5229
f 2584//5230 2004//5230 1999//5230
f 2590//5231 1993//5231 2529//5231
f 2590//5232 2529//5232 2592//5232
f 2590//5233 2592//5233 2594//5233
f 2590//5234 2594//5234 1998//5234
f 2590//5235 1998//5235 1993//5235
f 2247//989 2245//989 2598//989
f 2247//4938 2598//4938 2600//4938
f 2247//5236 2600//5236 2602//5236
f 2247//5237 2602//5237 2240//5237
f 2247//5238 2240//5238 2238//5238
f 2436//5239 2441//5239 2605//5239
f 2436//5240 2605//5240 2607//5240
f 2436//5241 2607//5241 2609//5241
f 2436//5242 2609//5242 2442//5242
f 2436//5243 2442//5243 2424//5243
f 2441//5244 2439//5244 2442//5244
f 2441//5245 2442//5245 2609//5245
f 2441//5246 2609//5246 2613//5246
f 2441//5247 2613//5247 2614//5247
f 2441//5248 2614//5248 2605//5248
f 2616//5249 1645//5249 2487//5249
f 2616//5250 2487//5250 2486//5250
f 2616//61 2486//61 2491//61
f 2616//5251 2491//5251 1649//5251
f 2616//5252 1649//5252 1645//5252
f 1613//5253 1760//5253 2194//5253
f 1613//134 2194//134 2191//134
f 1613//134 2191//134 2619//134
f 1613//134 2619//134 2269//134
f 1613//134 2269//134 1614//134
f 2621//5254 1547//5254 1545//5254
f 2621//5255 1545//5255 2623//5255
f 2621//5256 2623//5256 2143//5256
f 2621//5257 2143//5257 1620//5257
f 2621//5258 1620//5258 1551//5258
f 2621//2469 1551//2469 1547//2469
f 2174//5259 2161//5259 2152//5259
f 2174//5260 2152//5260 2150//5260
f 2174//5261 2150//5261 2125//5261
f 2174//5262 2125//5262 2121//5262
f 2174//5263 2121//5263 2626//5263
f 2174//5264 2626//5264 2627//5264
f 2174//5265 2627//5265 2176//5265
f 2626//658 2121//658 2120//658
f 2626//5266 2120//5266 2510//5266
f 2626//5267 2510//5267 2627//5267
f 2527//5268 2062//5268 2178//5268
f 2527//5269 2178//5269 2630//5269
f 2527//5270 2630//5270 2529//5270
f 2452//5271 2450//5271 2446//5271
f 2452//5272 2446//5272 2631//5272
f 2452//3241 2631//3241 1632//3241
f 2452//5273 1632//5273 2633//5273
f 2452//134 2633//134 2563//134
f 2631//5096 2446//5096 2516//5096
f 2631//5274 2516//5274 2635//5274
f 2631//5275 2635//5275 2515//5275
f 2631//914 2515//914 2637//914
f 2631//5276 2637//5276 2638//5276
f 2631//5277 2638//5277 2563//5277
f 2631//5278 2563//5278 2633//5278
f 2631//5279 2633//5279 1632//5279
f 2639//5280 1773//5280 2470//5280
f 2639//20 2470//20 2640//20
f 2639//5281 2640//5281 2643//5281
f 2639//5282 2643//5282 2494//5282
f 2639//5092 2494//5092 1773//5092
f 2646//5092 1778//5092 2497//5092
f 2646//5282 2497//5282 2648//5282
f 2646//5282 2648//5282 2649//5282
f 2646//5282 2649//5282 2499//5282
f 2646//5092 2499//5092 1780//5092
f 2646//5092 1780//5092 1778//5092
f 2500//5282 2499//5282 2652//5282
f 2500//5282 2652//5282 2654//5282
f 2500//5282 2654//5282 2502//5282
f 2500//5092 2502//5092 2372//5092
f 2504//5282 2502//5282 2657//5282
f 2504//5282 2657//5282 2659//5282
f 2504//5282 2659//5282 2382//5282
f 2504//5092 2382//5092 2381//5092
f 2661//5283 1766//5283 1765//5283
f 2661//5284 1765//5284 2327//5284
f 2661//472 2327//472 2663//472
f 2661//5285 2663//5285 2665//5285
f 2661//5286 2665//5286 1744//5286
f 2661//5287 1744//5287 1766//5287
f 2667//5288 2669//5288 2670//5288
f 2667//5289 2670//5289 2672//5289
f 2667//3783 2672//3783 2674//3783
f 2667//5290 2674//5290 2676//5290
f 2667//201 2676//201 2669//201
f 2679//5291 2228//5291 2227//5291
f 2679//5292 2227//5292 2572//5292
f 2679//5293 2572//5293 2681//5293
f 2679//5294 2681//5294 2682//5294
f 2679//5295 2682//5295 2683//5295
f 2679//5296 2683//5296 2228//5296
f 2683//61 2682//61 2569//61
f 2683//5297 2569//5297 2234//5297
f 2683//279 2234//279 2228//279
f 2685//5298 2203//5298 2386//5298
f 2685//5299 2386//5299 2687//5299
f 2685//5299 2687//5299 2689//5299
f 2685//5299 2689//5299 2691//5299
f 2685//5298 2691//5298 2251//5298
f 2685//5298 2251//5298 2203//5298
f 2693//3389 2222//3389 2143//3389
f 2693//5300 2143//5300 2695//5300
f 2693//2469 2695//2469 2697//2469
f 2693//5301 2697//5301 2418//5301
f 2693//5302 2418//5302 2416//5302
f 2693//5303 2416//5303 2222//5303
f 2581//3432 2579//3432 2701//3432
f 2581//227 2701//227 2702//227
f 2581//1210 2702//1210 2703//1210
f 2581//472 2703//472 2582//472
f 2630//5304 2178//5304 2176//5304
f 2630//5305 2176//5305 2705//5305
f 2630//4274 2705//4274 2706//4274
f 2630//5306 2706//5306 2586//5306
f 2630//5307 2586//5307 2594//5307
f 2630//5308 2594//5308 2592//5308
f 2630//5309 2592//5309 2529//5309
f 2691//5299 2689//5299 2709//5299
f 2691//5299 2709//5299 2478//5299
f 2691//5298 2478//5298 2251//5298
f 2710//631 2241//631 2240//631
f 2710//5310 2240//5310 2602//5310
f 2710//134 2602//134 2711//134
f 2710//5311 2711//5311 2714//5311
f 2710//5312 2714//5312 2241//5312
f 2714//5313 2711//5313 2715//5313
f 2714//5314 2715//5314 2598//5314
f 2714//5315 2598//5315 2245//5315
f 2714//5316 2245//5316 2241//5316
f 2717//5317 1797//5317 1795//5317
f 2717//5318 1795//5318 2719//5318
f 2717//5319 2719//5319 2721//5319
f 2717//5320 2721//5320 2663//5320
f 2717//472 2663//472 2327//472
f 2717//5321 2327//5321 1797//5321
f 2719//5322 1795//5322 1831//5322
f 2719//5323 1831//5323 1830//5323
f 2719//5324 1830//5324 2078//5324
f 2719//5325 2078//5325 2721//5325
f 2725//5173 1319//5173 1316//5173
f 2725//5173 1316//5173 2727//5173
f 2725//5326 2727//5326 2729//5326
f 2725//5327 2729//5327 2730//5327
f 2725//5328 2730//5328 2732//5328
f 2725//5329 2732//5329 1319//5329
f 2733//5330 1319//5330 2732//5330
f 2733//472 2732//472 2730//472
f 2733//5331 2730//5331 2735//5331
f 2733//641 2735//641 2736//641
f 2733//641 2736//641 2467//641
f 2733//1657 2467//1657 1319//1657
f 2740//5173 1316//5173 1812//5173
f 2740//5173 1812//5173 2741//5173
f 2740//5326 2741//5326 2743//5326
f 2740//5326 2743//5326 2729//5326
f 2740//5326 2729//5326 2727//5326
f 2740//5173 2727//5173 1316//5173
f 2550//5326 2549//5326 2745//5326
f 2550//5326 2745//5326 2747//5326
f 2550//5326 2747//5326 2741//5326
f 2550//5173 2741//5173 1812//5173
f 2749//5173 1818//5173 1816//5173
f 2749//5173 1816//5173 2555//5173
f 2749//5326 2555//5326 2751//5326
f 2749//5326 2751//5326 2752//5326
f 2749//5326 2752//5326 2549//5326
f 2749//5173 2549//5173 1818//5173
f 2559//5326 2558//5326 2756//5326
f 2559//5326 2756//5326 2757//5326
f 2559//5326 2757//5326 2554//5326
f 2559//5173 2554//5173 1825//5173
f 2759//5332 2669//5332 2676//5332
f 2759//5333 2676//5333 2760//5333
f 2759//5334 2760//5334 2762//5334
f 2759//5335 2762//5335 2763//5335
f 2759//2765 2763//2765 2670//2765
f 2759//2754 2670//2754 2669//2754
f 2578//472 2576//472 2764//472
f 2578//5336 2764//5336 2765//5336
f 2578//1183 2766//1183 2765//1183
f 2578//32 2579//32 2766//32
f 2448//5337 2446//5337 2450//5337
f 2768//747 1355//747 1353//747
f 2768//1232 1353//1232 1753//1232
f 2768//5338 1753//5338 2770//5338
f 2768//5339 2770//5339 2772//5339
f 2768//1 2772//1 2775//1
f 2768//5340 2775//5340 2190//5340
f 2768//5341 2190//5341 1355//5341
f 2777//5342 2778//5342 2779//5342
f 2777//5343 2779//5343 2781//5343
f 2777//5344 2781//5344 2782//5344
f 2777//5345 2782//5345 2315//5345
f 2777//5346 2315//5346 2784//5346
f 2777//5347 2784//5347 2778//5347
f 2763//3798 2762//3798 2786//3798
f 2763//5348 2786//5348 2674//5348
f 2763//5349 2674//5349 2672//5349
f 2763//5350 2672//5350 2670//5350
f 2627//5351 2510//5351 2508//5351
f 2627//658 2508//658 2004//658
f 2627//5352 2004//5352 2589//5352
f 2627//5353 2589//5353 2706//5353
f 2627//5354 2706//5354 2705//5354
f 2627//5355 2705//5355 2176//5355
f 2607//5356 2605//5356 2789//5356
f 2607//5357 2789//5357 2790//5357
f 2607//5358 2790//5358 2613//5358
f 2607//5359 2613//5359 2609//5359
f 2793//5360 2455//5360 2456//5360
f 2461//5361 2308//5361 2306//5361
f 2461//5362 2306//5362 2795//5362
f 2461//5363 2795//5363 2797//5363
f 2461//5364 2797//5364 2384//5364
f 2198//5365 2197//5365 2799//5365
f 2198//399 2799//399 2800//399
f 2198//5366 2800//5366 2623//5366
f 2198//5367 2623//5367 1545//5367
f 2198//4609 1545//4609 2802//4609
f 2198//5368 2802//5368 1539//5368
f 2802//5369 1545//5369 2804//5369
f 2802//4872 2804//4872 2806//4872
f 2802//4872 2806//4872 1540//4872
f 2802//1844 1540//1844 1539//1844
f 2784//5370 2315//5370 1691//5370
f 2784//1299 1691//1299 2466//1299
f 2784//5371 2466//5371 2807//5371
f 2784//5372 2807//5372 2809//5372
f 2784//5373 2809//5373 2778//5373
f 2809//741 2807//741 2810//741
f 2809//5374 2810//5374 2779//5374
f 2809//5375 2779//5375 2778//5375
f 2782//2756 2781//2756 2811//2756
f 2782//5376 2811//5376 2812//5376
f 2782//2013 2812//2013 2317//2013
f 2782//5377 2317//5377 2315//5377
f 2531//173 2533//173 2542//173
f 2531//5378 2542//5378 2540//5378
f 2531//5379 2540//5379 2814//5379
f 2531//5380 2814//5380 2816//5380
f 2531//2068 2816//2068 2817//2068
f 2531//5381 2817//5381 2818//5381
f 2531//20 2818//20 2533//20
f 2538//5382 2535//5382 2533//5382
f 2538//5383 2533//5383 2818//5383
f 2538//5384 2818//5384 2820//5384
f 2538//2225 2820//2225 2540//2225
f 1920//472 1918//472 2822//472
f 1920//1 2822//1 2824//1
f 1920//5385 2824//5385 2826//5385
f 1920//134 2826//134 2828//134
f 1920//134 2828//134 1426//134
f 1920//5386 1426//5386 1425//5386
f 1927//5387 1427//5387 2831//5387
f 1927//5388 2831//5388 2833//5388
f 1927//353 2833//353 2822//353
f 1927//5017 2822//5017 1918//5017
f 2836//279 2140//279 2138//279
f 2836//5389 2138//5389 2838//5389
f 2836//5390 2838//5390 2841//5390
f 2836//5391 2841//5391 2844//5391
f 2836//808 2844//808 2845//808
f 2836//5392 2845//5392 2140//5392
f 2845//5393 2844//5393 2357//5393
f 2845//5394 2357//5394 2142//5394
f 2845//5395 2142//5395 2140//5395
f 2849//5396 2138//5396 956//5396
f 2849//4881 956//4881 2851//4881
f 2849//5397 2851//5397 2852//5397
f 2849//5398 2852//5398 2853//5398
f 2849//5399 2853//5399 2838//5399
f 2849//5400 2838//5400 2138//5400
f 2854//5401 2855//5401 2857//5401
f 2854//2372 2857//2372 2860//2372
f 2854//5402 2860//5402 2861//5402
f 2854//5403 2861//5403 2863//5403
f 2854//5404 2863//5404 2855//5404
f 2806//5405 2804//5405 2864//5405
f 2806//5406 2864//5406 2866//5406
f 2806//5407 2866//5407 1545//5407
f 2806//5408 1545//5408 1540//5408
f 2640//5409 2470//5409 2468//5409
f 2640//5410 2468//5410 2736//5410
f 2640//5411 2736//5411 2871//5411
f 2640//5412 2871//5412 2643//5412
f 2687//5413 2386//5413 2384//5413
f 2687//489 2384//489 2797//489
f 2687//5414 2797//5414 2873//5414
f 2687//5414 2873//5414 2689//5414
f 2736//5415 2468//5415 2467//5415
f 2401//5416 2399//5416 2876//5416
f 2401//416 2876//416 2878//416
f 2401//5417 2878//5417 2880//5417
f 2401//5418 2880//5418 2881//5418
f 2401//5419 2881//5419 1580//5419
f 2401//5420 1580//5420 1579//5420
f 2321//5421 1580//5421 2881//5421
f 2321//5422 2881//5422 2883//5422
f 2321//5423 2883//5423 2885//5423
f 2321//5424 2885//5424 1707//5424
f 2885//5425 2883//5425 2887//5425
f 2885//4779 2887//4779 2889//4779
f 2885//2469 2889//2469 1709//2469
f 2885//5426 1709//5426 1707//5426
f 2695//525 2143//525 2623//525
f 2695//658 2623//658 2800//658
f 2695//5427 2800//5427 2892//5427
f 2695//4537 2892//4537 2697//4537
f 2889//5428 2887//5428 2894//5428
f 2889//5429 2894//5429 2331//5429
f 2889//919 2331//919 1709//919
f 2709//5414 2689//5414 2896//5414
f 2709//5414 2896//5414 2898//5414
f 2709//489 2898//489 2479//489
f 2709//5430 2479//5430 2478//5430
f 2484//5431 2351//5431 2900//5431
f 2484//5432 2900//5432 2902//5432
f 2484//5433 2902//5433 2904//5433
f 2484//5434 2904//5434 2558//5434
f 2484//5435 2558//5435 2455//5435
f 2484//5436 2793//5436 2455//5436
f 1901//5437 1520//5437 1519//5437
f 1901//61 1519//61 2906//61
f 1901//61 2906//61 2908//61
f 1901//5438 2908//5438 2910//5438
f 1901//808 2910//808 2911//808
f 1901//5439 2911//5439 2912//5439
f 1901//472 2912//472 2355//472
f 2915//5440 954//5440 952//5440
f 2915//5441 952//5441 2826//5441
f 2915//5442 2826//5442 2824//5442
f 2915//5443 2824//5443 2822//5443
f 2915//5444 2822//5444 2851//5444
f 2915//5445 2851//5445 956//5445
f 2915//201 956//201 954//201
f 2357//5446 1345//5446 2142//5446
f 1426//134 2828//134 2918//134
f 1426//5447 2918//5447 2919//5447
f 1426//5448 2919//5448 2831//5448
f 1426//5449 2831//5449 1427//5449
f 2920//4424 2855//4424 2863//4424
f 2920//61 2863//61 2924//61
f 2920//5450 2924//5450 2926//5450
f 2920//5451 2926//5451 2928//5451
f 2920//5452 2928//5452 2804//5452
f 2920//5453 2804//5453 2857//5453
f 2920//5454 2857//5454 2855//5454
f 2924//5455 2863//5455 2861//5455
f 2924//5456 2861//5456 2860//5456
f 2924//5457 2860//5457 2931//5457
f 2924//5458 2931//5458 2934//5458
f 2924//5459 2934//5459 2926//5459
f 2810//5460 2807//5460 2811//5460
f 2810//906 2811//906 2781//906
f 2810//4645 2781//4645 2779//4645
f 2937//5461 2676//5461 2674//5461
f 2937//5462 2674//5462 2939//5462
f 2937//5463 2939//5463 2941//5463
f 2937//5464 2941//5464 2760//5464
f 2937//5465 2760//5465 2676//5465
f 2944//498 2681//498 2572//498
f 2944//5466 2572//5466 2947//5466
f 2944//5467 2947//5467 2949//5467
f 2944//5468 2949//5468 2951//5468
f 2944//5469 2951//5469 2681//5469
f 2951//5470 2949//5470 2954//5470
f 2951//5471 2954//5471 2955//5471
f 2951//5472 2955//5472 2682//5472
f 2951//5473 2682//5473 2681//5473
f 2957//700 2715//700 2711//700
f 2957//5474 2711//5474 2960//5474
f 2957//5475 2960//5475 2962//5475
f 2957//5476 2962//5476 2964//5476
f 2957//5477 2964//5477 2965//5477
f 2957//5478 2965//5478 2715//5478
f 2965//5479 2964//5479 2967//5479
f 2965//5480 2967//5480 2598//5480
f 2965//542 2598//542 2715//542
f 2969//2142 2524//2142 2971//2142
f 2969//5481 2971//5481 2972//5481
f 2969//5482 2972//5482 2974//5482
f 2969//5483 2974//5483 2978//5483
f 2969//5484 2978//5484 2051//5484
f 2969//847 2051//847 2524//847
f 2522//4226 2520//4226 2972//4226
f 2522//5485 2972//5485 2971//5485
f 2522//134 2971//134 2524//134
f 2635//5486 2516//5486 2790//5486
f 2635//5487 2790//5487 2789//5487
f 2635//704 2789//704 2983//704
f 2635//5488 2983//5488 2984//5488
f 2635//134 2985//134 2984//134
f 2635//5489 2985//5489 2987//5489
f 2635//5490 2789//5490 2987//5490
f 2635//5491 2789//5491 2515//5491
f 2988//5492 2984//5492 2985//5492
f 2988//5492 2989//5492 2984//5492
f 2988//5493 2989//5493 2991//5493
f 2988//5494 2991//5494 2638//5494
f 2988//5495 2638//5495 2987//5495
f 2988//5496 2987//5496 2985//5496
f 2994//914 2637//914 2515//914
f 2994//1749 2515//1749 2789//1749
f 2994//5497 2987//5497 2789//5497
f 2994//658 2987//658 2638//658
f 2994//734 2638//734 2637//734
f 2996//5498 1837//5498 2565//5498
f 2996//5499 2565//5499 2998//5499
f 2996//5500 2998//5500 2999//5500
f 2996//5501 2999//5501 3001//5501
f 2996//5502 3001//5502 1838//5502
f 2996//5503 1838//5503 1837//5503
f 3003//5504 1911//5504 1906//5504
f 3003//5505 1906//5505 1903//5505
f 3003//472 1903//472 2912//472
f 3003//472 2912//472 3005//472
f 3003//5506 3005//5506 3007//5506
f 3003//3727 3007//3727 1911//3727
f 3007//5507 3005//5507 3009//5507
f 3007//5508 3009//5508 1519//5508
f 3007//5509 1519//5509 1517//5509
f 3007//5510 1517//5510 1911//5510
f 2085//5511 2083//5511 2355//5511
f 2085//472 2355//472 3013//472
f 2085//5512 3013//5512 3014//5512
f 2085//5513 3014//5513 3016//5513
f 2085//5514 3016//5514 1517//5514
f 2085//5515 1517//5515 1909//5515
f 2085//5516 1909//5516 2087//5516
f 1519//399 1517//399 3016//399
f 1519//399 3016//399 3018//399
f 1519//5517 3018//5517 2906//5517
f 1519//5518 2906//5518 3014//5518
f 3020//5519 1402//5519 1336//5519
f 3020//5520 1336//5520 3022//5520
f 3020//5521 3022//5521 2083//5521
f 3020//5522 2083//5522 2080//5522
f 3020//472 2080//472 1402//472
f 3025//1 3026//1 3027//1
f 3025//5523 3027//5523 2772//5523
f 3025//5524 2772//5524 3029//5524
f 3025//5525 3029//5525 3030//5525
f 3025//5526 3030//5526 3032//5526
f 3025//5527 3032//5527 3026//5527
f 3034//5528 3026//5528 3035//5528
f 3034//5529 3035//5529 3036//5529
f 3034//5530 3036//5530 2775//5530
f 3034//5531 2775//5531 3027//5531
f 3034//5532 3027//5532 3026//5532
f 3032//5533 3030//5533 3038//5533
f 3032//5534 3038//5534 3040//5534
f 3032//5535 3040//5535 3035//5535
f 3032//5536 3035//5536 3026//5536
f 3043//5537 952//5537 2361//5537
f 3043//5538 2361//5538 3045//5538
f 3043//5539 3045//5539 3047//5539
f 3043//5540 3047//5540 3049//5540
f 3043//5541 3049//5541 3051//5541
f 3043//20 3051//20 3052//20
f 3043//5542 3052//5542 2826//5542
f 3043//134 2826//134 952//134
f 2775//5543 2772//5543 3027//5543
f 3054//5544 2190//5544 2775//5544
f 3054//5545 2775//5545 3036//5545
f 3054//5546 3036//5546 3055//5546
f 3054//5547 3055//5547 3057//5547
f 3054//5548 3057//5548 3058//5548
f 3054//5549 3058//5549 3060//5549
f 3054//5550 3060//5550 2190//5550
f 2619//5551 2191//5551 2190//5551
f 2619//5552 2190//5552 3060//5552
f 2619//5553 3060//5553 3062//5553
f 2619//5554 3062//5554 2269//5554
f 2799//5555 2197//5555 2272//5555
f 2799//399 2272//399 3065//399
f 2799//5556 3065//5556 3067//5556
f 2799//5557 3067//5557 2800//5557
f 3069//5558 1545//5558 2866//5558
f 3069//5559 2866//5559 2934//5559
f 3069//5560 2934//5560 2931//5560
f 3069//2236 2931//2236 2864//2236
f 3069//5561 2864//5561 2804//5561
f 3069//5562 2804//5562 1545//5562
f 2586//5563 1998//5563 2594//5563
f 3071//5564 3072//5564 3073//5564
f 3071//1162 3073//1162 3075//1162
f 3071//5565 3075//5565 3077//5565
f 3071//5566 3077//5566 3078//5566
f 3071//72 3078//72 3072//72
f 3080//5567 3072//5567 3078//5567
f 3080//5568 3078//5568 3082//5568
f 3080//5569 3082//5569 3083//5569
f 3080//1136 3083//1136 3084//1136
f 3080//5570 3084//5570 3087//5570
f 3080//5571 3087//5571 3072//5571
f 3087//5572 3084//5572 3088//5572
f 3087//5573 3088//5573 3073//5573
f 3087//5574 3073//5574 3072//5574
f 3090//5575 3092//5575 3094//5575
f 3090//5576 3094//5576 3096//5576
f 3090//5577 3096//5577 3098//5577
f 3090//5578 3098//5578 3100//5578
f 3090//5579 3100//5579 3101//5579
f 3090//5580 3101//5580 3092//5580
f 2894//5581 2887//5581 3103//5581
f 2894//5582 3103//5582 3104//5582
f 2894//241 3104//241 2398//241
f 2894//5583 2398//5583 2331//5583
f 2991//417 2989//417 3109//417
f 2991//417 3109//417 2563//417
f 2991//2992 2563//2992 2638//2992
f 2983//5584 2789//5584 2605//5584
f 2983//5585 2605//5585 2614//5585
f 2983//2823 2614//2823 2790//2823
f 2983//5586 2790//5586 2984//5586
f 2978//4279 2974//4279 2520//4279
f 2978//5587 2520//5587 2068//5587
f 2978//5588 2068//5588 2053//5588
f 2978//5589 2053//5589 2051//5589
f 3116//5590 1649//5590 3117//5590
f 3116//5591 3117//5591 3119//5591
f 3116//61 3119//61 3121//61
f 3116//5592 3121//5592 3123//5592
f 3116//5593 3123//5593 3125//5593
f 3116//4782 3125//4782 1650//4782
f 3116//61 1650//61 1649//61
f 3117//5594 1649//5594 2491//5594
f 3117//5595 2491//5595 3128//5595
f 3117//5596 3128//5596 3130//5596
f 3117//5597 3130//5597 3119//5597
f 3132//1 3133//1 3135//1
f 3132//5598 3135//5598 3137//5598
f 3132//5599 3137//5599 3138//5599
f 3132//5600 3138//5600 3140//5600
f 3132//5601 3140//5601 3142//5601
f 3132//5602 3142//5602 3133//5602
f 3143//5603 3133//5603 3145//5603
f 3143//5604 3145//5604 3125//5604
f 3143//5605 3125//5605 3146//5605
f 3143//5606 3146//5606 3135//5606
f 3143//5607 3135//5607 3133//5607
f 3142//5608 3140//5608 2281//5608
f 3142//5609 2281//5609 1650//5609
f 3142//5610 1650//5610 3125//5610
f 3142//5611 3125//5611 3145//5611
f 3142//5612 3145//5612 3133//5612
f 3150//1900 1336//1900 2408//1900
f 3150//5613 2408//5613 3152//5613
f 3150//61 3152//61 3155//61
f 3150//427 3155//427 3157//427
f 3150//5614 3157//5614 3022//5614
f 3150//1486 3022//1486 1336//1486
f 3146//5615 3125//5615 3160//5615
f 3146//5616 3160//5616 3162//5616
f 3146//5617 3162//5617 3137//5617
f 3146//5618 3137//5618 3135//5618
f 2770//5619 1753//5619 3057//5619
f 2770//5620 3057//5620 3164//5620
f 2770//5621 3164//5621 3166//5621
f 2770//5622 3166//5622 3168//5622
f 2770//5623 3168//5623 3029//5623
f 2770//5624 3029//5624 2772//5624
f 3170//5625 2304//5625 2369//5625
f 3170//3519 2369//3519 3172//3519
f 3170//5626 3172//5626 3174//5626
f 3170//5627 3174//5627 3175//5627
f 3170//5628 3175//5628 2795//5628
f 3170//5629 2795//5629 2304//5629
f 2795//134 2306//134 2304//134
f 2804//5630 2928//5630 3178//5630
f 2804//3037 3178//3037 2864//3037
f 2804//631 2864//631 2931//631
f 2804//4191 2931//4191 2860//4191
f 2804//5631 2860//5631 2857//5631
f 3181//5282 2494//5282 2643//5282
f 3181//5040 2643//5040 3183//5040
f 3181//5040 3183//5040 3185//5040
f 3181//5040 3185//5040 3187//5040
f 3181//5282 3187//5282 2495//5282
f 3181//5282 2495//5282 2494//5282
f 3187//5040 3185//5040 3188//5040
f 3187//5040 3188//5040 2648//5040
f 3187//5282 2648//5282 2497//5282
f 3187//5282 2497//5282 2495//5282
f 2649//5040 2648//5040 3190//5040
f 2649//5040 3190//5040 3191//5040
f 2649//5040 3191//5040 2652//5040
f 2649//5282 2652//5282 2499//5282
f 2654//5040 2652//5040 3192//5040
f 2654//5040 3192//5040 3193//5040
f 2654//5040 3193//5040 2657//5040
f 2654//5282 2657//5282 2502//5282
f 3195//5282 2382//5282 2659//5282
f 3195//5040 2659//5040 3196//5040
f 3195//5040 3196//5040 3197//5040
f 3195//5040 3197//5040 2797//5040
f 3195//5282 2797//5282 2384//5282
f 3195//5282 2384//5282 2382//5282
f 2812//1267 2811//1267 2807//1267
f 2812//5632 2807//5632 2317//5632
f 2812//5633 3200//5633 3202//5633
f 2812//5634 3202//5634 3204//5634
f 2812//5635 3204//5635 3206//5635
f 2812//399 3206//399 3207//399
f 2812//5636 3207//5636 3209//5636
f 2812//1 3209//1 3200//1
f 3211//5637 3200//5637 3209//5637
f 3211//5638 3209//5638 3213//5638
f 3211//5639 3213//5639 3215//5639
f 3211//5640 3215//5640 3216//5640
f 3211//5641 3216//5641 3218//5641
f 3211//5642 3218//5642 3200//5642
f 3220//5643 3200//5643 3218//5643
f 3220//5644 3218//5644 3221//5644
f 3220//5645 3221//5645 3222//5645
f 3220//5646 3222//5646 3224//5646
f 3220//5647 3224//5647 3202//5647
f 3220//5648 3202//5648 3200//5648
f 2807//4642 2466//4642 2318//4642
f 2807//5649 2318//5649 2317//5649
f 2880//5650 2878//5650 3227//5650
f 2880//5651 3227//5651 2883//5651
f 2880//134 2883//134 2881//134
f 3213//5652 3209//5652 3229//5652
f 3213//5653 3229//5653 3231//5653
f 3213//5654 3231//5654 3233//5654
f 3213//5655 3233//5655 3235//5655
f 3213//5656 3235//5656 3215//5656
f 3237//5657 3209//5657 3207//5657
f 3237//5658 3207//5658 3238//5658
f 3237//5659 3238//5659 3240//5659
f 3237//5660 3240//5660 3242//5660
f 3237//5661 3242//5661 3229//5661
f 3237//5662 3229//5662 3209//5662
f 2892//5663 2800//5663 3244//5663
f 2892//5664 3244//5664 3245//5664
f 2892//5665 3245//5665 3247//5665
f 2892//5666 3247//5666 3248//5666
f 2892//5667 3248//5667 3249//5667
f 2892//5668 3249//5668 2697//5668
f 3067//5669 3065//5669 3251//5669
f 3067//5670 3251//5670 3245//5670
f 3067//5671 3245//5671 3244//5671
f 3067//5672 3244//5672 2800//5672
f 2786//5673 2762//5673 3254//5673
f 2786//5674 3254//5674 3255//5674
f 2786//5675 3255//5675 2939//5675
f 2786//5676 2939//5676 2674//5676
f 2947//3786 2572//3786 2571//3786
f 2947//5677 2571//5677 3257//5677
f 2947//5678 3257//5678 3259//5678
f 2947//5679 3259//5679 2949//5679
f 3242//5680 3240//5680 3262//5680
f 3242//5681 3262//5681 3263//5681
f 3242//5682 3263//5682 3231//5682
f 3242//5683 3231//5683 3229//5683
f 2955//808 2954//808 3257//808
f 2955//5684 3257//5684 2569//5684
f 2955//5685 2569//5685 2682//5685
f 3265//5686 3263//5686 3262//5686
f 3265//1324 3262//1324 3267//1324
f 3265//5687 3267//5687 3268//5687
f 3265//5688 3268//5688 3092//5688
f 3265//5689 3092//5689 3269//5689
f 3265//5690 3269//5690 3263//5690
f 3269//5691 3092//5691 3101//5691
f 3269//5692 3101//5692 3233//5692
f 3269//5693 3233//5693 3231//5693
f 3269//5694 3231//5694 3263//5694
f 3088//5695 3084//5695 3271//5695
f 3088//2680 3271//2680 3075//2680
f 3088//5696 3075//5696 3073//5696
f 3273//50 3078//50 3077//50
f 3273//5697 3077//5697 3275//5697
f 3273//5698 3275//5698 3276//5698
f 3273//5699 3276//5699 3277//5699
f 3273//5700 3277//5700 3082//5700
f 3273//5701 3082//5701 3078//5701
f 3268//5702 3267//5702 3278//5702
f 3268//5703 3278//5703 3279//5703
f 3268//5704 3279//5704 3094//5704
f 3268//2701 3094//2701 3092//2701
f 2602//5705 2600//5705 3281//5705
f 2602//5706 3281//5706 2960//5706
f 2602//5707 2960//5707 2711//5707
f 3284//5708 3082//5708 3277//5708
f 3284//5709 3277//5709 3285//5709
f 3284//5710 3285//5710 3287//5710
f 3284//5711 3287//5711 3288//5711
f 3284//5712 3288//5712 3083//5712
f 3284//5713 3083//5713 3082//5713
f 3290//5714 3100//5714 3098//5714
f 3290//5715 3098//5715 3292//5715
f 3290//1300 3292//1300 3293//1300
f 3290//5716 3293//5716 3101//5716
f 3290//5717 3101//5717 3100//5717
f 2967//5718 2964//5718 3295//5718
f 2967//5719 3295//5719 3281//5719
f 2967//5720 3281//5720 2600//5720
f 2967//5721 2600//5721 2598//5721
f 2515//489 2789//489 2516//489
f 2790//5722 2614//5722 2613//5722
f 2747//2547 2745//2547 3299//2547
f 2747//2547 3299//2547 3301//2547
f 2747//2547 3301//2547 2743//2547
f 2747//5326 2743//5326 2741//5326
f 2752//2547 2751//2547 3303//2547
f 2752//2547 3303//2547 3306//2547
f 2752//2547 3306//2547 2745//2547
f 2752//5326 2745//5326 2549//5326
f 3307//5326 2555//5326 2554//5326
f 3307//5326 2554//5326 2757//5326
f 3307//2547 2757//2547 3309//2547
f 3307//2547 3309//2547 3311//2547
f 3307//2547 3311//2547 2751//2547
f 3307//5326 2751//5326 2555//5326
f 2904//5723 2902//5723 3313//5723
f 2904//2547 3313//2547 3315//2547
f 2904//2547 3315//2547 2756//2547
f 2904//5326 2756//5326 2558//5326
f 2898//5724 2896//5724 3317//5724
f 2898//2547 3317//2547 2904//2547
f 2898//5326 2904//5326 2558//5326
f 2898//5326 2558//5326 2479//5326
f 3320//5725 2089//5725 2087//5725
f 3320//399 2087//399 2355//399
f 3320//5726 2355//5726 2403//5726
f 3320//5439 2403//5439 2089//5439
f 2833//5727 2831//5727 3322//5727
f 2833//61 3322//61 3323//61
f 2833//472 3323//472 3325//472
f 2833//5728 3325//5728 2851//5728
f 2833//1429 2851//1429 2822//1429
f 2919//5729 2918//5729 3327//5729
f 2919//5730 3327//5730 3329//5730
f 2919//5731 3329//5731 3322//5731
f 2919//5732 3322//5732 2831//5732
f 3224//5733 3222//5733 2841//5733
f 3224//5734 2841//5734 2838//5734
f 3224//5735 2838//5735 2853//5735
f 3224//5736 2853//5736 3204//5736
f 3224//5737 3204//5737 3202//5737
f 2665//5738 2663//5738 3332//5738
f 2665//5739 3332//5739 3334//5739
f 2665//5740 3334//5740 3335//5740
f 2665//5741 3335//5741 1746//5741
f 2665//5742 1746//5742 1744//5742
f 3257//5743 2571//5743 2569//5743
f 3338//535 2589//535 2588//535
f 3338//5744 2588//5744 3339//5744
f 3338//3785 3339//3785 3341//3785
f 3338//5745 3341//5745 2706//5745
f 3338//5746 2706//5746 2589//5746
f 3341//5747 3339//5747 3343//5747
f 3341//668 3343//668 2586//668
f 3341//668 2586//668 2706//668
f 3343//5748 3339//5748 2588//5748
f 3343//1136 2588//1136 2586//1136
f 3345//5749 2816//5749 2814//5749
f 3345//791 2814//791 3285//791
f 3345//5750 3285//5750 3277//5750
f 3345//5751 3277//5751 3276//5751
f 3345//163 3276//163 3347//163
f 3345//5752 3347//5752 2817//5752
f 3345//5752 2817//5752 2816//5752
f 3104//808 3103//808 3349//808
f 3104//5753 3349//5753 2399//5753
f 3104//5754 2399//5754 2398//5754
f 3351//5755 2898//5755 3317//5755
f 3351//5756 3317//5756 3352//5756
f 3351//5757 3352//5757 3353//5757
f 3351//5758 3353//5758 2900//5758
f 3351//5759 2900//5759 2350//5759
f 3351//5760 2350//5760 2459//5760
f 2900//5761 2351//5761 2350//5761
f 3168//5762 3166//5762 3355//5762
f 3168//5763 3355//5763 3356//5763
f 3168//5764 3356//5764 3030//5764
f 3168//1244 3030//1244 3029//1244
f 2844//5765 2841//5765 3359//5765
f 2844//5766 3359//5766 3361//5766
f 2844//5767 3361//5767 3362//5767
f 2844//5768 3362//5768 2358//5768
f 2844//5768 2358//5768 2357//5768
f 3364//5769 3207//5769 3206//5769
f 3364//5770 3206//5770 3367//5770
f 3364//658 3367//658 3216//658
f 3364//3899 3216//3899 3369//3899
f 3364//2349 3369//2349 3238//2349
f 3364//5771 3238//5771 3207//5771
f 3371//5772 2760//5772 2941//5772
f 3371//3443 2941//3443 3373//3443
f 3371//5773 3373//5773 3374//5773
f 3371//5774 3374//5774 3376//5774
f 3371//5775 3376//5775 2762//5775
f 3371//5776 2762//5776 2760//5776
f 2721//5777 2078//5777 3378//5777
f 2721//5778 3378//5778 3379//5778
f 2721//5779 3379//5779 3332//5779
f 2721//5780 3332//5780 2663//5780
f 3382//5781 3262//5781 3240//5781
f 3382//4246 3240//4246 3384//4246
f 3382//5782 3384//5782 3386//5782
f 3382//5783 3386//5783 3267//5783
f 3382//5784 3267//5784 3262//5784
f 3293//1300 3292//1300 3389//1300
f 3293//5785 3389//5785 3391//5785
f 3293//5786 3391//5786 3233//5786
f 3293//5787 3233//5787 3101//5787
f 3391//5788 3389//5788 3386//5788
f 3391//5789 3386//5789 3384//5789
f 3391//658 3384//658 3395//658
f 3391//3155 3395//3155 3235//3155
f 3391//5790 3235//5790 3233//5790
f 3278//5791 3267//5791 3386//5791
f 3278//5792 3386//5792 3389//5792
f 3278//525 3389//525 3292//525
f 3278//5793 3292//5793 3279//5793
f 3271//5794 3084//5794 3083//5794
f 3271//5795 3083//5795 3275//5795
f 3271//5796 3275//5796 3077//5796
f 3271//573 3077//573 3075//573
f 3399//5797 2817//5797 3347//5797
f 3399//5798 3347//5798 3400//5798
f 3399//5799 3400//5799 2820//5799
f 3399//5800 2820//5800 2818//5800
f 3399//5801 2818//5801 2817//5801
f 3279//5802 3292//5802 3403//5802
f 3279//5803 3403//5803 3096//5803
f 3279//5804 3096//5804 3094//5804
f 3109//399 2989//399 3406//399
f 3109//5805 3406//5805 2998//5805
f 3109//5806 2998//5806 2565//5806
f 3109//5807 2565//5807 2563//5807
f 3408//1900 3140//1900 3138//1900
f 3408//5808 3138//5808 3410//5808
f 3408//5809 3410//5809 3411//5809
f 3408//5810 3411//5810 3412//5810
f 3408//5811 3412//5811 2281//5811
f 3408//5812 2281//5812 3140//5812
f 3414//5813 3137//5813 3162//5813
f 3414//5814 3162//5814 3410//5814
f 3414//5815 3410//5815 3138//5815
f 3414//5816 3138//5816 3137//5816
f 3417//5817 3035//5817 3040//5817
f 3417//5818 3040//5818 3419//5818
f 3417//5819 3419//5819 3421//5819
f 3417//5820 3421//5820 3422//5820
f 3417//5821 3422//5821 3036//5821
f 3417//5822 3036//5822 3035//5822
f 3424//399 2826//399 3052//399
f 3424//399 3052//399 3361//399
f 3424//5823 3361//5823 3325//5823
f 3424//5824 3325//5824 2828//5824
f 3424//5824 2828//5824 2826//5824
f 3361//5195 3359//5195 2852//5195
f 3361//5825 2852//5825 2851//5825
f 3361//5826 2851//5826 3325//5826
f 3367//5827 3206//5827 3428//5827
f 3367//5828 3428//5828 3221//5828
f 3367//2344 3221//2344 3218//2344
f 3367//5829 3218//5829 3216//5829
f 3428//5830 3206//5830 3204//5830
f 3428//5831 3204//5831 3435//5831
f 3428//5832 3435//5832 3436//5832
f 3428//5833 3436//5833 3221//5833
f 3395//5834 3384//5834 3240//5834
f 3395//5835 3240//5835 3238//5835
f 3395//5836 3238//5836 3369//5836
f 3395//5837 3369//5837 3235//5837
f 3403//5715 3292//5715 3098//5715
f 3403//5838 3098//5838 3096//5838
f 3440//5839 2540//5839 2820//5839
f 3440//5840 2820//5840 3400//5840
f 3440//734 3400//734 3287//734
f 3440//5841 3287//5841 3285//5841
f 3440//5842 3285//5842 2814//5842
f 3440//5843 2814//5843 2540//5843
f 2972//658 2520//658 2974//658
f 3443//5844 2076//5844 2283//5844
f 3443//5845 2283//5845 3446//5845
f 3443//5846 3446//5846 3447//5846
f 3443//5847 3447//5847 3449//5847
f 3443//5848 3449//5848 3451//5848
f 3443//5849 3451//5849 2078//5849
f 3443//5850 2078//5850 2076//5850
f 3412//5851 3411//5851 3453//5851
f 3412//5852 3453//5852 3455//5852
f 3412//5853 3455//5853 3456//5853
f 3412//5854 3456//5854 2283//5854
f 3412//5855 2283//5855 2281//5855
f 3459//1039 2083//1039 3461//1039
f 3459//399 3461//399 2403//399
f 3459//5856 2403//5856 2355//5856
f 3459//5857 2355//5857 2083//5857
f 3461//5858 2083//5858 3022//5858
f 3461//5859 3022//5859 3464//5859
f 3461//5860 3464//5860 3466//5860
f 3461//3419 3466//3419 2911//3419
f 3461//2562 2911//2562 2406//2562
f 3461//5861 2406//5861 2403//5861
f 3009//5862 3005//5862 3470//5862
f 3009//5863 3470//5863 3472//5863
f 3009//5864 3472//5864 3474//5864
f 3009//399 3474//399 3018//399
f 3009//399 3018//399 3016//399
f 3356//5865 3355//5865 3476//5865
f 3356//5866 3476//5866 3479//5866
f 3356//2838 3479//2838 3419//2838
f 3356//5867 3419//5867 3040//5867
f 3356//5868 3040//5868 3038//5868
f 3356//5869 3038//5869 3030//5869
f 3051//472 3049//472 2828//472
f 3051//472 2828//472 3325//472
f 3051//472 3325//472 3323//472
f 3051//1 3323//1 3052//1
f 3049//741 3047//741 3481//741
f 3049//5870 3481//5870 3483//5870
f 3049//134 3483//134 2918//134
f 3049//134 2918//134 2828//134
f 3485//5871 2852//5871 3359//5871
f 3485//5872 3359//5872 3222//5872
f 3485//1300 3222//1300 3436//1300
f 3485//5873 3436//5873 3435//5873
f 3485//5874 3435//5874 2853//5874
f 3485//5875 2853//5875 2852//5875
f 3488//5876 1753//5876 1751//5876
f 3488//5877 1751//5877 3490//5877
f 3488//5878 3490//5878 3492//5878
f 3488//5879 3492//5879 3493//5879
f 3488//5880 3493//5880 3494//5880
f 3488//5881 3494//5881 3058//5881
f 3488//5882 3058//5882 3057//5882
f 3488//5883 3057//5883 1753//5883
f 3222//816 3359//816 2841//816
f 3204//5884 2853//5884 3435//5884
f 3255//5885 3254//5885 3498//5885
f 3255//5886 3498//5886 2941//5886
f 3255//134 2941//134 2939//134
f 3227//5887 2878//5887 3502//5887
f 3227//658 3502//658 3103//658
f 3227//5888 3103//5888 2887//5888
f 3227//5889 2887//5889 2883//5889
f 3247//5890 3245//5890 3504//5890
f 3247//5891 3504//5891 3507//5891
f 3247//5892 3507//5892 3508//5892
f 3247//5893 3508//5893 3510//5893
f 3247//5894 3510//5894 3512//5894
f 2962//741 2960//741 3281//741
f 2962//5895 3281//5895 3295//5895
f 2962//5896 3295//5896 2964//5896
f 3288//5897 3287//5897 3347//5897
f 3288//5898 3347//5898 3276//5898
f 3288//5899 3276//5899 3275//5899
f 3288//5900 3275//5900 3083//5900
f 3349//658 3103//658 3502//658
f 3349//5901 3502//5901 2876//5901
f 3349//3720 2876//3720 2399//3720
f 3362//5902 3361//5902 3052//5902
f 3362//2087 3052//2087 3518//2087
f 3362//919 3518//919 3520//919
f 3362//919 3520//919 3523//919
f 3362//61 3523//61 3525//61
f 3362//5903 3525//5903 2358//5903
f 3527//2369 1746//2369 3335//2369
f 3527//5904 3335//5904 3529//5904
f 3527//5905 3529//5905 3530//5905
f 3527//5906 3530//5906 3531//5906
f 3527//5907 3531//5907 1751//5907
f 3527//5908 1751//5908 1746//5908
f 3532//2862 2736//2862 2735//2862
f 3532//2862 2735//2862 3533//2862
f 3532//472 3533//472 3535//472
f 3532//472 3535//472 3536//472
f 3532//472 3536//472 2871//472
f 3532//2862 2871//2862 2736//2862
f 3215//5909 3235//5909 3369//5909
f 3215//5910 3369//5910 3216//5910
f 3376//5911 3374//5911 3538//5911
f 3376//5912 3538//5912 3540//5912
f 3376//5913 3540//5913 3542//5913
f 3376//5914 3542//5914 3254//5914
f 3376//5915 3254//5915 2762//5915
f 3545//5916 3245//5916 3251//5916
f 3545//399 3251//399 3547//399
f 3545//399 3547//399 3549//399
f 3545//5917 3549//5917 3551//5917
f 3545//5918 3551//5918 3553//5918
f 3545//4594 3553//4594 3504//4594
f 3545//5919 3504//5919 3245//5919
f 3379//5920 3378//5920 3555//5920
f 3379//3217 3555//3217 3556//3217
f 3379//3217 3556//3217 3334//3217
f 3379//5921 3334//5921 3332//5921
f 3406//5922 2989//5922 3512//5922
f 3406//5923 3512//5923 3510//5923
f 3406//5924 3510//5924 3549//5924
f 3406//399 3549//399 3547//399
f 3406//5925 3547//5925 2998//5925
f 2984//5926 2790//5926 2989//5926
f 3559//5927 2735//5927 2730//5927
f 3559//5928 2730//5928 2729//5928
f 3559//2547 2729//2547 3560//2547
f 3559//279 3560//279 3562//279
f 3559//5929 3562//5929 3533//5929
f 3559//5930 3533//5930 2735//5930
f 3451//5931 3449//5931 3564//5931
f 3451//5932 3564//5932 3565//5932
f 3451//5933 3565//5933 3378//5933
f 3451//2296 3378//2296 2078//2296
f 3128//5934 2491//5934 2490//5934
f 3128//5935 2490//5935 3567//5935
f 3128//5936 3567//5936 3568//5936
f 3128//5937 3568//5937 3569//5937
f 3128//5938 3569//5938 3130//5938
f 3446//5939 2283//5939 3456//5939
f 3446//5940 3456//5940 3570//5940
f 3446//5941 3570//5941 3121//5941
f 3446//5942 3121//5942 3119//5942
f 3446//5943 3119//5943 3571//5943
f 3446//5944 3571//5944 3573//5944
f 3446//5945 3573//5945 3447//5945
f 3055//5946 3036//5946 3422//5946
f 3055//4499 3422//4499 3576//4499
f 3055//5947 3576//5947 3164//5947
f 3055//5948 3164//5948 3057//5948
f 3065//5949 2272//5949 2270//5949
f 3065//5950 2270//5950 3579//5950
f 3065//1512 3579//1512 3581//1512
f 3065//5951 3581//5951 3583//5951
f 3065//5951 3583//5951 3251//5951
f 3183//5040 2643//5040 2871//5040
f 3183//631 2871//631 3536//631
f 3183//631 3536//631 3585//631
f 3183//631 3585//631 3185//631
f 3188//631 3185//631 3586//631
f 3188//631 3586//631 3588//631
f 3188//631 3588//631 3190//631
f 3188//5040 3190//5040 2648//5040
f 3191//631 3190//631 3590//631
f 3191//631 3590//631 3591//631
f 3191//631 3591//631 3192//631
f 3191//5040 3192//5040 2652//5040
f 3594//5040 2657//5040 3193//5040
f 3594//631 3193//631 3596//631
f 3594//631 3596//631 3597//631
f 3594//631 3597//631 3196//631
f 3594//5040 3196//5040 2659//5040
f 3594//5040 2659//5040 2657//5040
f 3600//5040 2797//5040 3197//5040
f 3600//631 3197//631 3602//631
f 3600//631 3602//631 3604//631
f 3600//5952 3172//5952 3604//5952
f 3600//5953 2795//5953 3172//5953
f 3600//5954 2797//5954 2795//5954
f 3600//5955 2873//5955 2797//5955
f 3600//399 3604//399 2873//399
f 3221//5956 3436//5956 3222//5956
f 3556//5957 3555//5957 3609//5957
f 3556//5958 3609//5958 3529//5958
f 3556//5959 3529//5959 3335//5959
f 3556//5960 3335//5960 3334//5960
f 3498//5961 3254//5961 3542//5961
f 3498//5962 3542//5962 3612//5962
f 3498//5963 3612//5963 3614//5963
f 3498//134 3614//134 3373//134
f 3498//5886 3373//5886 2941//5886
f 2878//1300 2876//1300 3502//1300
f 3259//5964 3257//5964 2954//5964
f 3259//5965 2954//5965 2949//5965
f 3507//5966 3504//5966 3553//5966
f 3507//5967 3553//5967 3619//5967
f 3507//5968 3619//5968 3622//5968
f 3507//2142 3622//2142 3508//2142
f 2896//5414 2689//5414 2873//5414
f 2896//1 2873//1 3624//1
f 2896//5969 3624//5969 3626//5969
f 2896//926 3626//926 3627//926
f 2896//696 3627//696 3352//696
f 2896//399 3352//399 3317//399
f 3629//399 3508//399 3622//399
f 3629//5970 3622//5970 3631//5970
f 3629//5971 3631//5971 3551//5971
f 3629//5972 3551//5972 3549//5972
f 3629//5973 3549//5973 3510//5973
f 3629//1076 3510//1076 3508//1076
f 3560//2547 2729//2547 2743//2547
f 3560//2547 2743//2547 3301//2547
f 3560//279 3301//279 3635//279
f 3560//279 3635//279 3562//279
f 3306//279 3303//279 3637//279
f 3306//279 3637//279 3638//279
f 3306//279 3638//279 3299//279
f 3306//2547 3299//2547 2745//2547
f 3311//279 3309//279 3641//279
f 3311//279 3641//279 3643//279
f 3311//279 3643//279 3303//279
f 3311//2547 3303//2547 2751//2547
f 3644//2547 2757//2547 2756//2547
f 3644//2547 2756//2547 3315//2547
f 3644//279 3315//279 3646//279
f 3644//279 3646//279 3647//279
f 3644//279 3647//279 3309//279
f 3644//2547 3309//2547 2757//2547
f 3313//2547 2904//2547 3317//2547
f 3313//279 3317//279 3650//279
f 3313//279 3650//279 3651//279
f 3313//5974 3353//5974 3651//5974
f 3313//5975 2902//5975 3353//5975
f 3653//5976 3125//5976 3123//5976
f 3653//2061 3123//2061 3655//2061
f 3653//5977 3655//5977 3656//5977
f 3653//5978 3656//5978 3160//5978
f 3653//5979 3160//5979 3125//5979
f 3013//472 2355//472 2912//472
f 3013//5980 2912//5980 3466//5980
f 3013//5981 3466//5981 3464//5981
f 3013//5982 3464//5982 3470//5982
f 3013//5983 3470//5983 3014//5983
f 3662//706 3166//706 3164//706
f 3662//5984 3164//5984 3576//5984
f 3662//1076 3576//1076 3664//1076
f 3662//5985 3664//5985 3666//5985
f 3662//5986 3666//5986 3668//5986
f 3662//5987 3668//5987 3166//5987
f 3669//5988 3166//5988 3671//5988
f 3669//5989 3671//5989 3673//5989
f 3669//5990 3673//5990 3355//5990
f 3669//5991 3355//5991 3166//5991
f 3668//5992 3666//5992 3676//5992
f 3668//5993 3676//5993 3677//5993
f 3668//5994 3677//5994 3671//5994
f 3668//5995 3671//5995 3166//5995
f 3680//4992 3374//4992 3682//4992
f 3680//5996 3682//5996 3683//5996
f 3680//5997 3683//5997 3686//5997
f 3680//5998 3686//5998 3538//5998
f 3680//5999 3538//5999 3374//5999
f 3688//6000 3374//6000 3373//6000
f 3688//6001 3373//6001 3614//6001
f 3688//1055 3614//1055 3691//1055
f 3688//6002 3691//6002 3682//6002
f 3688//6003 3682//6003 3374//6003
f 3347//3584 3287//3584 3400//3584
f 3565//6004 3564//6004 3695//6004
f 3565//6005 3695//6005 3697//6005
f 3565//6006 3697//6006 3555//6006
f 3565//6007 3555//6007 3378//6007
f 3570//6008 3456//6008 3700//6008
f 3570//6009 3700//6009 3701//6009
f 3570//6010 3701//6010 3655//6010
f 3570//4909 3655//4909 3123//4909
f 3570//6011 3123//6011 3121//6011
f 3704//6012 3060//6012 3058//6012
f 3704//1307 3058//1307 3494//1307
f 3704//3845 3494//3845 3707//3845
f 3704//6013 3707//6013 3062//6013
f 3704//6014 3062//6014 3060//6014
f 3709//6015 3178//6015 3711//6015
f 3709//6016 3711//6016 3713//6016
f 3709//3783 3713//3783 3714//3783
f 3709//6017 3714//6017 3715//6017
f 3709//6018 3715//6018 2864//6018
f 3709//6019 2864//6019 3178//6019
f 2928//6020 2926//6020 3718//6020
f 2928//6021 3718//6021 3719//6021
f 2928//6022 3719//6022 3721//6022
f 2928//6023 3721//6023 3711//6023
f 2928//6024 3711//6024 3178//6024
f 3715//6025 3714//6025 3723//6025
f 3715//6026 3723//6026 3725//6026
f 3715//6027 3725//6027 2866//6027
f 3715//6028 2866//6028 2864//6028
f 3728//6029 2866//6029 3725//6029
f 3728//6030 3725//6030 3730//6030
f 3728//6031 3730//6031 3731//6031
f 3728//6032 3731//6032 3733//6032
f 3728//399 3733//399 3735//399
f 3728//6033 3735//6033 2934//6033
f 3728//6034 2934//6034 2866//6034
f 3631//6035 3622//6035 3619//6035
f 3631//6036 3619//6036 3553//6036
f 3631//6037 3553//6037 3551//6037
f 3736//6038 3538//6038 3686//6038
f 3736//6039 3686//6039 3738//6039
f 3736//6040 3738//6040 3739//6040
f 3736//6041 3739//6041 3612//6041
f 3736//6041 3612//6041 3540//6041
f 3736//354 3540//354 3538//354
f 3683//6042 3682//6042 3691//6042
f 3683//399 3691//399 3742//399
f 3683//960 3742//960 3744//960
f 3683//6043 3744//6043 3746//6043
f 3683//6044 3746//6044 3686//6044
f 3738//6045 3686//6045 3746//6045
f 3738//1294 3746//1294 3748//1294
f 3738//6046 3748//6046 3749//6046
f 3738//6047 3749//6047 3739//6047
f 3571//6048 3119//6048 3130//6048
f 3571//6049 3130//6049 3569//6049
f 3571//6050 3569//6050 3753//6050
f 3571//6051 3753//6051 3573//6051
f 3755//6052 2269//6052 3062//6052
f 3755//6053 3062//6053 3757//6053
f 3755//6054 3757//6054 3759//6054
f 3755//6055 3759//6055 3761//6055
f 3755//6056 3761//6056 3763//6056
f 3755//6057 3763//6057 2269//6057
f 3763//6058 3761//6058 3765//6058
f 3763//6059 3765//6059 3579//6059
f 3763//6060 3579//6060 2270//6060
f 3763//6061 2270//6061 2269//6061
f 3531//3008 3530//3008 3767//3008
f 3531//6062 3767//6062 3768//6062
f 3531//6063 3768//6063 3490//6063
f 3531//6064 3490//6064 1751//6064
f 3735//6065 3733//6065 3770//6065
f 3735//6066 3770//6066 2926//6066
f 3735//6067 2926//6067 2934//6067
f 3744//6068 3742//6068 3772//6068
f 3744//6069 3772//6069 3774//6069
f 3744//6070 3774//6070 3775//6070
f 3744//6071 3775//6071 3748//6071
f 3744//696 3748//696 3746//696
f 3777//6072 3748//6072 3778//6072
f 3777//57 3778//57 3779//57
f 3777//4455 3779//4455 3780//4455
f 3777//6073 3780//6073 3749//6073
f 3777//6074 3749//6074 3748//6074
f 3775//6075 3774//6075 3782//6075
f 3775//6076 3782//6076 3784//6076
f 3775//6077 3784//6077 3778//6077
f 3775//6078 3778//6078 3748//6078
f 3001//6079 2999//6079 3785//6079
f 3001//6080 3785//6080 3787//6080
f 3001//6081 3787//6081 3567//6081
f 3001//6082 3567//6082 2490//6082
f 3001//6083 2490//6083 1838//6083
f 3790//6084 3162//6084 3160//6084
f 3790//6085 3160//6085 3656//6085
f 3790//6086 3656//6086 3792//6086
f 3790//6087 3792//6087 3410//6087
f 3790//3592 3410//3592 3162//3592
f 3793//134 3714//134 3713//134
f 3793//6088 3713//6088 3795//6088
f 3793//1526 3795//1526 3796//1526
f 3793//6089 3796//6089 3797//6089
f 3793//6090 3797//6090 3714//6090
f 3797//6091 3796//6091 3798//6091
f 3797//6092 3798//6092 3799//6092
f 3797//6093 3799//6093 3723//6093
f 3797//6094 3723//6094 3714//6094
f 3718//6095 2926//6095 3770//6095
f 3718//6096 3770//6096 3801//6096
f 3718//6097 3801//6097 3804//6097
f 3718//6098 3804//6098 3719//6098
f 3612//6099 3542//6099 3540//6099
f 3673//6100 3671//6100 3807//6100
f 3673//6101 3807//6101 3809//6101
f 3673//6102 3809//6102 3810//6102
f 3673//700 3810//700 3476//700
f 3673//2469 3476//2469 3355//2469
f 3721//6103 3719//6103 3583//6103
f 3721//6104 3583//6104 3581//6104
f 3721//6105 3581//6105 3795//6105
f 3721//6106 3795//6106 3713//6106
f 3721//6107 3713//6107 3711//6107
f 3604//1450 3172//1450 3813//1450
f 3604//134 3813//134 3814//134
f 3604//134 3816//134 3814//134
f 3604//134 3602//134 3816//134
f 3585//134 3536//134 3817//134
f 3585//134 3817//134 3819//134
f 3585//134 3819//134 3586//134
f 3585//631 3586//631 3185//631
f 3588//134 3586//134 3822//134
f 3588//134 3822//134 3824//134
f 3588//134 3824//134 3590//134
f 3588//631 3590//631 3190//631
f 3827//631 3192//631 3591//631
f 3827//134 3591//134 3830//134
f 3827//134 3830//134 3831//134
f 3827//134 3831//134 3596//134
f 3827//631 3596//631 3193//631
f 3827//631 3193//631 3192//631
f 3833//631 3196//631 3597//631
f 3833//134 3597//134 3835//134
f 3833//134 3835//134 3837//134
f 3833//134 3837//134 3602//134
f 3833//631 3602//631 3197//631
f 3833//631 3197//631 3196//631
f 3839//6108 3725//6108 3723//6108
f 3839//6109 3723//6109 3799//6109
f 3839//6110 3799//6110 3730//6110
f 3839//1859 3730//1859 3725//1859
f 3841//3755 3842//3755 3843//3755
f 3841//20 3843//20 3844//20
f 3841//6111 3844//6111 3845//6111
f 3841//6112 3845//6112 3846//6112
f 3841//6113 3846//6113 3848//6113
f 3841//6114 3848//6114 3842//6114
f 3849//6115 3851//6115 3852//6115
f 3849//6116 3852//6116 3853//6116
f 3849//6117 3853//6117 3855//6117
f 3849//6118 3855//6118 3857//6118
f 3849//6119 3857//6119 3858//6119
f 3849//86 3858//86 3851//86
f 3609//5957 3555//5957 3697//5957
f 3609//1709 3697//1709 3860//1709
f 3609//6120 3860//6120 3861//6120
f 3609//6121 3861//6121 3529//6121
f 3784//6122 3782//6122 3865//6122
f 3784//6123 3865//6123 3868//6123
f 3784//919 3868//919 3779//919
f 3784//3381 3779//3381 3778//3381
f 3870//472 3533//472 3562//472
f 3870//472 3562//472 3872//472
f 3870//472 3872//472 3874//472
f 3870//472 3874//472 3876//472
f 3870//472 3876//472 3535//472
f 3870//472 3535//472 3533//472
f 3878//279 3301//279 3299//279
f 3878//279 3299//279 3638//279
f 3878//61 3638//61 3880//61
f 3878//61 3880//61 3882//61
f 3878//61 3882//61 3635//61
f 3878//279 3635//279 3301//279
f 3643//61 3641//61 3885//61
f 3643//61 3885//61 3887//61
f 3643//61 3887//61 3637//61
f 3643//279 3637//279 3303//279
f 3647//61 3646//61 3890//61
f 3647//61 3890//61 3891//61
f 3647//61 3891//61 3641//61
f 3647//279 3641//279 3309//279
f 3892//279 3315//279 3313//279
f 3892//279 3313//279 3651//279
f 3892//61 3651//61 3894//61
f 3892//61 3894//61 3896//61
f 3892//61 3896//61 3646//61
f 3892//279 3646//279 3315//279
f 3352//6124 3627//6124 3899//6124
f 3352//399 3899//399 3650//399
f 3352//399 3650//399 3317//399
f 3353//6125 2902//6125 2900//6125
f 3902//6126 3411//6126 3410//6126
f 3902//6127 3410//6127 3792//6127
f 3902//6128 3792//6128 3655//6128
f 3902//6129 3655//6129 3905//6129
f 3902//6130 3905//6130 3906//6130
f 3902//5473 3906//5473 3907//5473
f 3902//2469 3907//2469 3411//2469
f 3907//3626 3906//3626 3909//3626
f 3907//6131 3909//6131 3910//6131
f 3907//3838 3910//3838 3455//3838
f 3907//6132 3455//6132 3453//6132
f 3907//6133 3453//6133 3411//6133
f 3421//6134 3419//6134 3479//6134
f 3421//6135 3479//6135 3476//6135
f 3421//6136 3476//6136 3576//6136
f 3421//3697 3576//3697 3422//3697
f 3914//6137 3851//6137 3858//6137
f 3914//6138 3858//6138 3915//6138
f 3914//6139 3915//6139 3916//6139
f 3914//3752 3916//3752 3918//3752
f 3914//1244 3918//1244 3919//1244
f 3914//6140 3919//6140 3851//6140
f 3921//408 3851//408 3919//408
f 3921//6141 3919//6141 3922//6141
f 3921//6142 3922//6142 3925//6142
f 3921//6143 3925//6143 3926//6143
f 3921//5315 3926//5315 3852//5315
f 3921//2086 3852//2086 3851//2086
f 3928//6144 3842//6144 3848//6144
f 3928//6145 3848//6145 3930//6145
f 3928//6146 3930//6146 3932//6146
f 3928//6147 3932//6147 3933//6147
f 3928//6148 3933//6148 3934//6148
f 3928//6149 3934//6149 3842//6149
f 3935//6150 3842//6150 3934//6150
f 3935//6151 3934//6151 3937//6151
f 3935//6152 3937//6152 3938//6152
f 3935//6153 3938//6153 3940//6153
f 3935//1119 3940//1119 3843//1119
f 3935//6154 3843//6154 3842//6154
f 3942//2296 3749//2296 3780//2296
f 3942//6155 3780//6155 3944//6155
f 3942//4660 3944//4660 3774//4660
f 3942//6156 3774//6156 3772//6156
f 3942//6157 3772//6157 3739//6157
f 3942//6158 3739//6158 3749//6158
f 3700//6159 3456//6159 3455//6159
f 3700//6160 3455//6160 3947//6160
f 3700//6161 3947//6161 3949//6161
f 3700//6162 3949//6162 3950//6162
f 3700//4027 3950//4027 3701//4027
f 3810//6163 3809//6163 3951//6163
f 3810//6164 3951//6164 3664//6164
f 3810//6165 3664//6165 3576//6165
f 3810//6166 3576//6166 3476//6166
f 3861//472 3860//472 3953//472
f 3861//6167 3953//6167 3530//6167
f 3861//6168 3530//6168 3529//6168
f 3955//6169 3858//6169 3857//6169
f 3955//6170 3857//6170 3957//6170
f 3955//6171 3957//6171 3958//6171
f 3955//6172 3958//6172 3960//6172
f 3955//6173 3960//6173 3915//6173
f 3955//6174 3915//6174 3858//6174
f 3962//6175 3848//6175 3846//6175
f 3962//6176 3846//6176 3964//6176
f 3962//1493 3964//1493 3965//1493
f 3962//6177 3965//6177 3967//6177
f 3962//6178 3967//6178 3930//6178
f 3962//6179 3930//6179 3848//6179
f 3655//6180 3792//6180 3656//6180
f 3701//6181 3950//6181 3969//6181
f 3701//6182 3969//6182 3971//6182
f 3701//6183 3971//6183 3905//6183
f 3701//6129 3905//6129 3655//6129
f 3973//983 3843//983 3940//983
f 3973//6184 3940//6184 3975//6184
f 3973//6185 3975//6185 3932//6185
f 3973//6186 3932//6186 3967//6186
f 3973//6187 3967//6187 3844//6187
f 3973//3582 3844//3582 3843//3582
f 3977//6188 3844//6188 3967//6188
f 3977//743 3967//743 3965//743
f 3977//6189 3965//6189 3964//6189
f 3977//6190 3964//6190 3845//6190
f 3977//6191 3845//6191 3844//6191
f 3926//919 3925//919 3979//919
f 3926//6192 3979//6192 3980//6192
f 3926//1746 3980//1746 3916//1746
f 3926//2694 3916//2694 3853//2694
f 3926//4311 3853//4311 3852//4311
f 3846//6193 3845//6193 3964//6193
f 3981//6194 3855//6194 3853//6194
f 3981//6195 3853//6195 3960//6195
f 3981//6196 3960//6196 3958//6196
f 3981//6197 3958//6197 3957//6197
f 3981//6198 3957//6198 3855//6198
f 3855//6199 3957//6199 3857//6199
f 3801//6200 3770//6200 3733//6200
f 3801//6201 3733//6201 3983//6201
f 3801//6202 3983//6202 3984//6202
f 3801//6203 3984//6203 3804//6203
f 3985//6204 3614//6204 3612//6204
f 3985//6205 3612//6205 3986//6205
f 3985//914 3986//914 3987//914
f 3985//6206 3987//6206 3989//6206
f 3985//6207 3989//6207 3991//6207
f 3985//6208 3991//6208 3992//6208
f 3985//6209 3992//6209 3994//6209
f 3985//1 3994//1 3996//1
f 3985//1 3996//1 3772//1
f 3985//6210 3772//6210 3742//6210
f 3985//6210 3742//6210 3691//6210
f 3985//6211 3691//6211 3614//6211
f 3677//6212 3676//6212 3997//6212
f 3677//6213 3997//6213 3807//6213
f 3677//1244 3807//1244 3671//1244
f 3916//6139 3915//6139 3960//6139
f 3916//6214 3960//6214 3853//6214
f 3999//919 3779//919 3868//919
f 3999//919 3868//919 4000//919
f 3999//1136 4000//1136 4001//1136
f 3999//6215 4001//6215 3780//6215
f 3999//6216 3780//6216 3779//6216
f 3910//6217 3909//6217 4002//6217
f 3910//6218 4002//6218 3947//6218
f 3910//6219 3947//6219 3455//6219
f 4004//6220 3664//6220 3951//6220
f 4004//6221 3951//6221 4005//6221
f 4004//6222 4005//6222 4006//6222
f 4004//6223 4006//6223 4009//6223
f 4004//6224 4009//6224 3666//6224
f 4004//4614 3666//4614 3664//4614
f 3493//20 3492//20 4012//20
f 3493//6225 4012//6225 4014//6225
f 3493//6226 4014//6226 3759//6226
f 3493//6227 3759//6227 3707//6227
f 3493//6228 3707//6228 3494//6228
f 4016//6229 3730//6229 3799//6229
f 4016//6230 3799//6230 4018//6230
f 4016//6231 4018//6231 3983//6231
f 4016//6232 3983//6232 3731//6232
f 4016//6233 3731//6233 3730//6233
f 3932//6234 3930//6234 3967//6234
f 4019//6235 2358//6235 3525//6235
f 4019//6236 3525//6236 4020//6236
f 4019//6237 4020//6237 4021//6237
f 4019//6238 4021//6238 4022//6238
f 4019//3008 4022//3008 2360//3008
f 4019//6239 2360//6239 2358//6239
f 3817//472 3536//472 3535//472
f 3817//472 3535//472 3876//472
f 3817//472 3876//472 4023//472
f 3817//3727 4023//3727 3819//3727
f 3822//134 3586//134 3819//134
f 3822//3727 3819//3727 4025//3727
f 3822//3727 4025//3727 4026//3727
f 3822//3727 4026//3727 3824//3727
f 4028//134 3590//134 3824//134
f 4028//3727 3824//3727 4031//3727
f 4028//3727 4031//3727 4033//3727
f 4028//3727 4033//3727 3830//3727
f 4028//134 3830//134 3591//134
f 4028//134 3591//134 3590//134
f 4035//134 3596//134 3831//134
f 4035//3727 3831//3727 4037//3727
f 4035//3727 4037//3727 4038//3727
f 4035//3727 4038//3727 3835//3727
f 4035//134 3835//134 3597//134
f 4035//134 3597//134 3596//134
f 3837//3727 3835//3727 4040//3727
f 3837//3727 4040//3727 4042//3727
f 3837//3727 4042//3727 3816//3727
f 3837//134 3816//134 3602//134
f 3814//134 3813//134 4044//134
f 3814//3727 4044//3727 4045//3727
f 3814//6240 4045//6240 4046//6240
f 3814//6241 4046//6241 3604//6241
f 4047//6242 3604//6242 4046//6242
f 4047//498 4046//498 3986//498
f 4047//6243 3986//6243 3612//6243
f 4047//6244 3612//6244 3739//6244
f 4047//6245 3739//6245 3624//6245
f 4047//6246 3624//6246 2873//6246
f 4047//1376 2873//1376 3604//1376
f 3707//6247 3759//6247 3757//6247
f 3707//6248 3757//6248 3062//6248
f 3739//6249 3772//6249 4051//6249
f 3739//6250 4051//6250 3626//6250
f 3739//6251 3626//6251 3624//6251
f 3944//472 3780//472 4001//472
f 3944//4040 4001//4040 3865//4040
f 3944//6252 3865//6252 3782//6252
f 3944//6253 3782//6253 3774//6253
f 4053//6254 3569//6254 3568//6254
f 4053//6255 3568//6255 3567//6255
f 4053//1136 3567//1136 3787//1136
f 4053//6256 3787//6256 4055//6256
f 4053//6257 4055//6257 3753//6257
f 4053//6258 3753//6258 3569//6258
f 3899//6259 3627//6259 4059//6259
f 3899//3999 4059//3999 4061//3999
f 3899//61 4061//61 3651//61
f 3899//61 3651//61 3650//61
f 3899//3999 4059//3999 4064//3999
f 3899//2292 4064//2292 3353//2292
f 3899//6260 3353//6260 3352//6260
f 3872//61 3562//61 3635//61
f 3872//61 3635//61 3882//61
f 3872//3999 3882//3999 4067//3999
f 3872//472 4067//472 3874//472
f 4070//61 3638//61 3637//61
f 4070//61 3637//61 3887//61
f 4070//3999 3887//3999 4071//3999
f 4070//3999 4071//3999 4072//3999
f 4070//3999 4072//3999 3880//3999
f 4070//61 3880//61 3638//61
f 3891//3999 3890//3999 4075//3999
f 3891//3999 4075//3999 4077//3999
f 3891//3999 4077//3999 3885//3999
f 3891//61 3885//61 3641//61
f 3896//3999 3894//3999 4079//3999
f 3896//3999 4079//3999 4081//3999
f 3896//3999 4081//3999 3890//3999
f 3896//61 3890//61 3646//61
f 3651//6261 3353//6261 4064//6261
f 3651//61 4064//61 4061//61
f 3651//61 4061//61 3894//61
f 4084//6262 3022//6262 3157//6262
f 4084//6263 3157//6263 4087//6263
f 4084//6264 4087//6264 4088//6264
f 4084//6265 4088//6265 3464//6265
f 4084//6266 3464//6266 3022//6266
f 3971//6267 3969//6267 4091//6267
f 3971//6268 4091//6268 3909//6268
f 3971//6269 3909//6269 3906//6269
f 3971//6270 3906//6270 3905//6270
f 3323//6271 3322//6271 4094//6271
f 3323//6272 4094//6272 3518//6272
f 3323//6273 3518//6273 3052//6273
f 4009//6274 4006//6274 4095//6274
f 4009//6275 4095//6275 4096//6275
f 4009//6276 4096//6276 4097//6276
f 4009//6277 4097//6277 3676//6277
f 4009//1156 3676//1156 3666//1156
f 3922//6278 3919//6278 3918//6278
f 3922//6279 3918//6279 4098//6279
f 3922//6280 4098//6280 4099//6280
f 3922//134 4099//134 4101//134
f 3922//6281 4101//6281 3925//6281
f 3980//1136 3979//1136 4098//1136
f 3980//1385 4098//1385 3918//1385
f 3980//1749 3918//1749 3916//1749
f 3975//6282 3940//6282 4102//6282
f 3975//399 4102//399 4104//399
f 3975//6283 4104//6283 3933//6283
f 3975//6284 3933//6284 3932//6284
f 3983//6285 3733//6285 3731//6285
f 3627//542 3626//542 4051//542
f 3627//61 4051//61 4105//61
f 3627//61 4105//61 4107//61
f 3627//6286 4107//6286 4059//6286
f 4108//6287 3573//6287 3753//6287
f 4108//6288 3753//6288 4109//6288
f 4108//1 4109//1 4110//1
f 4108//6289 4110//6289 3447//6289
f 4108//6290 3447//6290 3573//6290
f 2911//6291 3466//6291 2912//6291
f 3938//6292 3937//6292 4113//6292
f 3938//6293 4113//6293 4114//6293
f 3938//134 4114//134 4102//134
f 3938//134 4102//134 3940//134
f 4115//61 3934//61 3933//61
f 4115//6294 3933//6294 4104//6294
f 4115//6295 4104//6295 4118//6295
f 4115//6296 4118//6296 4120//6296
f 4115//6297 4120//6297 3937//6297
f 4115//6298 3937//6298 3934//6298
f 3583//6299 3719//6299 3804//6299
f 3583//6300 3804//6300 4122//6300
f 3583//6301 4122//6301 4123//6301
f 3583//6302 4123//6302 4125//6302
f 3583//6302 4125//6302 4126//6302
f 3583//399 4126//399 3251//399
f 3949//6303 3947//6303 4002//6303
f 3949//6304 4002//6304 4128//6304
f 3949//6305 4128//6305 4129//6305
f 3949//6306 4129//6306 4131//6306
f 3949//4894 4131//4894 3950//4894
f 3809//6307 3807//6307 3997//6307
f 3809//6308 3997//6308 4134//6308
f 3809//6309 4134//6309 4135//6309
f 3809//6309 4135//6309 4137//6309
f 3809//6310 4137//6310 4005//6310
f 3809//6311 4005//6311 3951//6311
f 3329//1 3327//1 4140//1
f 3329//1 4140//1 4142//1
f 3329//1 4142//1 4145//1
f 3329//6312 4145//6312 4147//6312
f 3329//6313 4147//6313 4094//6313
f 3329//6314 4094//6314 3322//6314
f 3520//399 3518//399 4150//399
f 3520//1743 4150//1743 3047//1743
f 3520//6315 3047//6315 4153//6315
f 3520//6316 4153//6316 4154//6316
f 3520//1881 4154//1881 4156//1881
f 3520//1881 4156//1881 3523//1881
f 4094//6317 4147//6317 3481//6317
f 4094//6318 3481//6318 4150//6318
f 4094//6319 4150//6319 3518//6319
f 4158//399 3464//399 4160//399
f 4158//1761 4160//1761 4162//1761
f 4158//6320 4162//6320 2910//6320
f 4158//6321 2910//6321 3470//6321
f 4158//6322 3470//6322 3464//6322
f 4088//6323 4087//6323 4164//6323
f 4088//6324 4164//6324 4166//6324
f 4088//2732 4166//2732 4168//2732
f 4088//6325 4168//6325 4160//6325
f 4088//1512 4160//1512 3464//1512
f 4169//6326 3014//6326 3470//6326
f 4169//6327 3470//6327 4171//6327
f 4169//6328 4171//6328 4172//6328
f 4169//1 4172//1 4174//1
f 4169//1 4174//1 4176//1
f 4169//1 4176//1 3474//1
f 4169//6329 3474//6329 2906//6329
f 4169//399 2906//399 3014//399
f 3152//6330 2408//6330 2406//6330
f 3152//61 2406//61 2911//61
f 3152//6331 2911//6331 4177//6331
f 3152//6332 4177//6332 4179//6332
f 3152//61 4179//61 4181//61
f 3152//61 4181//61 4182//61
f 3152//61 4182//61 3155//61
f 3045//6333 2361//6333 2360//6333
f 3045//134 2360//134 4022//134
f 3045//134 4022//134 4186//134
f 3045//134 4186//134 4188//134
f 3045//134 4188//134 4189//134
f 3045//2142 4189//2142 4153//2142
f 3045//6334 4153//6334 3047//6334
f 3483//3008 3481//3008 4192//3008
f 3483//6335 4192//6335 4189//6335
f 3483//134 4189//134 4194//134
f 3483//134 4194//134 3327//134
f 3483//134 3327//134 2918//134
f 4196//6336 3676//6336 4097//6336
f 4196//6337 4097//6337 4096//6337
f 4196//6338 4096//6338 4199//6338
f 4196//6339 4199//6339 4200//6339
f 4196//6340 4200//6340 4134//6340
f 4196//6341 4134//6341 3997//6341
f 4196//6342 3997//6342 3676//6342
f 3523//3779 4156//3779 4202//3779
f 3523//6343 4202//6343 4021//6343
f 3523//6344 4021//6344 4020//6344
f 3523//6345 4020//6345 3525//6345
f 4131//6346 4129//6346 4205//6346
f 4131//1202 4205//1202 4206//1202
f 4131//6347 4206//6347 4207//6347
f 4131//6348 4207//6348 3969//6348
f 4131//134 3969//134 3950//134
f 3474//542 4176//542 4208//542
f 3474//4600 4208//4600 4209//4600
f 3474//61 4209//61 2908//61
f 3474//61 2908//61 2906//61
f 3474//6349 2906//6349 3018//6349
f 4177//1512 2911//1512 4162//1512
f 4177//6350 4162//6350 4160//6350
f 4177//6351 4160//6351 4210//6351
f 4177//439 4210//439 4212//439
f 4177//57 4212//57 4179//57
f 2910//808 4162//808 2911//808
f 3481//6352 3047//6352 4150//6352
f 4214//6353 4046//6353 4045//6353
f 4214//399 4045//399 4215//399
f 4214//6354 4215//6354 4216//6354
f 4214//6355 4216//6355 4217//6355
f 4214//6356 4217//6356 4219//6356
f 4214//6357 4219//6357 4221//6357
f 4214//6358 4221//6358 3987//6358
f 4214//134 3987//134 4046//134
f 3987//134 3986//134 4046//134
f 4126//6359 4125//6359 4222//6359
f 4126//6360 4222//6360 2998//6360
f 4126//6361 2998//6361 3547//6361
f 4126//399 3547//399 3251//399
f 3772//6362 3996//6362 4223//6362
f 3772//6363 4223//6363 4225//6363
f 3772//6364 4225//6364 4226//6364
f 3772//6365 4226//6365 4105//6365
f 3772//1136 4105//1136 4051//1136
f 4222//6366 4125//6366 4229//6366
f 4222//4526 4229//4526 4231//4526
f 4222//6367 4231//6367 2999//6367
f 4222//6368 2999//6368 2998//6368
f 4147//4085 4145//4085 4233//4085
f 4147//6369 4233//6369 4234//6369
f 4147//1136 4234//1136 4236//1136
f 4147//61 4236//61 4237//61
f 4147//6370 4237//6370 4154//6370
f 4147//6371 4154//6371 4192//6371
f 4147//6372 4192//6372 3481//6372
f 4023//472 3876//472 4239//472
f 4023//472 4239//472 4241//472
f 4023//2540 4241//2540 4025//2540
f 4023//3727 4025//3727 3819//3727
f 4026//2540 4025//2540 4244//2540
f 4026//2540 4244//2540 4246//2540
f 4026//2540 4246//2540 4031//2540
f 4026//3727 4031//3727 3824//3727
f 4248//3727 3830//3727 4033//3727
f 4248//2540 4033//2540 4249//2540
f 4248//2540 4249//2540 4250//2540
f 4248//2540 4250//2540 4037//2540
f 4248//3727 4037//3727 3831//3727
f 4248//3727 3831//3727 3830//3727
f 4038//2540 4037//2540 4252//2540
f 4038//2540 4252//2540 4254//2540
f 4038//2540 4254//2540 4040//2540
f 4038//3727 4040//3727 3835//3727
f 4255//3727 3816//3727 4042//3727
f 4255//2540 4042//2540 4256//2540
f 4255//2540 4256//2540 4257//2540
f 4255//2540 4257//2540 4045//2540
f 4255//3727 4045//3727 3814//3727
f 4255//3727 3814//3727 3816//3727
f 4045//3727 4044//3727 4258//3727
f 4045//2540 4258//2540 4215//2540
f 4045//2540 4257//2540 4215//2540
f 3874//472 4067//472 4259//472
f 3874//472 4259//472 4239//472
f 3874//472 4239//472 3876//472
f 4260//3999 3882//3999 3880//3999
f 4260//3999 3880//3999 4072//3999
f 4260//2413 4072//2413 4261//2413
f 4260//2413 4261//2413 4263//2413
f 4260//2413 4263//2413 4067//2413
f 4260//3999 4067//3999 3882//3999
f 4265//3999 3887//3999 3885//3999
f 4265//3999 3885//3999 4077//3999
f 4265//2413 4077//2413 4267//2413
f 4265//2413 4267//2413 4268//2413
f 4265//2413 4268//2413 4071//2413
f 4265//3999 4071//3999 3887//3999
f 4081//2413 4079//2413 4270//2413
f 4081//2413 4270//2413 4271//2413
f 4081//2413 4271//2413 4075//2413
f 4081//3999 4075//3999 3890//3999
f 4272//3999 3894//3999 4061//3999
f 4272//3999 4061//3999 4273//3999
f 4272//2413 4273//2413 4275//2413
f 4272//2413 4275//2413 4277//2413
f 4272//2413 4277//2413 4079//2413
f 4272//3999 4079//3999 3894//3999
f 4278//3999 4061//3999 4064//3999
f 4278//3999 4064//3999 4059//3999
f 4278//2413 4059//2413 4279//2413
f 4278//2413 4279//2413 4281//2413
f 4278//2413 4281//2413 4273//2413
f 4278//3999 4273//3999 4061//3999
f 4273//3999 4061//3999 4059//3999
f 4273//2413 4059//2413 4279//2413
f 4273//2413 4279//2413 4282//2413
f 4273//2413 4282//2413 4275//2413
f 4171//6373 3470//6373 2910//6373
f 4171//6374 2910//6374 4212//6374
f 4171//6375 4212//6375 4210//6375
f 4171//6376 4210//6376 4283//6376
f 4171//134 4283//134 4285//134
f 4171//914 4285//914 4288//914
f 4171//6377 4288//6377 4290//6377
f 4171//6378 4290//6378 4172//6378
f 2908//61 4209//61 4179//61
f 2908//6379 4179//6379 4212//6379
f 2908//427 4212//427 2910//427
f 3909//4891 4091//4891 4292//4891
f 3909//6380 4292//6380 4294//6380
f 3909//6380 4294//6380 4296//6380
f 3909//2070 4296//2070 4002//2070
f 4128//6381 4002//6381 4296//6381
f 4128//6382 4296//6382 4294//6382
f 4128//6383 4294//6383 4299//6383
f 4128//6384 4299//6384 4300//6384
f 4128//6385 4300//6385 4205//6385
f 4128//6386 4205//6386 4129//6386
f 3695//6387 3564//6387 4302//6387
f 3695//472 4302//472 3860//472
f 3695//6388 3860//6388 3697//6388
f 4207//6389 4206//6389 4304//6389
f 4207//6390 4304//6390 4292//6390
f 4207//6391 4292//6391 4091//6391
f 4207//6392 4091//6392 3969//6392
f 3768//1 3767//1 4309//1
f 3768//791 4309//791 4310//791
f 3768//6393 4310//6393 4012//6393
f 3768//6394 4012//6394 3492//6394
f 3768//6395 3492//6395 3490//6395
f 4110//6396 4109//6396 4304//6396
f 4110//791 4304//791 4313//791
f 4110//1 4313//1 4315//1
f 4110//6397 4315//6397 3449//6397
f 4110//6398 3449//6398 3447//6398
f 4137//6399 4135//6399 4318//6399
f 4137//6400 4318//6400 4310//6400
f 4137//6401 4310//6401 4006//6401
f 4137//6402 4006//6402 4005//6402
f 4200//6403 4199//6403 4321//6403
f 4200//6404 4321//6404 4323//6404
f 4200//6405 4323//6405 4135//6405
f 4200//6406 4135//6406 4134//6406
f 4310//6407 4309//6407 4095//6407
f 4310//6408 4095//6408 4006//6408
f 4241//472 4239//472 4259//472
f 4241//472 4259//472 4263//472
f 4241//472 4263//472 4325//472
f 4241//2540 4325//2540 4244//2540
f 4241//2540 4244//2540 4025//2540
f 4326//2540 4031//2540 4246//2540
f 4326//2540 4246//2540 4328//2540
f 4326//2540 4328//2540 4330//2540
f 4326//2540 4330//2540 4249//2540
f 4326//2540 4249//2540 4033//2540
f 4326//2540 4033//2540 4031//2540
f 4250//2540 4249//2540 4331//2540
f 4250//2540 4331//2540 4333//2540
f 4250//2540 4333//2540 4252//2540
f 4250//2540 4252//2540 4037//2540
f 4334//2540 4040//2540 4254//2540
f 4334//2540 4254//2540 4335//2540
f 4334//2540 4335//2540 4336//2540
f 4334//2540 4336//2540 4256//2540
f 4334//2540 4256//2540 4042//2540
f 4334//2540 4042//2540 4040//2540
f 4215//2540 4258//2540 4337//2540
f 4215//2540 4337//2540 4216//2540
f 4215//2540 4339//2540 4216//2540
f 4215//2540 4257//2540 4339//2540
f 4263//472 4259//472 4067//472
f 4341//2413 4072//2413 4071//2413
f 4341//2413 4071//2413 4268//2413
f 4341//2413 4268//2413 4343//2413
f 4341//2413 4343//2413 4345//2413
f 4341//2413 4345//2413 4261//2413
f 4341//2413 4261//2413 4072//2413
f 4348//2413 4077//2413 4075//2413
f 4348//2413 4075//2413 4271//2413
f 4348//2413 4271//2413 4350//2413
f 4348//2413 4350//2413 4352//2413
f 4348//2413 4352//2413 4267//2413
f 4348//2413 4267//2413 4077//2413
f 4277//2413 4275//2413 4354//2413
f 4277//2413 4354//2413 4355//2413
f 4277//2413 4355//2413 4270//2413
f 4277//2413 4270//2413 4079//2413
f 4282//2413 4273//2413 4281//2413
f 4282//2413 4281//2413 4357//2413
f 4282//2413 4357//2413 4358//2413
f 4282//2413 4358//2413 4360//2413
f 4282//2413 4360//2413 4275//2413
f 4107//5728 4105//5728 4361//5728
f 4107//6409 4361//6409 4362//6409
f 4107//6410 4362//6410 4363//6410
f 4107//6411 4363//6411 4364//6411
f 4107//6412 4364//6412 4279//6412
f 4107//399 4279//399 4059//399
f 3579//6413 3765//6413 4365//6413
f 3579//6414 4365//6414 3795//6414
f 3579//4894 3795//4894 3581//4894
f 4366//2540 4244//2540 4325//2540
f 4366//741 4325//741 4367//741
f 4366//741 4367//741 4368//741
f 4366//741 4368//741 4328//741
f 4366//2540 4328//2540 4246//2540
f 4366//2540 4246//2540 4244//2540
f 4330//741 4328//741 4369//741
f 4330//741 4369//741 4371//741
f 4330//741 4371//741 4331//741
f 4330//2540 4331//2540 4249//2540
f 4373//2540 4252//2540 4333//2540
f 4373//741 4333//741 4375//741
f 4373//741 4375//741 4377//741
f 4373//741 4377//741 4335//741
f 4373//2540 4335//2540 4254//2540
f 4373//2540 4254//2540 4252//2540
f 4378//2540 4256//2540 4336//2540
f 4378//741 4336//741 4379//741
f 4378//741 4379//741 4380//741
f 4378//741 4380//741 4339//741
f 4378//2540 4339//2540 4257//2540
f 4378//2540 4257//2540 4256//2540
f 4216//2540 4337//2540 4381//2540
f 4216//741 4381//741 4217//741
f 4216//741 4382//741 4217//741
f 4216//57 4382//57 4339//57
f 4383//2413 4263//2413 4261//2413
f 4383//2413 4261//2413 4345//2413
f 4383//808 4345//808 4384//808
f 4383//3217 4384//3217 4367//3217
f 4383//3217 4367//3217 4325//3217
f 4383//472 4325//472 4263//472
f 4386//2413 4268//2413 4267//2413
f 4386//2413 4267//2413 4352//2413
f 4386//808 4352//808 4388//808
f 4386//808 4388//808 4389//808
f 4386//808 4389//808 4343//808
f 4386//2413 4343//2413 4268//2413
f 4391//2413 4271//2413 4270//2413
f 4391//2413 4270//2413 4355//2413
f 4391//808 4355//808 4393//808
f 4391//808 4393//808 4394//808
f 4391//808 4394//808 4350//808
f 4391//2413 4350//2413 4271//2413
f 4360//808 4358//808 4396//808
f 4360//808 4396//808 4398//808
f 4360//808 4398//808 4354//808
f 4360//2413 4354//2413 4275//2413
f 4364//2413 4281//2413 4279//2413
f 4364//5040 4279//5040 4282//5040
f 4364//5040 4282//5040 4358//5040
f 4364//808 4363//808 4358//808
f 4364//808 4363//808 4357//808
f 4364//2413 4357//2413 4281//2413
f 3984//6415 3983//6415 4400//6415
f 3984//2392 4400//2392 4401//2392
f 3984//6416 4401//6416 4402//6416
f 3984//6417 4402//6417 4403//6417
f 3984//399 4403//399 4405//399
f 3984//6418 4405//6418 4122//6418
f 3984//2413 4122//2413 3804//2413
f 4309//6419 3767//6419 4407//6419
f 4309//6420 4407//6420 4321//6420
f 4309//6421 4321//6421 4199//6421
f 4309//6422 4199//6422 4096//6422
f 4309//6423 4096//6423 4095//6423
f 3798//6424 3796//6424 4401//6424
f 3798//6425 4401//6425 4400//6425
f 3798//6426 4400//6426 4018//6426
f 3798//6427 4018//6427 3799//6427
f 4412//6428 3865//6428 4001//6428
f 4412//6429 4001//6429 4415//6429
f 4412//6430 4415//6430 4416//6430
f 4412//6293 4416//6293 4417//6293
f 4412//6431 4417//6431 4418//6431
f 4412//6432 4418//6432 3865//6432
f 4418//6433 4417//6433 4420//6433
f 4418//6434 4420//6434 4422//6434
f 4418//6435 4422//6435 3868//6435
f 4418//6436 3868//6436 3865//6436
f 4000//6437 3868//6437 4422//6437
f 4000//61 4422//61 4423//61
f 4000//6296 4423//6296 4424//6296
f 4000//6438 4424//6438 4415//6438
f 4000//6439 4415//6439 4001//6439
f 4313//6440 4304//6440 4206//6440
f 4313//6441 4206//6441 4205//6441
f 4313//6442 4205//6442 4300//6442
f 4313//6443 4300//6443 4425//6443
f 4313//6444 4425//6444 4426//6444
f 4313//6445 4426//6445 4315//6445
f 4428//4949 3327//4949 4194//4949
f 4428//6446 4194//6446 4430//6446
f 4428//6447 4430//6447 4431//6447
f 4428//201 4431//201 4433//201
f 4428//6448 4433//6448 4435//6448
f 4428//6449 4435//6449 4142//6449
f 4428//6450 4142//6450 4140//6450
f 4428//498 4140//498 3327//498
f 4153//20 4189//20 4192//20
f 4153//432 4192//432 4154//432
f 4436//1 4145//1 4142//1
f 4436//1 4142//1 4174//1
f 4436//1 4174//1 4172//1
f 4436//6451 4172//6451 4290//6451
f 4436//6452 4290//6452 4437//6452
f 4436//6453 4437//6453 4233//6453
f 4436//6454 4233//6454 4145//6454
f 3983//6455 4018//6455 4400//6455
f 4435//399 4433//399 4440//399
f 4435//399 4440//399 4442//399
f 4435//6456 4442//6456 4208//6456
f 4435//6457 4208//6457 4174//6457
f 4435//1376 4174//1376 4142//1376
f 4437//6458 4290//6458 4444//6458
f 4437//6459 4444//6459 4445//6459
f 4437//1 4445//1 3996//1
f 4437//1 3996//1 3994//1
f 4437//1 3994//1 4446//1
f 4437//6460 4446//6460 4448//6460
f 4437//6461 4448//6461 4233//6461
f 4450//20 3994//20 4451//20
f 4450//134 4451//134 4452//134
f 4450//134 4452//134 4453//134
f 4450//134 4453//134 4454//134
f 4450//6462 4454//6462 4446//6462
f 4450//20 4446//20 3994//20
f 4455//6463 3994//6463 3992//6463
f 4455//6464 3992//6464 4457//6464
f 4455//6465 4457//6465 4452//6465
f 4455//1054 4452//1054 4451//1054
f 4455//20 4451//20 3994//20
f 4454//134 4453//134 4458//134
f 4454//6466 4458//6466 4448//6466
f 4454//6467 4448//6467 4446//6467
f 4460//57 3996//57 4445//57
f 4460//6468 4445//6468 4461//6468
f 4460//61 4461//61 4463//61
f 4460//61 4463//61 4465//61
f 4460//61 4465//61 4466//61
f 4460//57 4466//57 3996//57
f 4467//57 3996//57 4466//57
f 4467//668 4466//668 4465//668
f 4467//6469 4465//6469 4469//6469
f 4467//6470 4469//6470 4223//6470
f 4467//6471 4223//6471 3996//6471
f 4444//6472 4290//6472 4471//6472
f 4444//926 4471//926 4461//926
f 4444//6473 4461//6473 4445//6473
f 4208//6474 4176//6474 4174//6474
f 4237//6475 4236//6475 4473//6475
f 4237//6476 4473//6476 4475//6476
f 4237//734 4475//734 4156//734
f 4237//3982 4156//3982 4154//3982
f 4365//6477 3765//6477 4476//6477
f 4365//6478 4476//6478 4402//6478
f 4365//6479 4402//6479 4401//6479
f 4365//6480 4401//6480 3796//6480
f 4365//6481 3796//6481 3795//6481
f 4458//5 4453//5 4478//5
f 4458//6482 4478//6482 4479//6482
f 4458//6483 4479//6483 4481//6483
f 4458//472 4481//472 4233//472
f 4458//6484 4233//6484 4448//6484
f 4234//6485 4233//6485 4481//6485
f 4234//6486 4481//6486 4479//6486
f 4234//6487 4479//6487 4236//6487
f 4483//6488 4290//6488 4288//6488
f 4483//6489 4288//6489 4484//6489
f 4483//6490 4484//6490 4471//6490
f 4483//472 4471//472 4290//472
f 4164//6491 4087//6491 3157//6491
f 4164//6492 3157//6492 3155//6492
f 4164//6493 3155//6493 4166//6493
f 4168//2285 4166//2285 4486//2285
f 4168//6494 4486//6494 4487//6494
f 4168//659 4487//659 4283//659
f 4168//747 4283//747 4210//747
f 4168//6325 4210//6325 4160//6325
f 4425//6495 4300//6495 4299//6495
f 4425//6496 4299//6496 4488//6496
f 4425//6497 4488//6497 4489//6497
f 4425//6498 4489//6498 4426//6498
f 4491//6499 4292//6499 4304//6499
f 4491//6500 4304//6500 4109//6500
f 4491//6501 4109//6501 4493//6501
f 4491//6502 4493//6502 4294//6502
f 4491//6503 4294//6503 4292//6503
f 4188//6504 4186//6504 4495//6504
f 4188//6505 4495//6505 4475//6505
f 4188//3899 4475//3899 4194//3899
f 4188//134 4194//134 4189//134
f 4368//6506 4367//6506 4498//6506
f 4368//6506 4498//6506 4499//6506
f 4368//6506 4499//6506 4369//6506
f 4368//741 4369//741 4328//741
f 4501//741 4331//741 4371//741
f 4501//6506 4371//6506 4504//6506
f 4501//6506 4504//6506 4506//6506
f 4501//6506 4506//6506 4375//6506
f 4501//741 4375//741 4333//741
f 4501//741 4333//741 4331//741
f 4508//741 4335//741 4377//741
f 4508//6506 4377//6506 4509//6506
f 4508//6506 4509//6506 4510//6506
f 4508//6506 4510//6506 4379//6506
f 4508//741 4379//741 4336//741
f 4508//741 4336//741 4335//741
f 4217//741 4381//741 4520//741
f 4217//6506 4520//6506 4522//6506
f 4217//6507 4522//6507 4219//6507
f 3953//472 3860//472 4302//472
f 3953//1382 4302//1382 4524//1382
f 3953//1382 4524//1382 4526//1382
f 3953//6508 4526//6508 4407//6508
f 3953//6509 4407//6509 3767//6509
f 3953//6510 3767//6510 3530//6510
f 4528//6511 3987//6511 4221//6511
f 4528//1300 4221//1300 4530//1300
f 4528//770 4530//770 4531//770
f 4528//6512 4531//6512 4533//6512
f 4528//472 4533//472 4021//472
f 4528//6513 4021//6513 3989//6513
f 4528//6514 3989//6514 3987//6514
f 4536//6515 4105//6515 4226//6515
f 4536//6516 4226//6516 4164//6516
f 4536//472 4164//472 4537//472
f 4536//6517 4537//6517 4531//6517
f 4536//770 4531//770 4530//770
f 4536//1300 4530//1300 4361//1300
f 4536//6518 4361//6518 4105//6518
f 4315//6519 4426//6519 4302//6519
f 4315//6520 4302//6520 3564//6520
f 4315//427 3564//427 3449//427
f 4539//808 4345//808 4343//808
f 4539//808 4343//808 4389//808
f 4539//6521 4389//6521 4541//6521
f 4539//6521 4541//6521 4542//6521
f 4539//6521 4542//6521 4384//6521
f 4539//808 4384//808 4345//808
f 4543//808 4352//808 4350//808
f 4543//808 4350//808 4394//808
f 4543//6521 4394//6521 4545//6521
f 4543//6521 4545//6521 4546//6521
f 4543//6521 4546//6521 4388//6521
f 4543//808 4388//808 4352//808
f 4547//808 4355//808 4354//808
f 4547//808 4354//808 4398//808
f 4547//6521 4398//6521 4548//6521
f 4547//6521 4548//6521 4549//6521
f 4547//6521 4549//6521 4393//6521
f 4547//808 4393//808 4355//808
f 4550//808 4358//808 4357//808
f 4550//808 4357//808 4363//808
f 4550//6521 4363//6521 4552//6521
f 4550//6521 4552//6521 4553//6521
f 4550//6521 4553//6521 4554//6521
f 4550//808 4554//808 4358//808
f 4554//808 4358//808 4363//808
f 4554//6521 4363//6521 4552//6521
f 4554//6521 4552//6521 4556//6521
f 4554//6521 4556//6521 4557//6521
f 4554//6521 4557//6521 4396//6521
f 4554//808 4396//808 4358//808
f 4209//6522 4208//6522 4558//6522
f 4209//61 4558//61 4559//61
f 4209//1132 4559//1132 4487//1132
f 4209//3931 4487//3931 4181//3931
f 4209//61 4181//61 4179//61
f 4561//201 4208//201 4442//201
f 4561//6523 4442//6523 4562//6523
f 4561//6523 4562//6523 4558//6523
f 4561//5767 4558//5767 4208//5767
f 4430//134 4194//134 4564//134
f 4430//134 4564//134 4565//134
f 4430//6524 4565//6524 4567//6524
f 4430//981 4567//981 4569//981
f 4430//6523 4569//6523 4431//6523
f 4569//6525 4567//6525 4440//6525
f 4569//6526 4440//6526 4433//6526
f 4569//6523 4433//6523 4431//6523
f 4021//1237 4202//1237 3991//1237
f 4021//6527 3991//6527 3989//6527
f 4440//399 4567//399 4571//399
f 4440//399 4571//399 4572//399
f 4440//6528 4572//6528 4562//6528
f 4440//6529 4562//6529 4442//6529
f 4164//6530 4226//6530 4225//6530
f 4164//727 4225//727 4166//727
f 4463//61 4461//61 4471//61
f 4463//32 4471//32 4574//32
f 4463//6531 4574//6531 4576//6531
f 4463//3359 4576//3359 4577//3359
f 4463//61 4577//61 4579//61
f 4463//61 4579//61 4465//61
f 4109//6532 3753//6532 4055//6532
f 4109//6533 4055//6533 4583//6533
f 4109//6534 4583//6534 4585//6534
f 4109//6535 4585//6535 4493//6535
f 4012//6536 4310//6536 4318//6536
f 4012//6537 4318//6537 4586//6537
f 4012//399 4586//399 4587//399
f 4012//6538 4587//6538 4588//6538
f 4012//6539 4588//6539 4014//6539
f 3992//6540 3991//6540 4202//6540
f 3992//6541 4202//6541 4495//6541
f 3992//6542 4495//6542 4589//6542
f 3992//6543 4589//6543 4457//6543
f 3761//134 3759//134 4014//134
f 3761//6544 4014//6544 4588//6544
f 3761//6545 4588//6545 4593//6545
f 3761//6546 4593//6546 4594//6546
f 3761//6547 4594//6547 4595//6547
f 3761//6548 4595//6548 3765//6548
f 4223//6549 4596//6549 4469//6549
f 4223//6550 4486//6550 4596//6550
f 4223//6551 4486//6551 4166//6551
f 4223//6552 4166//6552 4225//6552
f 4488//6553 4299//6553 4294//6553
f 4488//6554 4294//6554 4493//6554
f 4488//6555 4493//6555 4600//6555
f 4488//6556 4600//6556 4601//6556
f 4488//6557 4601//6557 4489//6557
f 4586//6558 4318//6558 4135//6558
f 4586//6559 4135//6559 4323//6559
f 4586//6560 4323//6560 4603//6560
f 4586//1078 4603//1078 4587//1078
f 4604//6561 4221//6561 4219//6561
f 4604//3423 4219//3423 4605//3423
f 4604//6562 4605//6562 4362//6562
f 4604//6563 4362//6563 4361//6563
f 4604//6564 4361//6564 4530//6564
f 4604//6565 4530//6565 4221//6565
f 4522//6506 4217//6506 4607//6506
f 4522//6566 4607//6566 4609//6566
f 4522//6566 4609//6566 4610//6566
f 4522//4526 4610//4526 4612//4526
f 4522//4526 4612//4526 4615//4526
f 4522//6567 4615//6567 4219//6567
f 4615//4526 4612//4526 4552//4526
f 4615//6567 4552//6567 4362//6567
f 4615//6568 4362//6568 4605//6568
f 4615//6569 4605//6569 4219//6569
f 4552//6570 4363//6570 4362//6570
f 4564//535 4194//535 4475//535
f 4564//6571 4475//6571 4473//6571
f 4564//6572 4473//6572 4617//6572
f 4564//134 4617//134 4565//134
f 4022//6573 4021//6573 4533//6573
f 4022//6574 4533//6574 4619//6574
f 4022//6575 4619//6575 4621//6575
f 4022//134 4621//134 4623//134
f 4022//134 4623//134 4186//134
f 4495//6576 4202//6576 4156//6576
f 4495//6577 4156//6577 4475//6577
f 4624//6578 4302//6578 4426//6578
f 4624//6579 4426//6579 4626//6579
f 4624//6580 4626//6580 4627//6580
f 4624//354 4627//354 4524//354
f 4624//1382 4524//1382 4302//1382
f 4231//6581 4229//6581 4629//6581
f 4231//6582 4629//6582 4630//6582
f 4231//6583 4630//6583 4631//6583
f 4231//6584 4631//6584 3785//6584
f 4231//5051 3785//5051 2999//5051
f 4633//6585 4283//6585 4487//6585
f 4633//6586 4487//6586 4559//6586
f 4633//6587 4559//6587 4635//6587
f 4633//6588 4635//6588 4637//6588
f 4633//6589 4637//6589 4574//6589
f 4633//6590 4574//6590 4484//6590
f 4633//1 4484//1 4285//1
f 4633//6591 4285//6591 4283//6591
f 4486//6592 4596//6592 4182//6592
f 4486//6593 4182//6593 4181//6593
f 4486//6594 4181//6594 4487//6594
f 4640//1055 4495//1055 4186//1055
f 4640//6595 4186//6595 4641//6595
f 4640//6596 4641//6596 4643//6596
f 4640//6597 4643//6597 4644//6597
f 4640//6598 4644//6598 4589//6598
f 4640//6599 4589//6599 4495//6599
f 4498//1709 4367//1709 4384//1709
f 4498//1709 4384//1709 4542//1709
f 4498//472 4542//472 4646//472
f 4498//6566 4646//6566 4499//6566
f 4647//6506 4369//6506 4499//6506
f 4647//6566 4499//6566 4649//6566
f 4647//6566 4649//6566 4650//6566
f 4647//6566 4650//6566 4504//6566
f 4647//6506 4504//6506 4371//6506
f 4647//6506 4371//6506 4369//6506
f 4652//6506 4375//6506 4506//6506
f 4652//6566 4506//6566 4653//6566
f 4652//6566 4653//6566 4654//6566
f 4652//6566 4654//6566 4509//6566
f 4652//6506 4509//6506 4377//6506
f 4652//6506 4377//6506 4375//6506
f 4657//6506 4379//6506 4510//6506
f 4657//6566 4510//6566 4658//6566
f 4657//6566 4658//6566 4659//6566
f 4657//6566 4659//6566 4660//6566
f 4657//6506 4660//6506 4380//6506
f 4657//6506 4380//6506 4379//6506
f 4660//6566 4659//6566 4662//6566
f 4660//6566 4662//6566 4607//6566
f 4660//6506 4607//6506 4382//6506
f 4660//6506 4382//6506 4380//6506
f 4607//6506 4217//6506 4382//6506
f 4522//6566 4666//6566 4665//6566
f 4522//6600 4666//6600 4520//6600
f 4522//6600 4520//6600 4667//6600
f 4669//354 4526//354 4524//354
f 4669//354 4524//354 4627//354
f 4669//1920 4627//1920 4671//1920
f 4669//6601 4671//6601 4673//6601
f 4669//6602 4673//6602 4674//6602
f 4669//6603 4674//6603 4526//6603
f 4674//6604 4673//6604 4675//6604
f 4674//6605 4675//6605 4407//6605
f 4674//6606 4407//6606 4526//6606
f 4677//6521 4389//6521 4388//6521
f 4677//6521 4388//6521 4546//6521
f 4677//6607 4546//6607 4678//6607
f 4677//6607 4678//6607 4679//6607
f 4677//6607 4679//6607 4541//6607
f 4677//6521 4541//6521 4389//6521
f 4681//6521 4394//6521 4393//6521
f 4681//6521 4393//6521 4549//6521
f 4681//6607 4549//6607 4682//6607
f 4681//6607 4682//6607 4683//6607
f 4681//6607 4683//6607 4545//6607
f 4681//6521 4545//6521 4394//6521
f 4684//6521 4398//6521 4396//6521
f 4684//6521 4396//6521 4557//6521
f 4684//6607 4557//6607 4686//6607
f 4684//6607 4686//6607 4688//6607
f 4684//6607 4688//6607 4548//6607
f 4684//6521 4548//6521 4398//6521
f 4484//6608 4288//6608 4285//6608
f 4675//6609 4673//6609 4689//6609
f 4675//6610 4689//6610 4691//6610
f 4675//6611 4691//6611 4323//6611
f 4675//6612 4323//6612 4321//6612
f 4675//6613 4321//6613 4407//6613
f 4405//399 4403//399 4229//399
f 4405//399 4229//399 4125//399
f 4405//399 4125//399 4123//399
f 4405//6614 4123//6614 4122//6614
f 3787//6615 3785//6615 4695//6615
f 3787//6616 4695//6616 4696//6616
f 3787//6617 4696//6617 4697//6617
f 3787//6618 4697//6618 4583//6618
f 3787//6619 4583//6619 4055//6619
f 4489//6620 4601//6620 4698//6620
f 4489//6621 4698//6621 4699//6621
f 4489//6622 4699//6622 4626//6622
f 4489//6623 4626//6623 4426//6623
f 4699//6624 4698//6624 4700//6624
f 4699//6625 4700//6625 4671//6625
f 4699//6626 4671//6626 4627//6626
f 4699//6627 4627//6627 4626//6627
f 4644//6628 4643//6628 4452//6628
f 4644//6629 4452//6629 4457//6629
f 4644//6630 4457//6630 4589//6630
f 4702//6631 4469//6631 4465//6631
f 4702//6632 4465//6632 4579//6632
f 4702//6633 4579//6633 4704//6633
f 4702//6634 4704//6634 4596//6634
f 4702//6635 4469//6635 4596//6635
f 4587//6636 4603//6636 4705//6636
f 4587//6637 4705//6637 4593//6637
f 4587//6638 4593//6638 4588//6638
f 4646//472 4542//472 4707//472
f 4646//6639 4707//6639 4709//6639
f 4646//6640 4709//6640 4649//6640
f 4646//6566 4649//6566 4499//6566
f 4710//6566 4504//6566 4650//6566
f 4710//6640 4650//6640 4711//6640
f 4710//6640 4711//6640 4712//6640
f 4710//6640 4712//6640 4653//6640
f 4710//6566 4653//6566 4506//6566
f 4710//6566 4506//6566 4504//6566
f 4714//6566 4509//6566 4654//6566
f 4714//6640 4654//6640 4715//6640
f 4714//6640 4715//6640 4716//6640
f 4714//6640 4716//6640 4658//6640
f 4714//6566 4658//6566 4510//6566
f 4714//6566 4510//6566 4509//6566
f 4662//6640 4659//6640 4718//6640
f 4662//6640 4718//6640 4719//6640
f 4662//6640 4719//6640 4609//6640
f 4662//6566 4609//6566 4607//6566
f 4720//6640 4721//6640 4722//6640
f 4720//6640 4722//6640 4665//6640
f 4720//6566 4665//6566 4666//6566
f 4700//6641 4698//6641 4726//6641
f 4700//6642 4726//6642 4689//6642
f 4700//6643 4689//6643 4673//6643
f 4700//6644 4673//6644 4671//6644
f 4707//6607 4542//6607 4541//6607
f 4707//6607 4541//6607 4679//6607
f 4707//6645 4679//6645 4729//6645
f 4707//6639 4729//6639 4709//6639
f 4730//6607 4546//6607 4545//6607
f 4730//6607 4545//6607 4683//6607
f 4730//6645 4683//6645 4731//6645
f 4730//6645 4731//6645 4732//6645
f 4730//6645 4732//6645 4678//6645
f 4730//6607 4678//6607 4546//6607
f 4735//6607 4549//6607 4548//6607
f 4735//6607 4548//6607 4688//6607
f 4735//6645 4688//6645 4738//6645
f 4735//6645 4738//6645 4739//6645
f 4735//6645 4739//6645 4682//6645
f 4735//6607 4682//6607 4549//6607
f 4740//6607 4557//6607 4556//6607
f 4740//6607 4556//6607 4741//6607
f 4740//6645 4741//6645 4743//6645
f 4740//6645 4743//6645 4745//6645
f 4740//6645 4745//6645 4686//6645
f 4740//6607 4686//6607 4557//6607
f 4747//6607 4556//6607 4552//6607
f 4747//4526 4552//4526 4612//4526
f 4747//4294 4612//4294 4749//4294
f 4747//6646 4749//6646 4750//6646
f 4747//6645 4750//6645 4741//6645
f 4747//6607 4741//6607 4556//6607
f 4585//6647 4583//6647 4697//6647
f 4585//6648 4697//6648 4752//6648
f 4585//6649 4752//6649 4600//6649
f 4585//6650 4600//6650 4493//6650
f 4403//6651 4402//6651 4753//6651
f 4403//2992 4753//2992 4629//2992
f 4403//399 4629//399 4229//399
f 4691//6652 4689//6652 4754//6652
f 4691//6653 4754//6653 4603//6653
f 4691//6654 4603//6654 4323//6654
f 4594//6655 4593//6655 4705//6655
f 4594//6656 4705//6656 4754//6656
f 4594//6657 4754//6657 4755//6657
f 4594//6658 4755//6658 4595//6658
f 4754//6659 4705//6659 4603//6659
f 4756//6640 4649//6640 4709//6640
f 4756//5367 4709//5367 4758//5367
f 4756//5367 4758//5367 4759//5367
f 4756//5367 4759//5367 4711//5367
f 4756//6640 4711//6640 4650//6640
f 4756//6640 4650//6640 4649//6640
f 4761//6640 4653//6640 4712//6640
f 4761//5367 4712//5367 4762//5367
f 4761//5367 4762//5367 4763//5367
f 4761//5367 4763//5367 4715//5367
f 4761//6640 4715//6640 4654//6640
f 4761//6640 4654//6640 4653//6640
f 4764//6640 4658//6640 4716//6640
f 4764//5367 4716//5367 4766//5367
f 4764//5367 4766//5367 4767//5367
f 4764//5367 4767//5367 4718//5367
f 4764//6640 4718//6640 4659//6640
f 4764//6640 4659//6640 4658//6640
f 4768//6640 4609//6640 4719//6640
f 4768//5367 4719//5367 4770//5367
f 4768//5367 4770//5367 4772//5367
f 4768//5367 4772//5367 4774//5367
f 4768//6640 4774//6640 4610//6640
f 4768//6640 4610//6640 4609//6640
f 4749//4294 4612//4294 4610//4294
f 4749//6660 4610//6660 4774//6660
f 4749//6661 4774//6661 4775//6661
f 4749//525 4775//525 4776//525
f 4749//6662 4776//6662 4750//6662
f 4777//6645 4679//6645 4678//6645
f 4777//6645 4678//6645 4732//6645
f 4777//6663 4732//6663 4778//6663
f 4777//6663 4778//6663 4779//6663
f 4777//6663 4779//6663 4729//6663
f 4777//6645 4729//6645 4679//6645
f 4781//6645 4683//6645 4682//6645
f 4781//6645 4682//6645 4739//6645
f 4781//6663 4739//6663 4783//6663
f 4781//6663 4783//6663 4785//6663
f 4781//6663 4785//6663 4731//6663
f 4781//6645 4731//6645 4683//6645
f 4787//6645 4688//6645 4686//6645
f 4787//6645 4686//6645 4745//6645
f 4787//6663 4745//6663 4790//6663
f 4787//6663 4790//6663 4792//6663
f 4787//6663 4792//6663 4738//6663
f 4787//6645 4738//6645 4688//6645
f 4794//6645 4741//6645 4750//6645
f 4794//6663 4750//6663 4776//6663
f 4794//6663 4776//6663 4796//6663
f 4794//6663 4796//6663 4797//6663
f 4794//6663 4797//6663 4743//6663
f 4794//6645 4743//6645 4741//6645
f 4696//6664 4695//6664 4799//6664
f 4696//6665 4799//6665 4801//6665
f 4696//6666 4801//6666 4752//6666
f 4696//6667 4752//6667 4697//6667
f 4801//6668 4799//6668 4803//6668
f 4801//6669 4803//6669 4698//6669
f 4801//6670 4698//6670 4601//6670
f 4801//6671 4601//6671 4600//6671
f 4801//6672 4600//6672 4752//6672
f 4805//6673 3765//6673 4595//6673
f 4805//6674 4595//6674 4806//6674
f 4805//6675 4806//6675 4476//6675
f 4805//6676 4476//6676 3765//6676
f 4808//6677 4689//6677 4726//6677
f 4808//6678 4726//6678 4803//6678
f 4808//6679 4803//6679 4811//6679
f 4808//6680 4811//6680 4755//6680
f 4808//6681 4755//6681 4754//6681
f 4808//6682 4754//6682 4689//6682
f 4120//6683 4118//6683 4814//6683
f 4120//655 4814//655 4816//655
f 4120//354 4816//354 4113//354
f 4120//472 4113//472 3937//472
f 4753//6684 4402//6684 4476//6684
f 4753//6685 4476//6685 4817//6685
f 4753//6686 4817//6686 4819//6686
f 4753//6686 4819//6686 4630//6686
f 4753//2992 4630//2992 4629//2992
f 4424//6687 4423//6687 4820//6687
f 4424//6688 4820//6688 4821//6688
f 4424//354 4821//354 4416//354
f 4424//472 4416//472 4415//472
f 4803//6689 4726//6689 4698//6689
f 4631//6690 4630//6690 4819//6690
f 4631//6691 4819//6691 4823//6691
f 4631//6692 4823//6692 4824//6692
f 4631//6693 4824//6693 3785//6693
f 4695//6694 3785//6694 4824//6694
f 4695//6695 4824//6695 4823//6695
f 4695//6696 4823//6696 4799//6696
f 4473//1 4236//1 4479//1
f 4473//6697 4479//6697 4478//6697
f 4473//6698 4478//6698 4826//6698
f 4473//6699 4826//6699 4617//6699
f 4827//6700 4102//6700 4114//6700
f 4827//2691 4114//2691 4828//2691
f 4827//4707 4828//4707 4830//4707
f 4827//6701 4830//6701 4118//6701
f 4827//6702 4118//6702 4104//6702
f 4827//6434 4104//6434 4102//6434
f 4831//1136 4098//1136 3979//1136
f 4831//6703 3979//6703 4832//6703
f 4831//6704 4832//6704 4833//6704
f 4831//6705 4833//6705 4834//6705
f 4831//1851 4834//1851 4099//1851
f 4831//1001 4099//1001 4098//1001
f 4101//6706 4099//6706 4835//6706
f 4101//399 4835//399 4832//399
f 4101//861 4832//861 4836//861
f 4101//6707 4836//6707 4837//6707
f 4101//6708 4837//6708 4839//6708
f 4101//6709 4839//6709 4840//6709
f 4101//6710 4840//6710 3925//6710
f 4841//6711 3925//6711 4840//6711
f 4841//6712 4840//6712 4839//6712
f 4841//6713 4839//6713 4843//6713
f 4841//5761 4843//5761 4836//5761
f 4841//61 4836//61 3925//61
f 4836//6714 4832//6714 3979//6714
f 4836//1423 3979//1423 3925//1423
f 4643//6715 4641//6715 4846//6715
f 4643//6716 4846//6716 4847//6716
f 4643//6717 4847//6717 4453//6717
f 4643//4191 4453//4191 4452//4191
f 4848//6718 4453//6718 4847//6718
f 4848//6719 4847//6719 4850//6719
f 4848//6720 4850//6720 4851//6720
f 4848//6721 4851//6721 4826//6721
f 4848//6722 4826//6722 4478//6722
f 4848//2330 4478//2330 4453//2330
f 4531//6723 4537//6723 4853//6723
f 4531//6724 4853//6724 4855//6724
f 4531//354 4855//354 4619//354
f 4531//6725 4619//6725 4533//6725
f 4572//2469 4571//2469 4856//2469
f 4572//6726 4856//6726 4857//6726
f 4572//6727 4857//6727 4558//6727
f 4572//981 4558//981 4562//981
f 4574//6728 4471//6728 4484//6728
f 4420//6729 4417//6729 4858//6729
f 4420//6730 4858//6730 4859//6730
f 4420//6731 4859//6731 4423//6731
f 4420//6732 4423//6732 4422//6732
f 4182//6733 4596//6733 4704//6733
f 4182//6734 4704//6734 4860//6734
f 4182//6735 4860//6735 4861//6735
f 4182//61 4861//61 4862//61
f 4182//61 4862//61 3155//61
f 4857//399 4856//399 4864//399
f 4857//61 4864//61 4635//61
f 4857//61 4635//61 4559//61
f 4857//61 4559//61 4558//61
f 4623//2678 4621//2678 4866//2678
f 4623//2678 4866//2678 4869//2678
f 4623//472 4869//472 4872//472
f 4623//741 4872//741 4873//741
f 4623//741 4873//741 4874//741
f 4623//134 4874//134 4186//134
f 4874//6736 4873//6736 4846//6736
f 4874//6737 4846//6737 4641//6737
f 4874//6738 4641//6738 4186//6738
f 4758//1300 4709//1300 4729//1300
f 4758//1300 4729//1300 4779//1300
f 4758//472 4779//472 4875//472
f 4758//741 4875//741 4759//741
f 4759//741 4875//741 4876//741
f 4759//741 4876//741 4762//741
f 4759//5367 4762//5367 4712//5367
f 4759//5367 4712//5367 4711//5367
f 4877//5367 4715//5367 4763//5367
f 4877//741 4763//741 4878//741
f 4877//741 4878//741 4879//741
f 4877//741 4879//741 4766//741
f 4877//5367 4766//5367 4716//5367
f 4877//5367 4716//5367 4715//5367
f 4881//5367 4718//5367 4767//5367
f 4881//741 4767//741 4883//741
f 4881//741 4883//741 4884//741
f 4881//741 4884//741 4770//741
f 4881//5367 4770//5367 4719//5367
f 4881//5367 4719//5367 4718//5367
f 4886//2944 4887//2944 4888//2944
f 4886//2944 4888//2944 4890//2944
f 4886//5367 4890//5367 4721//5367
f 4721//5367 4890//5367 4722//5367
f 4772//741 4770//741 4891//741
f 4772//741 4891//741 4893//741
f 4772//741 4893//741 4775//741
f 4772//5367 4775//5367 4774//5367
f 4778//6663 4732//6663 4731//6663
f 4778//6663 4731//6663 4785//6663
f 4778//808 4785//808 4894//808
f 4778//808 4894//808 4895//808
f 4778//808 4895//808 4779//808
f 4896//6663 4739//6663 4738//6663
f 4896//6663 4738//6663 4792//6663
f 4896//808 4792//808 4898//808
f 4896//808 4898//808 4899//808
f 4896//808 4899//808 4783//808
f 4896//6663 4783//6663 4739//6663
f 4900//6663 4745//6663 4743//6663
f 4900//6663 4743//6663 4797//6663
f 4900//808 4797//808 4901//808
f 4900//808 4901//808 4902//808
f 4900//808 4902//808 4790//808
f 4900//6663 4790//6663 4745//6663
f 4576//6739 4574//6739 4637//6739
f 4576//6740 4637//6740 4903//6740
f 4576//6741 4903//6741 4905//6741
f 4576//6742 4905//6742 4577//6742
f 4579//61 4577//61 4907//61
f 4579//6743 4907//6743 4861//6743
f 4579//6744 4861//6744 4860//6744
f 4579//6745 4860//6745 4704//6745
f 4866//1 4621//1 4619//1
f 4866//1 4619//1 4855//1
f 4866//1 4855//1 4908//1
f 4866//2678 4908//2678 4869//2678
f 4617//6746 4826//6746 4851//6746
f 4617//6747 4851//6747 4909//6747
f 4617//6748 4909//6748 4910//6748
f 4617//134 4910//134 4565//134
f 4806//6749 4595//6749 4755//6749
f 4806//6750 4755//6750 4911//6750
f 4806//6751 4911//6751 4913//6751
f 4806//6752 4913//6752 4476//6752
f 4914//741 4762//741 4876//741
f 4914//134 4876//134 4915//134
f 4914//134 4915//134 4917//134
f 4914//134 4917//134 4878//134
f 4914//741 4878//741 4763//741
f 4914//741 4763//741 4762//741
f 4919//741 4766//741 4879//741
f 4919//134 4879//134 4920//134
f 4919//134 4920//134 4921//134
f 4919//134 4921//134 4883//134
f 4919//741 4883//741 4767//741
f 4919//741 4767//741 4766//741
f 4884//134 4883//134 4923//134
f 4884//134 4923//134 4925//134
f 4884//134 4925//134 4891//134
f 4884//741 4891//741 4770//741
f 4928//741 4775//741 4893//741
f 4928//134 4893//134 4929//134
f 4928//134 4929//134 4930//134
f 4928//6753 4930//6753 4931//6753
f 4928//489 4931//489 4932//489
f 4928//525 4932//525 4776//525
f 4928//525 4776//525 4775//525
f 4933//1 4908//1 4855//1
f 4933//1 4855//1 4853//1
f 4933//1 4853//1 4934//1
f 4933//2678 4934//2678 4862//2678
f 4933//2678 4862//2678 4869//2678
f 4933//2678 4869//2678 4908//2678
f 4895//61 4894//61 4935//61
f 4895//1900 4935//1900 4936//1900
f 4895//6754 4936//6754 4937//6754
f 4895//173 4937//173 4875//173
f 4895//472 4875//472 4779//472
f 4939//808 4785//808 4783//808
f 4939//808 4783//808 4899//808
f 4939//61 4899//61 4940//61
f 4939//61 4940//61 4941//61
f 4939//61 4941//61 4894//61
f 4939//808 4894//808 4785//808
f 4943//808 4792//808 4790//808
f 4943//808 4790//808 4902//808
f 4943//61 4902//61 4945//61
f 4943//61 4945//61 4946//61
f 4943//61 4946//61 4898//61
f 4943//808 4898//808 4792//808
f 4948//808 4797//808 4796//808
f 4948//808 4796//808 4949//808
f 4948//61 4949//61 4951//61
f 4948//61 4951//61 4952//61
f 4948//61 4952//61 4901//61
f 4948//808 4901//808 4797//808
f 4932//6755 4931//6755 4953//6755
f 4932//61 4953//61 4955//61
f 4932//61 4955//61 4949//61
f 4932//808 4949//808 4796//808
f 4932//808 4796//808 4776//808
f 4934//1 4853//1 4956//1
f 4957//1 4934//1 4853//1
f 4799//6756 4823//6756 4958//6756
f 4799//6757 4958//6757 4960//6757
f 4799//6758 4960//6758 4811//6758
f 4799//6759 4811//6759 4803//6759
f 4635//6760 4864//6760 4961//6760
f 4635//6761 4961//6761 4903//6761
f 4635//6762 4903//6762 4637//6762
f 4957//658 4962//658 4860//658
f 4960//658 4958//658 4963//658
f 4960//658 4963//658 4911//658
f 4960//6763 4911//6763 4755//6763
f 4960//6764 4755//6764 4811//6764
f 4913//658 4911//658 4963//658
f 4913//6765 4963//6765 4819//6765
f 4913//3849 4819//3849 4817//3849
f 4913//6766 4817//6766 4476//6766
f 4850//3582 4847//3582 4846//3582
f 4850//659 4846//659 4964//659
f 4850//659 4964//659 4965//659
f 4850//6767 4965//6767 4909//6767
f 4850//6768 4909//6768 4851//6768
f 4905//6769 4903//6769 4961//6769
f 4905//6770 4961//6770 4966//6770
f 4905//734 4966//734 4967//734
f 4905//6771 4967//6771 4907//6771
f 4905//6772 4907//6772 4577//6772
f 4968//399 4565//399 4910//399
f 4968//399 4910//399 4969//399
f 4968//6773 4969//6773 4571//6773
f 4968//2469 4571//2469 4567//2469
f 4968//6774 4567//6774 4565//6774
f 4970//6775 4875//6775 4937//6775
f 4970//6776 4937//6776 4936//6776
f 4970//1920 4936//1920 4971//1920
f 4970//5219 4971//5219 4972//5219
f 4970//1244 4972//1244 4875//1244
f 4972//6777 4971//6777 4973//6777
f 4972//4191 4973//4191 4915//4191
f 4972//134 4915//134 4876//134
f 4972//134 4876//134 4875//134
f 4974//134 4878//134 4917//134
f 4974//741 4917//741 4975//741
f 4974//741 4975//741 4976//741
f 4974//741 4976//741 4920//741
f 4974//134 4920//134 4879//134
f 4974//134 4879//134 4878//134
f 4921//741 4920//741 4977//741
f 4921//741 4977//741 4978//741
f 4921//741 4978//741 4923//741
f 4921//134 4923//134 4883//134
f 4979//134 4891//134 4925//134
f 4979//741 4925//741 4980//741
f 4979//741 4980//741 4981//741
f 4979//741 4981//741 4929//741
f 4979//134 4929//134 4893//134
f 4979//134 4893//134 4891//134
f 4969//658 4910//658 4982//658
f 4969//658 4982//658 4965//658
f 4969//658 4965//658 4983//658
f 4969//658 4983//658 4966//658
f 4969//658 4966//658 4984//658
f 4969//658 4984//658 4864//658
f 4969//399 4864//399 4856//399
f 4969//6778 4856//6778 4571//6778
f 4941//808 4940//808 4985//808
f 4941//6779 4985//6779 4986//6779
f 4941//1493 4986//1493 4935//1493
f 4941//61 4935//61 4894//61
f 4987//61 4899//61 4898//61
f 4987//61 4898//61 4946//61
f 4987//808 4946//808 4988//808
f 4987//808 4988//808 4989//808
f 4987//808 4989//808 4940//808
f 4987//61 4940//61 4899//61
f 4990//61 4902//61 4901//61
f 4990//61 4901//61 4952//61
f 4990//808 4952//808 4991//808
f 4990//808 4991//808 4992//808
f 4990//808 4992//808 4945//808
f 4990//61 4945//61 4902//61
f 4955//808 4953//808 4993//808
f 4955//808 4993//808 4994//808
f 4955//808 4994//808 4951//808
f 4955//61 4951//61 4949//61
f 4819//6780 4963//6780 4958//6780
f 4819//6781 4958//6781 4823//6781
f 4964//6686 4846//6686 4873//6686
f 4964//658 4873//658 4872//658
f 4964//658 4872//658 4995//658
f 4964//658 4995//658 4983//658
f 4964//658 4983//658 4965//658
f 4996//472 4869//472 4862//472
f 4996//808 4862//808 4997//808
f 4996//658 4997//658 4967//658
f 4996//658 4967//658 4995//658
f 4996//6782 4995//6782 4869//6782
f 4995//6783 4872//6783 4869//6783
f 4997//808 4862//808 4861//808
f 4997//6784 4861//6784 4907//6784
f 4997//6686 4907//6686 4967//6686
f 4998//658 4910//658 4909//658
f 4998//658 4909//658 4965//658
f 4998//658 4965//658 4982//658
f 4998//658 4982//658 4910//658
f 4843//6785 4839//6785 4999//6785
f 4843//6786 4999//6786 5000//6786
f 4843//6787 5000//6787 5001//6787
f 4843//6788 5001//6788 5002//6788
f 4843//2072 5002//2072 4837//2072
f 4843//6789 4837//6789 4836//6789
f 4930//741 4929//741 5003//741
f 4930//741 5003//741 5004//741
f 4930//4537 5004//4537 5005//4537
f 4930//4537 5005//4537 4953//4537
f 4930//525 4953//525 4931//525
f 4967//658 4966//658 4983//658
f 4967//658 4983//658 4995//658
f 5006//658 4966//658 4961//658
f 5006//658 4961//658 4864//658
f 5006//658 4864//658 4984//658
f 5006//658 4984//658 4966//658
f 5007//6790 4999//6790 4839//6790
f 5007//6791 4839//6791 5008//6791
f 5007//6792 5008//6792 5001//6792
f 5007//6793 5001//6793 5000//6793
f 5007//6794 5000//6794 4999//6794
f 5009//6795 4915//6795 4973//6795
f 5009//6796 4973//6796 4986//6796
f 5009//6796 4986//6796 4985//6796
f 5009//658 4985//658 4975//658
f 5009//741 4975//741 4917//741
f 5009//741 4917//741 4915//741
f 4976//658 4975//658 4989//658
f 4976//658 4989//658 4988//658
f 4976//658 4988//658 4977//658
f 4976//741 4977//741 4920//741
f 5010//741 4923//741 4978//741
f 5010//658 4978//658 4992//658
f 5010//658 4992//658 4991//658
f 5010//658 4991//658 4980//658
f 5010//741 4980//741 4925//741
f 5010//741 4925//741 4923//741
f 4981//658 4980//658 5011//658
f 4981//658 5011//658 4994//658
f 4981//658 4994//658 5003//658
f 4981//741 5003//741 4929//741
f 5012//4938 4936//4938 4935//4938
f 5012//6797 4935//6797 4986//6797
f 5012//6798 4986//6798 5013//6798
f 5012//4709 5013//4709 4971//4709
f 5012//1920 4971//1920 4936//1920
f 4989//658 4975//658 4985//658
f 4989//808 4985//808 4940//808
f 5014//808 4946//808 4945//808
f 5014//808 4945//808 4992//808
f 5014//658 4992//658 4978//658
f 5014//658 4978//658 4977//658
f 5014//658 4977//658 4988//658
f 5014//808 4988//808 4946//808
f 5011//658 4980//658 4991//658
f 5011//808 4991//808 4952//808
f 5011//808 4952//808 4951//808
f 5011//808 4951//808 4994//808
f 4993//808 4953//808 5005//808
f 4993//658 5005//658 5004//658
f 4993//658 5004//658 5003//658
f 4993//658 5003//658 4994//658
f 4973//6799 4971//6799 5013//6799
f 4973//525 5013//525 4986//525
f 5015//6800 4832//6800 4835//6800
f 5015//6801 4835//6801 5016//6801
f 5015//2724 5016//2724 5017//2724
f 5015//6802 5017//6802 5018//6802
f 5015//6803 5018//6803 4833//6803
f 5015//6804 4833//6804 4832//6804
f 5019//6805 4114//6805 4113//6805
f 5019//6806 4113//6806 4816//6806
f 5019//2967 4816//2967 5020//2967
f 5019//6807 5020//6807 5021//6807
f 5019//741 5021//741 5022//741
f 5019//6808 5022//6808 4828//6808
f 5019//6809 4828//6809 4114//6809
f 5016//6810 4835//6810 4099//6810
f 5016//6811 4099//6811 4834//6811
f 5016//6812 4834//6812 5023//6812
f 5016//6813 5023//6813 5017//6813
f 5024//6814 4839//6814 4837//6814
f 5024//1709 4837//1709 5002//1709
f 5024//791 5002//791 5018//791
f 5024//6815 5018//6815 5017//6815
f 5024//6816 5017//6816 5025//6816
f 5024//134 5025//134 4839//134
f 5025//6817 5017//6817 5023//6817
f 5025//6818 5023//6818 5026//6818
f 5025//6819 5026//6819 5008//6819
f 5025//6820 5008//6820 4839//6820
f 4830//2935 4828//2935 5022//2935
f 4830//6821 5022//6821 5027//6821
f 4830//6822 5027//6822 4814//6822
f 4830//6823 4814//6823 4118//6823
f 5028//6824 4417//6824 4416//6824
f 5028//4897 4416//4897 4821//4897
f 5028//6825 4821//6825 5029//6825
f 5028//6826 5029//6826 5030//6826
f 5028//6827 5030//6827 4858//6827
f 5028//6828 4858//6828 4417//6828
f 4820//2292 4423//2292 4859//2292
f 4820//4268 4859//4268 5031//4268
f 4820//4268 5031//4268 5032//4268
f 4820//6829 5032//6829 5033//6829
f 4820//6830 5033//6830 4821//6830
f 5034//170 5035//170 5036//170
f 5034//6831 5036//6831 5037//6831
f 5034//6832 5037//6832 5020//6832
f 5034//6833 5020//6833 5038//6833
f 5034//6834 5038//6834 5035//6834
f 5039//6835 5040//6835 5029//6835
f 5039//6836 5029//6836 5033//6836
f 5039//6837 5033//6837 5041//6837
f 5039//6838 5041//6838 5042//6838
f 5039//86 5042//86 5040//86
f 5043//6839 5035//6839 5038//6839
f 5043//4075 5038//4075 5027//4075
f 5043//3262 5027//3262 5022//3262
f 5043//3931 5022//3931 5021//3931
f 5043//2296 5021//2296 5036//2296
f 5043//6840 5036//6840 5035//6840
f 5044//5696 5040//5696 5042//5696
f 5044//2369 5042//2369 5032//2369
f 5044//3899 5032//3899 5031//3899
f 5044//3600 5031//3600 5030//3600
f 5044//6841 5030//6841 5029//6841
f 5044//6842 5029//6842 5040//6842
f 5026//2945 5023//2945 5045//2945
f 5026//6843 5045//6843 5001//6843
f 5026//4294 5001//4294 5008//4294
f 5021//6844 5020//6844 5037//6844
f 5021//6845 5037//6845 5036//6845
f 5045//4498 5023//4498 4834//4498
f 5045//6705 4834//6705 4833//6705
f 5045//6846 4833//6846 5018//6846
f 5045//4564 5018//4564 5002//4564
f 5045//6847 5002//6847 5001//6847
f 5041//6848 5033//6848 5032//6848
f 5041//6849 5032//6849 5042//6849
f 5038//791 5020//791 4816//791
f 5038//6850 4816//6850 4814//6850
f 5038//6851 4814//6851 5027//6851
f 4821//791 5033//791 5029//791
f 4858//6852 5030//6852 5031//6852
f 4858//6853 5031//6853 4859//6853
f 2501//5298 2726//5298 2503//5298
f 3091//2058 3099//2058 3093//2058
f 2152//6854 2161//6854 2157//6854
f 1265//525 1301//525 1283//525
f 1519//472 3009//472 3016//472
f 1729//658 1987//658 1851//658
f 101//1 99//1 5046//1
f 99//1 114//1 5046//1
f 114//1 120//1 5046//1
f 120//1 101//1 5046//1
f 143//6855 133//6855 5047//6855
f 133//6856 141//6856 5047//6856
f 141//6857 135//6857 5047//6857
f 135//6858 143//6858 5047//6858
f 2931//498 2804//498 5048//498
f 2804//6859 3178//6859 5048//6859
f 3178//6860 2864//6860 5048//6860
f 2864//6861 2931//6861 5048//6861
f 2096//6862 2094//6862 5049//6862
f 2094//6838 2412//6838 5049//6838
f 2412//1530 2219//1530 5049//1530
f 2219//6863 2096//6863 5049//6863
f 4382//741 4216//741 5050//741
f 4216//741 4339//741 5050//741
f 4339//741 4380//741 5050//741
f 4380//741 4382//741 5050//741
f 299//6864 135//6864 5051//6864
f 135//6865 4802//6865 5051//6865
f 4802//6866 162//6866 5051//6866
f 162//6867 299//6867 5051//6867
f 145//6868 139//6868 5052//6868
f 139//6869 160//6869 5052//6869
f 160//6870 147//6870 5052//6870
f 147//6871 145//6871 5052//6871
f 2631//6872 5053//6872 1632//6872
f 1632//390 2633//390 5053//390
f 2633//6873 2452//6873 5053//6873
f 2452//6874 2631//6874 5053//6874
